source_package,target_package,import,contain,parameter,call,return,throw,implement,extend,create,use,cast,impllink,annotation,mixin
org.odpi.openmetadata.viewservices.assetmaker.server,org.odpi.openmetadata.frameworks.openmetadata.handlers,5,43,2,68,4,0,0,0,0,4,0,0,0,0
org.odpi.openmetadata.viewservices.assetmaker.server,org.odpi.openmetadata.frameworks.openmetadata.ffdc,5,0,0,0,0,10,0,0,0,0,0,0,0,0
org.odpi.openmetadata.viewservices.assetmaker.server,org.odpi.openmetadata.frameworks.auditlog,2,43,1,0,0,0,0,0,0,43,0,0,0,0
org.odpi.openmetadata.viewservices.assetmaker.server,org.odpi.openmetadata.commonservices.multitenant,3,2,0,95,0,0,0,2,2,2,0,0,0,0
org.odpi.openmetadata.viewservices.assetmaker.server,org.odpi.openmetadata.frameworks.openmetadata.properties.assets,2,0,0,0,0,0,0,0,0,3,3,0,0,0
org.odpi.openmetadata.viewservices.assetmaker.server,org.odpi.openmetadata.frameworks.openmetadata.properties.actors,1,0,0,0,0,0,0,0,0,2,2,0,0,0
org.odpi.openmetadata.viewservices.assetmaker.server,org.odpi.openmetadata.adminservices.configuration.registration,5,3,0,6,0,0,0,0,1,8,0,0,0,0
org.odpi.openmetadata.viewservices.assetmaker.server,org.odpi.openmetadata.adminservices.configuration.properties,1,0,0,0,0,0,0,0,0,0,0,0,0,0
org.odpi.openmetadata.viewservices.assetmaker.server,org.odpi.openmetadata.tokencontroller,1,0,0,43,0,0,0,1,0,43,0,0,0,0
org.odpi.openmetadata.viewservices.assetmaker.server,org.odpi.openmetadata.commonservices.ffdc.rest,0,41,43,127,41,0,0,0,41,1,0,0,0,0
org.odpi.openmetadata.viewservices.assetmaker.server,org.odpi.openmetadata.commonservices.ffdc,3,45,0,197,0,0,0,0,2,0,0,0,0,0
org.odpi.openmetadata.viewservices.assetmaker.server,org.odpi.openmetadata.frameworkservices.omf.rest,1,2,0,4,2,0,0,0,2,0,0,0,0,0
org.odpi.openmetadata.viewservices.assetmaker.server,org.odpi.openmetadata.adminservices.registration,1,0,0,1,0,0,0,0,0,1,0,0,0,0
org.odpi.openmetadata.viewservices.assetmaker.server,org.odpi.openmetadata.frameworks.openmetadata.properties.assets.reports,3,0,0,0,0,0,0,0,0,3,3,0,0,0
org.odpi.openmetadata.viewservices.assetmaker.server,org.odpi.openmetadata.frameworks.openmetadata.properties.assets.processes.connectors,1,0,0,0,0,0,0,0,0,2,2,0,0,0
org.odpi.openmetadata.viewservices.assetmaker.server,org.odpi.openmetadata.viewservices.assetmaker.admin,1,0,0,0,0,0,0,0,0,1,0,0,0,0
org.odpi.openmetadata.viewservices.assetmaker.server,org.odpi.openmetadata.frameworks.openmetadata.properties.assets.processes.actions,1,0,0,0,0,0,0,0,0,2,2,0,0,0
org.odpi.openmetadata.viewservices.assetmaker.server,org.odpi.openmetadata.frameworks.openmetadata.properties.assets.infrastructure,1,0,0,0,0,0,0,0,0,1,1,0,0,0
org.odpi.openmetadata.viewservices.assetmaker.server,org.odpi.openmetadata.frameworks.openmetadata.properties.softwarecapabilities,1,0,0,0,0,0,0,0,0,1,1,0,0,0
org.odpi.openmetadata.adapters.connectors.egeriainfrastructure.platform.catalog,org.odpi.openmetadata.frameworks.openmetadata.properties.assets.infrastructure,3,3,0,4,0,0,0,0,3,2,3,0,0,0
org.odpi.openmetadata.adapters.connectors.egeriainfrastructure.platform.catalog,org.odpi.openmetadata.frameworks.openmetadata.properties.assets.metadatarepositories,1,1,0,1,0,0,0,0,1,0,0,0,0,0
org.odpi.openmetadata.adapters.connectors.egeriainfrastructure.platform.catalog,org.odpi.openmetadata.frameworks.openmetadata.properties.connections,2,1,0,1,0,0,0,0,1,3,3,0,0,0
org.odpi.openmetadata.adapters.connectors.egeriainfrastructure.platform.catalog,org.odpi.openmetadata.frameworks.openmetadata.properties.assets.topics,1,0,0,0,0,0,0,0,0,1,1,0,0,0
org.odpi.openmetadata.adapters.connectors.egeriainfrastructure.platform.catalog,org.odpi.openmetadata.frameworks.openmetadata.properties.lineage,1,1,0,4,0,0,0,0,1,1,1,0,0,0
org.odpi.openmetadata.adapters.connectors.egeriainfrastructure.platform.catalog,org.odpi.openmetadata.frameworks.openmetadata.properties.implementations,1,3,0,3,0,0,0,0,3,0,0,0,0,0
org.odpi.openmetadata.adapters.connectors.egeriainfrastructure.platform.catalog,org.odpi.openmetadata.repositoryservices.connectors.stores.cohortregistrystore.properties,0,0,0,1,0,0,0,0,0,0,0,0,0,0
org.odpi.openmetadata.adapters.connectors.egeriainfrastructure.platform.catalog,org.odpi.openmetadata.frameworks.openmetadata.properties.softwarecapabilities,0,4,0,6,0,0,0,0,4,1,0,0,0,0
org.odpi.openmetadata.adapters.connectors.egeriainfrastructure.platform.catalog,org.odpi.openmetadata.frameworks.openmetadata.search,1,9,0,53,0,0,0,0,11,10,0,0,0,0
org.odpi.openmetadata.adapters.connectors.egeriainfrastructure.platform.catalog,org.odpi.openmetadata.frameworks.openmetadata.types,2,0,0,0,0,0,0,0,0,80,0,0,0,0
org.odpi.openmetadata.adapters.connectors.egeriainfrastructure.platform.catalog,org.odpi.openmetadata.governanceservers.enginehostservices.properties,1,2,0,7,0,0,0,0,0,0,0,0,0,0
org.odpi.openmetadata.adapters.connectors.egeriainfrastructure.platform.catalog,org.odpi.openmetadata.platformservices.properties,0,0,0,6,0,0,0,0,0,0,0,0,0,0
org.odpi.openmetadata.adapters.connectors.egeriainfrastructure.platform.catalog,org.odpi.openmetadata.adapters.connectors.controls,3,0,0,0,0,0,0,0,0,38,0,0,0,0
org.odpi.openmetadata.adapters.connectors.egeriainfrastructure.platform.catalog,org.odpi.openmetadata.adapters.connectors,4,0,0,0,0,0,0,0,0,8,0,0,0,0
org.odpi.openmetadata.adapters.connectors.egeriainfrastructure.platform.catalog,org.odpi.openmetadata.adapters.connectors.egeriainfrastructure.servers,4,0,0,0,0,0,0,0,0,0,4,0,0,0
org.odpi.openmetadata.adapters.connectors.egeriainfrastructure.platform.catalog,org.odpi.openmetadata.adapters.connectors.egeriainfrastructure.platform,1,1,0,1,0,0,0,0,0,0,1,0,0,0
org.odpi.openmetadata.adapters.connectors.egeriainfrastructure.platform.catalog,org.odpi.openmetadata.adapters.connectors.egeriainfrastructure.ffdc,2,0,0,0,0,0,0,0,0,20,0,0,0,0
org.odpi.openmetadata.adapters.connectors.egeriainfrastructure.platform.catalog,org.odpi.openmetadata.adapters.connectors.egeriainfrastructure.properties,0,8,8,84,0,0,0,0,0,1,4,0,0,0
org.odpi.openmetadata.adapters.connectors.egeriainfrastructure.platform.catalog,org.odpi.openmetadata.adapters.connectors.egeriainfrastructure.control,4,0,0,0,0,0,0,0,0,24,0,0,0,0
org.odpi.openmetadata.adapters.connectors.egeriainfrastructure.platform.catalog,org.odpi.openmetadata.frameworks.integration.connectors,2,0,0,2,0,0,0,2,0,93,0,0,0,0
org.odpi.openmetadata.adapters.connectors.egeriainfrastructure.platform.catalog,org.odpi.openmetadata.serveroperations.properties,1,0,0,0,0,0,0,0,0,2,0,0,0,0
org.odpi.openmetadata.adapters.connectors.egeriainfrastructure.platform.catalog,org.odpi.openmetadata.frameworks.connectors.properties.beans,3,2,0,21,0,0,0,0,0,2,1,0,0,0
org.odpi.openmetadata.adapters.connectors.egeriainfrastructure.platform.catalog,org.odpi.openmetadata.frameworks.connectors.ffdc,1,0,0,1,0,2,0,0,1,0,0,0,0,0
org.odpi.openmetadata.adapters.connectors.egeriainfrastructure.platform.catalog,org.odpi.openmetadata.frameworks.connectors.controls,1,0,0,0,0,0,0,0,0,4,0,0,0,0
org.odpi.openmetadata.adapters.connectors.egeriainfrastructure.platform.catalog,org.odpi.openmetadata.frameworks.openmetadata.connectorcontext,0,21,0,93,0,0,0,0,0,0,0,0,0,0
org.odpi.openmetadata.adapters.connectors.egeriainfrastructure.platform.catalog,org.odpi.openmetadata.frameworks.integration.context,0,0,0,11,0,0,0,0,0,0,0,0,0,0
org.odpi.openmetadata.adapters.connectors.egeriainfrastructure.platform.catalog,org.odpi.openmetadata.frameworks.openmetadata.events,2,0,1,4,0,0,1,0,0,0,0,0,0,0
org.odpi.openmetadata.adapters.connectors.egeriainfrastructure.platform.catalog,org.odpi.openmetadata.frameworks.openmetadata.ffdc,3,0,0,0,0,34,0,0,0,0,0,0,0,0
org.odpi.openmetadata.adapters.connectors.egeriainfrastructure.platform.catalog,org.odpi.openmetadata.frameworks.openmetadata.enums,1,0,0,0,0,0,0,0,0,2,0,0,0,0
org.odpi.openmetadata.adapters.connectors.egeriainfrastructure.platform.catalog,org.odpi.openmetadata.frameworks.openmetadata.controls,1,0,0,0,0,0,0,0,0,40,0,0,0,0
org.odpi.openmetadata.adapters.connectors.egeriainfrastructure.platform.catalog,org.odpi.openmetadata.frameworks.openmetadata.properties,0,0,0,36,0,0,0,0,0,0,0,0,0,0
org.odpi.openmetadata.adapters.connectors.egeriainfrastructure.platform.catalog,org.odpi.openmetadata.frameworks.openmetadata.metadataelements,3,19,14,106,0,0,0,0,0,8,0,0,0,0
org.odpi.openmetadata.adapters.connectors.egeriainfrastructure.platform.catalog,org.odpi.openmetadata.adminservices.configuration.registration,1,0,0,0,0,0,0,0,0,36,0,0,0,0
org.odpi.openmetadata.adapters.connectors.egeriainfrastructure.platform.catalog,org.odpi.openmetadata.adminservices.configuration.properties,1,4,1,5,0,0,0,0,0,0,0,0,0,0
org.odpi.openmetadata.adapters.connectors.egeriainfrastructure.platform.catalog,org.odpi.openmetadata.frameworks.connectors,1,5,0,8,0,0,0,0,0,2,0,0,0,0
org.odpi.openmetadata.adapters.connectors.egeriainfrastructure.platform.catalog,org.odpi.openmetadata.frameworks.auditlog,0,0,0,5,0,0,0,0,0,0,0,0,0,0
org.odpi.openmetadata.adapters.connectors.egeriainfrastructure.platform.catalog,org.odpi.openmetadata.frameworks.openmetadata.properties.assets,1,0,0,4,0,0,0,0,0,1,1,0,0,0
org.odpi.openmetadata.repositoryservices.localrepository.repositorycontentmanager,org.odpi.openmetadata.repositoryservices.ffdc.exception,1,0,0,74,0,92,0,0,74,0,0,0,0,0
org.odpi.openmetadata.repositoryservices.localrepository.repositorycontentmanager,org.odpi.openmetadata.repositoryservices.ffdc,6,0,0,0,0,0,0,0,0,290,0,0,0,0
org.odpi.openmetadata.repositoryservices.localrepository.repositorycontentmanager,org.odpi.openmetadata.repositoryservices.connectors.stores.metadatacollectionstore.repositoryconnector,2,0,0,2,0,0,2,0,0,0,0,0,0,0
org.odpi.openmetadata.repositoryservices.localrepository.repositorycontentmanager,org.odpi.openmetadata.repositoryservices.connectors.stores.metadatacollectionstore.utilities,3,2,0,8,0,0,0,1,2,0,0,0,0,0
org.odpi.openmetadata.repositoryservices.localrepository.repositorycontentmanager,org.odpi.openmetadata.repositoryservices.connectors.stores.metadatacollectionstore.properties.typedefs,4,74,97,278,22,0,0,0,2,67,5,0,0,0
org.odpi.openmetadata.repositoryservices.localrepository.repositorycontentmanager,org.odpi.openmetadata.repositoryservices.connectors.stores.metadatacollectionstore.properties.search,2,6,3,17,1,0,0,0,2,6,0,0,0,0
org.odpi.openmetadata.repositoryservices.localrepository.repositorycontentmanager,org.odpi.openmetadata.repositoryservices.connectors.stores.metadatacollectionstore.properties.instances,7,88,140,472,39,0,0,0,20,146,22,0,0,0
org.odpi.openmetadata.repositoryservices.localrepository.repositorycontentmanager,org.odpi.openmetadata.frameworks.openmetadata.types,1,0,0,0,0,0,0,0,0,0,0,0,0,0
org.odpi.openmetadata.repositoryservices.localrepository.repositorycontentmanager,org.odpi.openmetadata.repositoryservices.connectors.stores.metadatacollectionstore.properties,3,0,7,10,0,0,0,0,0,32,0,0,0,0
org.odpi.openmetadata.repositoryservices.localrepository.repositorycontentmanager,org.odpi.openmetadata.frameworks.auditlog.requestid,1,1,0,8,0,0,0,0,1,0,0,0,0,0
org.odpi.openmetadata.repositoryservices.localrepository.repositorycontentmanager,org.odpi.openmetadata.frameworks.auditlog,3,1,2,26,0,0,0,0,0,1,0,0,0,0
org.odpi.openmetadata.repositoryservices.localrepository.repositorycontentmanager,org.odpi.openmetadata.frameworks.openmetadata.ffdc,5,0,1,48,0,42,0,0,47,0,0,0,0,0
org.odpi.openmetadata.repositoryservices.localrepository.repositorycontentmanager,org.odpi.openmetadata.repositoryservices.connectors.stores.metadatacollectionstore,1,5,0,7,0,0,0,0,0,5,0,0,0,0
org.odpi.openmetadata.repositoryservices.localrepository.repositorycontentmanager,org.odpi.openmetadata.repositoryservices.events,0,3,1,67,0,0,0,1,0,0,0,0,0,0
org.odpi.openmetadata.repositoryservices.localrepository.repositorycontentmanager,org.odpi.openmetadata.repositoryservices.eventmanagement,1,1,1,2,0,0,0,0,0,1,0,0,0,0
org.odpi.openmetadata.repositoryservices.localrepository.repositorycontentmanager,org.odpi.openmetadata.repositoryservices.localrepository.repositoryconnector,1,1,1,14,0,0,0,0,0,1,0,0,0,0
org.odpi.openmetadata.adapters.connectors.egeriainfrastructure.extractor,org.odpi.openmetadata.adminservices.configuration.properties,2,2,1,35,5,0,0,0,0,0,0,0,0,0
org.odpi.openmetadata.adapters.connectors.egeriainfrastructure.extractor,org.odpi.openmetadata.adminservices.classifier,1,1,0,2,0,0,0,0,1,0,0,0,0,0
org.odpi.openmetadata.adapters.connectors.egeriainfrastructure.extractor,org.odpi.openmetadata.adapters.connectors.egeriainfrastructure.properties,0,8,6,63,4,0,0,0,8,9,0,0,0,0
org.odpi.openmetadata.adapters.connectors.egeriainfrastructure.extractor,org.odpi.openmetadata.commonservices.ffdc.rest,1,0,0,0,0,0,0,0,0,0,0,0,0,0
org.odpi.openmetadata.adapters.connectors.egeriainfrastructure.extractor,org.odpi.openmetadata.adminservices.configuration.registration,1,1,1,1,0,0,0,0,0,6,0,0,0,0
org.odpi.openmetadata.adapters.connectors.egeriainfrastructure.extractor,org.odpi.openmetadata.adminservices.ffdc.exception,1,0,0,0,0,6,0,0,0,0,0,0,0,0
org.odpi.openmetadata.adapters.connectors.egeriainfrastructure.extractor,org.odpi.openmetadata.adminservices.client,2,2,0,10,0,0,0,0,2,2,0,0,0,0
org.odpi.openmetadata.adapters.connectors.egeriainfrastructure.extractor,org.odpi.openmetadata.serveroperations.client,1,1,0,8,0,0,0,0,1,1,0,0,0,0
org.odpi.openmetadata.adapters.connectors.egeriainfrastructure.extractor,org.odpi.openmetadata.serveroperations.properties,3,3,0,7,2,0,0,0,0,2,0,0,0,0
org.odpi.openmetadata.adapters.connectors.egeriainfrastructure.extractor,org.odpi.openmetadata.repositoryservices.clients,3,4,0,11,0,0,0,0,4,2,0,0,0,0
org.odpi.openmetadata.adapters.connectors.egeriainfrastructure.extractor,org.odpi.openmetadata.frameworks.openmetadata.ffdc,3,0,0,3,0,141,0,0,3,0,0,0,0,0
org.odpi.openmetadata.adapters.connectors.egeriainfrastructure.extractor,org.odpi.openmetadata.frameworks.auditlog,1,1,1,0,0,0,0,0,0,1,0,0,0,0
org.odpi.openmetadata.adapters.connectors.egeriainfrastructure.extractor,org.odpi.openmetadata.frameworks.connectors,1,0,1,0,0,0,0,0,0,1,0,0,0,0
org.odpi.openmetadata.adapters.connectors.egeriainfrastructure.extractor,org.odpi.openmetadata.metadatasecurity.properties,2,0,2,0,2,0,0,0,0,0,0,0,0,0
org.odpi.openmetadata.adapters.connectors.egeriainfrastructure.extractor,org.odpi.openmetadata.frameworks.connectors.properties.beans,4,1,3,12,1,0,0,0,0,0,1,0,0,0
org.odpi.openmetadata.adapters.connectors.egeriainfrastructure.extractor,org.odpi.openmetadata.repositoryservices.connectors.stores.archivestore.properties,1,0,1,0,0,0,0,0,0,0,0,0,0,0
org.odpi.openmetadata.adapters.connectors.egeriainfrastructure.extractor,org.odpi.openmetadata.governanceservers.enginehostservices.client,1,2,0,5,0,0,0,0,2,1,0,0,0,0
org.odpi.openmetadata.adapters.connectors.egeriainfrastructure.extractor,org.odpi.openmetadata.governanceservers.integrationdaemonservices.properties,2,2,0,7,0,0,0,0,0,0,0,0,0,0
org.odpi.openmetadata.adapters.connectors.egeriainfrastructure.extractor,org.odpi.openmetadata.governanceservers.integrationdaemonservices.client,1,2,0,14,0,0,0,0,2,1,0,0,0,0
org.odpi.openmetadata.adapters.connectors.egeriainfrastructure.extractor,org.odpi.openmetadata.platformservices.client,1,1,0,31,0,0,0,0,1,1,0,0,0,0
org.odpi.openmetadata.adapters.connectors.egeriainfrastructure.extractor,org.odpi.openmetadata.repositoryservices.ffdc.exception,1,0,0,0,0,0,0,0,0,0,0,0,0,0
org.odpi.openmetadata.adapters.connectors.egeriainfrastructure.extractor,org.odpi.openmetadata.repositoryservices.properties,2,1,2,2,0,0,0,0,0,2,0,0,0,0
org.odpi.openmetadata.viewservices.communitymatters.server.spring,org.odpi.openmetadata.commonservices.ffdc.rest,0,0,7,0,7,0,0,0,0,0,0,0,0,0
org.odpi.openmetadata.viewservices.communitymatters.server.spring,org.odpi.openmetadata.viewservices.communitymatters.server,1,1,0,8,0,0,0,0,1,0,0,0,0,0
org.odpi.openmetadata.conformance.tests.repository.instances,org.odpi.openmetadata.repositoryservices.connectors.stores.metadatacollectionstore.repositoryconnector,14,29,0,42,0,0,0,0,0,17,0,0,0,0
org.odpi.openmetadata.conformance.tests.repository.instances,org.odpi.openmetadata.conformance.tests.repository,14,0,0,235,0,0,0,14,0,180,0,0,0,0
org.odpi.openmetadata.conformance.tests.repository.instances,org.odpi.openmetadata.repositoryservices.ffdc.exception,30,0,0,0,0,0,0,0,0,0,0,0,0,0
org.odpi.openmetadata.conformance.tests.repository.instances,org.odpi.openmetadata.conformance.workbenches.repository,28,7,14,64,0,0,0,0,0,1535,0,0,0,0
org.odpi.openmetadata.conformance.tests.repository.instances,org.odpi.openmetadata.repositoryservices.connectors.stores.metadatacollectionstore.properties.typedefs,34,45,34,406,0,0,0,0,0,62,8,0,0,0
org.odpi.openmetadata.conformance.tests.repository.instances,org.odpi.openmetadata.repositoryservices.connectors.stores.metadatacollectionstore.properties.instances,43,300,82,1248,4,0,0,0,26,208,7,0,0,0
org.odpi.openmetadata.conformance.tests.repository.instances,org.odpi.openmetadata.conformance.ffdc.exception,12,0,0,0,0,0,0,0,0,0,0,0,0,0
org.odpi.openmetadata.conformance.tests.repository.instances,org.odpi.openmetadata.conformance.beans,0,0,0,709,0,0,0,0,0,87,0,0,0,0
org.odpi.openmetadata.conformance.tests.repository.instances,org.odpi.openmetadata.repositoryservices.connectors.stores.metadatacollectionstore.properties,8,0,6,2,0,0,0,0,0,105,0,0,0,0
org.odpi.openmetadata.conformance.tests.repository.instances,org.odpi.openmetadata.repositoryservices.connectors.stores.metadatacollectionstore,12,25,0,272,0,0,0,0,0,2,0,0,0,0
org.odpi.openmetadata.conformance.tests.repository.instances,org.odpi.openmetadata.repositoryservices.events,1,0,1,0,0,0,0,0,0,0,0,0,0,0
org.odpi.openmetadata.conformance.tests.repository.instances,org.odpi.openmetadata.conformance.ffdc,3,0,0,0,0,0,0,0,0,22,0,0,0,0
org.odpi.openmetadata.conformance.tests.repository.instances,org.odpi.openmetadata.frameworks.openmetadata.ffdc,3,0,0,0,0,0,0,0,0,0,0,0,0,0
org.odpi.openmetadata.conformance.tests.repository.instances,org.odpi.openmetadata.frameworks.auditlog,0,0,0,11,0,0,0,0,0,0,0,0,0,0
org.odpi.openmetadata.conformance.tests.repository.instances,org.odpi.openmetadata.repositoryservices.connectors.stores.metadatacollectionstore.properties.search,6,14,4,50,0,0,0,0,14,20,0,0,0,0
org.odpi.openmetadata.frameworks.openmetadata.properties.connections,org.odpi.openmetadata.frameworks.openmetadata.types,9,0,0,0,0,0,0,0,0,18,0,0,0,0
org.odpi.openmetadata.frameworks.openmetadata.properties.connections,org.odpi.openmetadata.frameworks.openmetadata.properties,8,0,0,32,0,0,0,8,0,33,0,0,0,0
org.odpi.openmetadata.accessservices.governanceprogram.samples.leadership,org.odpi.openmetadata.frameworks.openmetadata.client,1,1,0,0,0,0,0,0,0,0,0,0,0,0
org.odpi.openmetadata.accessservices.governanceprogram.samples.leadership,org.odpi.openmetadata.http,1,0,0,1,0,0,0,0,0,1,0,0,0,0
org.odpi.openmetadata.accessservices.governanceprogram.samples.leadership,org.odpi.openmetadata.frameworks.openmetadata.metadataelements,0,4,4,12,0,0,0,0,0,2,0,0,0,0
org.odpi.openmetadata.accessservices.governanceprogram.samples.leadership,org.odpi.openmetadata.frameworks.openmetadata.handlers,3,2,5,17,0,0,0,0,2,0,0,0,0,0
org.odpi.openmetadata.accessservices.governanceprogram.samples.leadership,org.odpi.openmetadata.frameworks.openmetadata.ffdc,3,0,0,0,0,15,0,0,0,0,0,0,0,0
org.odpi.openmetadata.accessservices.governanceprogram.samples.leadership,org.odpi.openmetadata.frameworks.openmetadata.properties.actors,3,3,0,4,0,0,0,0,3,0,1,0,0,0
org.odpi.openmetadata.accessservices.governanceprogram.samples.leadership,org.odpi.openmetadata.frameworks.openmetadata.properties,0,0,0,8,0,0,0,0,0,0,0,0,0,0
org.odpi.openmetadata.accessservices.governanceprogram.samples.leadership,org.odpi.openmetadata.adminservices.configuration.registration,1,0,0,0,0,0,0,0,0,1,0,0,0,0
org.odpi.openmetadata.accessservices.governanceprogram.samples.leadership,org.odpi.openmetadata.frameworks.openmetadata.search,4,2,0,9,0,0,0,0,6,0,0,0,0,0
org.odpi.openmetadata.accessservices.governanceprogram.samples.leadership,org.odpi.openmetadata.frameworks.openmetadata.types,2,0,0,0,0,0,0,0,0,30,0,0,0,0
org.odpi.openmetadata.frameworks.openmetadata.connectorcontext,org.odpi.openmetadata.frameworks.openmetadata.metadataelements,44,7,11,52,45,0,0,0,0,2,0,0,0,0
org.odpi.openmetadata.frameworks.openmetadata.connectorcontext,org.odpi.openmetadata.frameworks.openmetadata.client,45,5,44,59,0,0,0,0,1,5,0,0,0,0
org.odpi.openmetadata.frameworks.openmetadata.connectorcontext,org.odpi.openmetadata.frameworks.openmetadata.properties.softwarecapabilities,4,0,6,0,0,0,0,0,0,0,0,0,0,0
org.odpi.openmetadata.frameworks.openmetadata.connectorcontext,org.odpi.openmetadata.frameworks.auditlog,45,2,45,2,0,0,0,0,0,2,0,0,0,0
org.odpi.openmetadata.frameworks.openmetadata.connectorcontext,org.odpi.openmetadata.frameworks.openmetadata.properties,97,8,94,25,30,0,0,0,1,2,5,0,0,0
org.odpi.openmetadata.frameworks.openmetadata.connectorcontext,org.odpi.openmetadata.frameworks.openmetadata.search,17,27,691,108,13,0,0,0,27,7,0,0,0,0
org.odpi.openmetadata.frameworks.openmetadata.connectorcontext,org.odpi.openmetadata.frameworks.openmetadata.reports,1,1,0,155,1,0,0,0,1,1,0,0,0,0
org.odpi.openmetadata.frameworks.openmetadata.connectorcontext,org.odpi.openmetadata.frameworks.openmetadata.handlers,42,42,0,702,0,0,0,0,53,53,0,0,0,0
org.odpi.openmetadata.frameworks.openmetadata.connectorcontext,org.odpi.openmetadata.frameworks.openmetadata.properties.schema,2,0,18,0,0,0,0,0,0,0,0,0,0,0
org.odpi.openmetadata.frameworks.openmetadata.connectorcontext,org.odpi.openmetadata.frameworks.openmetadata.ffdc,126,0,0,2,0,2194,0,0,2,8,0,0,0,0
org.odpi.openmetadata.frameworks.openmetadata.connectorcontext,org.odpi.openmetadata.frameworks.openmetadata.properties.assets.processes.connectors,1,0,2,0,0,0,0,0,0,0,0,0,0,0
org.odpi.openmetadata.frameworks.openmetadata.connectorcontext,org.odpi.openmetadata.frameworks.openmetadata.properties.assets.reports,6,0,4,0,0,0,0,0,0,0,0,0,0,0
org.odpi.openmetadata.frameworks.openmetadata.connectorcontext,org.odpi.openmetadata.frameworks.openmetadata.properties.communities,1,0,2,0,0,0,0,0,0,0,0,0,0,0
org.odpi.openmetadata.frameworks.openmetadata.connectorcontext,org.odpi.openmetadata.frameworks.openmetadata.properties.locations,4,0,5,0,0,0,0,0,0,0,0,0,0,0
org.odpi.openmetadata.frameworks.openmetadata.connectorcontext,org.odpi.openmetadata.frameworks.openmetadata.api,0,0,0,4,0,0,0,0,0,0,0,0,0,0
org.odpi.openmetadata.frameworks.openmetadata.connectorcontext,org.odpi.openmetadata.frameworks.openmetadata.properties.datadictionaries,5,0,13,0,0,0,0,0,0,0,0,0,0,0
org.odpi.openmetadata.frameworks.openmetadata.connectorcontext,org.odpi.openmetadata.frameworks.openmetadata.properties.actors,19,0,26,0,0,0,0,0,0,0,0,0,0,0
org.odpi.openmetadata.frameworks.openmetadata.connectorcontext,org.odpi.openmetadata.frameworks.openmetadata.properties.assets.filesandfolders,2,0,3,0,0,0,0,0,0,0,0,0,0,0
org.odpi.openmetadata.frameworks.openmetadata.connectorcontext,org.odpi.openmetadata.frameworks.openmetadata.properties.assets.apis,1,0,1,0,0,0,0,0,0,0,0,0,0,0
org.odpi.openmetadata.frameworks.openmetadata.connectorcontext,org.odpi.openmetadata.frameworks.openmetadata.properties.assets,4,0,6,0,0,0,0,0,0,0,0,0,0,0
org.odpi.openmetadata.frameworks.openmetadata.connectorcontext,org.odpi.openmetadata.frameworks.openmetadata.properties.assets.infrastructure,2,0,2,0,0,0,0,0,0,0,0,0,0,0
org.odpi.openmetadata.frameworks.openmetadata.connectorcontext,org.odpi.openmetadata.frameworks.openmetadata.properties.lineage,1,0,2,0,0,0,0,0,0,0,0,0,0,0
org.odpi.openmetadata.frameworks.openmetadata.connectorcontext,org.odpi.openmetadata.frameworks.openmetadata.properties.assets.processes.actions,4,1,5,1,0,0,0,0,1,0,0,0,0,0
org.odpi.openmetadata.frameworks.openmetadata.connectorcontext,org.odpi.openmetadata.frameworks.openmetadata.properties.assets.processes,1,0,1,2,0,0,0,0,0,0,0,0,0,0
org.odpi.openmetadata.frameworks.openmetadata.connectorcontext,org.odpi.openmetadata.frameworks.openmetadata.properties.connections,3,0,11,0,0,0,0,0,0,0,0,0,0,0
org.odpi.openmetadata.frameworks.openmetadata.connectorcontext,org.odpi.openmetadata.frameworks.openmetadata.types,9,0,0,0,0,0,0,0,0,46,0,0,0,0
org.odpi.openmetadata.frameworks.openmetadata.connectorcontext,org.odpi.openmetadata.frameworks.openmetadata.properties.validvalues,0,1,11,2,0,0,0,0,1,0,0,0,0,0
org.odpi.openmetadata.frameworks.openmetadata.connectorcontext,org.odpi.openmetadata.frameworks.openmetadata.properties.contextevents,4,0,8,0,0,0,0,0,0,0,0,0,0,0
org.odpi.openmetadata.frameworks.openmetadata.connectorcontext,org.odpi.openmetadata.frameworks.openmetadata.properties.solutions,1,0,6,0,0,0,0,0,0,0,0,0,0,0
org.odpi.openmetadata.frameworks.openmetadata.connectorcontext,org.odpi.openmetadata.frameworks.auditlog.requestid,1,1,0,2,0,0,0,0,1,0,0,0,0,0
org.odpi.openmetadata.frameworks.openmetadata.connectorcontext,org.odpi.openmetadata.frameworks.openmetadata.fileclassifier,1,1,0,1,1,0,0,0,1,1,0,0,0,0
org.odpi.openmetadata.frameworks.openmetadata.connectorcontext,org.odpi.openmetadata.frameworks.openmetadata.enums,7,1,3,0,0,0,0,0,0,1,0,0,0,0
org.odpi.openmetadata.frameworks.openmetadata.connectorcontext,org.odpi.openmetadata.frameworks.openmetadata.properties.feedback,6,0,10,0,0,0,0,0,0,0,0,0,0,0
org.odpi.openmetadata.frameworks.openmetadata.connectorcontext,org.odpi.openmetadata.frameworks.openmetadata.properties.glossaries,2,0,11,0,0,0,0,0,0,0,0,0,0,0
org.odpi.openmetadata.frameworks.openmetadata.connectorcontext,org.odpi.openmetadata.frameworks.openmetadata.properties.templates,3,0,3,0,0,0,0,0,0,0,0,0,0,0
org.odpi.openmetadata.frameworks.openmetadata.connectorcontext,org.odpi.openmetadata.frameworks.openmetadata.properties.resources,3,0,3,0,0,0,0,0,0,0,0,0,0,0
org.odpi.openmetadata.frameworks.openmetadata.connectorcontext,org.odpi.openmetadata.frameworks.openmetadata.properties.propertyfacets,2,0,3,0,0,0,0,0,0,0,0,0,0,0
org.odpi.openmetadata.frameworks.openmetadata.connectorcontext,org.odpi.openmetadata.frameworks.openmetadata.properties.digitalbusiness,0,0,8,0,0,0,0,0,0,0,0,0,0,0
org.odpi.openmetadata.frameworks.openmetadata.connectorcontext,org.odpi.openmetadata.frameworks.openmetadata.properties.collections,0,0,8,0,0,0,0,0,0,0,0,0,0,0
org.odpi.openmetadata.frameworks.openmetadata.connectorcontext,org.odpi.openmetadata.frameworks.openmetadata.properties.translations,1,0,1,0,1,0,0,0,0,0,0,0,0,0
org.odpi.openmetadata.frameworks.openmetadata.connectorcontext,org.odpi.openmetadata.frameworks.openmetadata.filelistener,2,1,4,6,0,0,0,0,1,1,0,0,0,0
org.odpi.openmetadata.frameworks.openmetadata.connectorcontext,org.odpi.openmetadata.frameworks.openmetadata.properties.externalidentifiers,2,1,5,2,0,0,0,0,1,2,2,0,0,0
org.odpi.openmetadata.frameworks.openmetadata.connectorcontext,org.odpi.openmetadata.frameworks.openmetadata.properties.assets.metadatarepositories,1,0,0,0,0,0,0,0,0,1,1,0,0,0
org.odpi.openmetadata.frameworks.openmetadata.connectorcontext,org.odpi.openmetadata.frameworks.openmetadata.properties.governance,0,0,31,0,0,0,0,0,0,0,0,0,0,0
org.odpi.openmetadata.frameworks.openmetadata.connectorcontext,org.odpi.openmetadata.frameworks.openmetadata.properties.surveyreports,0,0,8,0,0,0,0,0,0,0,0,0,0,0
org.odpi.openmetadata.frameworks.openmetadata.connectorcontext,org.odpi.openmetadata.frameworks.openmetadata.properties.security,4,0,5,0,0,0,0,0,0,0,0,0,0,0
org.odpi.openmetadata.frameworks.openmetadata.connectorcontext,org.odpi.openmetadata.frameworks.openmetadata.properties.projects,4,0,5,0,0,0,0,0,0,0,0,0,0,0
org.odpi.openmetadata.frameworks.openmetadata.connectorcontext,org.odpi.openmetadata.frameworks.openmetadata.properties.externalreferences,4,0,5,0,0,0,0,0,0,0,0,0,0,0
org.odpi.openmetadata.frameworks.openmetadata.connectorcontext,org.odpi.openmetadata.frameworks.openmetadata.properties.implementations,2,0,2,0,0,0,0,0,0,0,0,0,0,0
org.odpi.openmetadata.frameworks.openmetadata.connectorcontext,org.odpi.openmetadata.frameworks.openmetadata.specificationproperties,1,0,1,0,0,0,0,0,0,0,0,0,0,0
org.odpi.openmetadata.frameworks.openmetadata.connectorcontext,org.odpi.openmetadata.frameworks.openmetadata.refdata,1,0,1,0,0,0,0,0,0,0,0,0,0,0
org.odpi.openmetadata.adapters.connectors.surveyaction.surveycsv,org.odpi.openmetadata.frameworks.openmetadata.types,2,0,0,0,0,0,0,0,0,38,0,0,0,0
org.odpi.openmetadata.adapters.connectors.surveyaction.surveycsv,org.odpi.openmetadata.frameworks.opensurvey,4,2,0,17,0,0,0,2,0,15,0,0,0,0
org.odpi.openmetadata.adapters.connectors.surveyaction.surveycsv,org.odpi.openmetadata.frameworks.opensurvey.controls,4,0,0,3,0,0,0,0,1,24,0,0,0,0
org.odpi.openmetadata.adapters.connectors.surveyaction.surveycsv,org.odpi.openmetadata.frameworks.openmetadata.search,0,8,1,25,0,0,0,0,6,6,0,0,0,0
org.odpi.openmetadata.adapters.connectors.surveyaction.surveycsv,org.odpi.openmetadata.frameworks.openmetadata.properties.schema,1,0,0,0,0,0,0,0,0,0,1,0,0,0
org.odpi.openmetadata.adapters.connectors.surveyaction.surveycsv,org.odpi.openmetadata.frameworks.openmetadata.properties.surveyreports,3,5,0,14,1,0,0,0,2,0,0,0,0,0
org.odpi.openmetadata.adapters.connectors.surveyaction.surveycsv,org.odpi.openmetadata.frameworks.openmetadata.specificationproperties,1,1,0,5,0,0,0,0,1,0,0,0,0,0
org.odpi.openmetadata.adapters.connectors.surveyaction.surveycsv,org.odpi.openmetadata.frameworks.openmetadata.refdata,1,0,0,0,0,0,0,0,0,6,0,0,0,0
org.odpi.openmetadata.adapters.connectors.surveyaction.surveycsv,org.odpi.openmetadata.adapters.connectors,1,0,0,0,0,0,0,0,0,2,0,0,0,0
org.odpi.openmetadata.adapters.connectors.surveyaction.surveycsv,org.odpi.openmetadata.frameworks.connectors,1,1,0,1,0,0,0,0,0,0,0,0,0,0
org.odpi.openmetadata.adapters.connectors.surveyaction.surveycsv,org.odpi.openmetadata.frameworks.connectors.ffdc,1,0,0,0,0,2,0,0,0,0,0,0,0,0
org.odpi.openmetadata.adapters.connectors.surveyaction.surveycsv,org.odpi.openmetadata.frameworks.openmetadata.connectorcontext,1,1,3,9,0,0,0,0,0,0,0,0,0,0
org.odpi.openmetadata.adapters.connectors.surveyaction.surveycsv,org.odpi.openmetadata.frameworks.openmetadata.ffdc,3,0,0,0,0,10,0,0,0,0,0,0,0,0
org.odpi.openmetadata.adapters.connectors.surveyaction.surveycsv,org.odpi.openmetadata.frameworks.openmetadata.enums,1,0,0,0,0,0,0,0,0,2,0,0,0,0
org.odpi.openmetadata.adapters.connectors.surveyaction.surveycsv,org.odpi.openmetadata.frameworks.openmetadata.definitions,1,0,0,1,0,0,0,0,1,0,0,0,0,0
org.odpi.openmetadata.adapters.connectors.surveyaction.surveycsv,org.odpi.openmetadata.frameworks.openmetadata.metadataelements,2,3,3,17,0,0,0,0,0,1,0,0,0,0
org.odpi.openmetadata.adapters.connectors.surveyaction.surveycsv,org.odpi.openmetadata.frameworks.openmetadata.properties.assets,1,0,0,0,0,0,0,0,0,0,2,0,0,0
org.odpi.openmetadata.adapters.connectors.surveyaction.surveycsv,org.odpi.openmetadata.frameworks.openmetadata.properties,0,0,0,1,0,0,0,0,0,0,0,0,0,0
org.odpi.openmetadata.adapters.connectors.surveyaction.surveycsv,org.odpi.openmetadata.frameworks.connectors.controls,1,0,0,1,0,0,0,0,0,1,0,0,0,0
org.odpi.openmetadata.adapters.connectors.surveyaction.surveycsv,org.odpi.openmetadata.frameworks.opengovernance,0,0,0,0,0,0,0,0,0,1,0,0,0,0
org.odpi.openmetadata.adapters.connectors.surveyaction.surveycsv,org.odpi.openmetadata.adapters.connectors.datastore.csvfile,1,1,0,3,0,0,0,0,0,1,1,0,0,0
org.odpi.openmetadata.adapters.connectors.surveyaction.surveycsv,org.odpi.openmetadata.adapters.connectors.datastore.basicfile,0,0,0,1,0,0,0,0,0,0,0,0,0,0
org.odpi.openmetadata.adapters.connectors.surveyaction.surveycsv,org.odpi.openmetadata.adapters.connectors.surveyaction.extractors,1,1,0,2,0,0,0,0,1,0,0,0,0,0
org.odpi.openmetadata.commonservices.multitenant.ffdc,org.odpi.openmetadata.frameworks.auditlog.messagesets,4,2,0,6,4,0,0,0,4,0,0,0,0,0
org.odpi.openmetadata.commonservices.multitenant.ffdc,org.odpi.openmetadata.frameworks.auditlog,1,1,1,0,0,0,0,0,0,5,0,0,0,0
org.odpi.openmetadata.platformservices.client,org.odpi.openmetadata.frameworks.connectors.properties.beans,2,0,2,0,2,0,0,0,0,0,0,0,0,0
org.odpi.openmetadata.platformservices.client,org.odpi.openmetadata.frameworks.connectors.properties.users,1,0,0,0,0,0,0,0,0,0,0,0,0,0
org.odpi.openmetadata.platformservices.client,org.odpi.openmetadata.metadatasecurity.properties,3,0,2,0,2,0,0,0,0,0,0,0,0,0
org.odpi.openmetadata.platformservices.client,org.odpi.openmetadata.frameworks.auditlog,2,1,4,0,0,0,0,0,0,2,0,0,0,0
org.odpi.openmetadata.platformservices.client,org.odpi.openmetadata.frameworks.connectors,2,0,0,0,0,0,0,0,0,0,0,0,0,0
org.odpi.openmetadata.platformservices.client,org.odpi.openmetadata.frameworks.openmetadata.ffdc,6,0,0,0,0,158,0,0,0,0,0,0,0,0
org.odpi.openmetadata.platformservices.client,org.odpi.openmetadata.serveroperations.properties,2,1,0,6,2,0,0,0,1,0,0,0,0,0
org.odpi.openmetadata.platformservices.client,org.odpi.openmetadata.serveroperations.rest,8,6,0,6,4,0,0,0,0,4,0,0,0,0
org.odpi.openmetadata.platformservices.client,org.odpi.openmetadata.adminservices.configuration.properties,1,0,1,1,1,0,0,0,0,0,0,0,0,0
org.odpi.openmetadata.platformservices.client,org.odpi.openmetadata.adminservices.rest,1,6,0,6,1,0,0,0,1,1,0,0,0,0
org.odpi.openmetadata.platformservices.client,org.odpi.openmetadata.commonservices.ffdc,1,1,0,35,0,0,0,0,1,0,0,0,0,0
org.odpi.openmetadata.platformservices.client,org.odpi.openmetadata.commonservices.ffdc.rest,2,23,0,25,8,0,0,1,2,22,0,0,0,0
org.odpi.openmetadata.platformservices.client,org.odpi.openmetadata.platformservices.properties,4,0,0,0,4,0,0,0,0,2,0,0,0,0
org.odpi.openmetadata.platformservices.client,org.odpi.openmetadata.platformservices.rest,2,3,0,2,1,0,0,0,0,1,0,0,0,0
org.odpi.openmetadata.adapters.connectors.jacquard,org.odpi.openmetadata.frameworks.openmetadata.connectorcontext,2,39,1,174,0,0,0,0,0,1,0,0,0,0
org.odpi.openmetadata.adapters.connectors.jacquard,org.odpi.openmetadata.frameworks.openmetadata.ffdc,4,0,0,0,0,88,0,0,0,0,0,0,0,0
org.odpi.openmetadata.adapters.connectors.jacquard,org.odpi.openmetadata.frameworks.openmetadata.enums,0,0,0,0,0,0,0,0,0,18,0,0,0,0
org.odpi.openmetadata.adapters.connectors.jacquard,org.odpi.openmetadata.frameworks.opengovernance.properties,2,0,2,1,0,0,0,0,0,0,0,0,0,0
org.odpi.openmetadata.adapters.connectors.jacquard,org.odpi.openmetadata.frameworks.opengovernance.connectorcontext,0,0,0,1,0,0,0,0,0,0,0,0,0,0
org.odpi.openmetadata.adapters.connectors.jacquard,org.odpi.openmetadata.frameworks.opengovernance.controls,1,0,0,0,0,0,0,0,0,4,0,0,0,0
org.odpi.openmetadata.adapters.connectors.jacquard,org.odpi.openmetadata.frameworks.integration.connectors,3,0,0,7,0,0,0,3,0,160,0,0,0,0
org.odpi.openmetadata.adapters.connectors.jacquard,org.odpi.openmetadata.frameworks.integration.context,2,0,2,4,0,0,0,0,0,0,0,0,0,0
org.odpi.openmetadata.adapters.connectors.jacquard,org.odpi.openmetadata.frameworks.integration.properties,1,3,2,3,1,0,0,0,0,6,0,0,0,0
org.odpi.openmetadata.adapters.connectors.jacquard,org.odpi.openmetadata.frameworks.auditlog,1,0,1,41,0,0,0,0,0,0,0,0,0,0
org.odpi.openmetadata.adapters.connectors.jacquard,org.odpi.openmetadata.frameworks.connectors,3,2,3,3,0,0,0,0,0,4,0,0,0,0
org.odpi.openmetadata.adapters.connectors.jacquard,org.odpi.openmetadata.frameworks.connectors.ffdc,2,0,0,4,0,10,0,0,4,0,0,0,0,0
org.odpi.openmetadata.adapters.connectors.jacquard,org.odpi.openmetadata.frameworks.connectors.properties.beans,2,2,0,12,0,0,0,0,0,0,0,0,0,0
org.odpi.openmetadata.adapters.connectors.jacquard,org.odpi.openmetadata.frameworks.connectors.tabulardatasets,0,0,0,4,0,0,0,0,0,0,0,0,0,0
org.odpi.openmetadata.adapters.connectors.jacquard,org.odpi.openmetadata.frameworks.openmetadata.properties,2,1,3,122,0,0,0,0,1,3,0,0,0,0
org.odpi.openmetadata.adapters.connectors.jacquard,org.odpi.openmetadata.frameworks.openmetadata.properties.actors,3,4,0,10,0,0,0,0,4,0,0,0,0,0
org.odpi.openmetadata.adapters.connectors.jacquard,org.odpi.openmetadata.adapters.connectors.jacquard.tabulardatasets,1,1,0,5,0,0,0,0,0,0,1,0,0,0
org.odpi.openmetadata.adapters.connectors.jacquard,org.odpi.openmetadata.adapters.connectors.jacquard.ffdc,4,0,0,0,0,0,0,0,0,90,0,0,0,0
org.odpi.openmetadata.adapters.connectors.jacquard,org.odpi.openmetadata.adapters.connectors.jacquard.productcatalog,1,13,16,169,0,0,0,0,0,61,0,0,0,0
org.odpi.openmetadata.adapters.connectors.jacquard,org.odpi.openmetadata.frameworks.openmetadata.metadataelements,4,18,14,82,0,0,0,0,0,11,0,0,0,0
org.odpi.openmetadata.adapters.connectors.jacquard,org.odpi.openmetadata.frameworks.openmetadata.properties.assets.processes.connectors,1,1,0,8,0,0,0,0,1,0,0,0,0,0
org.odpi.openmetadata.adapters.connectors.jacquard,org.odpi.openmetadata.frameworks.openmetadata.properties.communities,1,1,0,1,0,0,0,0,1,0,0,0,0,0
org.odpi.openmetadata.adapters.connectors.jacquard,org.odpi.openmetadata.frameworks.openmetadata.properties.collections,2,3,0,5,0,0,0,0,3,0,0,0,0,0
org.odpi.openmetadata.adapters.connectors.jacquard,org.odpi.openmetadata.frameworks.openmetadata.properties.datadictionaries,0,6,0,10,0,0,0,0,6,0,0,0,0,0
org.odpi.openmetadata.adapters.connectors.jacquard,org.odpi.openmetadata.frameworks.openmetadata.properties.connections,0,7,0,15,0,0,0,0,7,0,0,0,0,0
org.odpi.openmetadata.adapters.connectors.jacquard,org.odpi.openmetadata.frameworks.openmetadata.properties.assets,2,3,0,10,0,0,0,0,4,2,2,0,0,0
org.odpi.openmetadata.adapters.connectors.jacquard,org.odpi.openmetadata.frameworks.openmetadata.properties.assets.processes.actions,2,1,0,2,0,0,0,0,1,1,1,0,0,0
org.odpi.openmetadata.adapters.connectors.jacquard,org.odpi.openmetadata.frameworks.openmetadata.types,3,1,0,1,0,0,0,0,0,159,0,0,0,0
org.odpi.openmetadata.adapters.connectors.jacquard,org.odpi.openmetadata.frameworks.openmetadata.refdata,3,0,0,0,0,0,0,0,0,22,0,0,0,0
org.odpi.openmetadata.adapters.connectors.jacquard,org.odpi.openmetadata.frameworks.openmetadata.properties.validvalues,2,0,0,0,0,0,0,0,0,1,3,0,0,0
org.odpi.openmetadata.adapters.connectors.jacquard,org.odpi.openmetadata.frameworks.openmetadata.search,2,16,1,120,0,0,0,0,32,0,0,0,0,0
org.odpi.openmetadata.adapters.connectors.jacquard,org.odpi.openmetadata.frameworks.openmetadata.properties.solutions,4,5,0,6,1,0,0,0,4,0,0,0,0,0
org.odpi.openmetadata.adapters.connectors.jacquard,org.odpi.openmetadata.frameworks.openmetadata.properties.governance,0,7,0,21,0,0,0,0,7,0,0,0,0,0
org.odpi.openmetadata.adapters.connectors.jacquard,org.odpi.openmetadata.frameworks.openmetadata.properties.governance.governanceactions,1,0,0,0,0,0,0,0,0,0,1,0,0,0
org.odpi.openmetadata.adapters.connectors.jacquard,org.odpi.openmetadata.frameworks.openmetadata.properties.resources,1,1,0,3,0,0,0,0,1,0,0,0,0,0
org.odpi.openmetadata.adapters.connectors.jacquard,org.odpi.openmetadata.frameworks.openmetadata.properties.digitalbusiness,1,3,0,5,1,0,0,0,1,0,0,0,0,0
org.odpi.openmetadata.adapters.connectors.jacquard,org.odpi.openmetadata.frameworks.openmetadata.properties.glossaries,1,1,0,3,0,0,0,0,1,0,0,0,0,0
org.odpi.openmetadata.adapters.connectors.jacquard,org.odpi.openmetadata.frameworks.openmetadata.properties.feedback,2,2,0,4,0,0,0,0,2,0,0,0,0,0
org.odpi.openmetadata.adapters.connectors.jacquard,org.odpi.openmetadata.adapters.connectors,1,0,0,0,0,0,0,0,0,2,0,0,0,0
org.odpi.openmetadata.adapters.connectors.jacquard,org.odpi.openmetadata.adapters.connectors.jacquard.solutionblueprint,0,6,3,50,0,0,0,0,0,16,0,0,0,0
org.odpi.openmetadata.adapters.connectors.jacquard,org.odpi.openmetadata.adapters.connectors.jacquard.tabulardatasets.controls,1,0,0,0,0,0,0,0,0,4,0,0,0,0
org.odpi.openmetadata.adapters.connectors.jacquard,org.odpi.openmetadata.adapters.connectors.jacquard.tabulardatasets.referencedata,2,1,0,2,0,0,0,0,1,0,1,0,0,0
org.odpi.openmetadata.adapters.connectors.jacquard,org.odpi.openmetadata.adapters.connectors.jacquard.tabulardatasets.validmetadatavalues,2,1,0,2,0,0,0,0,1,0,1,0,0,0
org.odpi.openmetadata.adapters.connectors.jacquard,org.odpi.openmetadata.adapters.connectors.subscriptions,2,0,0,0,0,0,0,0,0,38,0,0,0,0
org.odpi.openmetadata.frameworks.openmetadata.handlers,org.odpi.openmetadata.frameworks.openmetadata.mermaid,7,13,0,18,0,0,0,0,13,6,0,0,0,0
org.odpi.openmetadata.frameworks.openmetadata.handlers,org.odpi.openmetadata.frameworks.openmetadata.metadataelements,46,68,82,319,66,0,0,0,22,78,0,0,0,0
org.odpi.openmetadata.frameworks.openmetadata.handlers,org.odpi.openmetadata.frameworks.openmetadata.search,16,116,754,1570,8,0,0,0,124,90,1,0,0,0
org.odpi.openmetadata.frameworks.openmetadata.handlers,org.odpi.openmetadata.frameworks.openmetadata.properties.actors,17,0,27,0,0,0,0,0,0,1,1,0,0,0
org.odpi.openmetadata.frameworks.openmetadata.handlers,org.odpi.openmetadata.frameworks.openmetadata.properties,79,78,153,218,7,0,0,0,2,48,4,0,0,0
org.odpi.openmetadata.frameworks.openmetadata.handlers,org.odpi.openmetadata.frameworks.auditlog,43,1,48,10,0,0,0,0,0,1,0,0,0,0
org.odpi.openmetadata.frameworks.openmetadata.handlers,org.odpi.openmetadata.frameworks.openmetadata.properties.feedback,5,0,12,2,0,0,0,0,0,0,0,0,0,0
org.odpi.openmetadata.frameworks.openmetadata.handlers,org.odpi.openmetadata.frameworks.openmetadata.types,82,0,0,0,0,0,0,0,0,1746,0,0,0,0
org.odpi.openmetadata.frameworks.openmetadata.handlers,org.odpi.openmetadata.frameworks.openmetadata.client,43,1,48,494,0,0,0,0,0,1,0,0,0,0
org.odpi.openmetadata.frameworks.openmetadata.handlers,org.odpi.openmetadata.frameworks.openmetadata.builders,5,5,0,207,0,0,0,0,5,0,0,0,0,0
org.odpi.openmetadata.frameworks.openmetadata.handlers,org.odpi.openmetadata.frameworks.openmetadata.properties.connections,5,2,11,4,0,0,0,0,2,0,0,0,0,0
org.odpi.openmetadata.frameworks.openmetadata.handlers,org.odpi.openmetadata.frameworks.openmetadata.properties.templates,3,0,3,0,0,0,0,0,0,0,0,0,0,0
org.odpi.openmetadata.frameworks.openmetadata.handlers,org.odpi.openmetadata.frameworks.openmetadata.enums,7,0,4,0,0,0,0,0,0,0,0,0,0,0
org.odpi.openmetadata.frameworks.openmetadata.handlers,org.odpi.openmetadata.frameworks.openmetadata.ffdc,108,0,0,10,0,2243,0,0,10,40,0,0,0,0
org.odpi.openmetadata.frameworks.openmetadata.handlers,org.odpi.openmetadata.frameworks.openmetadata.converters,4,5,0,13,0,0,0,0,6,3,0,0,0,0
org.odpi.openmetadata.frameworks.openmetadata.handlers,org.odpi.openmetadata.frameworks.openmetadata.properties.communities,1,0,2,0,0,0,0,0,0,0,0,0,0,0
org.odpi.openmetadata.frameworks.openmetadata.handlers,org.odpi.openmetadata.frameworks.openmetadata.properties.surveyreports,0,0,8,0,0,0,0,0,0,0,0,0,0,0
org.odpi.openmetadata.frameworks.openmetadata.handlers,org.odpi.openmetadata.frameworks.openmetadata.properties.assets,2,0,6,4,0,0,0,0,0,2,2,0,0,0
org.odpi.openmetadata.frameworks.openmetadata.handlers,org.odpi.openmetadata.frameworks.openmetadata.properties.locations,4,0,5,0,0,0,0,0,0,0,0,0,0,0
org.odpi.openmetadata.frameworks.openmetadata.handlers,org.odpi.openmetadata.frameworks.openmetadata.mapper,1,0,0,7,0,0,0,0,0,13,0,0,0,0
org.odpi.openmetadata.frameworks.openmetadata.handlers,org.odpi.openmetadata.frameworks.openmetadata.properties.lineage,2,0,2,0,0,0,0,0,0,0,1,0,0,0
org.odpi.openmetadata.frameworks.openmetadata.handlers,org.odpi.openmetadata.frameworks.openmetadata.properties.security,4,0,5,2,0,0,0,0,0,0,0,0,0,0
org.odpi.openmetadata.frameworks.openmetadata.handlers,org.odpi.openmetadata.frameworks.openmetadata.properties.governance,3,0,31,3,0,0,0,0,0,0,2,0,0,0
org.odpi.openmetadata.frameworks.openmetadata.handlers,org.odpi.openmetadata.frameworks.openmetadata.properties.resources,3,0,3,0,0,0,0,0,0,0,0,0,0,0
org.odpi.openmetadata.frameworks.openmetadata.handlers,org.odpi.openmetadata.frameworks.openmetadata.properties.externalreferences,0,0,5,0,0,0,0,0,0,0,0,0,0,0
org.odpi.openmetadata.frameworks.openmetadata.handlers,org.odpi.openmetadata.frameworks.openmetadata.properties.datadictionaries,1,0,16,0,0,0,0,0,0,0,0,0,0,0
org.odpi.openmetadata.frameworks.openmetadata.handlers,org.odpi.openmetadata.frameworks.openmetadata.properties.assets.infrastructure,2,0,2,0,0,0,0,0,0,0,0,0,0,0
org.odpi.openmetadata.frameworks.openmetadata.handlers,org.odpi.openmetadata.frameworks.openmetadata.properties.contextevents,0,4,8,10,0,0,0,0,0,0,0,0,0,0
org.odpi.openmetadata.frameworks.openmetadata.handlers,org.odpi.openmetadata.frameworks.openmetadata.properties.softwarecapabilities,4,0,6,0,0,0,0,0,0,0,0,0,0,0
org.odpi.openmetadata.frameworks.openmetadata.handlers,org.odpi.openmetadata.frameworks.openmetadata.properties.governance.governanceactions,4,0,5,0,0,0,0,0,0,0,0,0,0,0
org.odpi.openmetadata.frameworks.openmetadata.handlers,org.odpi.openmetadata.frameworks.openmetadata.properties.implementations,2,0,2,0,0,0,0,0,0,0,0,0,0,0
org.odpi.openmetadata.frameworks.openmetadata.handlers,org.odpi.openmetadata.frameworks.openmetadata.properties.propertyfacets,2,0,3,0,0,0,0,0,0,0,0,0,0,0
org.odpi.openmetadata.frameworks.openmetadata.handlers,org.odpi.openmetadata.frameworks.openmetadata.specificationproperties,1,0,3,9,0,0,0,0,0,1,9,0,0,0
org.odpi.openmetadata.frameworks.openmetadata.handlers,org.odpi.openmetadata.frameworks.openmetadata.refdata,4,1,4,10,0,0,0,0,0,11,0,0,0,0
org.odpi.openmetadata.frameworks.openmetadata.handlers,org.odpi.openmetadata.frameworks.openmetadata.properties.schema,3,2,18,5,0,0,0,0,2,0,0,0,0,0
org.odpi.openmetadata.frameworks.openmetadata.handlers,org.odpi.openmetadata.frameworks.openmetadata.properties.validvalues,2,6,10,33,2,0,0,0,6,1,0,0,0,0
org.odpi.openmetadata.frameworks.openmetadata.handlers,org.odpi.openmetadata.frameworks.openmetadata.properties.solutions,5,0,6,0,0,0,0,0,0,0,0,0,0,0
org.odpi.openmetadata.frameworks.openmetadata.handlers,org.odpi.openmetadata.frameworks.openmetadata.properties.informationsupplychains,1,0,1,0,0,0,0,0,0,0,0,0,0,0
org.odpi.openmetadata.frameworks.openmetadata.handlers,org.odpi.openmetadata.frameworks.openmetadata.properties.assets.processes.actions,4,2,7,3,0,0,0,0,2,2,1,0,0,0
org.odpi.openmetadata.frameworks.openmetadata.handlers,org.odpi.openmetadata.frameworks.openmetadata.properties.assets.processes,2,0,1,2,0,0,0,0,0,1,1,0,0,0
org.odpi.openmetadata.frameworks.openmetadata.handlers,org.odpi.openmetadata.frameworks.openmetadata.properties.assets.metadatarepositories,1,1,0,1,0,0,0,0,1,0,0,0,0,0
org.odpi.openmetadata.frameworks.openmetadata.handlers,org.odpi.openmetadata.frameworks.openmetadata.properties.assets.filesandfolders,3,1,3,6,0,0,0,0,1,0,0,0,0,0
org.odpi.openmetadata.frameworks.openmetadata.handlers,org.odpi.openmetadata.frameworks.openmetadata.properties.assets.apis,1,0,1,0,0,0,0,0,0,0,0,0,0,0
org.odpi.openmetadata.frameworks.openmetadata.handlers,org.odpi.openmetadata.frameworks.openmetadata.properties.assets.reports,0,2,4,0,0,0,0,0,0,0,0,0,0,0
org.odpi.openmetadata.frameworks.openmetadata.handlers,org.odpi.openmetadata.frameworks.openmetadata.properties.assets.processes.connectors,1,0,2,0,0,0,0,0,0,0,0,0,0,0
org.odpi.openmetadata.frameworks.openmetadata.handlers,org.odpi.openmetadata.frameworks.openmetadata.properties.schema.tabular,2,2,0,2,0,0,0,0,2,0,0,0,0,0
org.odpi.openmetadata.frameworks.openmetadata.handlers,org.odpi.openmetadata.frameworks.openmetadata.properties.collections,0,0,8,0,0,0,0,0,0,0,0,0,0,0
org.odpi.openmetadata.frameworks.openmetadata.handlers,org.odpi.openmetadata.frameworks.openmetadata.properties.glossaries,2,0,10,0,0,0,0,0,0,0,0,0,0,0
org.odpi.openmetadata.frameworks.openmetadata.handlers,org.odpi.openmetadata.frameworks.openmetadata.properties.digitalbusiness,0,0,8,0,0,0,0,0,0,1,1,0,0,0
org.odpi.openmetadata.frameworks.openmetadata.handlers,org.odpi.openmetadata.frameworks.openmetadata.controls,1,0,0,0,0,0,0,0,0,6,0,0,0,0
org.odpi.openmetadata.frameworks.openmetadata.handlers,org.odpi.openmetadata.frameworks.openmetadata.properties.externalidentifiers,2,0,4,0,0,0,0,0,0,0,0,0,0,0
org.odpi.openmetadata.frameworks.openmetadata.handlers,org.odpi.openmetadata.frameworks.openmetadata.properties.projects,4,0,5,0,0,0,0,0,0,1,1,0,0,0
org.odpi.openmetadata.conformance.workbenches.repository.listener,org.odpi.openmetadata.repositoryservices.connectors.omrstopic,1,0,0,0,0,0,1,0,0,0,0,0,0,0
org.odpi.openmetadata.conformance.workbenches.repository.listener,org.odpi.openmetadata.repositoryservices.connectors.stores.metadatacollectionstore.properties.typedefs,2,2,0,0,0,0,0,0,0,0,0,0,0,0
org.odpi.openmetadata.conformance.workbenches.repository.listener,org.odpi.openmetadata.repositoryservices.events,0,2,7,1,0,0,0,0,0,2,0,0,0,0
org.odpi.openmetadata.conformance.workbenches.repository.listener,org.odpi.openmetadata.conformance.workbenches.repository,2,1,1,4,0,0,0,0,0,9,0,0,0,0
org.odpi.openmetadata.conformance.workbenches.repository.listener,org.odpi.openmetadata.conformance.tests.repository.types,0,5,0,9,0,0,0,0,5,0,0,0,0,0
org.odpi.openmetadata.conformance.workbenches.repository.listener,org.odpi.openmetadata.conformance.beans,0,0,0,5,0,0,0,0,0,0,0,0,0,0
org.odpi.openmetadata.adapters.repositoryservices.cohortregistrystore.file,org.odpi.openmetadata.frameworks.connectors.ffdc,1,0,0,0,0,1,0,0,0,0,0,0,0,0
org.odpi.openmetadata.adapters.repositoryservices.cohortregistrystore.file,org.odpi.openmetadata.frameworks.connectors.properties.beans,2,3,1,4,0,0,0,0,0,0,0,0,0,0
org.odpi.openmetadata.adapters.repositoryservices.cohortregistrystore.file,org.odpi.openmetadata.frameworks.auditlog,0,0,0,15,0,0,0,0,0,0,0,0,0,0
org.odpi.openmetadata.adapters.repositoryservices.cohortregistrystore.file,org.odpi.openmetadata.frameworks.connectors,0,0,0,2,0,0,0,0,0,0,0,0,0,0
org.odpi.openmetadata.adapters.repositoryservices.cohortregistrystore.file,org.odpi.openmetadata.adapters.repositoryservices.cohortregistrystore.file.ffdc,1,0,0,0,0,0,0,0,0,30,0,0,0,0
org.odpi.openmetadata.adapters.repositoryservices.cohortregistrystore.file,org.odpi.openmetadata.repositoryservices.connectors.stores.cohortregistrystore.properties,2,16,13,55,3,0,0,0,1,10,0,0,0,0
org.odpi.openmetadata.adapters.repositoryservices.cohortregistrystore.file,org.odpi.openmetadata.repositoryservices.connectors.stores.cohortregistrystore,2,0,0,1,0,0,0,2,0,25,0,0,0,0
org.odpi.openmetadata.adapters.repositoryservices.cohortregistrystore.file,org.odpi.openmetadata.adapters.connectors,1,0,0,0,0,0,0,0,0,2,0,0,0,0
org.odpi.openmetadata.adapters.connectors.integration.openlineage,org.odpi.openmetadata.frameworks.openmetadata.types,5,0,0,0,0,0,0,0,0,16,0,0,0,0
org.odpi.openmetadata.adapters.connectors.integration.openlineage,org.odpi.openmetadata.frameworks.integration.connectors,12,0,0,9,0,0,0,10,0,54,0,0,0,0
org.odpi.openmetadata.adapters.connectors.integration.openlineage,org.odpi.openmetadata.frameworks.integration.context,5,3,2,7,0,0,0,0,0,2,0,0,0,0
org.odpi.openmetadata.adapters.connectors.integration.openlineage,org.odpi.openmetadata.frameworks.openmetadata.connectorcontext,2,2,0,26,0,0,0,0,0,0,0,0,0,0
org.odpi.openmetadata.adapters.connectors.integration.openlineage,org.odpi.openmetadata.frameworks.integration.openlineage,5,18,10,86,0,0,2,0,12,2,0,0,0,0
org.odpi.openmetadata.adapters.connectors.integration.openlineage,org.odpi.openmetadata.frameworks.openmetadata.enums,1,0,0,0,0,0,0,0,0,16,0,0,0,0
org.odpi.openmetadata.adapters.connectors.integration.openlineage,org.odpi.openmetadata.frameworks.openmetadata.ffdc,15,0,0,3,0,18,0,0,3,0,0,0,0,0
org.odpi.openmetadata.adapters.connectors.integration.openlineage,org.odpi.openmetadata.frameworks.openmetadata.events,3,0,1,9,0,0,1,0,0,6,0,0,0,0
org.odpi.openmetadata.adapters.connectors.integration.openlineage,org.odpi.openmetadata.frameworks.auditlog,1,0,1,9,0,0,0,0,0,0,0,0,0,0
org.odpi.openmetadata.adapters.connectors.integration.openlineage,org.odpi.openmetadata.frameworks.connectors,2,0,2,4,0,0,0,0,0,7,0,0,0,0
org.odpi.openmetadata.adapters.connectors.integration.openlineage,org.odpi.openmetadata.frameworks.connectors.properties.beans,6,5,1,20,0,0,0,0,0,0,0,0,0,0
org.odpi.openmetadata.adapters.connectors.integration.openlineage,org.odpi.openmetadata.frameworks.connectors.ffdc,7,0,0,2,0,13,0,0,2,0,0,0,0,0
org.odpi.openmetadata.adapters.connectors.integration.openlineage,org.odpi.openmetadata.frameworks.openmetadata.search,2,1,1,8,0,0,0,0,1,0,0,0,0,0
org.odpi.openmetadata.adapters.connectors.integration.openlineage,org.odpi.openmetadata.frameworks.openmetadata.metadataelements,6,7,4,29,0,0,0,0,0,3,0,0,0,0
org.odpi.openmetadata.adapters.connectors.integration.openlineage,org.odpi.openmetadata.frameworks.openmetadata.properties.assets.processes,1,2,0,2,0,0,0,0,2,1,1,0,0,0
org.odpi.openmetadata.adapters.connectors.integration.openlineage,org.odpi.openmetadata.adapters.connectors.integration.openlineage.ffdc,9,0,0,0,0,0,0,0,0,28,0,0,0,0
org.odpi.openmetadata.adapters.connectors.integration.openlineage,org.odpi.openmetadata.adapters.connectors,5,0,0,0,0,0,0,0,0,10,0,0,0,0
org.odpi.openmetadata.adapters.connectors.integration.openlineage,org.odpi.openmetadata.frameworks.openmetadata.properties.connections,1,0,0,0,0,0,0,0,0,0,3,0,0,0
org.odpi.openmetadata.adapters.connectors.integration.openlineage,org.odpi.openmetadata.adapters.connectors.integration.openlineage.controls,1,0,0,2,0,0,0,0,0,2,0,0,0,0
org.odpi.openmetadata.adapters.connectors.integration.openlineage,org.odpi.openmetadata.repositoryservices.connectors.openmetadatatopic,3,0,3,2,0,0,1,0,0,0,1,0,0,0
org.odpi.openmetadata.adapters.connectors.integration.openlineage,org.odpi.openmetadata.frameworks.openmetadata.properties.assets.processes.actions,2,0,0,0,0,0,0,0,0,0,2,0,0,0
org.odpi.openmetadata.adapters.connectors.integration.openlineage,org.odpi.openmetadata.frameworks.opengovernance.properties,2,0,2,1,0,0,0,0,0,0,0,0,0,0
org.odpi.openmetadata.adapters.connectors.integration.openlineage,org.odpi.openmetadata.frameworks.integration.properties,1,0,0,2,1,0,0,0,1,0,0,0,0,0
org.odpi.openmetadata.adapters.connectors.integration.openlineage,org.odpi.openmetadata.frameworks.openmetadata.properties,0,0,0,4,0,0,0,0,0,0,0,0,0,0
org.odpi.openmetadata.adapters.connectors.apachekafka.integration,org.odpi.openmetadata.frameworks.openmetadata.ffdc,1,0,0,0,0,2,0,0,0,0,0,0,0,0
org.odpi.openmetadata.adapters.connectors.apachekafka.integration,org.odpi.openmetadata.frameworks.openmetadata.controls,1,0,0,0,0,0,0,0,0,12,0,0,0,0
org.odpi.openmetadata.adapters.connectors.apachekafka.integration,org.odpi.openmetadata.frameworks.openmetadata.enums,1,0,0,0,0,0,0,0,0,2,0,0,0,0
org.odpi.openmetadata.adapters.connectors.apachekafka.integration,org.odpi.openmetadata.frameworks.openmetadata.connectorcontext,2,2,0,9,0,0,0,0,0,0,0,0,0,0
org.odpi.openmetadata.adapters.connectors.apachekafka.integration,org.odpi.openmetadata.frameworks.openmetadata.metadataelements,2,3,1,24,0,0,0,0,0,0,0,0,0,0
org.odpi.openmetadata.adapters.connectors.apachekafka.integration,org.odpi.openmetadata.frameworks.connectors.properties.beans,0,0,0,15,0,0,0,0,0,0,0,0,0,0
org.odpi.openmetadata.adapters.connectors.apachekafka.integration,org.odpi.openmetadata.frameworks.connectors.ffdc,1,0,0,1,0,3,0,0,1,0,0,0,0,0
org.odpi.openmetadata.adapters.connectors.apachekafka.integration,org.odpi.openmetadata.frameworks.opengovernance.properties,2,0,2,5,0,0,0,0,0,0,0,0,0,0
org.odpi.openmetadata.adapters.connectors.apachekafka.integration,org.odpi.openmetadata.frameworks.integration.properties,1,0,0,0,1,0,0,0,0,13,0,0,0,0
org.odpi.openmetadata.adapters.connectors.apachekafka.integration,org.odpi.openmetadata.frameworks.integration.context,2,0,2,0,0,0,0,0,0,0,0,0,0,0
org.odpi.openmetadata.adapters.connectors.apachekafka.integration,org.odpi.openmetadata.frameworks.integration.connectors,3,0,0,9,0,0,0,3,0,40,0,0,0,0
org.odpi.openmetadata.adapters.connectors.apachekafka.integration,org.odpi.openmetadata.frameworks.openmetadata.properties,1,0,0,0,0,0,0,0,0,0,1,0,0,0
org.odpi.openmetadata.adapters.connectors.apachekafka.integration,org.odpi.openmetadata.adapters.connectors.apachekafka.integration.ffdc,2,0,0,0,0,0,0,0,0,12,0,0,0,0
org.odpi.openmetadata.adapters.connectors.apachekafka.integration,org.odpi.openmetadata.frameworks.auditlog,1,0,1,5,0,0,0,0,0,0,0,0,0,0
org.odpi.openmetadata.adapters.connectors.apachekafka.integration,org.odpi.openmetadata.frameworks.connectors,2,0,2,9,0,0,0,0,0,0,0,0,0,0
org.odpi.openmetadata.adapters.connectors.apachekafka.integration,org.odpi.openmetadata.adapters.connectors.controls,5,0,0,2,0,0,0,0,0,16,0,0,0,0
org.odpi.openmetadata.adapters.connectors.apachekafka.integration,org.odpi.openmetadata.adapters.connectors,1,0,0,0,0,0,0,0,0,2,0,0,0,0
org.odpi.openmetadata.adapters.connectors.apachekafka.integration,org.odpi.openmetadata.frameworks.openmetadata.definitions,1,0,0,1,0,0,0,0,1,0,0,0,0,0
org.odpi.openmetadata.adapters.connectors.apachekafka.integration,org.odpi.openmetadata.frameworks.connectors.controls,1,0,0,1,0,0,0,0,0,1,0,0,0,0
org.odpi.openmetadata.adapters.connectors.apachekafka.integration,org.odpi.openmetadata.frameworks.integration.controls,1,1,0,4,0,0,0,0,1,0,0,0,0,0
org.odpi.openmetadata.adapters.connectors.apachekafka.integration,org.odpi.openmetadata.frameworks.openmetadata.properties.assets.infrastructure,1,1,0,2,0,0,0,0,1,0,0,0,0,0
org.odpi.openmetadata.adapters.connectors.apachekafka.integration,org.odpi.openmetadata.frameworks.openmetadata.properties.assets.processes.connectors,0,0,0,3,0,0,0,0,0,0,0,0,0,0
org.odpi.openmetadata.adapters.connectors.apachekafka.integration,org.odpi.openmetadata.frameworks.openmetadata.properties.assets.topics,1,0,0,0,0,0,0,0,0,1,1,0,0,0
org.odpi.openmetadata.adapters.connectors.apachekafka.integration,org.odpi.openmetadata.frameworks.openmetadata.search,1,1,0,8,0,0,0,0,1,0,0,0,0,0
org.odpi.openmetadata.adapters.connectors.apachekafka.integration,org.odpi.openmetadata.frameworks.openmetadata.types,2,0,0,0,0,0,0,0,0,18,0,0,0,0
org.odpi.openmetadata.samples.governanceactions.clinicaltrials,org.odpi.openmetadata.frameworks.connectors,1,0,0,0,0,0,0,0,0,4,0,0,0,0
org.odpi.openmetadata.samples.governanceactions.clinicaltrials,org.odpi.openmetadata.frameworks.auditlog.messagesets,6,6,0,0,0,0,0,0,0,0,0,0,0,0
org.odpi.openmetadata.samples.governanceactions.clinicaltrials,org.odpi.openmetadata.frameworks.connectors.ffdc,2,0,0,13,0,10,0,0,13,0,0,0,0,0
org.odpi.openmetadata.samples.governanceactions.clinicaltrials,org.odpi.openmetadata.frameworks.opengovernance,6,0,0,66,0,0,0,6,0,394,0,0,0,0
org.odpi.openmetadata.samples.governanceactions.clinicaltrials,org.odpi.openmetadata.frameworks.opengovernance.properties,4,6,0,49,0,0,0,0,0,0,0,0,0,0
org.odpi.openmetadata.samples.governanceactions.clinicaltrials,org.odpi.openmetadata.frameworks.auditlog,0,0,0,9,0,0,0,0,0,0,0,0,0,0
org.odpi.openmetadata.samples.governanceactions.clinicaltrials,org.odpi.openmetadata.frameworks.openmetadata.refdata,12,7,3,2,1,0,0,0,0,55,0,0,0,0
org.odpi.openmetadata.samples.governanceactions.clinicaltrials,org.odpi.openmetadata.frameworks.openmetadata.search,13,22,8,158,1,0,0,0,19,66,0,0,0,0
org.odpi.openmetadata.samples.governanceactions.clinicaltrials,org.odpi.openmetadata.frameworks.opengovernance.controls,2,0,0,0,0,0,0,0,0,6,0,0,0,0
org.odpi.openmetadata.samples.governanceactions.clinicaltrials,org.odpi.openmetadata.samples.governanceactions.clinicaltrials.metadata,9,0,0,0,0,0,0,0,0,32,0,0,0,0
org.odpi.openmetadata.samples.governanceactions.clinicaltrials,org.odpi.openmetadata.samples.governanceactions.ffdc,12,0,0,0,0,0,0,0,0,156,0,0,0,0
org.odpi.openmetadata.samples.governanceactions.clinicaltrials,org.odpi.openmetadata.frameworks.openmetadata.types,18,0,0,0,0,0,0,0,0,592,0,0,0,0
org.odpi.openmetadata.samples.governanceactions.clinicaltrials,org.odpi.openmetadata.frameworks.openmetadata.properties,10,24,2,165,0,0,0,0,3,6,0,0,0,0
org.odpi.openmetadata.samples.governanceactions.clinicaltrials,org.odpi.openmetadata.frameworks.openmetadata.specificationproperties,6,9,13,42,5,0,0,0,7,13,0,0,0,0
org.odpi.openmetadata.samples.governanceactions.clinicaltrials,org.odpi.openmetadata.adapters.connectors.controls,2,0,0,0,0,0,0,0,0,8,0,0,0,0
org.odpi.openmetadata.samples.governanceactions.clinicaltrials,org.odpi.openmetadata.frameworks.openmetadata.connectorcontext,1,2,0,209,0,0,0,0,0,0,0,0,0,0
org.odpi.openmetadata.samples.governanceactions.clinicaltrials,org.odpi.openmetadata.frameworks.openmetadata.controls,3,0,0,0,0,0,0,0,0,40,0,0,0,0
org.odpi.openmetadata.samples.governanceactions.clinicaltrials,org.odpi.openmetadata.frameworks.openmetadata.ffdc,24,0,0,0,0,117,0,0,0,0,0,0,0,0
org.odpi.openmetadata.samples.governanceactions.clinicaltrials,org.odpi.openmetadata.frameworks.openmetadata.properties.schema,2,0,0,0,0,0,0,0,0,1,2,0,0,0
org.odpi.openmetadata.samples.governanceactions.clinicaltrials,org.odpi.openmetadata.frameworks.openmetadata.properties.surveyreports,2,7,0,39,0,0,0,0,7,0,0,0,0,0
org.odpi.openmetadata.samples.governanceactions.clinicaltrials,org.odpi.openmetadata.frameworks.opensurvey.controls,6,1,1,4,0,0,0,0,1,41,0,0,0,0
org.odpi.openmetadata.samples.governanceactions.clinicaltrials,org.odpi.openmetadata.frameworks.opensurvey,4,2,0,37,0,0,0,2,0,43,0,0,0,0
org.odpi.openmetadata.samples.governanceactions.clinicaltrials,org.odpi.openmetadata.frameworks.openmetadata.properties.externalidentifiers,1,0,0,0,0,0,0,0,0,1,1,0,0,0
org.odpi.openmetadata.samples.governanceactions.clinicaltrials,org.odpi.openmetadata.frameworks.openmetadata.properties.assets.processes.connectors,2,2,0,8,0,0,0,0,2,0,0,0,0,0
org.odpi.openmetadata.samples.governanceactions.clinicaltrials,org.odpi.openmetadata.adapters.connectors.governanceactions.provisioning,4,0,0,0,0,0,0,0,0,20,0,0,0,0
org.odpi.openmetadata.samples.governanceactions.clinicaltrials,org.odpi.openmetadata.adapters.connectors.unitycatalog.controls,1,0,0,0,0,0,0,0,0,18,0,0,0,0
org.odpi.openmetadata.samples.governanceactions.clinicaltrials,org.odpi.openmetadata.adapters.connectors.postgres.controls,2,0,0,1,0,0,0,0,0,3,0,0,0,0
org.odpi.openmetadata.samples.governanceactions.clinicaltrials,org.odpi.openmetadata.frameworks.opensurvey.measurements,2,2,5,4,0,0,0,0,0,5,0,0,0,0
org.odpi.openmetadata.samples.governanceactions.clinicaltrials,org.odpi.openmetadata.adapters.connectors.datastore.csvfile,1,1,0,3,0,0,0,0,0,1,1,0,0,0
org.odpi.openmetadata.samples.governanceactions.clinicaltrials,org.odpi.openmetadata.frameworks.openmetadata.enums,1,0,0,1,0,0,0,0,0,3,0,0,0,0
org.odpi.openmetadata.samples.governanceactions.clinicaltrials,org.odpi.openmetadata.frameworks.openmetadata.metadataelements,3,4,2,30,0,0,0,0,0,2,0,0,0,0
org.odpi.openmetadata.samples.governanceactions.clinicaltrials,org.odpi.openmetadata.adapters.connectors.integration.basicfiles,1,0,0,0,0,0,0,0,0,2,0,0,0,0
org.odpi.openmetadata.samples.governanceactions.clinicaltrials,org.odpi.openmetadata.frameworks.openmetadata.properties.contextevents,1,1,0,3,0,0,0,0,1,0,0,0,0,0
org.odpi.openmetadata.adapters.repositoryservices.postgres.repositoryconnector,org.odpi.openmetadata.repositoryservices.connectors.stores.metadatacollectionstore.repositoryconnector,5,1,3,180,0,0,0,2,0,52,0,0,0,0
org.odpi.openmetadata.adapters.repositoryservices.postgres.repositoryconnector,org.odpi.openmetadata.repositoryservices.ffdc.exception,2,0,0,19,0,253,0,0,19,0,0,0,0,0
org.odpi.openmetadata.adapters.repositoryservices.postgres.repositoryconnector,org.odpi.openmetadata.repositoryservices.ffdc,2,0,0,0,0,0,0,0,0,10,0,0,0,0
org.odpi.openmetadata.adapters.repositoryservices.postgres.repositoryconnector,org.odpi.openmetadata.frameworks.auditlog,0,0,0,8,0,0,0,0,0,0,0,0,0,0
org.odpi.openmetadata.adapters.repositoryservices.postgres.repositoryconnector,org.odpi.openmetadata.frameworks.connectors,1,1,0,6,0,0,0,0,0,7,0,0,0,0
org.odpi.openmetadata.adapters.repositoryservices.postgres.repositoryconnector,org.odpi.openmetadata.frameworks.connectors.ffdc,1,0,0,0,0,1,0,0,0,0,0,0,0,0
org.odpi.openmetadata.adapters.repositoryservices.postgres.repositoryconnector,org.odpi.openmetadata.frameworks.connectors.properties.beans,0,0,0,4,0,0,0,0,0,0,0,0,0,0
org.odpi.openmetadata.adapters.repositoryservices.postgres.repositoryconnector,org.odpi.openmetadata.frameworks.openmetadata.ffdc,3,0,0,0,0,109,0,0,0,0,0,0,0,0
org.odpi.openmetadata.adapters.repositoryservices.postgres.repositoryconnector,org.odpi.openmetadata.repositoryservices.connectors.stores.metadatacollectionstore.properties.typedefs,3,8,4,9,0,0,0,0,0,4,0,0,0,0
org.odpi.openmetadata.adapters.repositoryservices.postgres.repositoryconnector,org.odpi.openmetadata.repositoryservices.connectors.stores.metadatacollectionstore.properties.search,6,0,8,0,0,0,0,0,0,0,0,0,0,0
org.odpi.openmetadata.adapters.repositoryservices.postgres.repositoryconnector,org.odpi.openmetadata.repositoryservices.connectors.stores.metadatacollectionstore.properties.instances,0,86,56,166,43,0,0,0,18,80,0,0,0,0
org.odpi.openmetadata.adapters.repositoryservices.postgres.repositoryconnector,org.odpi.openmetadata.repositoryservices.connectors.stores.metadatacollectionstore,1,0,0,77,0,0,0,1,0,405,0,0,0,0
org.odpi.openmetadata.adapters.repositoryservices.postgres.repositoryconnector,org.odpi.openmetadata.repositoryservices.connectors.stores.metadatacollectionstore.properties,5,0,25,0,0,0,0,0,0,6,0,0,0,0
org.odpi.openmetadata.adapters.repositoryservices.postgres.repositoryconnector,org.odpi.openmetadata.adapters.repositoryservices.postgres.repositoryconnector.controls,2,0,0,2,0,0,0,0,0,10,0,0,0,0
org.odpi.openmetadata.adapters.repositoryservices.postgres.repositoryconnector,org.odpi.openmetadata.adapters.repositoryservices.postgres.repositoryconnector.schema,2,0,0,1,0,0,0,0,0,49,0,0,0,0
org.odpi.openmetadata.adapters.repositoryservices.postgres.repositoryconnector,org.odpi.openmetadata.adapters.repositoryservices.postgres.repositoryconnector.mappers,4,17,14,40,0,0,0,0,9,15,0,0,0,0
org.odpi.openmetadata.adapters.repositoryservices.postgres.repositoryconnector,org.odpi.openmetadata.adapters.repositoryservices.postgres.repositoryconnector.ffdc,3,0,0,0,0,0,0,0,0,42,0,0,0,0
org.odpi.openmetadata.adapters.repositoryservices.postgres.repositoryconnector,org.odpi.openmetadata.adapters.repositoryservices.postgres.repositoryconnector.database,3,39,0,114,0,0,0,0,39,3,0,0,0,0
org.odpi.openmetadata.adapters.repositoryservices.postgres.repositoryconnector,org.odpi.openmetadata.adapters.connectors.resource.jdbc,3,2,4,4,0,0,0,0,0,1,1,0,0,0
org.odpi.openmetadata.adapters.repositoryservices.postgres.repositoryconnector,org.odpi.openmetadata.adapters.connectors.resource.jdbc.ddl.postgres,1,1,0,2,0,0,0,0,1,0,0,0,0,0
org.odpi.openmetadata.adapters.repositoryservices.postgres.repositoryconnector,org.odpi.openmetadata.adapters.connectors,1,0,0,0,0,0,0,0,0,2,0,0,0,0
org.odpi.openmetadata.adminservices.client,org.odpi.openmetadata.commonservices.ffdc,3,3,0,57,0,0,0,0,3,0,0,0,0,0
org.odpi.openmetadata.adminservices.client,org.odpi.openmetadata.frameworks.openmetadata.ffdc,24,0,0,7,0,248,0,0,7,0,0,0,0,0
org.odpi.openmetadata.adminservices.client,org.odpi.openmetadata.commonservices.ffdc.rest,10,13,0,13,0,0,0,0,4,0,0,0,0,0
org.odpi.openmetadata.adminservices.client,org.odpi.openmetadata.adminservices.client.rest,3,3,0,115,0,0,0,0,6,6,0,0,0,0
org.odpi.openmetadata.adminservices.client,org.odpi.openmetadata.adminservices.rest,15,26,0,33,1,0,0,0,9,0,0,0,0,0
org.odpi.openmetadata.adminservices.client,org.odpi.openmetadata.adminservices.ffdc.exception,11,0,0,0,0,111,0,0,0,0,0,0,0,0
org.odpi.openmetadata.adminservices.client,org.odpi.openmetadata.adminservices.configuration.properties,13,0,10,9,6,0,0,0,0,0,0,0,0,0
org.odpi.openmetadata.adminservices.client,org.odpi.openmetadata.frameworks.auditlog,13,0,26,0,0,0,0,0,0,0,0,0,0,0
org.odpi.openmetadata.adminservices.client,org.odpi.openmetadata.frameworks.connectors,13,0,0,0,0,0,0,0,0,0,0,0,0,0
org.odpi.openmetadata.adminservices.client,org.odpi.openmetadata.frameworks.connectors.properties.beans,5,1,8,0,3,0,0,0,0,0,0,0,0,0
org.odpi.openmetadata.adminservices.client,org.odpi.openmetadata.adminservices.ffdc,1,0,0,0,0,0,0,0,0,2,0,0,0,0
org.odpi.openmetadata.adminservices.client,org.odpi.openmetadata.adminservices.properties,1,0,0,0,1,0,0,0,0,0,0,0,0,0
org.odpi.openmetadata.frameworks.openmetadata.properties.schema,org.odpi.openmetadata.frameworks.openmetadata.types,26,0,0,0,0,0,0,0,0,52,0,0,0,0
org.odpi.openmetadata.frameworks.openmetadata.properties.schema,org.odpi.openmetadata.frameworks.openmetadata.properties,15,0,0,62,0,0,0,15,0,68,0,0,0,0
org.odpi.openmetadata.frameworks.openmetadata.properties.schema,org.odpi.openmetadata.frameworks.openmetadata.properties.schema.apis,3,0,0,0,0,0,0,0,0,3,0,0,0,0
org.odpi.openmetadata.frameworks.openmetadata.properties.schema,org.odpi.openmetadata.frameworks.openmetadata.enums,2,2,2,0,2,0,0,0,0,2,0,0,0,0
org.odpi.openmetadata.frameworks.openmetadata.properties.schema,org.odpi.openmetadata.frameworks.openmetadata.properties.schema.databases,2,0,0,0,0,0,0,0,0,2,0,0,0,0
org.odpi.openmetadata.frameworks.openmetadata.properties.schema,org.odpi.openmetadata.frameworks.openmetadata.properties.schema.tabular,2,0,0,0,0,0,0,0,0,2,0,0,0,0
org.odpi.openmetadata.frameworks.openmetadata.properties.schema,org.odpi.openmetadata.frameworks.openmetadata.properties.schema.events,3,0,0,0,0,0,0,0,0,3,0,0,0,0
org.odpi.openmetadata.repositoryservices.enterprise.repositoryconnector.control,org.odpi.openmetadata.repositoryservices.connectors.stores.metadatacollectionstore,2,2,1,1,0,0,0,0,0,0,0,0,0,0
org.odpi.openmetadata.repositoryservices.enterprise.repositoryconnector.control,org.odpi.openmetadata.repositoryservices.connectors.stores.metadatacollectionstore.repositoryconnector,3,2,2,3,0,0,0,0,0,1,0,0,0,0
org.odpi.openmetadata.repositoryservices.enterprise.repositoryconnector.control,org.odpi.openmetadata.repositoryservices.enterprise.repositoryconnector.executors,4,0,4,3,0,0,0,0,0,0,0,0,0,0
org.odpi.openmetadata.repositoryservices.enterprise.repositoryconnector.control,org.odpi.openmetadata.frameworks.auditlog,3,1,3,1,0,0,0,0,0,1,0,0,0,0
org.odpi.openmetadata.repositoryservices.enterprise.repositoryconnector.control,org.odpi.openmetadata.repositoryservices.ffdc.exception,4,0,0,1,0,5,0,0,1,0,0,0,0,0
org.odpi.openmetadata.repositoryservices.enterprise.repositoryconnector.control,org.odpi.openmetadata.repositoryservices.ffdc,2,0,0,0,0,0,0,0,0,4,0,0,0,0
org.odpi.openmetadata.frameworks.openmetadata.properties.designmodels,org.odpi.openmetadata.frameworks.openmetadata.properties,9,0,0,27,0,0,0,7,0,37,0,0,0,0
org.odpi.openmetadata.frameworks.openmetadata.properties.designmodels,org.odpi.openmetadata.frameworks.openmetadata.types,13,0,0,0,0,0,0,0,0,34,0,0,0,0
org.odpi.openmetadata.frameworks.openmetadata.properties.designmodels,org.odpi.openmetadata.frameworks.openmetadata.enums,1,1,1,0,1,0,0,0,0,1,0,0,0,0
org.odpi.openmetadata.frameworks.openmetadata.properties.designmodels,org.odpi.openmetadata.frameworks.openmetadata.properties.collections,1,0,0,4,0,0,0,1,0,3,0,0,0,0
org.odpi.openmetadata.frameworks.openmetadata.properties.designmodels,org.odpi.openmetadata.frameworks.openmetadata.properties.solutions,3,0,0,0,0,0,0,0,0,3,0,0,0,0
org.odpi.openmetadata.viewservices.validmetadata.server,org.odpi.openmetadata.frameworks.openmetadata.properties,0,11,8,16,0,0,0,0,2,7,2,0,0,0
org.odpi.openmetadata.viewservices.validmetadata.server,org.odpi.openmetadata.frameworks.openmetadata.handlers,6,22,2,23,4,0,0,0,0,4,0,0,0,0
org.odpi.openmetadata.viewservices.validmetadata.server,org.odpi.openmetadata.frameworks.openmetadata.ffdc,8,0,0,0,0,18,0,0,0,0,0,0,0,0
org.odpi.openmetadata.viewservices.validmetadata.server,org.odpi.openmetadata.frameworks.openmetadata.client,3,7,1,10,2,0,0,0,0,0,0,0,0,0
org.odpi.openmetadata.viewservices.validmetadata.server,org.odpi.openmetadata.adminservices.configuration.registration,5,3,0,8,0,0,0,0,1,8,0,0,0,0
org.odpi.openmetadata.viewservices.validmetadata.server,org.odpi.openmetadata.commonservices.multitenant,3,3,0,70,0,0,0,2,3,3,0,0,0,0
org.odpi.openmetadata.viewservices.validmetadata.server,org.odpi.openmetadata.frameworks.auditlog,2,29,1,0,0,0,0,0,0,29,0,0,0,0
org.odpi.openmetadata.viewservices.validmetadata.server,org.odpi.openmetadata.commonservices.ffdc,3,31,0,124,0,0,0,0,2,0,0,0,0,0
org.odpi.openmetadata.viewservices.validmetadata.server,org.odpi.openmetadata.commonservices.ffdc.rest,0,22,9,39,22,0,0,0,22,2,0,0,0,0
org.odpi.openmetadata.viewservices.validmetadata.server,org.odpi.openmetadata.tokencontroller,1,0,0,29,0,0,0,1,0,29,0,0,0,0
org.odpi.openmetadata.viewservices.validmetadata.server,org.odpi.openmetadata.adminservices.configuration.properties,1,0,0,0,0,0,0,0,0,0,0,0,0,0
org.odpi.openmetadata.viewservices.validmetadata.server,org.odpi.openmetadata.frameworkservices.omf.rest,0,7,0,15,7,0,0,0,7,0,0,0,0,0
org.odpi.openmetadata.viewservices.validmetadata.server,org.odpi.openmetadata.frameworkservices.omf.client,1,0,1,0,0,0,0,0,0,2,0,0,0,0
org.odpi.openmetadata.viewservices.validmetadata.server,org.odpi.openmetadata.adminservices.registration,1,0,0,1,0,0,0,0,0,1,0,0,0,0
org.odpi.openmetadata.viewservices.validmetadata.server,org.odpi.openmetadata.frameworks.openmetadata.search,1,0,0,1,0,0,0,0,1,0,0,0,0,0
org.odpi.openmetadata.viewservices.validmetadata.server,org.odpi.openmetadata.frameworks.openmetadata.specificationproperties,1,0,1,1,0,0,0,0,0,1,0,0,0,0
org.odpi.openmetadata.viewservices.validmetadata.server,org.odpi.openmetadata.viewservices.validmetadata.admin,1,0,0,0,0,0,0,0,0,1,0,0,0,0
org.odpi.openmetadata.viewservices.validmetadata.server,org.odpi.openmetadata.frameworks.openmetadata.properties.validvalues,1,0,0,0,0,0,0,0,0,3,0,0,0,0
org.odpi.openmetadata.viewservices.validmetadata.server,org.odpi.openmetadata.frameworks.openmetadata.refdata,1,0,1,0,0,0,0,0,0,0,0,0,0,0
org.odpi.openmetadata.adapters.connectors.integration.openapis,org.odpi.openmetadata.frameworks.openmetadata.ffdc,6,0,0,3,0,23,0,0,3,0,0,0,0,0
org.odpi.openmetadata.adapters.connectors.integration.openapis,org.odpi.openmetadata.frameworks.connectors.controls,2,0,1,2,0,0,0,0,0,1,0,0,0,0
org.odpi.openmetadata.adapters.connectors.integration.openapis,org.odpi.openmetadata.frameworks.openmetadata.types,1,0,0,0,0,0,0,0,0,8,0,0,0,0
org.odpi.openmetadata.adapters.connectors.integration.openapis,org.odpi.openmetadata.frameworks.openmetadata.search,1,1,0,8,0,0,0,0,2,0,0,0,0,0
org.odpi.openmetadata.adapters.connectors.integration.openapis,org.odpi.openmetadata.frameworks.auditlog,1,1,2,12,0,0,0,0,0,2,0,0,0,0
org.odpi.openmetadata.adapters.connectors.integration.openapis,org.odpi.openmetadata.frameworks.connectors,1,0,0,3,0,0,0,0,0,4,0,0,0,0
org.odpi.openmetadata.adapters.connectors.integration.openapis,org.odpi.openmetadata.frameworks.integration.connectors,2,0,0,3,0,0,0,2,0,46,0,0,0,0
org.odpi.openmetadata.adapters.connectors.integration.openapis,org.odpi.openmetadata.frameworks.openmetadata.definitions,1,0,0,1,0,0,0,0,1,0,0,0,0,0
org.odpi.openmetadata.adapters.connectors.integration.openapis,org.odpi.openmetadata.frameworks.openmetadata.properties.schema.apis,1,1,0,1,0,0,0,0,1,1,1,0,0,0
org.odpi.openmetadata.adapters.connectors.integration.openapis,org.odpi.openmetadata.frameworks.openmetadata.properties.assets.apis,1,1,0,1,0,0,0,0,1,0,0,0,0,0
org.odpi.openmetadata.adapters.connectors.integration.openapis,org.odpi.openmetadata.frameworks.openmetadata.properties.connections,1,1,0,1,0,0,0,0,1,2,2,0,0,0
org.odpi.openmetadata.adapters.connectors.integration.openapis,org.odpi.openmetadata.frameworks.openmetadata.properties.assets,1,0,0,0,0,0,0,0,0,1,1,0,0,0
org.odpi.openmetadata.adapters.connectors.integration.openapis,org.odpi.openmetadata.frameworks.openmetadata.properties,0,0,0,9,0,0,0,0,0,0,0,0,0,0
org.odpi.openmetadata.adapters.connectors.integration.openapis,org.odpi.openmetadata.frameworks.openmetadata.events,3,0,1,3,0,0,1,0,0,2,0,0,0,0
org.odpi.openmetadata.adapters.connectors.integration.openapis,org.odpi.openmetadata.frameworks.openmetadata.connectorcontext,3,3,0,21,0,0,0,0,0,0,0,0,0,0
org.odpi.openmetadata.adapters.connectors.integration.openapis,org.odpi.openmetadata.frameworks.openmetadata.metadataelements,1,5,5,12,0,0,0,0,0,4,0,0,0,0
org.odpi.openmetadata.adapters.connectors.integration.openapis,org.odpi.openmetadata.frameworks.connectors.properties.beans,1,1,0,3,0,0,0,0,0,0,0,0,0,0
org.odpi.openmetadata.adapters.connectors.integration.openapis,org.odpi.openmetadata.frameworks.connectors.ffdc,1,0,0,1,0,2,0,0,1,0,0,0,0,0
org.odpi.openmetadata.adapters.connectors.integration.openapis,org.odpi.openmetadata.frameworks.integration.context,1,1,0,0,0,0,0,0,0,1,0,0,0,0
org.odpi.openmetadata.adapters.connectors.integration.openapis,org.odpi.openmetadata.adapters.connectors.restclients,1,1,0,10,0,0,0,0,0,2,0,0,0,0
org.odpi.openmetadata.adapters.connectors.integration.openapis,org.odpi.openmetadata.adapters.connectors.restclients.spring,1,4,0,0,0,0,0,0,0,0,4,0,0,0
org.odpi.openmetadata.adapters.connectors.integration.openapis,org.odpi.openmetadata.adapters.connectors.restclients.factory,1,2,0,4,0,0,0,0,2,0,0,0,0,0
org.odpi.openmetadata.adapters.connectors.integration.openapis,org.odpi.openmetadata.adapters.connectors.integration.openapis.properties,3,2,5,20,0,0,0,0,0,3,0,0,0,0
org.odpi.openmetadata.adapters.connectors.integration.openapis,org.odpi.openmetadata.adapters.connectors.integration.openapis.ffdc,3,0,0,0,0,0,0,0,0,34,0,0,0,0
org.odpi.openmetadata.adapters.connectors.integration.openapis,org.odpi.openmetadata.frameworks.openmetadata.refdata,1,0,0,0,0,0,0,0,0,2,0,0,0,0
org.odpi.openmetadata.adapters.connectors.integration.openapis,org.odpi.openmetadata.adapters.connectors,1,0,0,0,0,0,0,0,0,2,0,0,0,0
org.odpi.openmetadata.viewservices.lineagelinker.server,org.odpi.openmetadata.frameworks.openmetadata.handlers,7,3,1,4,2,0,0,0,0,2,0,0,0,0
org.odpi.openmetadata.viewservices.lineagelinker.server,org.odpi.openmetadata.frameworks.openmetadata.ffdc,5,0,0,0,0,5,0,0,0,0,0,0,0,0
org.odpi.openmetadata.viewservices.lineagelinker.server,org.odpi.openmetadata.frameworks.auditlog,2,3,1,0,0,0,0,0,0,3,0,0,0,0
org.odpi.openmetadata.viewservices.lineagelinker.server,org.odpi.openmetadata.commonservices.multitenant,3,1,0,12,0,0,0,2,1,1,0,0,0,0
org.odpi.openmetadata.viewservices.lineagelinker.server,org.odpi.openmetadata.adminservices.configuration.properties,1,0,0,0,0,0,0,0,0,0,0,0,0,0
org.odpi.openmetadata.viewservices.lineagelinker.server,org.odpi.openmetadata.adminservices.configuration.registration,5,3,0,4,0,0,0,0,1,8,0,0,0,0
org.odpi.openmetadata.viewservices.lineagelinker.server,org.odpi.openmetadata.adminservices.registration,1,0,0,1,0,0,0,0,0,1,0,0,0,0
org.odpi.openmetadata.viewservices.lineagelinker.server,org.odpi.openmetadata.frameworks.openmetadata.properties.lineage,1,0,0,0,0,0,0,0,0,2,2,0,0,0
org.odpi.openmetadata.viewservices.lineagelinker.server,org.odpi.openmetadata.viewservices.lineagelinker.admin,1,0,0,0,0,0,0,0,0,1,0,0,0,0
org.odpi.openmetadata.viewservices.lineagelinker.server,org.odpi.openmetadata.tokencontroller,1,0,0,3,0,0,0,1,0,3,0,0,0,0
org.odpi.openmetadata.viewservices.lineagelinker.server,org.odpi.openmetadata.commonservices.ffdc.rest,0,3,3,8,3,0,0,0,3,0,0,0,0,0
org.odpi.openmetadata.viewservices.lineagelinker.server,org.odpi.openmetadata.commonservices.ffdc,3,5,0,18,0,0,0,0,2,0,0,0,0,0
org.odpi.openmetadata.frameworks.openmetadata.properties.softwarecapabilities,org.odpi.openmetadata.frameworks.openmetadata.types,43,0,0,0,0,0,0,0,0,96,0,0,0,0
org.odpi.openmetadata.frameworks.openmetadata.properties.softwarecapabilities,org.odpi.openmetadata.frameworks.openmetadata.properties,6,0,0,28,0,0,0,6,0,70,0,0,0,0
org.odpi.openmetadata.frameworks.openmetadata.properties.softwarecapabilities,org.odpi.openmetadata.frameworks.openmetadata.enums,1,1,1,0,1,0,0,0,0,3,0,0,0,0
org.odpi.openmetadata.accessservices.itinfrastructure.samples.assetdeploy,org.odpi.openmetadata.adminservices.configuration.registration,2,0,0,0,0,0,0,0,0,4,0,0,0,0
org.odpi.openmetadata.accessservices.itinfrastructure.samples.assetdeploy,org.odpi.openmetadata.http,1,0,0,1,0,0,0,0,0,1,0,0,0,0
org.odpi.openmetadata.accessservices.itinfrastructure.samples.assetdeploy,org.odpi.openmetadata.frameworks.openmetadata.properties,0,0,0,5,0,0,0,0,0,0,0,0,0,0
org.odpi.openmetadata.accessservices.itinfrastructure.samples.assetdeploy,org.odpi.openmetadata.frameworks.openmetadata.handlers,1,1,0,1,0,0,0,0,1,0,0,0,0,0
org.odpi.openmetadata.accessservices.itinfrastructure.samples.assetdeploy,org.odpi.openmetadata.frameworks.openmetadata.properties.connections,1,1,0,2,0,0,0,0,1,0,0,0,0,0
org.odpi.openmetadata.accessservices.itinfrastructure.samples.assetdeploy,org.odpi.openmetadata.frameworks.openmetadata.properties.assets.infrastructure,2,2,0,2,0,0,0,0,2,0,0,0,0,0
org.odpi.openmetadata.accessservices.itinfrastructure.samples.assetdeploy,org.odpi.openmetadata.platformservices.client,1,1,0,2,0,0,0,0,1,0,0,0,0,0
org.odpi.openmetadata.accessservices.itinfrastructure.samples.assetdeploy,org.odpi.openmetadata.frameworks.openmetadata.types,1,0,0,0,0,0,0,0,0,2,0,0,0,0
org.odpi.openmetadata.opentypes,org.odpi.openmetadata.repositoryservices.connectors.stores.archivestore.properties,75,38,1,3,36,0,0,0,0,74,0,0,0,0
org.odpi.openmetadata.opentypes,org.odpi.openmetadata.repositoryservices.connectors.stores.metadatacollectionstore.properties.typedefs,9,617,307,752,646,0,0,0,0,1932,6,0,0,0
org.odpi.openmetadata.opentypes,org.odpi.openmetadata.repositoryservices.ffdc.exception,36,0,0,36,0,0,0,0,36,0,0,0,0,0
org.odpi.openmetadata.opentypes,org.odpi.openmetadata.repositoryservices.ffdc,36,0,0,0,0,0,0,0,0,72,0,0,0,0
org.odpi.openmetadata.opentypes,org.odpi.openmetadata.repositoryservices.archiveutilities,75,74,37,3736,0,0,0,1,111,149,0,0,0,0
org.odpi.openmetadata.opentypes,org.odpi.openmetadata.frameworks.openmetadata.enums,5,26,0,240,0,0,0,0,0,163,0,0,0,0
org.odpi.openmetadata.opentypes,org.odpi.openmetadata.frameworks.openmetadata.types,52,0,0,0,0,0,0,0,0,4954,0,0,0,0
org.odpi.openmetadata.opentypes,org.odpi.openmetadata.frameworks.openmetadata.refdata,2,2,0,8,0,0,0,0,0,2,0,0,0,0
org.odpi.openmetadata.opentypes,org.odpi.openmetadata.repositoryservices.connectors.stores.metadatacollectionstore.properties.instances,1,1,0,5,1,0,0,0,1,2,0,0,0,0
org.odpi.openmetadata.opentypes,org.odpi.openmetadata.repositoryservices.connectors.stores.metadatacollectionstore.properties,0,0,0,1,0,0,0,0,0,0,0,0,0,0
org.odpi.openmetadata.adapters.connectors.egeriainfrastructure.control,org.odpi.openmetadata.frameworks.openmetadata.specificationproperties,6,4,8,24,4,0,0,0,4,8,0,0,0,0
org.odpi.openmetadata.adapters.connectors.egeriainfrastructure.control,org.odpi.openmetadata.frameworks.openmetadata.refdata,1,0,0,0,0,0,0,0,0,10,0,0,0,0
org.odpi.openmetadata.adapters.connectors.egeriainfrastructure.control,org.odpi.openmetadata.adapters.connectors.controls,2,0,0,0,0,0,0,0,0,16,0,0,0,0
org.odpi.openmetadata.adapters.connectors.egeriainfrastructure.control,org.odpi.openmetadata.frameworks.openmetadata.controls,3,0,0,0,0,0,0,0,0,114,0,0,0,0
org.odpi.openmetadata.adapters.connectors.egeriainfrastructure.control,org.odpi.openmetadata.frameworks.opensurvey.controls,1,0,0,0,0,0,0,0,0,4,0,0,0,0
org.odpi.openmetadata.adapters.connectors.egeriainfrastructure.control,org.odpi.openmetadata.frameworks.openmetadata.types,1,0,0,0,0,0,0,0,0,8,0,0,0,0
org.odpi.openmetadata.adapters.connectors.egeriainfrastructure.control,org.odpi.openmetadata.frameworks.opensurvey.measurements,2,1,1,2,0,0,0,0,0,1,0,0,0,0
org.odpi.openmetadata.adapters.connectors.egeriainfrastructure.control,org.odpi.openmetadata.frameworks.connectors,0,0,0,10,0,0,0,0,0,0,0,0,0,0
org.odpi.openmetadata.adapters.connectors.egeriainfrastructure.control,org.odpi.openmetadata.frameworks.connectors.controls,1,0,0,0,0,0,0,0,0,10,0,0,0,0
org.odpi.openmetadata.adapters.connectors.egeriainfrastructure.control,org.odpi.openmetadata.frameworks.connectors.properties.beans,0,0,0,10,0,0,0,0,0,0,0,0,0,0
org.odpi.openmetadata.adapters.connectors.egeriainfrastructure.control,org.odpi.openmetadata.adapters.connectors.egeriainfrastructure.platform,1,0,0,1,0,0,0,0,1,0,0,0,0,0
org.odpi.openmetadata.adapters.connectors.egeriainfrastructure.control,org.odpi.openmetadata.adapters.connectors.egeriainfrastructure.servers,4,0,0,4,0,0,0,0,4,0,0,0,0,0
org.odpi.openmetadata.adapters.connectors.egeriainfrastructure.control,org.odpi.openmetadata.frameworks.integration.controls,1,1,1,5,1,0,0,0,1,1,0,0,0,0
org.odpi.openmetadata.adapters.connectors.egeriainfrastructure.control,org.odpi.openmetadata.frameworks.openmetadata.definitions,1,2,2,3,2,0,0,0,0,2,0,0,0,0
org.odpi.openmetadata.adapters.connectors.egeriainfrastructure.control,org.odpi.openmetadata.adapters.connectors.secretsstore.yaml,1,0,0,5,0,0,0,0,5,0,0,0,0,0
org.odpi.openmetadata.frameworks.opengovernance.properties,org.odpi.openmetadata.frameworks.openmetadata.properties.assets.processes,1,0,0,9,0,0,0,1,0,3,0,0,0,0
org.odpi.openmetadata.frameworks.opengovernance.properties,org.odpi.openmetadata.frameworks.openmetadata.properties,6,3,3,36,3,0,0,3,0,12,0,0,0,0
org.odpi.openmetadata.frameworks.opengovernance.properties,org.odpi.openmetadata.frameworks.openmetadata.metadataelements,14,15,16,7,15,0,0,0,0,20,0,0,0,0
org.odpi.openmetadata.frameworks.opengovernance.properties,org.odpi.openmetadata.frameworks.openmetadata.properties.assets.processes.connectors,5,1,2,12,1,0,0,3,0,11,0,0,0,0
org.odpi.openmetadata.frameworks.opengovernance.properties,org.odpi.openmetadata.frameworks.openmetadata.specificationproperties,5,1,7,2,0,0,0,0,1,7,0,0,0,0
org.odpi.openmetadata.frameworks.opengovernance.properties,org.odpi.openmetadata.frameworks.openmetadata.enums,4,4,4,0,4,0,0,0,0,25,0,0,0,0
org.odpi.openmetadata.frameworks.opengovernance.properties,org.odpi.openmetadata.frameworks.openmetadata.properties.softwarecapabilities,2,2,2,0,2,0,0,0,0,2,0,0,0,0
org.odpi.openmetadata.frameworks.opengovernance.properties,org.odpi.openmetadata.frameworks.openmetadata.types,1,0,0,0,0,0,0,0,0,2,0,0,0,0
org.odpi.openmetadata.frameworks.opengovernance.properties,org.odpi.openmetadata.frameworks.connectors.properties.beans,2,2,2,0,2,0,0,0,0,2,0,0,0,0
org.odpi.openmetadata.repositoryservices.clients,org.odpi.openmetadata.repositoryservices.rest.properties,4,179,35,792,15,0,0,0,100,51,0,0,0,0
org.odpi.openmetadata.repositoryservices.clients,org.odpi.openmetadata.adapters.connectors.restclients.factory,3,6,0,12,0,0,0,0,6,0,0,0,0,0
org.odpi.openmetadata.repositoryservices.clients,org.odpi.openmetadata.adapters.connectors.restclients,3,3,0,11,6,0,0,0,0,6,0,0,0,0
org.odpi.openmetadata.repositoryservices.clients,org.odpi.openmetadata.frameworks.openmetadata.ffdc,9,0,0,15,0,217,0,0,15,6,0,0,0,0
org.odpi.openmetadata.repositoryservices.clients,org.odpi.openmetadata.repositoryservices.ffdc,4,0,0,0,0,0,0,0,0,46,0,0,0,0
org.odpi.openmetadata.repositoryservices.clients,org.odpi.openmetadata.repositoryservices.ffdc.exception,2,0,0,45,0,426,0,0,45,24,0,0,0,0
org.odpi.openmetadata.repositoryservices.clients,org.odpi.openmetadata.frameworks.auditlog,10,3,14,9,3,0,3,0,0,3,0,0,0,0
org.odpi.openmetadata.repositoryservices.clients,org.odpi.openmetadata.repositoryservices.connectors.omrstopic,2,1,1,2,0,0,0,0,0,2,2,0,0,0
org.odpi.openmetadata.repositoryservices.clients,org.odpi.openmetadata.commonservices.ffdc,3,3,0,19,0,0,0,0,3,0,0,0,0,0
org.odpi.openmetadata.repositoryservices.clients,org.odpi.openmetadata.repositoryservices.auditlog,1,0,0,0,1,0,0,0,0,0,0,0,0,0
org.odpi.openmetadata.repositoryservices.clients,org.odpi.openmetadata.repositoryservices.connectors.stores.metadatacollectionstore.properties.instances,0,1,42,5,37,0,0,0,1,0,0,0,0,0
org.odpi.openmetadata.repositoryservices.clients,org.odpi.openmetadata.repositoryservices.connectors.stores.metadatacollectionstore.properties,3,0,15,0,0,0,0,0,0,0,0,0,0,0
org.odpi.openmetadata.repositoryservices.clients,org.odpi.openmetadata.repositoryservices.connectors.stores.metadatacollectionstore.properties.search,3,0,4,0,0,0,0,0,0,0,0,0,0,0
org.odpi.openmetadata.repositoryservices.clients,org.odpi.openmetadata.repositoryservices.connectors.stores.metadatacollectionstore.properties.typedefs,0,1,13,4,10,0,0,0,1,0,0,0,0,0
org.odpi.openmetadata.repositoryservices.clients,org.odpi.openmetadata.frameworks.connectors,7,2,0,3,0,0,0,0,1,0,0,0,0,0
org.odpi.openmetadata.repositoryservices.clients,org.odpi.openmetadata.frameworks.connectors.controls,3,0,0,0,0,0,0,0,0,6,0,0,0,0
org.odpi.openmetadata.repositoryservices.clients,org.odpi.openmetadata.frameworks.connectors.properties.beans,1,1,0,2,0,0,0,0,0,0,0,0,0,0
org.odpi.openmetadata.repositoryservices.clients,org.odpi.openmetadata.frameworks.connectors.ffdc,2,0,0,2,0,3,0,0,2,0,0,0,0,0
org.odpi.openmetadata.repositoryservices.clients,org.odpi.openmetadata.frameworks.auditlog.messagesets,1,0,0,0,0,0,0,0,0,0,0,0,0,0
org.odpi.openmetadata.repositoryservices.clients,org.odpi.openmetadata.repositoryservices.connectors.stores.cohortregistrystore.properties,1,0,0,0,1,0,0,0,0,0,0,0,0,0
org.odpi.openmetadata.repositoryservices.clients,org.odpi.openmetadata.repositoryservices.properties,1,0,0,0,0,0,0,0,0,0,0,0,0,0
org.odpi.openmetadata.commonservices.generichandlers,org.odpi.openmetadata.frameworks.openmetadata.ffdc,41,0,0,40,0,463,0,0,40,0,0,0,0,0
org.odpi.openmetadata.commonservices.generichandlers,org.odpi.openmetadata.commonservices.ffdc,10,1,10,158,0,0,0,0,0,1,0,0,0,0
org.odpi.openmetadata.commonservices.generichandlers,org.odpi.openmetadata.repositoryservices.connectors.stores.metadatacollectionstore.properties.instances,25,307,207,985,49,0,0,0,15,327,11,0,0,0
org.odpi.openmetadata.commonservices.generichandlers,org.odpi.openmetadata.frameworks.openmetadata.types,36,0,0,0,0,0,0,0,0,1266,0,0,0,0
org.odpi.openmetadata.commonservices.generichandlers,org.odpi.openmetadata.repositoryservices.connectors.stores.metadatacollectionstore.repositoryconnector,25,3,43,117,1,0,0,0,0,3,0,0,0,0
org.odpi.openmetadata.commonservices.generichandlers,org.odpi.openmetadata.repositoryservices.connectors.stores.metadatacollectionstore.utilities,0,0,0,169,0,0,0,0,0,0,0,0,0,0
org.odpi.openmetadata.commonservices.generichandlers,org.odpi.openmetadata.repositoryservices.ffdc.exception,8,0,0,0,0,0,0,0,0,0,0,0,0,0
org.odpi.openmetadata.commonservices.generichandlers,org.odpi.openmetadata.frameworks.auditlog,10,1,10,24,0,0,0,0,0,1,0,0,0,0
org.odpi.openmetadata.commonservices.generichandlers,org.odpi.openmetadata.repositoryservices.connectors.stores.metadatacollectionstore.properties,10,0,22,0,0,0,0,0,0,172,0,0,0,0
org.odpi.openmetadata.commonservices.generichandlers,org.odpi.openmetadata.repositoryservices.connectors.stores.metadatacollectionstore.properties.search,0,9,10,27,1,0,0,0,7,10,0,0,0,0
org.odpi.openmetadata.commonservices.generichandlers,org.odpi.openmetadata.commonservices.repositoryhandler,15,18,10,210,1,0,0,0,19,5,0,0,0,0
org.odpi.openmetadata.commonservices.generichandlers,org.odpi.openmetadata.repositoryservices.connectors.stores.metadatacollectionstore.properties.typedefs,15,5,4,13,1,0,0,0,0,51,0,0,0,0
org.odpi.openmetadata.commonservices.generichandlers,org.odpi.openmetadata.metadataobservability.ffdc,2,0,0,0,0,0,0,0,0,20,0,0,0,0
org.odpi.openmetadata.commonservices.generichandlers,org.odpi.openmetadata.metadatasecurity.server,10,1,11,44,0,0,0,0,1,2,0,0,0,0
org.odpi.openmetadata.commonservices.generichandlers,org.odpi.openmetadata.commonservices.generichandlers.ffdc,9,0,0,0,0,0,0,0,0,96,0,0,0,0
org.odpi.openmetadata.commonservices.generichandlers,org.odpi.openmetadata.frameworks.openmetadata.metadataelements,2,5,3,42,3,0,0,0,5,0,3,0,0,0
org.odpi.openmetadata.commonservices.generichandlers,org.odpi.openmetadata.frameworks.openmetadata.enums,6,5,0,12,4,0,0,0,0,56,0,0,0,0
org.odpi.openmetadata.commonservices.generichandlers,org.odpi.openmetadata.frameworks.connectors.properties.beans,7,7,2,58,5,0,0,0,5,1,1,0,0,0
org.odpi.openmetadata.commonservices.generichandlers,org.odpi.openmetadata.frameworks.openmetadata.properties,4,8,5,23,0,0,0,0,5,5,0,0,0,0
org.odpi.openmetadata.commonservices.generichandlers,org.odpi.openmetadata.frameworks.openmetadata.mapper,3,0,0,0,0,0,0,0,0,8,0,0,0,0
org.odpi.openmetadata.commonservices.generichandlers,org.odpi.openmetadata.frameworks.openmetadata.search,2,7,0,29,3,0,0,0,7,36,0,0,0,0
org.odpi.openmetadata.frameworks.openmetadata.properties.assets.processes.actions,org.odpi.openmetadata.frameworks.openmetadata.types,12,0,0,0,0,0,0,0,0,34,0,0,0,0
org.odpi.openmetadata.frameworks.openmetadata.properties.assets.processes.actions,org.odpi.openmetadata.frameworks.openmetadata.properties,3,0,0,11,0,0,0,3,0,25,0,0,0,0
org.odpi.openmetadata.frameworks.openmetadata.properties.assets.processes.actions,org.odpi.openmetadata.frameworks.openmetadata.properties.governance.governanceactions,1,0,0,0,0,0,0,0,0,1,0,0,0,0
org.odpi.openmetadata.frameworks.openmetadata.properties.assets.processes.actions,org.odpi.openmetadata.frameworks.openmetadata.properties.surveyreports,1,0,0,0,0,0,0,0,0,1,0,0,0,0
org.odpi.openmetadata.frameworks.openmetadata.properties.assets.processes.actions,org.odpi.openmetadata.frameworks.openmetadata.properties.assets.analytics,1,0,0,0,0,0,0,0,0,1,0,0,0,0
org.odpi.openmetadata.frameworks.openmetadata.properties.assets.processes.actions,org.odpi.openmetadata.frameworks.openmetadata.properties.assets.processes,1,0,0,5,0,0,0,1,0,4,0,0,0,0
org.odpi.openmetadata.frameworks.openmetadata.properties.assets.processes.actions,org.odpi.openmetadata.frameworks.openmetadata.enums,1,1,1,0,1,0,0,0,0,3,0,0,0,0
org.odpi.openmetadata.viewservices.solutionarchitect.server,org.odpi.openmetadata.viewservices.solutionarchitect.admin,1,0,0,0,0,0,0,0,0,1,0,0,0,0
org.odpi.openmetadata.viewservices.solutionarchitect.server,org.odpi.openmetadata.frameworkservices.omf.rest,1,1,0,2,1,0,0,0,1,0,0,0,0,0
org.odpi.openmetadata.viewservices.solutionarchitect.server,org.odpi.openmetadata.adminservices.configuration.registration,5,3,0,6,0,0,0,0,1,8,0,0,0,0
org.odpi.openmetadata.viewservices.solutionarchitect.server,org.odpi.openmetadata.adminservices.registration,1,0,0,1,0,0,0,0,0,1,0,0,0,0
org.odpi.openmetadata.viewservices.solutionarchitect.server,org.odpi.openmetadata.frameworkservices.omf.client,1,0,0,1,0,0,0,0,1,0,0,0,0,0
org.odpi.openmetadata.viewservices.solutionarchitect.server,org.odpi.openmetadata.frameworks.auditlog,2,36,1,0,0,0,0,0,0,36,0,0,0,0
org.odpi.openmetadata.viewservices.solutionarchitect.server,org.odpi.openmetadata.commonservices.ffdc.rest,0,35,36,103,35,0,0,0,35,0,0,0,0,0
org.odpi.openmetadata.viewservices.solutionarchitect.server,org.odpi.openmetadata.commonservices.ffdc,3,38,0,171,0,0,0,0,2,0,0,0,0,0
org.odpi.openmetadata.viewservices.solutionarchitect.server,org.odpi.openmetadata.commonservices.multitenant,2,0,0,79,0,0,0,2,0,0,0,0,0,0
org.odpi.openmetadata.viewservices.solutionarchitect.server,org.odpi.openmetadata.frameworks.openmetadata.handlers,3,40,0,57,8,0,0,0,4,4,0,0,0,0
org.odpi.openmetadata.viewservices.solutionarchitect.server,org.odpi.openmetadata.frameworks.openmetadata.client,1,1,0,0,0,0,0,0,0,0,0,0,0,0
org.odpi.openmetadata.viewservices.solutionarchitect.server,org.odpi.openmetadata.tokencontroller,1,0,0,36,0,0,0,1,0,36,0,0,0,0
org.odpi.openmetadata.viewservices.solutionarchitect.server,org.odpi.openmetadata.frameworks.openmetadata.ffdc,4,0,0,0,0,13,0,0,0,0,0,0,0,0
org.odpi.openmetadata.viewservices.solutionarchitect.server,org.odpi.openmetadata.frameworks.openmetadata.properties.solutions,0,0,0,0,0,0,0,0,0,8,8,0,0,0
org.odpi.openmetadata.viewservices.solutionarchitect.server,org.odpi.openmetadata.frameworks.openmetadata.properties.informationsupplychains,2,0,0,0,0,0,0,0,0,3,3,0,0,0
org.odpi.openmetadata.viewservices.solutionarchitect.server,org.odpi.openmetadata.frameworks.openmetadata.types,1,0,0,0,0,0,0,0,0,2,0,0,0,0
org.odpi.openmetadata.viewservices.solutionarchitect.server,org.odpi.openmetadata.frameworks.openmetadata.properties.collections,1,0,0,0,0,0,0,0,0,2,2,0,0,0
org.odpi.openmetadata.frameworks.openmetadata.properties.assets.filesandfolders,org.odpi.openmetadata.frameworks.openmetadata.properties,6,0,0,19,0,0,0,6,0,69,0,0,0,0
org.odpi.openmetadata.frameworks.openmetadata.properties.assets.filesandfolders,org.odpi.openmetadata.frameworks.openmetadata.types,35,0,0,0,0,0,0,0,0,110,0,0,0,0
org.odpi.openmetadata.frameworks.openmetadata.properties.assets.filesandfolders,org.odpi.openmetadata.frameworks.openmetadata.properties.assets,6,0,0,27,0,0,0,6,0,22,0,0,0,0
org.odpi.openmetadata.adapters.connectors.externalharvesters.harvestopenmetadata,org.odpi.openmetadata.frameworks.openmetadata.properties.governance,3,0,0,0,0,0,0,0,0,0,0,0,0,0
org.odpi.openmetadata.adapters.connectors.externalharvesters.harvestopenmetadata,org.odpi.openmetadata.frameworks.openmetadata.properties.externalidentifiers,2,0,0,0,0,0,0,0,0,0,0,0,0,0
org.odpi.openmetadata.adapters.connectors.externalharvesters.harvestopenmetadata,org.odpi.openmetadata.frameworks.openmetadata.properties.glossaries,2,0,0,0,0,0,0,0,0,0,0,0,0,0
org.odpi.openmetadata.adapters.connectors.externalharvesters.harvestopenmetadata,org.odpi.openmetadata.frameworks.openmetadata.properties.assets.processes.connectors,0,0,0,2,0,0,0,0,0,0,0,0,0,0
org.odpi.openmetadata.adapters.connectors.externalharvesters.harvestopenmetadata,org.odpi.openmetadata.frameworks.openmetadata.properties.assets,2,0,0,0,0,0,0,0,0,0,1,0,0,0
org.odpi.openmetadata.adapters.connectors.externalharvesters.harvestopenmetadata,org.odpi.openmetadata.frameworks.openmetadata.types,2,0,0,0,0,0,0,0,0,54,0,0,0,0
org.odpi.openmetadata.adapters.connectors.externalharvesters.harvestopenmetadata,org.odpi.openmetadata.frameworks.openmetadata.search,1,1,1,41,0,0,0,0,0,0,1,0,0,0
org.odpi.openmetadata.adapters.connectors.externalharvesters.harvestopenmetadata,org.odpi.openmetadata.frameworks.openmetadata.properties.security,1,0,0,0,0,0,0,0,0,0,0,0,0,0
org.odpi.openmetadata.adapters.connectors.externalharvesters.harvestopenmetadata,org.odpi.openmetadata.frameworks.openmetadata.properties.schema,2,0,0,0,0,0,0,0,0,0,0,0,0,0
org.odpi.openmetadata.adapters.connectors.externalharvesters.harvestopenmetadata,org.odpi.openmetadata.adapters.connectors.externalharvesters.harvestopenmetadata.ffdc,3,0,0,0,0,0,0,0,0,28,0,0,0,0
org.odpi.openmetadata.adapters.connectors.externalharvesters.harvestopenmetadata,org.odpi.openmetadata.adapters.connectors.externalharvesters.harvestopenmetadata.schema,2,0,0,1,0,0,0,0,0,1,0,0,0,0
org.odpi.openmetadata.adapters.connectors.externalharvesters.harvestopenmetadata,org.odpi.openmetadata.adapters.connectors.resource.jdbc.properties,1,0,0,0,0,0,0,0,0,0,0,0,0,0
org.odpi.openmetadata.adapters.connectors.externalharvesters.harvestopenmetadata,org.odpi.openmetadata.adapters.connectors.resource.jdbc.ddl.postgres,1,1,0,2,0,0,0,0,1,0,0,0,0,0
org.odpi.openmetadata.adapters.connectors.externalharvesters.harvestopenmetadata,org.odpi.openmetadata.adapters.connectors.resource.jdbc.controls,1,0,0,0,0,0,0,0,0,2,0,0,0,0
org.odpi.openmetadata.adapters.connectors.externalharvesters.harvestopenmetadata,org.odpi.openmetadata.adapters.connectors.resource.jdbc,1,1,1,4,0,0,0,0,0,0,1,0,0,0
org.odpi.openmetadata.adapters.connectors.externalharvesters.harvestopenmetadata,org.odpi.openmetadata.adapters.connectors.postgres.controls,1,0,0,0,0,0,0,0,0,2,0,0,0,0
org.odpi.openmetadata.adapters.connectors.externalharvesters.harvestopenmetadata,org.odpi.openmetadata.frameworks.connectors.ffdc,2,0,0,3,0,4,0,0,3,0,0,0,0,0
org.odpi.openmetadata.adapters.connectors.externalharvesters.harvestopenmetadata,org.odpi.openmetadata.frameworks.opengovernance.properties,2,0,2,0,0,0,0,0,0,0,0,0,0,0
org.odpi.openmetadata.adapters.connectors.externalharvesters.harvestopenmetadata,org.odpi.openmetadata.frameworks.connectors,2,0,2,2,0,0,0,0,0,1,0,0,0,0
org.odpi.openmetadata.adapters.connectors.externalharvesters.harvestopenmetadata,org.odpi.openmetadata.frameworks.integration.properties,1,0,0,1,1,0,0,0,0,2,0,0,0,0
org.odpi.openmetadata.adapters.connectors.externalharvesters.harvestopenmetadata,org.odpi.openmetadata.frameworks.integration.connectors,3,0,0,4,0,0,0,3,0,37,0,0,0,0
org.odpi.openmetadata.adapters.connectors.externalharvesters.harvestopenmetadata,org.odpi.openmetadata.frameworks.integration.context,2,0,2,0,0,0,0,0,0,0,0,0,0,0
org.odpi.openmetadata.adapters.connectors.externalharvesters.harvestopenmetadata,org.odpi.openmetadata.frameworks.openmetadata.metadataelements,0,2,4,25,0,0,0,0,0,2,0,0,0,0
org.odpi.openmetadata.adapters.connectors.externalharvesters.harvestopenmetadata,org.odpi.openmetadata.frameworks.openmetadata.ffdc,1,0,0,0,0,1,0,0,0,0,0,0,0,0
org.odpi.openmetadata.adapters.connectors.externalharvesters.harvestopenmetadata,org.odpi.openmetadata.frameworks.openmetadata.connectorcontext,0,3,0,57,0,0,0,0,0,1,0,0,0,0
org.odpi.openmetadata.adapters.connectors.externalharvesters.harvestopenmetadata,org.odpi.openmetadata.frameworks.auditlog,3,1,1,17,0,0,0,0,1,2,0,0,0,0
org.odpi.openmetadata.adapters.connectors.externalharvesters.harvestopenmetadata,org.odpi.openmetadata.frameworks.connectors.properties.beans,1,1,0,6,0,0,0,0,1,1,0,0,0,0
org.odpi.openmetadata.adapters.connectors.externalharvesters.harvestopenmetadata,org.odpi.openmetadata.frameworks.openmetadata.properties,0,25,8,42,2,0,0,0,0,10,0,0,0,0
org.odpi.openmetadata.viewservices.metadataexpert.server,org.odpi.openmetadata.adminservices.configuration.registration,5,3,0,4,0,0,0,0,1,8,0,0,0,0
org.odpi.openmetadata.viewservices.metadataexpert.server,org.odpi.openmetadata.frameworks.openmetadata.client,3,33,0,34,2,0,0,0,0,0,0,0,0,0
org.odpi.openmetadata.viewservices.metadataexpert.server,org.odpi.openmetadata.commonservices.multitenant,3,1,0,76,0,0,0,2,1,1,0,0,0,0
org.odpi.openmetadata.viewservices.metadataexpert.server,org.odpi.openmetadata.adminservices.configuration.properties,1,0,0,0,0,0,0,0,0,0,0,0,0,0
org.odpi.openmetadata.viewservices.metadataexpert.server,org.odpi.openmetadata.frameworks.auditlog,2,35,1,0,0,0,0,0,0,35,0,0,0,0
org.odpi.openmetadata.viewservices.metadataexpert.server,org.odpi.openmetadata.commonservices.ffdc.rest,0,18,13,27,18,0,0,0,18,0,0,0,0,0
org.odpi.openmetadata.viewservices.metadataexpert.server,org.odpi.openmetadata.commonservices.ffdc,3,37,0,164,0,0,0,0,2,0,0,0,0,0
org.odpi.openmetadata.viewservices.metadataexpert.server,org.odpi.openmetadata.frameworks.openmetadata.ffdc,5,0,0,0,0,5,0,0,0,0,0,0,0,0
org.odpi.openmetadata.viewservices.metadataexpert.server,org.odpi.openmetadata.tokencontroller,1,0,0,35,0,0,0,1,0,35,0,0,0,0
org.odpi.openmetadata.viewservices.metadataexpert.server,org.odpi.openmetadata.viewservices.metadataexpert.rest,2,2,0,4,2,0,0,0,2,0,0,0,0,0
org.odpi.openmetadata.viewservices.metadataexpert.server,org.odpi.openmetadata.frameworkservices.omf.rest,0,15,20,67,15,0,0,0,15,0,0,0,0,0
org.odpi.openmetadata.viewservices.metadataexpert.server,org.odpi.openmetadata.frameworkservices.omf.client,1,0,1,0,0,0,0,0,0,2,0,0,0,0
org.odpi.openmetadata.viewservices.metadataexpert.server,org.odpi.openmetadata.viewservices.metadataexpert.admin,1,0,0,0,0,0,0,0,0,1,0,0,0,0
org.odpi.openmetadata.viewservices.metadataexpert.server,org.odpi.openmetadata.adminservices.registration,1,0,0,1,0,0,0,0,0,1,0,0,0,0
org.odpi.openmetadata.viewservices.metadataexpert.server,org.odpi.openmetadata.frameworks.openmetadata.search,2,0,0,0,0,0,0,0,0,2,0,0,0,0
org.odpi.openmetadata.utilities.serverconfig,org.odpi.openmetadata.platformservices.client,1,1,0,2,0,0,0,0,1,0,0,0,0,0
org.odpi.openmetadata.utilities.serverconfig,org.odpi.openmetadata.repositoryservices.connectors.stores.auditlogstore,1,0,0,0,0,0,0,0,0,4,0,0,0,0
org.odpi.openmetadata.utilities.serverconfig,org.odpi.openmetadata.http,1,0,0,1,0,0,0,0,0,1,0,0,0,0
org.odpi.openmetadata.utilities.serverconfig,org.odpi.openmetadata.frameworks.auditlog,1,1,1,1,0,0,0,0,0,10,0,0,0,0
org.odpi.openmetadata.utilities.serverconfig,org.odpi.openmetadata.frameworks.connectors.properties.beans,2,7,3,19,0,0,0,0,4,2,0,0,0,0
org.odpi.openmetadata.utilities.serverconfig,org.odpi.openmetadata.frameworks.openmetadata.ffdc,2,0,0,0,0,4,0,0,0,0,0,0,0,0
org.odpi.openmetadata.utilities.serverconfig,org.odpi.openmetadata.adminservices.ffdc.exception,1,0,0,0,0,2,0,0,0,0,0,0,0,0
org.odpi.openmetadata.utilities.serverconfig,org.odpi.openmetadata.adminservices.configuration.properties,0,0,0,4,0,0,0,0,0,0,0,0,0,0
org.odpi.openmetadata.utilities.serverconfig,org.odpi.openmetadata.adminservices.client,4,7,3,48,0,0,0,0,7,0,0,0,0,0
org.odpi.openmetadata.frameworks.openmetadata.properties.collections,org.odpi.openmetadata.frameworks.openmetadata.enums,1,1,1,0,1,0,0,0,0,1,0,0,0,0
org.odpi.openmetadata.frameworks.openmetadata.properties.collections,org.odpi.openmetadata.frameworks.openmetadata.types,19,0,0,0,0,0,0,0,0,64,0,0,0,0
org.odpi.openmetadata.frameworks.openmetadata.properties.collections,org.odpi.openmetadata.frameworks.openmetadata.properties,7,0,0,15,0,0,0,3,0,39,0,0,0,0
org.odpi.openmetadata.frameworks.openmetadata.properties.collections,org.odpi.openmetadata.frameworks.openmetadata.properties.security,2,0,0,0,0,0,0,0,0,1,0,0,0,0
org.odpi.openmetadata.frameworks.openmetadata.properties.collections,org.odpi.openmetadata.frameworks.openmetadata.properties.informationsupplychains,2,0,0,0,0,0,0,0,0,1,0,0,0,0
org.odpi.openmetadata.frameworks.openmetadata.properties.collections,org.odpi.openmetadata.frameworks.openmetadata.properties.governance,2,0,0,0,0,0,0,0,0,1,0,0,0,0
org.odpi.openmetadata.frameworks.openmetadata.properties.collections,org.odpi.openmetadata.frameworks.openmetadata.properties.glossaries,4,0,0,0,0,0,0,0,0,3,0,0,0,0
org.odpi.openmetadata.frameworks.openmetadata.properties.collections,org.odpi.openmetadata.frameworks.openmetadata.properties.digitalbusiness,4,0,0,0,0,0,0,0,0,5,0,0,0,0
org.odpi.openmetadata.frameworks.openmetadata.properties.collections,org.odpi.openmetadata.frameworks.openmetadata.properties.designmodels,2,0,0,0,0,0,0,0,0,1,0,0,0,0
org.odpi.openmetadata.frameworks.openmetadata.properties.collections,org.odpi.openmetadata.frameworks.openmetadata.properties.datadictionaries,4,0,0,0,0,0,0,0,0,2,0,0,0,0
org.odpi.openmetadata.frameworks.openmetadata.properties.collections,org.odpi.openmetadata.frameworks.openmetadata.properties.assets.reports,1,0,0,0,0,0,0,0,0,0,0,0,0,0
org.odpi.openmetadata.viewservices.devopspipeline.admin,org.odpi.openmetadata.viewservices.devopspipeline.server,1,1,0,1,0,0,0,0,1,1,0,0,0,0
org.odpi.openmetadata.viewservices.devopspipeline.admin,org.odpi.openmetadata.viewservices.devopspipeline.ffdc,1,0,0,0,0,0,0,0,0,10,0,0,0,0
org.odpi.openmetadata.viewservices.devopspipeline.admin,org.odpi.openmetadata.frameworks.auditlog,1,1,1,5,0,0,0,0,0,1,0,0,0,0
org.odpi.openmetadata.viewservices.devopspipeline.admin,org.odpi.openmetadata.commonservices.multitenant,0,0,0,1,0,0,0,0,0,0,0,0,0,0
org.odpi.openmetadata.viewservices.devopspipeline.admin,org.odpi.openmetadata.adminservices.configuration.properties,1,0,1,7,0,0,0,0,0,0,0,0,0,0
org.odpi.openmetadata.viewservices.devopspipeline.admin,org.odpi.openmetadata.adminservices.ffdc.exception,1,0,0,0,0,1,0,0,0,0,0,0,0,0
org.odpi.openmetadata.viewservices.devopspipeline.admin,org.odpi.openmetadata.adminservices.configuration.registration,1,0,0,0,0,0,0,0,0,2,0,0,0,0
org.odpi.openmetadata.viewservices.devopspipeline.admin,org.odpi.openmetadata.adminservices.registration,1,0,0,1,0,0,0,1,0,1,0,0,0,0
org.odpi.openmetadata.frameworks.openmetadata.properties.assets,org.odpi.openmetadata.frameworks.openmetadata.properties.assets.reports,4,0,0,0,0,0,0,0,0,3,0,0,0,0
org.odpi.openmetadata.frameworks.openmetadata.properties.assets,org.odpi.openmetadata.frameworks.openmetadata.properties.assets.metadatarepositories,3,0,0,0,0,0,0,0,0,3,0,0,0,0
org.odpi.openmetadata.frameworks.openmetadata.properties.assets,org.odpi.openmetadata.frameworks.openmetadata.properties.assets.filesandfolders,6,0,0,0,0,0,0,0,0,6,0,0,0,0
org.odpi.openmetadata.frameworks.openmetadata.properties.assets,org.odpi.openmetadata.frameworks.openmetadata.properties.assets.databases,3,0,0,0,0,0,0,0,0,3,0,0,0,0
org.odpi.openmetadata.frameworks.openmetadata.properties.assets,org.odpi.openmetadata.frameworks.openmetadata.properties,7,0,0,30,0,0,0,6,0,43,0,0,0,0
org.odpi.openmetadata.frameworks.openmetadata.properties.assets,org.odpi.openmetadata.frameworks.openmetadata.types,13,0,0,0,0,0,0,0,0,38,0,0,0,0
org.odpi.openmetadata.frameworks.openmetadata.properties.assets,org.odpi.openmetadata.frameworks.openmetadata.enums,2,2,2,0,2,0,0,0,0,6,0,0,0,0
org.odpi.openmetadata.frameworks.openmetadata.properties.assets,org.odpi.openmetadata.frameworks.openmetadata.properties.assets.referencedata,2,0,0,0,0,0,0,0,0,2,0,0,0,0
org.odpi.openmetadata.frameworks.openmetadata.properties.assets,org.odpi.openmetadata.frameworks.openmetadata.properties.assets.processes,1,0,0,0,0,0,0,0,0,1,0,0,0,0
org.odpi.openmetadata.frameworks.openmetadata.properties.assets,org.odpi.openmetadata.frameworks.openmetadata.properties.assets.infrastructure,1,0,0,0,0,0,0,0,0,1,0,0,0,0
org.odpi.openmetadata.frameworks.openmetadata.properties.assets,org.odpi.openmetadata.frameworks.openmetadata.properties.assets.topics,1,0,0,0,0,0,0,0,0,1,0,0,0,0
org.odpi.openmetadata.frameworks.openmetadata.properties.governance.governanceactions,org.odpi.openmetadata.frameworks.openmetadata.properties,4,0,0,16,0,0,0,4,0,25,0,0,0,0
org.odpi.openmetadata.frameworks.openmetadata.properties.governance.governanceactions,org.odpi.openmetadata.frameworks.openmetadata.types,9,0,0,0,0,0,0,0,0,18,0,0,0,0
org.odpi.openmetadata.frameworks.openmetadata.properties.governance.governanceactions,org.odpi.openmetadata.frameworks.openmetadata.properties.governance,1,0,0,5,0,0,0,1,0,2,0,0,0,0
org.odpi.openmetadata.frameworks.openmetadata.properties.governance.governanceactions,org.odpi.openmetadata.frameworks.openmetadata.properties.assets.processes.actions,1,0,0,3,0,0,0,1,0,2,0,0,0,0
org.odpi.openmetadata.adapters.connectors.integration.jdbc.transfer.requests,org.odpi.openmetadata.adapters.connectors.integration.jdbc.ffdc,45,0,0,0,0,0,0,0,0,45,0,0,0,0
org.odpi.openmetadata.adapters.connectors.integration.jdbc.transfer.requests,org.odpi.openmetadata.frameworks.openmetadata.search,8,3,0,19,0,0,0,0,8,0,0,0,0,0
org.odpi.openmetadata.adapters.connectors.integration.jdbc.transfer.requests,org.odpi.openmetadata.frameworks.auditlog,48,48,48,45,0,0,0,0,0,48,0,0,0,0
org.odpi.openmetadata.adapters.connectors.integration.jdbc.transfer.requests,org.odpi.openmetadata.frameworks.openmetadata.types,3,0,0,0,0,0,0,0,0,18,0,0,0,0
org.odpi.openmetadata.adapters.connectors.integration.jdbc.transfer.requests,org.odpi.openmetadata.frameworks.openmetadata.connectorcontext,38,48,34,85,0,0,0,0,0,44,0,0,0,0
org.odpi.openmetadata.adapters.connectors.integration.jdbc.transfer.requests,org.odpi.openmetadata.frameworks.openmetadata.ffdc,93,0,0,0,0,0,0,0,0,0,0,0,0,0
org.odpi.openmetadata.adapters.connectors.integration.jdbc.transfer.requests,org.odpi.openmetadata.frameworks.openmetadata.properties.schema.databases,8,0,12,0,0,0,0,0,0,0,0,0,0,0
org.odpi.openmetadata.adapters.connectors.integration.jdbc.transfer.requests,org.odpi.openmetadata.frameworks.openmetadata.properties.schema,6,1,7,0,0,0,0,0,0,1,0,0,0,0
org.odpi.openmetadata.adapters.connectors.integration.jdbc.transfer.requests,org.odpi.openmetadata.frameworks.openmetadata.properties.assets.databases,6,0,8,0,0,0,0,0,0,0,0,0,0,0
org.odpi.openmetadata.adapters.connectors.integration.jdbc.transfer.requests,org.odpi.openmetadata.frameworks.openmetadata.properties,0,0,0,11,0,0,0,0,0,0,0,0,0,0
org.odpi.openmetadata.adapters.connectors.integration.jdbc.transfer.requests,org.odpi.openmetadata.frameworks.openmetadata.metadataelements,15,5,15,21,0,0,0,0,0,2,0,0,0,0
org.odpi.openmetadata.adapters.connectors.integration.jdbc.transfer.requests,org.odpi.openmetadata.frameworks.integration.context,5,4,5,0,0,0,0,0,0,4,0,0,0,0
org.odpi.openmetadata.adapters.connectors.integration.jdbc.transfer.requests,org.odpi.openmetadata.frameworks.openmetadata.properties.connections,3,0,3,0,0,0,0,0,0,0,0,0,0,0
org.odpi.openmetadata.adapters.connectors.integration.jdbc.transfer.requests,org.odpi.openmetadata.adapters.connectors.integration.jdbc.transfer.model,8,0,0,0,0,0,0,0,0,0,0,0,0,0
org.odpi.openmetadata.adapters.connectors.integration.jdbc.transfer.requests,org.odpi.openmetadata.adapters.connectors.integration.jdbc.transfer,15,15,15,14,0,0,0,0,0,15,0,0,0,0
org.odpi.openmetadata.contentpacks.core.egeria,org.odpi.openmetadata.adapters.connectors.egeriainfrastructure.platform,1,0,0,0,0,0,0,0,0,0,0,0,0,0
org.odpi.openmetadata.contentpacks.core.egeria,org.odpi.openmetadata.contentpacks.core.core,1,0,0,1,0,0,0,0,1,0,0,0,0,0
org.odpi.openmetadata.contentpacks.core.egeria,org.odpi.openmetadata.contentpacks.core.base,1,0,0,13,0,0,0,1,0,9,0,0,0,0
org.odpi.openmetadata.contentpacks.core.egeria,org.odpi.openmetadata.adminservices.configuration.registration,0,5,0,27,0,0,0,0,0,5,0,0,0,0
org.odpi.openmetadata.contentpacks.core.egeria,org.odpi.openmetadata.contentpacks.core,3,1,0,2,0,0,0,0,0,33,0,0,0,0
org.odpi.openmetadata.contentpacks.core.egeria,org.odpi.openmetadata.adapters.connectors.egeriainfrastructure.control,1,1,0,22,0,0,0,0,0,1,0,0,0,0
org.odpi.openmetadata.contentpacks.core.egeria,org.odpi.openmetadata.samples.archiveutilities,0,0,0,16,0,0,0,0,0,15,0,0,0,0
org.odpi.openmetadata.contentpacks.core.egeria,org.odpi.openmetadata.frameworks.connectors.controls,1,0,0,0,0,0,0,0,0,0,0,0,0,0
org.odpi.openmetadata.contentpacks.core.egeria,org.odpi.openmetadata.frameworks.auditlog,1,0,0,0,0,0,0,0,0,10,0,0,0,0
org.odpi.openmetadata.contentpacks.core.egeria,org.odpi.openmetadata.frameworks.openmetadata.definitions,2,1,0,1,2,0,0,0,1,0,0,0,0,0
org.odpi.openmetadata.contentpacks.core.egeria,org.odpi.openmetadata.frameworks.openmetadata.controls,1,0,0,0,0,0,0,0,0,0,0,0,0,0
org.odpi.openmetadata.contentpacks.core.egeria,org.odpi.openmetadata.frameworks.openmetadata.types,1,0,0,0,0,0,0,0,0,10,0,0,0,0
org.odpi.openmetadata.contentpacks.core.egeria,org.odpi.openmetadata.frameworks.openmetadata.refdata,2,0,0,0,0,0,0,0,0,28,0,0,0,0
org.odpi.openmetadata.contentpacks.core.egeria,org.odpi.openmetadata.repositoryservices.connectors.stores.archivestore.properties,1,0,0,1,0,0,0,0,1,0,0,0,0,0
org.odpi.openmetadata.contentpacks.core.egeria,org.odpi.openmetadata.repositoryservices.connectors.stores.metadatacollectionstore.properties.instances,1,0,0,0,0,0,0,0,0,0,0,0,0,0
org.odpi.openmetadata.contentpacks.core.egeria,org.odpi.openmetadata.adapters.connectors,1,0,0,0,0,0,0,0,0,2,0,0,0,0
org.odpi.openmetadata.contentpacks.core.egeria,org.odpi.openmetadata.adapters.connectors.secretsstore.yaml,1,0,0,0,0,0,0,0,0,0,0,0,0,0
org.odpi.openmetadata.contentpacks.core.egeria,org.odpi.openmetadata.adapters.connectors.controls,1,0,0,0,0,0,0,0,0,6,0,0,0,0
org.odpi.openmetadata.conformance.client,org.odpi.openmetadata.frameworks.auditlog,3,1,4,3,0,0,0,0,1,0,0,0,0,0
org.odpi.openmetadata.conformance.client,org.odpi.openmetadata.frameworks.auditlog.messagesets,1,2,0,6,0,0,0,0,0,0,0,0,0,0
org.odpi.openmetadata.conformance.client,org.odpi.openmetadata.frameworks.connectors,2,0,0,0,0,0,0,0,0,0,0,0,0,0
org.odpi.openmetadata.conformance.client,org.odpi.openmetadata.frameworks.connectors.controls,1,0,0,0,0,0,0,0,0,2,0,0,0,0
org.odpi.openmetadata.conformance.client,org.odpi.openmetadata.conformance.rest,1,5,3,22,6,0,0,0,0,6,0,0,0,0
org.odpi.openmetadata.conformance.client,org.odpi.openmetadata.frameworks.openmetadata.ffdc,6,0,0,8,0,18,0,0,8,3,0,0,0,0
org.odpi.openmetadata.conformance.client,org.odpi.openmetadata.adapters.connectors.restclients.ffdc.exceptions,4,0,0,2,0,10,0,0,2,0,0,0,0,0
org.odpi.openmetadata.conformance.client,org.odpi.openmetadata.adapters.connectors.restclients.factory,1,2,0,4,0,0,0,0,2,0,0,0,0,0
org.odpi.openmetadata.conformance.client,org.odpi.openmetadata.adapters.connectors.restclients,1,1,0,6,0,0,0,0,0,2,0,0,0,0
org.odpi.openmetadata.conformance.client,org.odpi.openmetadata.conformance.ffdc,1,2,0,2,0,0,0,0,0,4,0,0,0,0
org.odpi.openmetadata.conformance.client,org.odpi.openmetadata.conformance.beans,0,4,0,3,3,0,0,0,0,0,0,0,0,0
org.odpi.openmetadata.conformance.client,org.odpi.openmetadata.http,1,0,0,1,0,0,0,0,0,1,0,0,0,0
org.odpi.openmetadata.adapters.connectors.unitycatalog.survey,org.odpi.openmetadata.frameworks.openmetadata.ffdc,6,0,0,0,0,9,0,0,0,0,0,0,0,0
org.odpi.openmetadata.adapters.connectors.unitycatalog.survey,org.odpi.openmetadata.frameworks.opensurvey.measurements,5,2,0,9,0,0,0,0,2,32,0,0,0,0
org.odpi.openmetadata.adapters.connectors.unitycatalog.survey,org.odpi.openmetadata.frameworks.opensurvey,8,3,0,65,0,0,0,5,0,44,0,0,0,0
org.odpi.openmetadata.adapters.connectors.unitycatalog.survey,org.odpi.openmetadata.frameworks.opensurvey.controls,17,0,1,9,0,0,0,0,4,109,0,0,0,0
org.odpi.openmetadata.adapters.connectors.unitycatalog.survey,org.odpi.openmetadata.frameworks.openmetadata.types,4,0,0,0,0,0,0,0,0,8,0,0,0,0
org.odpi.openmetadata.adapters.connectors.unitycatalog.survey,org.odpi.openmetadata.frameworks.connectors.ffdc,4,0,0,5,0,7,0,0,5,0,0,0,0,0
org.odpi.openmetadata.adapters.connectors.unitycatalog.survey,org.odpi.openmetadata.frameworks.connectors.properties.beans,0,0,0,6,0,0,0,0,0,0,0,0,0,0
org.odpi.openmetadata.adapters.connectors.unitycatalog.survey,org.odpi.openmetadata.frameworks.openmetadata.properties.surveyreports,8,8,0,14,1,0,0,0,4,15,0,0,0,0
org.odpi.openmetadata.adapters.connectors.unitycatalog.survey,org.odpi.openmetadata.frameworks.connectors,0,0,0,0,0,0,0,0,0,6,0,0,0,0
org.odpi.openmetadata.adapters.connectors.unitycatalog.survey,org.odpi.openmetadata.frameworks.connectors.controls,4,0,0,4,0,0,0,0,0,4,0,0,0,0
org.odpi.openmetadata.adapters.connectors.unitycatalog.survey,org.odpi.openmetadata.frameworks.openmetadata.definitions,4,0,0,4,0,0,0,0,4,0,0,0,0,0
org.odpi.openmetadata.adapters.connectors.unitycatalog.survey,org.odpi.openmetadata.adapters.connectors.controls,5,0,0,0,0,0,0,0,0,20,0,0,0,0
org.odpi.openmetadata.adapters.connectors.unitycatalog.survey,org.odpi.openmetadata.adapters.connectors,4,0,0,0,0,0,0,0,0,8,0,0,0,0
org.odpi.openmetadata.adapters.connectors.unitycatalog.survey,org.odpi.openmetadata.adapters.connectors.unitycatalog.controls,16,0,0,9,0,0,0,0,0,71,0,0,0,0
org.odpi.openmetadata.adapters.connectors.unitycatalog.survey,org.odpi.openmetadata.adapters.connectors.surveyaction.controls,1,0,0,1,0,0,0,0,0,1,0,0,0,0
org.odpi.openmetadata.adapters.connectors.unitycatalog.survey,org.odpi.openmetadata.adapters.connectors.unitycatalog.resource,3,3,0,15,0,0,0,0,0,3,3,0,0,0
org.odpi.openmetadata.adapters.connectors.unitycatalog.survey,org.odpi.openmetadata.adapters.connectors.unitycatalog.properties,0,18,15,160,0,0,0,0,0,15,0,0,0,0
org.odpi.openmetadata.adapters.connectors.unitycatalog.survey,org.odpi.openmetadata.frameworks.opengovernance,0,0,0,0,0,0,0,0,0,1,0,0,0,0
org.odpi.openmetadata.adapters.connectors.unitycatalog.survey,org.odpi.openmetadata.adapters.connectors.unitycatalog.ffdc,4,0,0,0,0,0,0,0,0,10,0,0,0,0
org.odpi.openmetadata.adapters.connectors.unitycatalog.survey,org.odpi.openmetadata.frameworks.openmetadata.refdata,1,0,0,0,0,0,0,0,0,2,0,0,0,0
org.odpi.openmetadata.adapters.connectors.unitycatalog.survey,org.odpi.openmetadata.frameworks.openmetadata.specificationproperties,1,1,0,5,0,0,0,0,1,0,0,0,0,0
org.odpi.openmetadata.frameworkservices.gaf.client.rest,org.odpi.openmetadata.frameworks.openmetadata.ffdc,3,0,0,0,0,34,0,0,0,0,0,0,0,0
org.odpi.openmetadata.frameworkservices.gaf.client.rest,org.odpi.openmetadata.frameworks.auditlog,1,0,1,0,0,0,0,0,0,0,0,0,0,0
org.odpi.openmetadata.frameworkservices.gaf.client.rest,org.odpi.openmetadata.commonservices.ffdc.rest,1,1,0,0,1,0,0,0,0,12,0,0,0,0
org.odpi.openmetadata.frameworkservices.gaf.client.rest,org.odpi.openmetadata.commonservices.ffdc,0,0,0,11,0,0,0,0,0,0,0,0,0,0
org.odpi.openmetadata.frameworkservices.gaf.client.rest,org.odpi.openmetadata.frameworkservices.gaf.rest,0,10,0,0,10,0,0,0,0,10,0,0,0,0
org.odpi.openmetadata.frameworkservices.gaf.client.rest,org.odpi.openmetadata.frameworkservices.ocf.metadatamanagement.client,1,0,0,1,0,0,0,1,0,0,0,0,0,0
org.odpi.openmetadata.adapters.connectors.surveyaction.surveyfile,org.odpi.openmetadata.frameworks.connectors.ffdc,1,0,0,0,0,2,0,0,0,0,0,0,0,0
org.odpi.openmetadata.adapters.connectors.surveyaction.surveyfile,org.odpi.openmetadata.frameworks.openmetadata.ffdc,1,0,0,0,0,1,0,0,0,0,0,0,0,0
org.odpi.openmetadata.adapters.connectors.surveyaction.surveyfile,org.odpi.openmetadata.frameworks.openmetadata.connectorcontext,0,0,0,1,0,0,0,0,0,0,0,0,0,0
org.odpi.openmetadata.adapters.connectors.surveyaction.surveyfile,org.odpi.openmetadata.frameworks.openmetadata.definitions,1,0,0,1,0,0,0,0,1,0,0,0,0,0
org.odpi.openmetadata.adapters.connectors.surveyaction.surveyfile,org.odpi.openmetadata.frameworks.opensurvey.controls,3,0,0,3,0,0,0,0,1,8,0,0,0,0
org.odpi.openmetadata.adapters.connectors.surveyaction.surveyfile,org.odpi.openmetadata.frameworks.opensurvey,3,1,0,9,0,0,0,2,0,14,0,0,0,0
org.odpi.openmetadata.adapters.connectors.surveyaction.surveyfile,org.odpi.openmetadata.frameworks.openmetadata.specificationproperties,1,1,0,5,0,0,0,0,1,0,0,0,0,0
org.odpi.openmetadata.adapters.connectors.surveyaction.surveyfile,org.odpi.openmetadata.frameworks.openmetadata.refdata,1,0,0,0,0,0,0,0,0,6,0,0,0,0
org.odpi.openmetadata.adapters.connectors.surveyaction.surveyfile,org.odpi.openmetadata.adapters.connectors.surveyaction.extractors,1,1,0,2,0,0,0,0,1,0,0,0,0,0
org.odpi.openmetadata.adapters.connectors.surveyaction.surveyfile,org.odpi.openmetadata.adapters.connectors.datastore.basicfile,1,1,0,1,0,0,0,0,0,1,1,0,0,0
org.odpi.openmetadata.adapters.connectors.surveyaction.surveyfile,org.odpi.openmetadata.frameworks.openmetadata.types,1,0,0,0,0,0,0,0,0,2,0,0,0,0
org.odpi.openmetadata.adapters.connectors.surveyaction.surveyfile,org.odpi.openmetadata.frameworks.openmetadata.properties.surveyreports,1,1,0,0,0,0,0,0,0,0,0,0,0,0
org.odpi.openmetadata.adapters.connectors.surveyaction.surveyfile,org.odpi.openmetadata.frameworks.opengovernance,0,0,0,0,0,0,0,0,0,1,0,0,0,0
org.odpi.openmetadata.adapters.connectors.surveyaction.surveyfile,org.odpi.openmetadata.frameworks.connectors.controls,1,0,0,1,0,0,0,0,0,1,0,0,0,0
org.odpi.openmetadata.adapters.connectors.surveyaction.surveyfile,org.odpi.openmetadata.adapters.connectors,1,0,0,0,0,0,0,0,0,2,0,0,0,0
org.odpi.openmetadata.viewservices.dataofficer.admin,org.odpi.openmetadata.frameworks.auditlog,1,1,1,5,0,0,0,0,0,1,0,0,0,0
org.odpi.openmetadata.viewservices.dataofficer.admin,org.odpi.openmetadata.commonservices.multitenant,0,0,0,1,0,0,0,0,0,0,0,0,0,0
org.odpi.openmetadata.viewservices.dataofficer.admin,org.odpi.openmetadata.adminservices.registration,1,0,0,1,0,0,0,1,0,1,0,0,0,0
org.odpi.openmetadata.viewservices.dataofficer.admin,org.odpi.openmetadata.adminservices.ffdc.exception,1,0,0,0,0,1,0,0,0,0,0,0,0,0
org.odpi.openmetadata.viewservices.dataofficer.admin,org.odpi.openmetadata.adminservices.configuration.properties,1,0,1,7,0,0,0,0,0,0,0,0,0,0
org.odpi.openmetadata.viewservices.dataofficer.admin,org.odpi.openmetadata.adminservices.configuration.registration,1,0,0,0,0,0,0,0,0,2,0,0,0,0
org.odpi.openmetadata.viewservices.dataofficer.admin,org.odpi.openmetadata.viewservices.dataofficer.server,1,1,0,1,0,0,0,0,1,1,0,0,0,0
org.odpi.openmetadata.viewservices.dataofficer.admin,org.odpi.openmetadata.viewservices.dataofficer.ffdc,1,0,0,0,0,0,0,0,0,10,0,0,0,0
org.odpi.openmetadata.viewservices.actionauthor.server,org.odpi.openmetadata.commonservices.multitenant,2,0,0,22,0,0,0,2,0,0,0,0,0,0
org.odpi.openmetadata.viewservices.actionauthor.server,org.odpi.openmetadata.frameworks.auditlog,2,9,1,0,0,0,0,0,0,9,0,0,0,0
org.odpi.openmetadata.viewservices.actionauthor.server,org.odpi.openmetadata.commonservices.ffdc,3,11,0,45,0,0,0,0,2,0,0,0,0,0
org.odpi.openmetadata.viewservices.actionauthor.server,org.odpi.openmetadata.commonservices.ffdc.rest,0,9,9,17,9,0,0,0,9,0,0,0,0,0
org.odpi.openmetadata.viewservices.actionauthor.server,org.odpi.openmetadata.frameworks.openmetadata.handlers,3,10,0,15,2,0,0,0,1,1,0,0,0,0
org.odpi.openmetadata.viewservices.actionauthor.server,org.odpi.openmetadata.frameworks.openmetadata.ffdc,4,0,0,0,0,4,0,0,0,0,0,0,0,0
org.odpi.openmetadata.viewservices.actionauthor.server,org.odpi.openmetadata.adminservices.configuration.registration,5,3,0,3,0,0,0,0,1,8,0,0,0,0
org.odpi.openmetadata.viewservices.actionauthor.server,org.odpi.openmetadata.frameworkservices.omf.client,1,0,0,1,0,0,0,0,1,0,0,0,0,0
org.odpi.openmetadata.viewservices.actionauthor.server,org.odpi.openmetadata.frameworks.openmetadata.client,1,1,0,0,0,0,0,0,0,0,0,0,0,0
org.odpi.openmetadata.viewservices.actionauthor.server,org.odpi.openmetadata.frameworks.openmetadata.properties.governance.governanceactions,4,0,0,0,0,0,0,0,0,5,5,0,0,0
org.odpi.openmetadata.viewservices.actionauthor.server,org.odpi.openmetadata.viewservices.actionauthor.admin,1,0,0,0,0,0,0,0,0,1,0,0,0,0
org.odpi.openmetadata.viewservices.actionauthor.server,org.odpi.openmetadata.adminservices.registration,1,0,0,1,0,0,0,0,0,1,0,0,0,0
org.odpi.openmetadata.viewservices.actionauthor.server,org.odpi.openmetadata.tokencontroller,1,0,0,9,0,0,0,1,0,9,0,0,0,0
org.odpi.openmetadata.frameworks.openmetadata.properties.actors,org.odpi.openmetadata.frameworks.openmetadata.properties,13,0,0,66,0,0,0,13,0,93,0,0,0,0
org.odpi.openmetadata.frameworks.openmetadata.properties.actors,org.odpi.openmetadata.frameworks.openmetadata.types,38,0,0,0,0,0,0,0,0,110,0,0,0,0
org.odpi.openmetadata.frameworks.openmetadata.properties.actors,org.odpi.openmetadata.frameworks.openmetadata.properties.projects,1,0,0,0,0,0,0,0,0,1,0,0,0,0
org.odpi.openmetadata.frameworks.openmetadata.properties.actors,org.odpi.openmetadata.frameworks.openmetadata.enums,1,1,1,0,1,0,0,0,0,1,0,0,0,0
org.odpi.openmetadata.frameworks.openmetadata.properties.actors,org.odpi.openmetadata.frameworks.openmetadata.properties.communities,2,0,0,0,0,0,0,0,0,2,0,0,0,0
org.odpi.openmetadata.viewservices.communitymatters.server,org.odpi.openmetadata.frameworks.openmetadata.ffdc,4,0,0,0,0,4,0,0,0,0,0,0,0,0
org.odpi.openmetadata.viewservices.communitymatters.server,org.odpi.openmetadata.frameworks.openmetadata.handlers,3,8,0,9,2,0,0,0,1,1,0,0,0,0
org.odpi.openmetadata.viewservices.communitymatters.server,org.odpi.openmetadata.frameworks.openmetadata.client,1,1,0,0,0,0,0,0,0,0,0,0,0,0
org.odpi.openmetadata.viewservices.communitymatters.server,org.odpi.openmetadata.commonservices.multitenant,2,0,0,18,0,0,0,2,0,0,0,0,0,0
org.odpi.openmetadata.viewservices.communitymatters.server,org.odpi.openmetadata.frameworks.auditlog,2,7,1,0,0,0,0,0,0,7,0,0,0,0
org.odpi.openmetadata.viewservices.communitymatters.server,org.odpi.openmetadata.adminservices.configuration.registration,5,3,0,3,0,0,0,0,1,8,0,0,0,0
org.odpi.openmetadata.viewservices.communitymatters.server,org.odpi.openmetadata.frameworks.openmetadata.properties.communities,1,0,0,0,0,0,0,0,0,2,2,0,0,0
org.odpi.openmetadata.viewservices.communitymatters.server,org.odpi.openmetadata.viewservices.communitymatters.admin,1,0,0,0,0,0,0,0,0,1,0,0,0,0
org.odpi.openmetadata.viewservices.communitymatters.server,org.odpi.openmetadata.adminservices.registration,1,0,0,1,0,0,0,0,0,1,0,0,0,0
org.odpi.openmetadata.viewservices.communitymatters.server,org.odpi.openmetadata.tokencontroller,1,0,0,7,0,0,0,1,0,7,0,0,0,0
org.odpi.openmetadata.viewservices.communitymatters.server,org.odpi.openmetadata.commonservices.ffdc.rest,0,7,7,25,7,0,0,0,7,0,0,0,0,0
org.odpi.openmetadata.viewservices.communitymatters.server,org.odpi.openmetadata.commonservices.ffdc,3,9,0,36,0,0,0,0,2,0,0,0,0,0
org.odpi.openmetadata.viewservices.communitymatters.server,org.odpi.openmetadata.frameworkservices.omf.client,1,0,0,1,0,0,0,0,1,0,0,0,0,0
org.odpi.openmetadata.repositoryservices.metadatahighway,org.odpi.openmetadata.metadatasecurity,2,0,2,0,0,0,0,0,0,0,0,0,0,0
org.odpi.openmetadata.repositoryservices.metadatahighway,org.odpi.openmetadata.frameworks.auditlog,2,2,2,13,0,0,0,0,0,2,0,0,0,0
org.odpi.openmetadata.repositoryservices.metadatahighway,org.odpi.openmetadata.frameworks.connectors,2,4,0,7,0,0,0,0,2,0,0,0,0,0
org.odpi.openmetadata.repositoryservices.metadatahighway,org.odpi.openmetadata.frameworks.connectors.ffdc,1,0,0,0,0,0,0,0,0,0,0,0,0,0
org.odpi.openmetadata.repositoryservices.metadatahighway,org.odpi.openmetadata.frameworks.connectors.properties.beans,2,3,5,0,0,0,0,0,0,3,0,0,0,0
org.odpi.openmetadata.repositoryservices.metadatahighway,org.odpi.openmetadata.frameworks.openmetadata.ffdc,2,0,0,0,0,2,0,0,0,0,0,0,0,0
org.odpi.openmetadata.repositoryservices.metadatahighway,org.odpi.openmetadata.repositoryservices.ffdc.exception,3,0,0,10,0,0,0,0,10,0,0,0,0,0
org.odpi.openmetadata.repositoryservices.metadatahighway,org.odpi.openmetadata.repositoryservices.properties,4,2,1,6,4,0,0,0,1,21,0,0,0,0
org.odpi.openmetadata.repositoryservices.metadatahighway,org.odpi.openmetadata.repositoryservices.ffdc,4,0,0,0,0,0,0,0,0,32,0,0,0,0
org.odpi.openmetadata.repositoryservices.metadatahighway,org.odpi.openmetadata.repositoryservices.events,1,0,0,0,0,0,0,0,0,2,0,0,0,0
org.odpi.openmetadata.repositoryservices.metadatahighway,org.odpi.openmetadata.repositoryservices.auditlog,2,0,0,0,0,0,0,0,0,14,0,0,0,0
org.odpi.openmetadata.repositoryservices.metadatahighway,org.odpi.openmetadata.repositoryservices.connectors.omrstopic,2,8,8,7,1,0,0,0,0,10,1,0,0,0
org.odpi.openmetadata.repositoryservices.metadatahighway,org.odpi.openmetadata.repositoryservices.connectors.stores.cohortregistrystore,2,1,1,0,1,0,0,0,0,0,1,0,0,0
org.odpi.openmetadata.repositoryservices.metadatahighway,org.odpi.openmetadata.repositoryservices.connectors.stores.cohortregistrystore.properties,2,1,0,1,3,0,0,0,0,0,0,0,0,0
org.odpi.openmetadata.repositoryservices.metadatahighway,org.odpi.openmetadata.repositoryservices.enterprise.connectormanager,2,1,2,0,0,0,0,0,0,1,0,0,0,0
org.odpi.openmetadata.repositoryservices.metadatahighway,org.odpi.openmetadata.repositoryservices.metadatahighway.cohortregistry,1,1,0,9,0,0,0,0,1,1,0,0,0,0
org.odpi.openmetadata.repositoryservices.metadatahighway,org.odpi.openmetadata.repositoryservices.localrepository.repositorycontentmanager,3,1,2,1,0,0,0,0,1,1,0,0,0,0
org.odpi.openmetadata.repositoryservices.metadatahighway,org.odpi.openmetadata.repositoryservices.eventmanagement,1,7,1,12,0,0,0,0,6,2,0,0,0,0
org.odpi.openmetadata.repositoryservices.metadatahighway,org.odpi.openmetadata.repositoryservices.localrepository,2,1,2,7,0,0,0,0,0,1,0,0,0,0
org.odpi.openmetadata.repositoryservices.metadatahighway,org.odpi.openmetadata.adminservices.configuration.properties,2,1,2,27,0,0,0,0,0,2,0,0,0,0
org.odpi.openmetadata.repositoryservices.enterprise.repositoryconnector.accumulators,org.odpi.openmetadata.repositoryservices.connectors.stores.metadatacollectionstore.properties.typedefs,3,3,7,11,1,0,0,0,1,4,0,0,0,0
org.odpi.openmetadata.repositoryservices.enterprise.repositoryconnector.accumulators,org.odpi.openmetadata.repositoryservices.connectors.stores.metadatacollectionstore,3,0,3,0,0,0,0,0,0,0,0,0,0,0
org.odpi.openmetadata.repositoryservices.enterprise.repositoryconnector.accumulators,org.odpi.openmetadata.repositoryservices.connectors.stores.metadatacollectionstore.properties.instances,13,27,27,55,2,0,0,0,3,28,0,0,0,0
org.odpi.openmetadata.repositoryservices.enterprise.repositoryconnector.accumulators,org.odpi.openmetadata.repositoryservices.connectors.stores.metadatacollectionstore.repositoryconnector,9,1,9,0,0,0,0,0,0,1,0,0,0,0
org.odpi.openmetadata.repositoryservices.enterprise.repositoryconnector.accumulators,org.odpi.openmetadata.frameworks.openmetadata.ffdc,6,2,4,0,0,2,0,0,0,4,0,0,0,0
org.odpi.openmetadata.repositoryservices.enterprise.repositoryconnector.accumulators,org.odpi.openmetadata.frameworks.auditlog,14,1,14,2,0,0,0,0,0,1,0,0,0,0
org.odpi.openmetadata.repositoryservices.enterprise.repositoryconnector.accumulators,org.odpi.openmetadata.repositoryservices.enterprise.repositoryconnector,4,0,8,4,0,0,0,0,0,0,0,0,0,0
org.odpi.openmetadata.repositoryservices.enterprise.repositoryconnector.accumulators,org.odpi.openmetadata.repositoryservices.ffdc.exception,0,16,24,1,0,17,0,0,1,24,0,0,0,0
org.odpi.openmetadata.repositoryservices.enterprise.repositoryconnector.accumulators,org.odpi.openmetadata.repositoryservices.ffdc,3,0,0,0,0,0,0,0,0,6,0,0,0,0
org.odpi.openmetadata.frameworkservices.omf.server,org.odpi.openmetadata.frameworks.openmetadata.search,4,3,4,287,0,0,0,0,2,8,0,0,0,0
org.odpi.openmetadata.frameworkservices.omf.server,org.odpi.openmetadata.frameworks.openmetadata.types,2,0,0,0,0,0,0,0,0,38,0,0,0,0
org.odpi.openmetadata.frameworkservices.omf.server,org.odpi.openmetadata.commonservices.multitenant,2,0,0,65,0,0,0,2,0,11,0,0,0,0
org.odpi.openmetadata.frameworkservices.omf.server,org.odpi.openmetadata.frameworks.openmetadata.properties.translations,1,0,1,0,0,0,0,0,0,0,0,0,0,0
org.odpi.openmetadata.frameworkservices.omf.server,org.odpi.openmetadata.adminservices.configuration.registration,5,3,0,2,0,0,0,0,1,8,0,0,0,0
org.odpi.openmetadata.frameworkservices.omf.server,org.odpi.openmetadata.repositoryservices.connectors.stores.metadatacollectionstore.properties,2,3,0,0,0,0,0,0,0,22,0,0,0,0
org.odpi.openmetadata.frameworkservices.omf.server,org.odpi.openmetadata.repositoryservices.connectors.stores.metadatacollectionstore.properties.instances,0,13,10,18,0,0,0,0,3,12,0,0,0,0
org.odpi.openmetadata.frameworkservices.omf.server,org.odpi.openmetadata.repositoryservices.connectors.stores.metadatacollectionstore.properties.search,0,21,5,37,2,0,0,0,11,25,0,0,0,0
org.odpi.openmetadata.frameworkservices.omf.server,org.odpi.openmetadata.repositoryservices.connectors.stores.metadatacollectionstore.properties.typedefs,0,11,6,45,0,0,0,0,0,29,3,0,0,0
org.odpi.openmetadata.frameworkservices.omf.server,org.odpi.openmetadata.repositoryservices.connectors.stores.metadatacollectionstore.repositoryconnector,2,9,2,13,0,0,0,0,0,0,0,0,0,0
org.odpi.openmetadata.frameworkservices.omf.server,org.odpi.openmetadata.frameworks.openmetadata.properties,2,22,51,86,4,0,0,0,13,90,0,0,0,0
org.odpi.openmetadata.frameworkservices.omf.server,org.odpi.openmetadata.commonservices.multitenant.ffdc.exceptions,1,0,0,1,0,1,0,0,1,0,0,0,0,0
org.odpi.openmetadata.frameworkservices.omf.server,org.odpi.openmetadata.frameworkservices.omf.rest,0,26,19,101,26,0,0,0,26,0,0,0,0,0
org.odpi.openmetadata.frameworkservices.omf.server,org.odpi.openmetadata.frameworkservices.omf.ffdc,2,0,0,0,0,0,0,0,0,4,0,0,0,0
org.odpi.openmetadata.frameworkservices.omf.server,org.odpi.openmetadata.frameworks.auditlog,2,47,1,1,0,0,0,0,0,43,0,0,0,0
org.odpi.openmetadata.frameworkservices.omf.server,org.odpi.openmetadata.frameworks.connectors.properties.beans,1,0,1,0,0,0,0,0,0,0,0,0,0,0
org.odpi.openmetadata.frameworkservices.omf.server,org.odpi.openmetadata.frameworkservices.omf.converters,2,2,0,5,0,0,0,0,3,0,0,0,0,0
org.odpi.openmetadata.frameworkservices.omf.server,org.odpi.openmetadata.frameworkservices.omf.handlers,3,33,4,51,2,0,0,0,1,1,0,0,0,0
org.odpi.openmetadata.frameworkservices.omf.server,org.odpi.openmetadata.adminservices.registration,1,0,0,1,0,0,0,0,0,1,0,0,0,0
org.odpi.openmetadata.frameworkservices.omf.server,org.odpi.openmetadata.commonservices.generichandlers,2,3,0,32,0,0,0,0,0,0,0,0,0,0
org.odpi.openmetadata.frameworkservices.omf.server,org.odpi.openmetadata.commonservices.ffdc,4,50,0,164,0,0,0,0,3,0,0,0,0,0
org.odpi.openmetadata.frameworkservices.omf.server,org.odpi.openmetadata.commonservices.ffdc.rest,0,21,14,35,21,0,0,0,22,0,0,0,0,0
org.odpi.openmetadata.frameworkservices.omf.server,org.odpi.openmetadata.frameworks.openmetadata.ffdc,6,0,0,0,0,11,0,0,0,0,0,0,0,0
org.odpi.openmetadata.frameworkservices.omf.server,org.odpi.openmetadata.frameworks.openmetadata.mermaid,2,5,0,5,0,0,0,0,5,0,0,0,0,0
org.odpi.openmetadata.frameworkservices.omf.server,org.odpi.openmetadata.frameworks.openmetadata.metadataelements,0,0,0,4,0,0,0,0,0,0,0,0,0,0
org.odpi.openmetadata.frameworkservices.omf.server,org.odpi.openmetadata.frameworkservices.omf.connectors.outtopic,1,0,0,0,0,0,0,0,0,1,0,0,0,0
org.odpi.openmetadata.frameworkservices.omf.server,org.odpi.openmetadata.frameworkservices.omf.admin,1,0,0,0,0,0,0,0,0,1,0,0,0,0
org.odpi.openmetadata.viewservices.automatedcuration.server,org.odpi.openmetadata.adminservices.registration,1,0,0,1,0,0,0,0,0,1,0,0,0,0
org.odpi.openmetadata.viewservices.automatedcuration.server,org.odpi.openmetadata.adminservices.configuration.registration,5,3,0,10,0,0,0,0,1,8,0,0,0,0
org.odpi.openmetadata.viewservices.automatedcuration.server,org.odpi.openmetadata.commonservices.ffdc.rest,0,8,8,31,8,0,0,0,8,0,0,0,0,0
org.odpi.openmetadata.viewservices.automatedcuration.server,org.odpi.openmetadata.commonservices.ffdc,3,15,0,69,0,0,0,0,2,0,0,0,0,0
org.odpi.openmetadata.viewservices.automatedcuration.server,org.odpi.openmetadata.frameworks.auditlog,2,13,1,0,0,0,0,0,0,13,0,0,0,0
org.odpi.openmetadata.viewservices.automatedcuration.server,org.odpi.openmetadata.commonservices.multitenant,3,4,0,41,0,0,0,2,4,4,0,0,0,0
org.odpi.openmetadata.viewservices.automatedcuration.server,org.odpi.openmetadata.viewservices.automatedcuration.handlers,3,5,1,8,2,0,0,0,0,2,0,0,0,0
org.odpi.openmetadata.viewservices.automatedcuration.server,org.odpi.openmetadata.viewservices.automatedcuration.rest,3,4,0,12,4,0,0,0,4,0,0,0,0,0
org.odpi.openmetadata.viewservices.automatedcuration.server,org.odpi.openmetadata.frameworks.openmetadata.ffdc,5,0,0,0,0,20,0,0,0,0,0,0,0,0
org.odpi.openmetadata.viewservices.automatedcuration.server,org.odpi.openmetadata.tokencontroller,1,0,0,13,0,0,0,1,0,13,0,0,0,0
org.odpi.openmetadata.viewservices.automatedcuration.server,org.odpi.openmetadata.frameworks.openmetadata.client,3,1,0,1,2,0,0,0,0,0,0,0,0,0
org.odpi.openmetadata.viewservices.automatedcuration.server,org.odpi.openmetadata.frameworks.openmetadata.builders,3,3,0,6,0,0,0,0,3,0,0,0,0,0
org.odpi.openmetadata.viewservices.automatedcuration.server,org.odpi.openmetadata.frameworks.opengovernance.client,2,5,0,5,1,0,0,0,0,0,0,0,0,0
org.odpi.openmetadata.viewservices.automatedcuration.server,org.odpi.openmetadata.frameworks.connectors,1,2,0,4,0,0,0,0,0,0,0,0,0,0
org.odpi.openmetadata.viewservices.automatedcuration.server,org.odpi.openmetadata.frameworks.connectors.client,2,2,0,2,1,0,0,0,0,0,0,0,0,0
org.odpi.openmetadata.viewservices.automatedcuration.server,org.odpi.openmetadata.frameworkservices.gaf.rest,4,1,3,33,1,0,0,0,1,0,0,0,0,0
org.odpi.openmetadata.viewservices.automatedcuration.server,org.odpi.openmetadata.metadatasecurity.properties,0,0,0,2,0,0,0,0,0,0,0,0,0,0
org.odpi.openmetadata.viewservices.automatedcuration.server,org.odpi.openmetadata.adminservices.configuration.properties,1,0,0,0,0,0,0,0,0,0,0,0,0,0
org.odpi.openmetadata.viewservices.automatedcuration.server,org.odpi.openmetadata.frameworks.openmetadata.search,0,0,0,1,0,0,0,0,0,0,0,0,0,0
org.odpi.openmetadata.viewservices.automatedcuration.server,org.odpi.openmetadata.adapters.connectors.secretsstore.yaml,1,0,0,0,0,0,0,0,0,0,2,0,0,0
org.odpi.openmetadata.viewservices.automatedcuration.server,org.odpi.openmetadata.viewservices.automatedcuration.admin,1,0,0,0,0,0,0,0,0,1,0,0,0,0
org.odpi.openmetadata.viewservices.automatedcuration.server,org.odpi.openmetadata.frameworkservices.omf.client,1,0,1,0,0,0,0,0,0,2,0,0,0,0
org.odpi.openmetadata.viewservices.automatedcuration.server,org.odpi.openmetadata.frameworkservices.gaf.client,1,0,1,0,1,0,0,0,0,2,0,0,0,0
org.odpi.openmetadata.viewservices.automatedcuration.server,org.odpi.openmetadata.frameworkservices.ocf.metadatamanagement.client,1,0,1,0,1,0,0,0,0,2,0,0,0,0
org.odpi.openmetadata.frameworkservices.omf.admin,org.odpi.openmetadata.adapters.connectors,1,0,0,0,0,0,0,0,0,2,0,0,0,0
org.odpi.openmetadata.frameworkservices.omf.admin,org.odpi.openmetadata.adminservices.configuration.properties,1,0,1,1,0,0,0,0,0,0,0,0,0,0
org.odpi.openmetadata.frameworkservices.omf.admin,org.odpi.openmetadata.adminservices.configuration.registration,1,0,0,0,0,0,0,0,0,12,0,0,0,0
org.odpi.openmetadata.frameworkservices.omf.admin,org.odpi.openmetadata.adminservices.ffdc.exception,1,0,0,0,0,1,0,0,0,0,0,0,0,0
org.odpi.openmetadata.frameworkservices.omf.admin,org.odpi.openmetadata.adminservices.registration,1,0,0,4,0,0,0,1,0,1,0,0,0,0
org.odpi.openmetadata.frameworkservices.omf.admin,org.odpi.openmetadata.commonservices.multitenant,0,0,0,1,0,0,0,0,0,0,0,0,0,0
org.odpi.openmetadata.frameworkservices.omf.admin,org.odpi.openmetadata.frameworks.auditlog,1,2,1,5,0,0,0,0,0,1,0,0,0,0
org.odpi.openmetadata.frameworkservices.omf.admin,org.odpi.openmetadata.frameworks.connectors.properties.beans,0,3,0,2,0,0,0,0,0,0,0,0,0,0
org.odpi.openmetadata.frameworkservices.omf.admin,org.odpi.openmetadata.repositoryservices.connectors.omrstopic,1,0,1,0,0,0,0,0,0,0,0,0,0,0
org.odpi.openmetadata.frameworkservices.omf.admin,org.odpi.openmetadata.repositoryservices.connectors.stores.metadatacollectionstore.repositoryconnector,1,0,1,1,0,0,0,0,0,0,0,0,0,0
org.odpi.openmetadata.frameworkservices.omf.admin,org.odpi.openmetadata.frameworkservices.omf.listener,1,0,0,1,0,0,0,0,1,0,0,0,0,0
org.odpi.openmetadata.frameworkservices.omf.admin,org.odpi.openmetadata.frameworkservices.omf.ffdc,1,0,0,0,0,0,0,0,0,8,0,0,0,0
org.odpi.openmetadata.frameworkservices.omf.admin,org.odpi.openmetadata.frameworkservices.omf.connectors.outtopic,2,1,0,0,0,0,0,0,0,2,0,0,0,0
org.odpi.openmetadata.frameworkservices.omf.admin,org.odpi.openmetadata.frameworkservices.omf.server,2,1,0,3,0,0,0,0,2,0,0,0,0,0
org.odpi.openmetadata.frameworkservices.omf.admin,org.odpi.openmetadata.frameworkservices.omf.outtopic,1,1,0,2,0,0,0,0,1,1,0,0,0,0
org.odpi.openmetadata.accessservices.communityprofile.fvt,org.odpi.openmetadata.fvt.utilities,2,1,0,13,0,0,0,1,0,5,0,0,0,0
org.odpi.openmetadata.accessservices.communityprofile.fvt,org.odpi.openmetadata.accessservices.communityprofile.fvt.clientconstructors,1,0,0,1,0,0,0,0,0,1,0,0,0,0
org.odpi.openmetadata.accessservices.communityprofile.fvt,org.odpi.openmetadata.accessservices.communityprofile.fvt.errorhandling,1,0,0,1,0,0,0,0,0,1,0,0,0,0
org.odpi.openmetadata.accessservices.communityprofile.fvt,org.odpi.openmetadata.accessservices.communityprofile.fvt.todos,1,0,0,1,0,0,0,0,0,1,0,0,0,0
org.odpi.openmetadata.accessservices.communityprofile.fvt,org.odpi.openmetadata.accessservices.communityprofile.fvt.profiles,1,0,0,1,0,0,0,0,0,1,0,0,0,0
org.odpi.openmetadata.accessservices.communityprofile.fvt,org.odpi.openmetadata.accessservices.communityprofile.fvt.validvalues,1,0,0,1,0,0,0,0,0,1,0,0,0,0
org.odpi.openmetadata.accessservices.communityprofile.fvt,org.odpi.openmetadata.http,1,0,0,1,0,0,0,0,0,1,0,0,0,0
org.odpi.openmetadata.frameworks.openmetadata.search,org.odpi.openmetadata.frameworks.openmetadata.properties.governance,1,1,1,0,1,0,0,0,0,1,0,0,0,0
org.odpi.openmetadata.frameworks.openmetadata.search,org.odpi.openmetadata.frameworks.openmetadata.enums,2,2,2,0,2,0,0,0,0,6,0,0,0,0
org.odpi.openmetadata.frameworks.openmetadata.search,org.odpi.openmetadata.frameworks.openmetadata.types,2,0,0,0,0,0,0,0,0,108,0,0,0,0
org.odpi.openmetadata.frameworks.openmetadata.search,org.odpi.openmetadata.frameworks.openmetadata.refdata,6,0,0,0,0,0,0,0,0,0,0,0,0,0
org.odpi.openmetadata.frameworks.openmetadata.search,org.odpi.openmetadata.frameworks.openmetadata.ffdc,8,0,0,17,0,9,0,0,17,34,0,0,0,0
org.odpi.openmetadata.frameworks.openmetadata.search,org.odpi.openmetadata.frameworks.openmetadata.converters,1,1,0,7,0,0,0,0,1,0,0,0,0,0
org.odpi.openmetadata.frameworks.openmetadata.search,org.odpi.openmetadata.frameworks.openmetadata.metadataelements,0,11,17,96,8,0,0,0,8,11,0,0,0,0
org.odpi.openmetadata.frameworks.openmetadata.search,org.odpi.openmetadata.frameworks.openmetadata.properties,4,7,10,30,1,0,0,0,0,2,1,0,0,0
org.odpi.openmetadata.frameworks.openmetadata.search,org.odpi.openmetadata.frameworks.auditlog.requestid,1,0,0,0,0,0,1,0,0,0,0,0,0,0
org.odpi.openmetadata.frameworkservices.gaf.converters,org.odpi.openmetadata.frameworks.openmetadata.ffdc,7,0,0,0,0,11,0,0,0,0,0,0,0,0
org.odpi.openmetadata.frameworkservices.gaf.converters,org.odpi.openmetadata.frameworks.openmetadata.properties.assets.processes.connectors,2,2,1,17,0,0,0,0,2,1,0,0,0,0
org.odpi.openmetadata.frameworkservices.gaf.converters,org.odpi.openmetadata.frameworks.openmetadata.types,6,0,0,0,0,0,0,0,0,42,0,0,0,0
org.odpi.openmetadata.frameworkservices.gaf.converters,org.odpi.openmetadata.frameworks.openmetadata.properties,0,0,0,30,0,0,0,0,0,0,0,0,0,0
org.odpi.openmetadata.frameworkservices.gaf.converters,org.odpi.openmetadata.repositoryservices.connectors.stores.metadatacollectionstore.repositoryconnector,10,2,10,5,0,0,0,0,0,2,0,0,0,0
org.odpi.openmetadata.frameworkservices.gaf.converters,org.odpi.openmetadata.repositoryservices.connectors.stores.metadatacollectionstore.properties.instances,30,18,21,56,0,0,0,0,9,5,1,0,0,0
org.odpi.openmetadata.frameworkservices.gaf.converters,org.odpi.openmetadata.commonservices.generichandlers,4,0,0,28,0,0,0,4,0,18,0,0,0,0
org.odpi.openmetadata.frameworkservices.gaf.converters,org.odpi.openmetadata.repositoryservices.connectors.stores.metadatacollectionstore.properties.typedefs,5,0,0,0,0,0,0,0,0,10,0,0,0,0
org.odpi.openmetadata.frameworkservices.gaf.converters,org.odpi.openmetadata.frameworks.opengovernance.properties,19,12,6,40,2,0,0,0,9,7,9,0,0,0
org.odpi.openmetadata.frameworkservices.gaf.converters,org.odpi.openmetadata.repositoryservices.connectors.stores.metadatacollectionstore.utilities,0,0,0,14,0,0,0,0,0,0,0,0,0,0
org.odpi.openmetadata.frameworkservices.gaf.converters,org.odpi.openmetadata.frameworks.openmetadata.enums,3,4,0,2,3,0,0,0,0,28,0,0,0,0
org.odpi.openmetadata.frameworkservices.gaf.converters,org.odpi.openmetadata.frameworks.openmetadata.properties.softwarecapabilities,2,2,0,7,0,0,0,0,2,0,0,0,0,0
org.odpi.openmetadata.frameworkservices.gaf.converters,org.odpi.openmetadata.frameworkservices.omf.converters,3,0,0,5,0,0,0,3,0,4,0,0,0,0
org.odpi.openmetadata.frameworkservices.gaf.converters,org.odpi.openmetadata.frameworks.openmetadata.properties.assets.processes,0,0,0,4,0,0,0,0,0,0,0,0,0,0
org.odpi.openmetadata.contentpacks.core,org.odpi.openmetadata.adapters.connectors.postgres.survey,2,0,0,2,0,0,0,0,2,0,0,0,0,0
org.odpi.openmetadata.contentpacks.core,org.odpi.openmetadata.adapters.connectors.unitycatalog.survey,4,0,0,4,0,0,0,0,4,0,0,0,0,0
org.odpi.openmetadata.contentpacks.core,org.odpi.openmetadata.adapters.connectors.unitycatalog.provision,1,0,0,1,0,0,0,0,1,0,0,0,0,0
org.odpi.openmetadata.contentpacks.core,org.odpi.openmetadata.adapters.connectors.governanceactions.provisioning,2,0,0,2,0,0,0,0,2,0,0,0,0,0
org.odpi.openmetadata.contentpacks.core,org.odpi.openmetadata.adapters.connectors.governanceactions.remediation,4,0,0,4,0,0,0,0,4,0,0,0,0,0
org.odpi.openmetadata.contentpacks.core,org.odpi.openmetadata.adapters.connectors.surveyaction.surveycsv,1,0,0,1,0,0,0,0,1,0,0,0,0,0
org.odpi.openmetadata.contentpacks.core,org.odpi.openmetadata.adapters.connectors.surveyaction.surveyfile,1,0,0,1,0,0,0,0,1,0,0,0,0,0
org.odpi.openmetadata.contentpacks.core,org.odpi.openmetadata.adapters.connectors.surveyaction.surveyfolder,1,0,0,1,0,0,0,0,1,0,0,0,0,0
org.odpi.openmetadata.contentpacks.core,org.odpi.openmetadata.adapters.connectors.governanceactions.stewardship,1,0,0,6,0,0,0,0,6,2,0,0,0,0
org.odpi.openmetadata.contentpacks.core,org.odpi.openmetadata.adapters.connectors.postgres.controls,9,0,0,4,0,0,0,0,0,100,0,0,0,0
org.odpi.openmetadata.contentpacks.core,org.odpi.openmetadata.adapters.connectors.postgres.catalog,1,0,0,0,0,0,0,0,0,1,0,0,0,0
org.odpi.openmetadata.contentpacks.core,org.odpi.openmetadata.adapters.connectors.unitycatalog.controls,3,0,0,2,0,0,0,0,0,8,0,0,0,0
org.odpi.openmetadata.contentpacks.core,org.odpi.openmetadata.adapters.connectors.controls,25,0,0,2,0,0,0,0,0,162,0,0,0,0
org.odpi.openmetadata.contentpacks.core,org.odpi.openmetadata.adapters.connectors.governanceactions.verification,1,0,0,1,0,0,0,0,1,0,0,0,0,0
org.odpi.openmetadata.contentpacks.core,org.odpi.openmetadata.adapters.connectors.governanceactions.watchdog,1,0,0,1,0,0,0,0,1,0,0,0,0,0
org.odpi.openmetadata.contentpacks.core,org.odpi.openmetadata.adapters.connectors,2,0,0,0,0,0,0,0,0,10,0,0,0,0
org.odpi.openmetadata.contentpacks.core,org.odpi.openmetadata.frameworks.openmetadata.definitions,8,8,10,34,6,0,0,0,23,8,0,0,0,0
org.odpi.openmetadata.contentpacks.core,org.odpi.openmetadata.frameworks.openmetadata.controls,9,0,0,28,0,0,0,0,0,526,0,0,0,0
org.odpi.openmetadata.contentpacks.core,org.odpi.openmetadata.adapters.connectors.baudot,1,0,0,1,0,0,0,0,1,0,0,0,0,0
org.odpi.openmetadata.contentpacks.core,org.odpi.openmetadata.adapters.connectors.subscriptions,2,0,0,2,0,0,0,0,2,0,0,0,0,0
org.odpi.openmetadata.contentpacks.core,org.odpi.openmetadata.adapters.connectors.wedgwood,1,0,0,1,0,0,0,0,1,0,0,0,0,0
org.odpi.openmetadata.contentpacks.core,org.odpi.openmetadata.adapters.connectors.organizationinsight.karmapoints,1,0,0,1,0,0,0,0,1,0,0,0,0,0
org.odpi.openmetadata.contentpacks.core,org.odpi.openmetadata.adapters.connectors.reports.surveyreport,1,0,0,1,0,0,0,0,1,0,0,0,0,0
org.odpi.openmetadata.contentpacks.core,org.odpi.openmetadata.frameworks.openmetadata.refdata,10,2,2,2,1,0,0,0,0,437,0,0,0,0
org.odpi.openmetadata.contentpacks.core,org.odpi.openmetadata.frameworks.connectors.properties.beans,0,0,0,52,0,0,0,0,0,0,0,0,0,0
org.odpi.openmetadata.contentpacks.core,org.odpi.openmetadata.frameworks.connectors.controls,5,0,0,0,0,0,0,0,0,20,0,0,0,0
org.odpi.openmetadata.contentpacks.core,org.odpi.openmetadata.frameworks.openmetadata.specificationproperties,8,0,7,0,0,0,0,0,0,7,0,0,0,0
org.odpi.openmetadata.contentpacks.core,org.odpi.openmetadata.frameworks.openmetadata.types,5,0,0,0,0,0,0,0,0,54,0,0,0,0
org.odpi.openmetadata.contentpacks.core,org.odpi.openmetadata.adapters.connectors.apacheatlas.integration,1,0,0,0,0,0,0,0,0,1,0,0,0,0
org.odpi.openmetadata.contentpacks.core,org.odpi.openmetadata.frameworks.openmetadata.enums,1,0,0,0,1,0,0,0,0,2,0,0,0,0
org.odpi.openmetadata.contentpacks.core,org.odpi.openmetadata.adapters.connectors.postgres.tabulardatasource,2,0,0,2,0,0,0,0,2,0,0,0,0,0
org.odpi.openmetadata.contentpacks.core,org.odpi.openmetadata.adapters.connectors.secretsstore.yaml,5,0,0,10,0,0,0,0,10,0,0,0,0,0
org.odpi.openmetadata.contentpacks.core,org.odpi.openmetadata.adapters.connectors.resource.jdbc,3,0,0,5,0,0,0,0,5,0,0,0,0,0
org.odpi.openmetadata.contentpacks.core,org.odpi.openmetadata.adapters.connectors.datastore.csvfile.controls,1,0,0,0,0,0,0,0,0,12,0,0,0,0
org.odpi.openmetadata.contentpacks.core,org.odpi.openmetadata.adapters.connectors.datastore.csvfile,4,0,0,5,0,0,0,0,5,0,0,0,0,0
org.odpi.openmetadata.contentpacks.core,org.odpi.openmetadata.adapters.connectors.integration.basicfiles,4,0,0,0,0,0,0,0,0,5,0,0,0,0
org.odpi.openmetadata.contentpacks.core,org.odpi.openmetadata.adapters.connectors.integration.jdbc,1,0,0,0,0,0,0,0,0,1,0,0,0,0
org.odpi.openmetadata.contentpacks.core,org.odpi.openmetadata.contentpacks.core.base,0,0,0,11,0,0,0,0,0,0,0,0,0,0
org.odpi.openmetadata.contentpacks.core,org.odpi.openmetadata.contentpacks.core.apacheatlas,1,1,0,1,0,0,0,0,1,0,0,0,0,0
org.odpi.openmetadata.contentpacks.core,org.odpi.openmetadata.contentpacks.core.apis,1,1,0,1,0,0,0,0,1,0,0,0,0,0
org.odpi.openmetadata.contentpacks.core,org.odpi.openmetadata.contentpacks.core.apachekafka,1,1,0,1,0,0,0,0,1,0,0,0,0,0
org.odpi.openmetadata.contentpacks.core,org.odpi.openmetadata.contentpacks.core.core,1,1,0,1,0,0,0,0,1,0,0,0,0,0
org.odpi.openmetadata.contentpacks.core,org.odpi.openmetadata.contentpacks.core.egeria,1,1,0,1,0,0,0,0,1,0,0,0,0,0
org.odpi.openmetadata.contentpacks.core,org.odpi.openmetadata.contentpacks.core.digitalproducts,1,1,0,1,0,0,0,0,1,0,0,0,0,0
org.odpi.openmetadata.contentpacks.core,org.odpi.openmetadata.contentpacks.core.files,1,1,0,1,0,0,0,0,1,0,0,0,0,0
org.odpi.openmetadata.contentpacks.core,org.odpi.openmetadata.contentpacks.core.organizationinsight,1,1,0,1,0,0,0,0,1,0,0,0,0,0
org.odpi.openmetadata.contentpacks.core,org.odpi.openmetadata.contentpacks.core.openlineage,1,1,0,1,0,0,0,0,1,0,0,0,0,0
org.odpi.openmetadata.contentpacks.core,org.odpi.openmetadata.contentpacks.core.postgres,1,1,0,1,0,0,0,0,1,0,0,0,0,0
org.odpi.openmetadata.contentpacks.core,org.odpi.openmetadata.contentpacks.core.unitycatalog,1,1,0,1,0,0,0,0,1,0,0,0,0,0
org.odpi.openmetadata.contentpacks.core,org.odpi.openmetadata.adapters.connectors.unitycatalog.sync,2,0,0,0,0,0,0,0,0,2,0,0,0,0
org.odpi.openmetadata.contentpacks.core,org.odpi.openmetadata.adapters.connectors.jacquard.solutionblueprint,2,0,0,0,0,0,0,0,0,30,0,0,0,0
org.odpi.openmetadata.contentpacks.core,org.odpi.openmetadata.adapters.connectors.jacquard,1,0,0,0,0,0,0,0,0,1,0,0,0,0
org.odpi.openmetadata.contentpacks.core,org.odpi.openmetadata.adapters.connectors.integration.openapis,1,0,0,0,0,0,0,0,0,1,0,0,0,0
org.odpi.openmetadata.contentpacks.core,org.odpi.openmetadata.adapters.connectors.integration.openlineage,0,0,0,0,0,0,0,0,0,5,0,0,0,0
org.odpi.openmetadata.contentpacks.core,org.odpi.openmetadata.adapters.connectors.babbage,1,0,0,0,0,0,0,0,0,1,0,0,0,0
org.odpi.openmetadata.contentpacks.core,org.odpi.openmetadata.adapters.connectors.apacheatlas.resource,1,0,0,1,0,0,0,0,1,0,0,0,0,0
org.odpi.openmetadata.contentpacks.core,org.odpi.openmetadata.adapters.connectors.unitycatalog.resource,1,0,0,2,0,0,0,0,2,0,0,0,0,0
org.odpi.openmetadata.contentpacks.core,org.odpi.openmetadata.frameworks.connectors,0,0,0,53,0,0,0,0,0,0,0,0,0,0
org.odpi.openmetadata.contentpacks.core,org.odpi.openmetadata.frameworks.opengovernance,1,1,1,6,0,0,0,0,0,1,0,0,0,0
org.odpi.openmetadata.contentpacks.core,org.odpi.openmetadata.adapters.connectors.apachekafka.survey,1,0,0,1,0,0,0,0,1,0,0,0,0,0
org.odpi.openmetadata.contentpacks.core,org.odpi.openmetadata.adapters.connectors.apacheatlas.survey,1,0,0,1,0,0,0,0,1,0,0,0,0,0
org.odpi.openmetadata.contentpacks.core,org.odpi.openmetadata.samples.archiveutilities,1,1,0,1,1,0,0,0,1,3,0,0,0,0
org.odpi.openmetadata.contentpacks.core,org.odpi.openmetadata.adapters.connectors.apachekafka.resource,1,0,0,1,0,0,0,0,1,0,0,0,0,0
org.odpi.openmetadata.contentpacks.core,org.odpi.openmetadata.adapters.connectors.egeriainfrastructure.control,1,0,0,0,0,0,0,0,0,4,0,0,0,0
org.odpi.openmetadata.contentpacks.core,org.odpi.openmetadata.frameworks.opengovernance.controls,1,0,0,0,0,0,0,0,0,2,0,0,0,0
org.odpi.openmetadata.contentpacks.core,org.odpi.openmetadata.adapters.connectors.jacquard.productcatalog,1,0,0,0,0,0,0,0,0,24,0,0,0,0
org.odpi.openmetadata.contentpacks.core,org.odpi.openmetadata.frameworks.openmetadata.properties,1,1,2,3,0,0,0,0,1,2,0,0,0,0
org.odpi.openmetadata.contentpacks.core,org.odpi.openmetadata.adapters.connectors.datastore.datafolder,1,0,0,1,0,0,0,0,1,0,0,0,0,0
org.odpi.openmetadata.contentpacks.core,org.odpi.openmetadata.adapters.connectors.datastore.basicfile,2,0,0,23,0,0,0,0,23,0,0,0,0,0
org.odpi.openmetadata.contentpacks.core,org.odpi.openmetadata.adapters.eventbus.topic.kafka,1,0,0,1,0,0,0,0,1,0,0,0,0,0
org.odpi.openmetadata.contentpacks.core,org.odpi.openmetadata.adapters.connectors.resource.jdbc.controls,1,0,0,0,0,0,0,0,0,4,0,0,0,0
org.odpi.openmetadata.contentpacks.core,org.odpi.openmetadata.frameworks.opensurvey,1,0,0,0,0,0,0,0,0,0,1,0,0,0
org.odpi.openmetadata.contentpacks.core,org.odpi.openmetadata.adapters.connectors.surveyaction.controls,1,0,0,0,0,0,0,0,0,8,0,0,0,0
org.odpi.openmetadata.contentpacks.core,org.odpi.openmetadata.adapters.connectors.integration.basicfiles.controls,1,0,0,0,0,0,0,0,0,52,0,0,0,0
org.odpi.openmetadata.contentpacks.core,org.odpi.openmetadata.adapters.connectors.apachekafka.integration,1,0,0,0,0,0,0,0,0,1,0,0,0,0
org.odpi.openmetadata.contentpacks.core,org.odpi.openmetadata.adapters.connectors.egeriainfrastructure.platform.catalog,1,0,0,0,0,0,0,0,0,1,0,0,0,0
org.odpi.openmetadata.samples.archiveutilities.cloudinformationmodel,org.odpi.openmetadata.repositoryservices.connectors.stores.archivestore.properties,2,1,1,0,1,0,0,0,0,3,0,0,0,0
org.odpi.openmetadata.samples.archiveutilities.cloudinformationmodel,org.odpi.openmetadata.frameworks.openmetadata.types,1,0,0,0,0,0,0,0,0,36,0,0,0,0
org.odpi.openmetadata.samples.archiveutilities.cloudinformationmodel,org.odpi.openmetadata.samples.archiveutilities.cloudinformationmodel.properties,0,39,19,206,4,0,0,0,10,20,2,0,0,0
org.odpi.openmetadata.samples.archiveutilities.cloudinformationmodel,org.odpi.openmetadata.opentypes,1,0,0,2,0,0,0,0,1,0,0,0,0,0
org.odpi.openmetadata.samples.archiveutilities.cloudinformationmodel,org.odpi.openmetadata.samples.archiveutilities,1,1,0,31,0,0,0,0,1,1,0,0,0,0
org.odpi.openmetadata.samples.archiveutilities.cloudinformationmodel,org.odpi.openmetadata.repositoryservices.archiveutilities,2,1,0,4,0,0,0,1,1,2,0,0,0,0
org.odpi.openmetadata.adapters.connectors.integration.csvlineageimporter.ffdc,org.odpi.openmetadata.frameworks.auditlog.messagesets,4,2,0,6,4,0,0,0,4,0,0,0,0,0
org.odpi.openmetadata.adapters.connectors.integration.csvlineageimporter.ffdc,org.odpi.openmetadata.frameworks.auditlog,1,1,1,0,0,0,0,0,0,41,0,0,0,0
org.odpi.openmetadata.viewservices.digitalbusiness.server,org.odpi.openmetadata.frameworks.openmetadata.handlers,3,7,0,11,2,0,0,0,1,1,0,0,0,0
org.odpi.openmetadata.viewservices.digitalbusiness.server,org.odpi.openmetadata.frameworks.openmetadata.ffdc,4,0,0,0,0,4,0,0,0,0,0,0,0,0
org.odpi.openmetadata.viewservices.digitalbusiness.server,org.odpi.openmetadata.frameworks.auditlog,2,6,1,0,0,0,0,0,0,6,0,0,0,0
org.odpi.openmetadata.viewservices.digitalbusiness.server,org.odpi.openmetadata.commonservices.multitenant,2,0,0,16,0,0,0,2,0,0,0,0,0,0
org.odpi.openmetadata.viewservices.digitalbusiness.server,org.odpi.openmetadata.adminservices.configuration.registration,5,3,0,3,0,0,0,0,1,8,0,0,0,0
org.odpi.openmetadata.viewservices.digitalbusiness.server,org.odpi.openmetadata.commonservices.ffdc.rest,0,6,6,11,6,0,0,0,6,0,0,0,0,0
org.odpi.openmetadata.viewservices.digitalbusiness.server,org.odpi.openmetadata.commonservices.ffdc,3,8,0,30,0,0,0,0,2,0,0,0,0,0
org.odpi.openmetadata.viewservices.digitalbusiness.server,org.odpi.openmetadata.frameworks.openmetadata.client,1,1,0,0,0,0,0,0,0,0,0,0,0,0
org.odpi.openmetadata.viewservices.digitalbusiness.server,org.odpi.openmetadata.tokencontroller,1,0,0,6,0,0,0,1,0,6,0,0,0,0
org.odpi.openmetadata.viewservices.digitalbusiness.server,org.odpi.openmetadata.viewservices.digitalbusiness.admin,1,0,0,0,0,0,0,0,0,1,0,0,0,0
org.odpi.openmetadata.viewservices.digitalbusiness.server,org.odpi.openmetadata.adminservices.registration,1,0,0,1,0,0,0,0,0,1,0,0,0,0
org.odpi.openmetadata.viewservices.digitalbusiness.server,org.odpi.openmetadata.frameworks.openmetadata.properties.digitalbusiness,4,0,0,0,0,0,0,0,0,3,3,0,0,0
org.odpi.openmetadata.viewservices.digitalbusiness.server,org.odpi.openmetadata.frameworkservices.omf.client,1,0,0,1,0,0,0,0,1,0,0,0,0,0
org.odpi.openmetadata.serveroperations.server.spring,org.odpi.openmetadata.adminservices.rest,1,0,0,0,1,0,0,0,0,0,0,0,0,0
org.odpi.openmetadata.serveroperations.server.spring,org.odpi.openmetadata.serveroperations.rest,2,0,0,0,2,0,0,0,0,1,0,0,0,0
org.odpi.openmetadata.serveroperations.server.spring,org.odpi.openmetadata.serveroperations.server,1,1,0,7,0,0,0,0,1,0,0,0,0,0
org.odpi.openmetadata.serveroperations.server.spring,org.odpi.openmetadata.frameworks.connectors.properties.beans,1,0,1,0,0,0,0,0,0,0,0,0,0,0
org.odpi.openmetadata.serveroperations.server.spring,org.odpi.openmetadata.commonservices.ffdc.rest,1,0,0,0,3,0,0,0,0,0,0,0,0,0
org.odpi.openmetadata.serveroperations.server.spring,org.odpi.openmetadata.repositoryservices.connectors.stores.archivestore.properties,1,0,1,0,0,0,0,0,0,0,0,0,0,0
org.odpi.openmetadata.serveroperations.client.rest,org.odpi.openmetadata.commonservices.ffdc.rest,1,0,0,2,0,0,0,1,0,4,0,0,0,0
org.odpi.openmetadata.serveroperations.client.rest,org.odpi.openmetadata.commonservices.ffdc,0,0,0,4,0,0,0,0,0,0,0,0,0,0
org.odpi.openmetadata.serveroperations.client.rest,org.odpi.openmetadata.frameworks.connectors,1,0,0,0,0,0,0,0,0,0,0,0,0,0
org.odpi.openmetadata.serveroperations.client.rest,org.odpi.openmetadata.frameworks.auditlog,1,0,2,0,0,0,0,0,0,0,0,0,0,0
org.odpi.openmetadata.serveroperations.client.rest,org.odpi.openmetadata.adminservices.rest,1,1,0,0,1,0,0,0,0,1,0,0,0,0
org.odpi.openmetadata.serveroperations.client.rest,org.odpi.openmetadata.serveroperations.rest,3,3,0,0,3,0,0,0,0,3,0,0,0,0
org.odpi.openmetadata.serveroperations.client.rest,org.odpi.openmetadata.frameworks.openmetadata.ffdc,3,0,0,0,0,14,0,0,0,0,0,0,0,0
org.odpi.openmetadata.frameworks.openmetadata.properties.externalreferences,org.odpi.openmetadata.frameworks.openmetadata.types,9,0,0,0,0,0,0,0,0,22,0,0,0,0
org.odpi.openmetadata.frameworks.openmetadata.properties.externalreferences,org.odpi.openmetadata.frameworks.openmetadata.properties,4,0,0,18,0,0,0,4,0,25,0,0,0,0
org.odpi.openmetadata.frameworks.openmetadata.properties.externalreferences,org.odpi.openmetadata.frameworks.openmetadata.enums,3,3,3,0,3,0,0,0,0,3,0,0,0,0
org.odpi.openmetadata.viewservices.productcatalog.server,org.odpi.openmetadata.frameworks.auditlog,1,0,1,0,0,0,0,0,0,0,0,0,0,0
org.odpi.openmetadata.viewservices.productcatalog.server,org.odpi.openmetadata.commonservices.multitenant,2,0,0,3,0,0,0,2,0,0,0,0,0,0
org.odpi.openmetadata.viewservices.productcatalog.server,org.odpi.openmetadata.adminservices.configuration.registration,5,3,0,2,0,0,0,0,1,8,0,0,0,0
org.odpi.openmetadata.viewservices.productcatalog.server,org.odpi.openmetadata.frameworkservices.omf.client,1,0,0,1,0,0,0,0,1,0,0,0,0,0
org.odpi.openmetadata.viewservices.productcatalog.server,org.odpi.openmetadata.commonservices.ffdc,2,2,0,2,0,0,0,0,2,0,0,0,0,0
org.odpi.openmetadata.viewservices.productcatalog.server,org.odpi.openmetadata.tokencontroller,1,0,0,0,0,0,0,1,0,0,0,0,0,0
org.odpi.openmetadata.viewservices.productcatalog.server,org.odpi.openmetadata.adminservices.registration,1,0,0,1,0,0,0,0,0,1,0,0,0,0
org.odpi.openmetadata.viewservices.productcatalog.server,org.odpi.openmetadata.viewservices.productcatalog.admin,1,0,0,0,0,0,0,0,0,1,0,0,0,0
org.odpi.openmetadata.viewservices.productcatalog.server,org.odpi.openmetadata.frameworks.openmetadata.ffdc,1,0,0,0,0,1,0,0,0,0,0,0,0,0
org.odpi.openmetadata.viewservices.productcatalog.server,org.odpi.openmetadata.frameworks.openmetadata.client,1,1,0,0,0,0,0,0,0,0,0,0,0,0
org.odpi.openmetadata.adminservices.spring,org.odpi.openmetadata.adminservices.server,12,12,0,124,0,0,0,0,12,0,0,0,0,0
org.odpi.openmetadata.adminservices.spring,org.odpi.openmetadata.adminservices.rest,25,0,7,0,21,0,0,0,0,0,0,0,0,0
org.odpi.openmetadata.adminservices.spring,org.odpi.openmetadata.frameworks.connectors.properties.beans,3,0,7,0,0,0,0,0,0,0,0,0,0,0
org.odpi.openmetadata.adminservices.spring,org.odpi.openmetadata.commonservices.ffdc.rest,14,0,2,0,91,0,0,0,0,0,0,0,0,0
org.odpi.openmetadata.adminservices.spring,org.odpi.openmetadata.adminservices.configuration.properties,12,0,10,0,0,0,0,0,0,0,0,0,0,0
org.odpi.openmetadata.frameworks.openmetadata.properties.surveyreports,org.odpi.openmetadata.frameworks.openmetadata.types,22,0,0,0,0,0,0,0,0,44,0,0,0,0
org.odpi.openmetadata.frameworks.openmetadata.properties.surveyreports,org.odpi.openmetadata.frameworks.openmetadata.properties,8,0,0,27,0,0,0,7,0,42,0,0,0,0
org.odpi.openmetadata.frameworks.openmetadata.properties.surveyreports,org.odpi.openmetadata.frameworks.openmetadata.enums,1,1,1,0,1,0,0,0,0,3,0,0,0,0
org.odpi.openmetadata.frameworks.openmetadata.properties.surveyreports,org.odpi.openmetadata.frameworks.openmetadata.properties.assets.processes.actions,1,0,0,5,0,0,0,1,0,4,0,0,0,0
org.odpi.openmetadata.repositoryservices.connectors.omrstopic,org.odpi.openmetadata.frameworks.auditlog,5,3,5,18,1,0,1,0,0,5,0,0,0,0
org.odpi.openmetadata.repositoryservices.connectors.omrstopic,org.odpi.openmetadata.repositoryservices.events,14,10,17,328,0,0,0,0,3,9,0,0,0,0
org.odpi.openmetadata.repositoryservices.connectors.omrstopic,org.odpi.openmetadata.frameworks.connectors.ffdc,2,0,0,2,0,8,0,0,2,0,0,0,0,0
org.odpi.openmetadata.repositoryservices.connectors.omrstopic,org.odpi.openmetadata.repositoryservices.connectors.stores.metadatacollectionstore.properties.typedefs,0,0,19,0,0,0,0,0,0,0,0,0,0,0
org.odpi.openmetadata.repositoryservices.connectors.omrstopic,org.odpi.openmetadata.repositoryservices.connectors.stores.metadatacollectionstore.properties.instances,0,3,44,5,0,0,0,0,0,2,0,0,0,0
org.odpi.openmetadata.repositoryservices.connectors.omrstopic,org.odpi.openmetadata.repositoryservices.events.future,5,1,2,5,1,0,0,0,2,2,0,0,0,0
org.odpi.openmetadata.repositoryservices.connectors.omrstopic,org.odpi.openmetadata.repositoryservices.ffdc,4,0,0,0,0,0,0,0,0,34,0,0,0,0
org.odpi.openmetadata.repositoryservices.connectors.omrstopic,org.odpi.openmetadata.repositoryservices.auditlog,2,0,0,0,0,0,0,0,0,12,0,0,0,0
org.odpi.openmetadata.repositoryservices.connectors.omrstopic,org.odpi.openmetadata.repositoryservices.connectors.openmetadatatopic,2,2,1,2,0,0,1,0,0,1,1,0,0,0
org.odpi.openmetadata.repositoryservices.connectors.omrstopic,org.odpi.openmetadata.repositoryservices.events.beans.v2,1,0,3,2,0,0,0,0,0,0,1,0,0,0
org.odpi.openmetadata.repositoryservices.connectors.omrstopic,org.odpi.openmetadata.repositoryservices.events.beans,1,1,0,0,0,0,0,0,0,1,0,0,0,0
org.odpi.openmetadata.repositoryservices.connectors.omrstopic,org.odpi.openmetadata.repositoryservices.ffdc.exception,1,0,0,3,0,0,0,0,3,0,0,0,0,0
org.odpi.openmetadata.repositoryservices.connectors.omrstopic,org.odpi.openmetadata.frameworks.openmetadata.ffdc,1,0,0,0,0,1,0,0,0,0,0,0,0,0
org.odpi.openmetadata.repositoryservices.connectors.omrstopic,org.odpi.openmetadata.frameworks.connectors.properties.beans,1,0,3,3,0,0,0,0,0,0,0,0,0,0
org.odpi.openmetadata.repositoryservices.connectors.omrstopic,org.odpi.openmetadata.frameworks.connectors,5,0,2,9,0,0,1,2,0,6,0,0,0,0
org.odpi.openmetadata.repositoryservices.connectors.stores.metadatacollectionstore.properties.typedefs,org.odpi.openmetadata.repositoryservices.connectors.stores.metadatacollectionstore.properties,1,0,0,3,0,0,0,1,0,0,0,0,0,0
org.odpi.openmetadata.repositoryservices.connectors.stores.metadatacollectionstore.properties.typedefs,org.odpi.openmetadata.repositoryservices.connectors.stores.metadatacollectionstore.properties.instances,6,2,4,0,2,0,0,0,0,7,0,0,0,0
org.odpi.openmetadata.commonservices.repositoryhandler,org.odpi.openmetadata.frameworks.auditlog,4,4,4,9,0,0,0,0,0,32,0,0,0,0
org.odpi.openmetadata.commonservices.repositoryhandler,org.odpi.openmetadata.frameworks.connectors,0,0,0,1,0,0,0,0,0,0,0,0,0,0
org.odpi.openmetadata.commonservices.repositoryhandler,org.odpi.openmetadata.frameworks.openmetadata.ffdc,19,1,0,29,0,209,0,0,29,0,0,0,0,0
org.odpi.openmetadata.commonservices.repositoryhandler,org.odpi.openmetadata.commonservices.ffdc,6,3,7,4,0,0,0,0,1,3,0,0,0,0
org.odpi.openmetadata.commonservices.repositoryhandler,org.odpi.openmetadata.repositoryservices.connectors.stores.metadatacollectionstore.properties,8,3,34,0,0,0,0,0,0,15,0,0,0,0
org.odpi.openmetadata.commonservices.repositoryhandler,org.odpi.openmetadata.repositoryservices.connectors.stores.metadatacollectionstore.properties.instances,10,107,99,387,30,0,0,0,4,84,0,0,0,0
org.odpi.openmetadata.commonservices.repositoryhandler,org.odpi.openmetadata.repositoryservices.connectors.stores.metadatacollectionstore,1,1,1,39,1,0,0,0,0,1,0,0,0,0
org.odpi.openmetadata.commonservices.repositoryhandler,org.odpi.openmetadata.repositoryservices.connectors.stores.metadatacollectionstore.properties.search,3,0,4,0,0,0,0,0,0,0,0,0,0,0
org.odpi.openmetadata.commonservices.repositoryhandler,org.odpi.openmetadata.repositoryservices.connectors.stores.metadatacollectionstore.repositoryconnector,4,3,5,10,0,0,0,0,0,4,0,0,0,0
org.odpi.openmetadata.commonservices.repositoryhandler,org.odpi.openmetadata.repositoryservices.ffdc.exception,3,0,0,0,0,0,0,0,0,0,1,0,0,0
org.odpi.openmetadata.commonservices.repositoryhandler,org.odpi.openmetadata.frameworks.openmetadata.types,1,0,0,0,0,0,0,0,0,2,0,0,0,0
org.odpi.openmetadata.commonservices.repositoryhandler,org.odpi.openmetadata.repositoryservices.connectors.stores.metadatacollectionstore.utilities,0,0,0,1,0,0,0,0,0,0,0,0,0,0
org.odpi.openmetadata.commonservices.repositoryhandler,org.odpi.openmetadata.frameworks.auditlog.messagesets,4,2,0,6,4,0,0,0,4,0,0,0,0,0
org.odpi.openmetadata.commonservices.repositoryhandler,org.odpi.openmetadata.repositoryservices.connectors.stores.metadatacollectionstore.properties.typedefs,3,1,0,0,0,0,0,0,0,8,1,0,0,0
org.odpi.openmetadata.accessservices.governanceprogram.fvt.clientconstructors,org.odpi.openmetadata.fvt.utilities,1,1,0,5,1,0,0,0,1,0,0,0,0,0
org.odpi.openmetadata.accessservices.governanceprogram.fvt.clientconstructors,org.odpi.openmetadata.fvt.utilities.auditlog,1,0,1,0,0,0,0,0,0,0,0,0,0,0
org.odpi.openmetadata.accessservices.governanceprogram.fvt.clientconstructors,org.odpi.openmetadata.frameworks.openmetadata.ffdc,1,0,0,0,0,9,0,0,0,0,0,0,0,0
org.odpi.openmetadata.accessservices.governanceprogram.fvt.clientconstructors,org.odpi.openmetadata.frameworks.auditlog,1,1,8,1,0,0,0,0,1,0,0,0,0,0
org.odpi.openmetadata.accessservices.governanceprogram.fvt.clientconstructors,org.odpi.openmetadata.adminservices.configuration.registration,1,0,0,0,0,0,0,0,0,5,0,0,0,0
org.odpi.openmetadata.frameworks.openwatchdog,org.odpi.openmetadata.frameworks.auditlog,5,3,2,7,1,0,1,0,1,2,0,0,0,0
org.odpi.openmetadata.frameworks.openwatchdog,org.odpi.openmetadata.frameworks.connectors,3,0,2,2,0,0,0,1,0,3,0,0,0,0
org.odpi.openmetadata.frameworks.openwatchdog,org.odpi.openmetadata.frameworks.openmetadata.refdata,2,1,2,0,1,0,0,0,0,1,0,0,0,0
org.odpi.openmetadata.frameworks.openwatchdog,org.odpi.openmetadata.frameworks.openmetadata.properties.governance,1,0,1,0,0,0,0,0,0,0,0,0,0,0
org.odpi.openmetadata.frameworks.openwatchdog,org.odpi.openmetadata.frameworks.openmetadata.types,1,0,0,0,0,0,0,0,0,2,0,0,0,0
org.odpi.openmetadata.frameworks.openwatchdog,org.odpi.openmetadata.frameworks.openmetadata.search,1,1,0,2,0,0,0,0,1,0,0,0,0,0
org.odpi.openmetadata.frameworks.openwatchdog,org.odpi.openmetadata.frameworks.openwatchdog.ffdc,2,0,0,0,0,0,0,0,0,8,0,0,0,0
org.odpi.openmetadata.frameworks.openwatchdog,org.odpi.openmetadata.frameworks.openmetadata.events,3,0,2,0,0,0,0,0,0,0,0,0,0,0
org.odpi.openmetadata.frameworks.openwatchdog,org.odpi.openmetadata.frameworks.openmetadata.ffdc,5,0,0,1,0,47,0,0,1,0,0,0,0,0
org.odpi.openmetadata.frameworks.openwatchdog,org.odpi.openmetadata.frameworks.openmetadata.properties.assets.processes.actions,1,1,7,2,1,0,0,0,1,0,0,0,0,0
org.odpi.openmetadata.frameworks.openwatchdog,org.odpi.openmetadata.frameworks.openmetadata.properties.assets.processes,0,0,0,4,0,0,0,0,0,0,0,0,0,0
org.odpi.openmetadata.frameworks.openwatchdog,org.odpi.openmetadata.frameworks.openmetadata.connectorcontext,1,0,0,21,0,0,0,1,0,29,0,0,0,0
org.odpi.openmetadata.frameworks.openwatchdog,org.odpi.openmetadata.frameworks.connectors.ffdc,1,0,0,2,0,3,0,0,2,0,0,0,0,0
org.odpi.openmetadata.frameworks.openwatchdog,org.odpi.openmetadata.frameworks.opengovernance.ffdc,2,0,0,0,0,2,0,0,0,0,0,0,0,0
org.odpi.openmetadata.frameworks.openwatchdog,org.odpi.openmetadata.frameworks.opengovernance,3,0,1,1,0,0,0,2,0,6,0,0,0,0
org.odpi.openmetadata.frameworks.openwatchdog,org.odpi.openmetadata.frameworks.opengovernance.handlers,1,1,0,10,0,0,0,0,1,1,0,0,0,0
org.odpi.openmetadata.frameworks.openwatchdog,org.odpi.openmetadata.frameworks.opengovernance.properties,1,1,2,10,0,0,0,0,0,2,0,0,0,0
org.odpi.openmetadata.frameworks.openwatchdog,org.odpi.openmetadata.frameworks.opengovernance.client,3,2,3,4,0,0,0,0,0,2,0,0,0,0
org.odpi.openmetadata.frameworks.openwatchdog,org.odpi.openmetadata.frameworks.openmetadata.client,1,0,1,0,0,0,0,0,0,0,0,0,0,0
org.odpi.openmetadata.frameworks.openwatchdog,org.odpi.openmetadata.frameworks.auditlog.messagesets,2,0,2,2,0,0,0,0,0,0,0,0,0,0
org.odpi.openmetadata.frameworks.openwatchdog,org.odpi.openmetadata.frameworks.openwatchdog.controls,0,0,0,6,0,0,0,0,0,6,0,0,0,0
org.odpi.openmetadata.frameworks.openwatchdog,org.odpi.openmetadata.frameworks.openmetadata.properties,2,0,0,4,0,0,0,0,0,0,0,0,0,0
org.odpi.openmetadata.frameworks.openwatchdog,org.odpi.openmetadata.frameworks.openmetadata.enums,2,0,2,0,0,0,0,0,0,26,0,0,0,0
org.odpi.openmetadata.frameworks.openwatchdog,org.odpi.openmetadata.frameworks.openmetadata.metadataelements,1,0,0,0,1,0,0,0,0,0,0,0,0,0
org.odpi.openmetadata.adapters.connectors.externalharvesters.harvestsurveys,org.odpi.openmetadata.adapters.connectors.externalharvesters.harvestsurveys.schema,2,0,2,3,0,0,0,0,0,437,0,0,0,0
org.odpi.openmetadata.adapters.connectors.externalharvesters.harvestsurveys,org.odpi.openmetadata.adapters.connectors.externalharvesters.harvestsurveys.ffdc,4,0,0,0,0,0,0,0,0,90,0,0,0,0
org.odpi.openmetadata.adapters.connectors.externalharvesters.harvestsurveys,org.odpi.openmetadata.adapters.connectors.resource.jdbc.properties,1,3,28,4,0,0,0,0,1,28,0,0,0,0
org.odpi.openmetadata.adapters.connectors.externalharvesters.harvestsurveys,org.odpi.openmetadata.adapters.connectors.resource.jdbc.ddl.postgres,1,1,0,2,0,0,0,0,1,0,0,0,0,0
org.odpi.openmetadata.adapters.connectors.externalharvesters.harvestsurveys,org.odpi.openmetadata.adapters.connectors.resource.jdbc.controls,1,0,0,0,0,0,0,0,0,2,0,0,0,0
org.odpi.openmetadata.adapters.connectors.externalharvesters.harvestsurveys,org.odpi.openmetadata.adapters.connectors.datastore.csvfile,1,0,0,0,0,0,0,0,0,0,2,0,0,0
org.odpi.openmetadata.adapters.connectors.externalharvesters.harvestsurveys,org.odpi.openmetadata.adapters.connectors.resource.jdbc,1,1,1,6,0,0,0,0,0,0,1,0,0,0
org.odpi.openmetadata.adapters.connectors.externalharvesters.harvestsurveys,org.odpi.openmetadata.adapters.connectors.postgres.controls,1,0,0,0,0,0,0,0,0,2,0,0,0,0
org.odpi.openmetadata.adapters.connectors.externalharvesters.harvestsurveys,org.odpi.openmetadata.adapters.connectors.unitycatalog.controls,1,0,0,0,0,0,0,0,0,2,0,0,0,0
org.odpi.openmetadata.adapters.connectors.externalharvesters.harvestsurveys,org.odpi.openmetadata.frameworks.connectors.properties.beans,1,1,0,6,0,0,0,0,1,1,0,0,0,0
org.odpi.openmetadata.adapters.connectors.externalharvesters.harvestsurveys,org.odpi.openmetadata.frameworks.integration.connectors,3,0,0,5,0,0,0,3,0,151,0,0,0,0
org.odpi.openmetadata.adapters.connectors.externalharvesters.harvestsurveys,org.odpi.openmetadata.frameworks.openmetadata.search,0,0,0,37,0,0,0,0,0,0,0,0,0,0
org.odpi.openmetadata.adapters.connectors.externalharvesters.harvestsurveys,org.odpi.openmetadata.frameworks.opensurvey.measurements,0,6,6,81,0,0,0,0,0,6,0,0,0,0
org.odpi.openmetadata.adapters.connectors.externalharvesters.harvestsurveys,org.odpi.openmetadata.frameworks.opensurvey.controls,3,0,0,0,0,0,0,0,0,14,0,0,0,0
org.odpi.openmetadata.adapters.connectors.externalharvesters.harvestsurveys,org.odpi.openmetadata.frameworks.openmetadata.types,3,0,0,0,0,0,0,0,0,92,0,0,0,0
org.odpi.openmetadata.adapters.connectors.externalharvesters.harvestsurveys,org.odpi.openmetadata.frameworks.auditlog,3,1,1,33,0,0,0,0,1,2,0,0,0,0
org.odpi.openmetadata.adapters.connectors.externalharvesters.harvestsurveys,org.odpi.openmetadata.frameworks.connectors,2,2,2,2,0,0,0,0,0,1,0,0,0,0
org.odpi.openmetadata.adapters.connectors.externalharvesters.harvestsurveys,org.odpi.openmetadata.frameworks.openmetadata.properties.assets.processes.connectors,0,0,0,2,0,0,0,0,0,0,0,0,0,0
org.odpi.openmetadata.adapters.connectors.externalharvesters.harvestsurveys,org.odpi.openmetadata.frameworks.openmetadata.metadataelements,0,0,0,53,0,0,0,0,0,0,0,0,0,0
org.odpi.openmetadata.adapters.connectors.externalharvesters.harvestsurveys,org.odpi.openmetadata.frameworks.integration.properties,1,0,0,1,1,0,0,0,0,0,0,0,0,0
org.odpi.openmetadata.adapters.connectors.externalharvesters.harvestsurveys,org.odpi.openmetadata.frameworks.integration.context,3,1,2,3,0,0,0,0,0,1,0,0,0,0
org.odpi.openmetadata.adapters.connectors.externalharvesters.harvestsurveys,org.odpi.openmetadata.frameworks.openmetadata.events,5,0,2,3,0,0,2,0,0,2,0,0,0,0
org.odpi.openmetadata.adapters.connectors.externalharvesters.harvestsurveys,org.odpi.openmetadata.frameworks.opengovernance.properties,2,0,2,0,0,0,0,0,0,0,0,0,0,0
org.odpi.openmetadata.adapters.connectors.externalharvesters.harvestsurveys,org.odpi.openmetadata.frameworks.connectors.ffdc,1,0,0,18,0,15,0,0,18,0,0,0,0,0
org.odpi.openmetadata.adapters.connectors.externalharvesters.harvestsurveys,org.odpi.openmetadata.frameworks.openmetadata.properties,3,25,44,118,0,0,0,0,0,19,0,0,0,0
org.odpi.openmetadata.adapters.connectors.externalharvesters.harvestsurveys,org.odpi.openmetadata.frameworks.openmetadata.connectorcontext,1,1,0,28,0,0,0,0,0,1,0,0,0,0
org.odpi.openmetadata.adapters.connectors.externalharvesters.harvestsurveys,org.odpi.openmetadata.frameworks.openmetadata.ffdc,3,0,0,0,0,4,0,0,0,0,0,0,0,0
org.odpi.openmetadata.engineservices.repositorygovernance.handlers,org.odpi.openmetadata.repositoryservices.clients,3,3,2,33,0,0,0,0,1,3,0,0,0,0
org.odpi.openmetadata.engineservices.repositorygovernance.handlers,org.odpi.openmetadata.frameworks.openmetadata.properties,1,0,0,3,0,0,0,0,0,0,0,0,0,0
org.odpi.openmetadata.engineservices.repositorygovernance.handlers,org.odpi.openmetadata.frameworks.opengovernance.properties,4,0,0,0,0,0,0,0,0,0,0,0,0,0
org.odpi.openmetadata.engineservices.repositorygovernance.handlers,org.odpi.openmetadata.frameworks.openmetadata.ffdc,8,0,0,3,0,66,0,0,3,0,0,0,0,0
org.odpi.openmetadata.engineservices.repositorygovernance.handlers,org.odpi.openmetadata.engineservices.repositorygovernance.connector,3,2,1,12,0,0,0,1,0,37,1,0,0,0
org.odpi.openmetadata.engineservices.repositorygovernance.handlers,org.odpi.openmetadata.engineservices.repositorygovernance.ffdc,3,0,0,0,0,0,0,0,0,16,0,0,0,0
org.odpi.openmetadata.engineservices.repositorygovernance.handlers,org.odpi.openmetadata.frameworks.connectors.ffdc,2,0,0,0,0,3,0,0,0,0,0,0,0,0
org.odpi.openmetadata.engineservices.repositorygovernance.handlers,org.odpi.openmetadata.governanceservers.enginehostservices.admin,4,1,1,16,1,0,0,2,0,32,0,0,0,0
org.odpi.openmetadata.engineservices.repositorygovernance.handlers,org.odpi.openmetadata.frameworks.auditlog,3,0,3,6,0,0,0,0,0,0,0,0,0,0
org.odpi.openmetadata.engineservices.repositorygovernance.handlers,org.odpi.openmetadata.adminservices.configuration.properties,2,0,2,6,0,0,0,0,0,0,0,0,0,0
org.odpi.openmetadata.engineservices.repositorygovernance.handlers,org.odpi.openmetadata.frameworkservices.gaf.client,5,0,5,0,0,0,0,0,0,0,0,0,0,0
org.odpi.openmetadata.engineservices.repositorygovernance.handlers,org.odpi.openmetadata.adminservices.configuration.registration,1,0,0,0,0,0,0,0,0,2,0,0,0,0
org.odpi.openmetadata.engineservices.repositorygovernance.handlers,org.odpi.openmetadata.frameworks.connectors,1,0,1,0,0,0,0,0,0,0,0,0,0,0
org.odpi.openmetadata.engineservices.repositorygovernance.handlers,org.odpi.openmetadata.repositoryservices.ffdc.exception,10,0,0,0,0,82,0,0,0,0,0,0,0,0
org.odpi.openmetadata.engineservices.repositorygovernance.handlers,org.odpi.openmetadata.repositoryservices.connectors.omrstopic,1,0,1,0,0,0,0,0,0,0,0,0,0,0
org.odpi.openmetadata.engineservices.repositorygovernance.handlers,org.odpi.openmetadata.repositoryservices.connectors.stores.metadatacollectionstore.properties.typedefs,6,0,3,0,6,0,0,0,0,0,0,0,0,0
org.odpi.openmetadata.engineservices.repositorygovernance.handlers,org.odpi.openmetadata.repositoryservices.connectors.stores.metadatacollectionstore.properties.instances,5,0,3,0,7,0,0,0,0,0,0,0,0,0
org.odpi.openmetadata.engineservices.repositorygovernance.handlers,org.odpi.openmetadata.repositoryservices.connectors.stores.metadatacollectionstore.properties.search,3,0,4,0,0,0,0,0,0,0,0,0,0,0
org.odpi.openmetadata.engineservices.repositorygovernance.handlers,org.odpi.openmetadata.repositoryservices.connectors.stores.metadatacollectionstore.properties,3,0,13,0,0,0,0,0,0,0,0,0,0,0
org.odpi.openmetadata.engineservices.repositorygovernance.handlers,org.odpi.openmetadata.frameworks.openmetadata.refdata,2,3,1,1,1,0,0,0,0,3,0,0,0,0
org.odpi.openmetadata.engineservices.repositorygovernance.handlers,org.odpi.openmetadata.governanceservers.enginehostservices.registration,1,0,0,0,0,0,0,1,0,0,0,0,0,0
org.odpi.openmetadata.engineservices.repositorygovernance.handlers,org.odpi.openmetadata.frameworks.openmetadata.properties.softwarecapabilities,1,0,1,0,0,0,0,0,0,0,0,0,0,0
org.odpi.openmetadata.viewservices.locationarena.server.spring,org.odpi.openmetadata.commonservices.ffdc.rest,0,0,13,0,13,0,0,0,0,0,0,0,0,0
org.odpi.openmetadata.viewservices.locationarena.server.spring,org.odpi.openmetadata.viewservices.locationarena.server,1,1,0,14,0,0,0,0,1,0,0,0,0,0
org.odpi.openmetadata.samples.archiveutilities.clinicaltrialtemplates,org.odpi.openmetadata.samples.archiveutilities.governanceprogram,4,0,0,1,0,0,0,0,1,14,0,0,0,0
org.odpi.openmetadata.samples.archiveutilities.clinicaltrialtemplates,org.odpi.openmetadata.samples.governanceactions.clinicaltrials,1,1,0,4,0,0,0,0,0,45,0,0,0,0
org.odpi.openmetadata.samples.archiveutilities.clinicaltrialtemplates,org.odpi.openmetadata.samples.archiveutilities,1,0,0,69,0,0,0,1,0,66,0,0,0,0
org.odpi.openmetadata.samples.archiveutilities.clinicaltrialtemplates,org.odpi.openmetadata.contentpacks.core.core,1,0,0,1,0,0,0,0,1,0,0,0,0,0
org.odpi.openmetadata.samples.archiveutilities.clinicaltrialtemplates,org.odpi.openmetadata.frameworks.openmetadata.controls,1,0,0,0,0,0,0,0,0,24,0,0,0,0
org.odpi.openmetadata.samples.archiveutilities.clinicaltrialtemplates,org.odpi.openmetadata.frameworks.connectors,1,2,0,2,0,0,0,0,0,0,0,0,0,0
org.odpi.openmetadata.samples.archiveutilities.clinicaltrialtemplates,org.odpi.openmetadata.frameworks.connectors.properties.beans,0,0,0,2,0,0,0,0,0,0,0,0,0,0
org.odpi.openmetadata.samples.archiveutilities.clinicaltrialtemplates,org.odpi.openmetadata.frameworks.openmetadata.refdata,2,0,0,0,0,0,0,0,0,50,0,0,0,0
org.odpi.openmetadata.samples.archiveutilities.clinicaltrialtemplates,org.odpi.openmetadata.frameworks.openmetadata.types,2,0,0,0,0,0,0,0,0,78,0,0,0,0
org.odpi.openmetadata.samples.archiveutilities.clinicaltrialtemplates,org.odpi.openmetadata.repositoryservices.connectors.stores.archivestore.properties,1,0,0,1,0,0,0,0,1,0,0,0,0,0
org.odpi.openmetadata.samples.archiveutilities.clinicaltrialtemplates,org.odpi.openmetadata.repositoryservices.connectors.stores.metadatacollectionstore.properties.instances,1,0,3,0,0,0,0,0,0,3,0,0,0,0
org.odpi.openmetadata.samples.archiveutilities.clinicaltrialtemplates,org.odpi.openmetadata.adapters.connectors.datastore.csvfile,1,0,0,2,0,0,0,0,2,0,0,0,0,0
org.odpi.openmetadata.contentpacks.core.apacheatlas,org.odpi.openmetadata.adapters.connectors.controls,1,1,0,0,0,0,0,0,0,7,0,0,0,0
org.odpi.openmetadata.contentpacks.core.apacheatlas,org.odpi.openmetadata.adapters.connectors.apacheatlas.integration,1,0,0,1,0,0,0,0,1,0,0,0,0,0
org.odpi.openmetadata.contentpacks.core.apacheatlas,org.odpi.openmetadata.adapters.connectors.apacheatlas.resource,1,0,0,1,0,0,0,0,1,0,0,0,0,0
org.odpi.openmetadata.contentpacks.core.apacheatlas,org.odpi.openmetadata.frameworks.opensurvey.controls,3,0,0,0,0,0,0,0,0,0,0,0,0,0
org.odpi.openmetadata.contentpacks.core.apacheatlas,org.odpi.openmetadata.repositoryservices.connectors.stores.archivestore.properties,1,0,0,1,0,0,0,0,1,0,0,0,0,0
org.odpi.openmetadata.contentpacks.core.apacheatlas,org.odpi.openmetadata.adapters.connectors.apacheatlas.survey.controls,1,1,0,0,0,0,0,0,0,1,0,0,0,0
org.odpi.openmetadata.contentpacks.core.apacheatlas,org.odpi.openmetadata.contentpacks.core,4,0,0,0,0,0,0,0,0,42,0,0,0,0
org.odpi.openmetadata.contentpacks.core.apacheatlas,org.odpi.openmetadata.samples.archiveutilities,0,0,0,6,0,0,0,0,0,4,0,0,0,0
org.odpi.openmetadata.contentpacks.core.apacheatlas,org.odpi.openmetadata.contentpacks.core.base,1,0,0,14,0,0,0,1,0,5,0,0,0,0
org.odpi.openmetadata.contentpacks.core.apacheatlas,org.odpi.openmetadata.contentpacks.core.core,1,0,0,1,0,0,0,0,1,0,0,0,0,0
org.odpi.openmetadata.viewservices.runtimemanager.server,org.odpi.openmetadata.adminservices.configuration.registration,5,3,0,5,0,0,0,0,1,8,0,0,0,0
org.odpi.openmetadata.viewservices.runtimemanager.server,org.odpi.openmetadata.viewservices.runtimemanager.admin,1,0,0,0,0,0,0,0,0,1,0,0,0,0
org.odpi.openmetadata.viewservices.runtimemanager.server,org.odpi.openmetadata.adminservices.registration,1,0,0,1,0,0,0,0,0,1,0,0,0,0
org.odpi.openmetadata.viewservices.runtimemanager.server,org.odpi.openmetadata.frameworks.openmetadata.types,1,0,0,0,0,0,0,0,0,4,0,0,0,0
org.odpi.openmetadata.viewservices.runtimemanager.server,org.odpi.openmetadata.frameworks.openmetadata.properties.softwarecapabilities,2,0,0,0,0,0,0,0,0,3,3,0,0,0
org.odpi.openmetadata.viewservices.runtimemanager.server,org.odpi.openmetadata.governanceservers.integrationdaemonservices.rest,1,0,1,3,0,0,0,0,0,0,0,0,0,0
org.odpi.openmetadata.viewservices.runtimemanager.server,org.odpi.openmetadata.repositoryservices.connectors.stores.archivestore.properties,1,0,1,0,0,0,0,0,0,0,0,0,0,0
org.odpi.openmetadata.viewservices.runtimemanager.server,org.odpi.openmetadata.frameworkservices.ocf.metadatamanagement.client,1,0,0,1,0,0,0,0,1,1,0,0,0,0
org.odpi.openmetadata.viewservices.runtimemanager.server,org.odpi.openmetadata.frameworkservices.omf.client,1,0,0,1,0,0,0,0,1,1,0,0,0,0
org.odpi.openmetadata.viewservices.runtimemanager.server,org.odpi.openmetadata.frameworks.openmetadata.handlers,6,20,0,24,6,0,0,0,3,3,0,0,0,0
org.odpi.openmetadata.viewservices.runtimemanager.server,org.odpi.openmetadata.frameworks.openmetadata.ffdc,4,0,0,0,0,16,0,0,0,0,0,0,0,0
org.odpi.openmetadata.viewservices.runtimemanager.server,org.odpi.openmetadata.frameworks.openmetadata.client,2,1,0,0,2,0,0,0,0,0,0,0,0,0
org.odpi.openmetadata.viewservices.runtimemanager.server,org.odpi.openmetadata.frameworks.openmetadata.properties.assets,1,0,0,0,0,0,0,0,0,2,2,0,0,0
org.odpi.openmetadata.viewservices.runtimemanager.server,org.odpi.openmetadata.frameworks.connectors.client,3,23,0,22,2,0,0,0,0,0,0,0,0,0
org.odpi.openmetadata.viewservices.runtimemanager.server,org.odpi.openmetadata.commonservices.multitenant,2,0,0,82,0,0,0,2,0,0,0,0,0,0
org.odpi.openmetadata.viewservices.runtimemanager.server,org.odpi.openmetadata.frameworks.auditlog,2,37,1,0,0,0,0,0,0,37,0,0,0,0
org.odpi.openmetadata.viewservices.runtimemanager.server,org.odpi.openmetadata.commonservices.ffdc.rest,0,34,21,75,34,0,0,0,34,0,0,0,0,0
org.odpi.openmetadata.viewservices.runtimemanager.server,org.odpi.openmetadata.commonservices.ffdc,3,39,0,180,0,0,0,0,2,0,0,0,0,0
org.odpi.openmetadata.viewservices.runtimemanager.server,org.odpi.openmetadata.frameworks.connectors,1,22,0,0,0,0,0,0,0,0,0,0,0,0
org.odpi.openmetadata.viewservices.runtimemanager.server,org.odpi.openmetadata.frameworks.connectors.properties.beans,1,0,1,0,0,0,0,0,0,0,0,0,0,0
org.odpi.openmetadata.viewservices.runtimemanager.server,org.odpi.openmetadata.frameworks.openmetadata.metadataelements,2,4,5,7,0,0,0,0,0,4,0,0,0,0
org.odpi.openmetadata.viewservices.runtimemanager.server,org.odpi.openmetadata.tokencontroller,1,0,0,37,0,0,0,1,0,37,0,0,0,0
org.odpi.openmetadata.viewservices.runtimemanager.server,org.odpi.openmetadata.serveroperations.rest,1,1,0,2,1,0,0,0,1,0,0,0,0,0
org.odpi.openmetadata.viewservices.runtimemanager.server,org.odpi.openmetadata.adapters.connectors.egeriainfrastructure.servers,4,0,0,0,0,0,0,0,0,20,20,0,0,0
org.odpi.openmetadata.viewservices.runtimemanager.server,org.odpi.openmetadata.adapters.connectors.egeriainfrastructure.platform,1,0,0,0,0,0,0,0,0,0,2,0,0,0
org.odpi.openmetadata.viewservices.runtimemanager.server,org.odpi.openmetadata.viewservices.runtimemanager.rest,2,2,0,4,2,0,0,0,2,0,0,0,0,0
org.odpi.openmetadata.frameworks.openmetadata.properties.digitalbusiness,org.odpi.openmetadata.frameworks.openmetadata.types,15,0,0,0,0,0,0,0,0,36,0,0,0,0
org.odpi.openmetadata.frameworks.openmetadata.properties.digitalbusiness,org.odpi.openmetadata.frameworks.openmetadata.properties.collections,5,0,0,23,0,0,0,5,0,16,0,0,0,0
org.odpi.openmetadata.frameworks.openmetadata.properties.digitalbusiness,org.odpi.openmetadata.frameworks.openmetadata.properties,8,0,0,31,0,0,0,7,0,42,0,0,0,0
org.odpi.openmetadata.frameworks.openmetadata.properties.digitalbusiness,org.odpi.openmetadata.frameworks.openmetadata.enums,2,2,2,0,2,0,0,0,0,4,0,0,0,0
org.odpi.openmetadata.frameworks.openmetadata.properties.digitalbusiness,org.odpi.openmetadata.frameworks.openmetadata.properties.lineage,1,0,0,3,0,0,0,1,0,2,0,0,0,0
org.odpi.openmetadata.governanceservers.integrationdaemonservices.client,org.odpi.openmetadata.governanceservers.integrationdaemonservices.rest,3,7,0,7,3,0,0,0,1,3,0,0,0,0
org.odpi.openmetadata.governanceservers.integrationdaemonservices.client,org.odpi.openmetadata.frameworks.openmetadata.ffdc,6,0,0,0,0,61,0,0,0,0,0,0,0,0
org.odpi.openmetadata.governanceservers.integrationdaemonservices.client,org.odpi.openmetadata.frameworks.connectors.properties.beans,1,0,1,0,0,0,0,0,0,0,0,0,0,0
org.odpi.openmetadata.governanceservers.integrationdaemonservices.client,org.odpi.openmetadata.frameworks.auditlog,2,0,4,0,0,0,0,0,0,0,0,0,0,0
org.odpi.openmetadata.governanceservers.integrationdaemonservices.client,org.odpi.openmetadata.frameworks.connectors,2,0,0,0,0,0,0,0,0,0,0,0,0,0
org.odpi.openmetadata.governanceservers.integrationdaemonservices.client,org.odpi.openmetadata.commonservices.ffdc.rest,6,6,0,23,1,0,0,1,5,5,0,0,0,0
org.odpi.openmetadata.governanceservers.integrationdaemonservices.client,org.odpi.openmetadata.commonservices.ffdc,1,1,0,10,0,0,0,0,1,0,0,0,0,0
org.odpi.openmetadata.governanceservers.integrationdaemonservices.client,org.odpi.openmetadata.commonservices.ffdc.properties,1,0,0,0,1,0,0,0,0,0,0,0,0,0
org.odpi.openmetadata.governanceservers.integrationdaemonservices.client,org.odpi.openmetadata.governanceservers.integrationdaemonservices.properties,2,0,0,0,2,0,0,0,0,0,0,0,0,0
org.odpi.openmetadata.adapters.repositoryservices.archiveconnector.directory,org.odpi.openmetadata.frameworks.connectors.ffdc,2,0,0,1,0,4,0,0,1,0,0,0,0,0
org.odpi.openmetadata.adapters.repositoryservices.archiveconnector.directory,org.odpi.openmetadata.repositoryservices.connectors.stores.metadatacollectionstore.properties,3,0,3,2,1,0,0,0,0,6,0,0,0,0
org.odpi.openmetadata.adapters.repositoryservices.archiveconnector.directory,org.odpi.openmetadata.frameworks.auditlog,3,3,3,8,0,0,0,0,0,3,0,0,0,0
org.odpi.openmetadata.adapters.repositoryservices.archiveconnector.directory,org.odpi.openmetadata.frameworks.connectors,0,0,0,3,0,0,0,0,0,0,0,0,0,0
org.odpi.openmetadata.adapters.repositoryservices.archiveconnector.directory,org.odpi.openmetadata.frameworks.connectors.properties.beans,2,1,1,4,0,0,0,0,0,0,0,0,0,0
org.odpi.openmetadata.adapters.repositoryservices.archiveconnector.directory,org.odpi.openmetadata.adapters.repositoryservices.archiveconnector.directory.ffdc,5,0,0,0,0,0,0,0,0,24,0,0,0,0
org.odpi.openmetadata.adapters.repositoryservices.archiveconnector.directory,org.odpi.openmetadata.frameworks.openmetadata.ffdc,1,0,0,0,0,1,0,0,0,0,0,0,0,0
org.odpi.openmetadata.adapters.repositoryservices.archiveconnector.directory,org.odpi.openmetadata.repositoryservices.connectors.stores.archivestore,3,0,0,1,0,0,1,2,0,12,0,0,0,0
org.odpi.openmetadata.adapters.repositoryservices.archiveconnector.directory,org.odpi.openmetadata.adapters.connectors,1,0,0,0,0,0,0,0,0,2,0,0,0,0
org.odpi.openmetadata.adapters.repositoryservices.archiveconnector.directory,org.odpi.openmetadata.repositoryservices.connectors.stores.metadatacollectionstore.properties.instances,11,22,9,31,6,0,0,0,10,10,15,0,0,0
org.odpi.openmetadata.adapters.repositoryservices.archiveconnector.directory,org.odpi.openmetadata.repositoryservices.connectors.stores.archivestore.properties,6,7,3,30,5,0,0,0,3,1,0,0,0,0
org.odpi.openmetadata.adapters.repositoryservices.archiveconnector.directory,org.odpi.openmetadata.repositoryservices.connectors.stores.metadatacollectionstore.properties.typedefs,23,17,17,20,8,0,0,0,0,6,27,0,0,0
org.odpi.openmetadata.adapters.repositoryservices.archiveconnector.directory,org.odpi.openmetadata.repositoryservices.archiveutilities,1,1,0,19,0,0,0,0,3,3,0,0,0,0
org.odpi.openmetadata.adapters.repositoryservices.archiveconnector.directory,org.odpi.openmetadata.repositoryservices.ffdc.exception,2,0,0,3,0,1,0,0,3,0,0,0,0,0
org.odpi.openmetadata.repositoryservices.rest.server,org.odpi.openmetadata.repositoryservices.rest.properties,7,102,107,543,102,0,0,0,102,0,0,0,0,0
org.odpi.openmetadata.repositoryservices.rest.server,org.odpi.openmetadata.frameworks.auditlog,7,107,6,10,0,0,0,0,2,103,0,0,0,0
org.odpi.openmetadata.repositoryservices.rest.server,org.odpi.openmetadata.frameworks.auditlog.messagesets,2,3,0,15,0,0,0,0,0,0,0,0,0,0
org.odpi.openmetadata.repositoryservices.rest.server,org.odpi.openmetadata.commonservices.ffdc,6,105,0,216,0,0,0,0,3,8,0,0,0,0
org.odpi.openmetadata.repositoryservices.rest.server,org.odpi.openmetadata.frameworks.openmetadata.ffdc,10,0,9,22,0,6,0,0,0,6,7,0,0,0
org.odpi.openmetadata.repositoryservices.rest.server,org.odpi.openmetadata.frameworks.connectors.properties.beans,1,0,1,0,0,0,0,0,0,0,0,0,0,0
org.odpi.openmetadata.repositoryservices.rest.server,org.odpi.openmetadata.repositoryservices.ffdc.exception,2,0,1,3,0,3,0,0,3,0,2,0,0,0
org.odpi.openmetadata.repositoryservices.rest.server,org.odpi.openmetadata.repositoryservices.ffdc,5,0,0,0,0,0,0,0,0,12,0,0,0,0
org.odpi.openmetadata.repositoryservices.rest.server,org.odpi.openmetadata.repositoryservices.rest.services,7,9,1,121,0,0,0,0,5,1,0,0,0,0
org.odpi.openmetadata.repositoryservices.rest.server,org.odpi.openmetadata.tokencontroller,2,0,0,9,0,0,0,2,0,9,0,0,0,0
org.odpi.openmetadata.repositoryservices.rest.server,org.odpi.openmetadata.adminservices.configuration.registration,3,0,0,0,0,0,0,0,0,6,0,0,0,0
org.odpi.openmetadata.repositoryservices.rest.server,org.odpi.openmetadata.commonservices.multitenant,0,0,0,12,0,0,0,0,0,0,0,0,0,0
org.odpi.openmetadata.repositoryservices.rest.server,org.odpi.openmetadata.repositoryservices.connectors.stores.metadatacollectionstore.properties.instances,0,15,34,3,0,0,0,0,1,48,0,0,0,0
org.odpi.openmetadata.repositoryservices.rest.server,org.odpi.openmetadata.repositoryservices.connectors.stores.metadatacollectionstore,1,93,0,100,1,0,0,0,0,2,0,0,0,0
org.odpi.openmetadata.repositoryservices.rest.server,org.odpi.openmetadata.repositoryservices.connectors.stores.metadatacollectionstore.properties,3,22,0,0,0,0,0,0,0,28,0,0,0,0
org.odpi.openmetadata.repositoryservices.rest.server,org.odpi.openmetadata.repositoryservices.connectors.stores.metadatacollectionstore.properties.typedefs,0,8,3,15,0,0,0,0,1,7,0,0,0,0
org.odpi.openmetadata.repositoryservices.rest.server,org.odpi.openmetadata.repositoryservices.connectors.stores.metadatacollectionstore.properties.search,3,8,0,0,0,0,0,0,0,8,0,0,0,0
org.odpi.openmetadata.repositoryservices.rest.server,org.odpi.openmetadata.repositoryservices.connectors.stores.metadatacollectionstore.repositoryconnector,1,0,1,0,0,0,0,0,0,0,0,0,0,0
org.odpi.openmetadata.repositoryservices.rest.server,org.odpi.openmetadata.repositoryservices.metadatahighway,2,8,1,7,1,0,0,0,0,1,0,0,0,0
org.odpi.openmetadata.repositoryservices.rest.server,org.odpi.openmetadata.repositoryservices.localrepository.repositoryconnector,1,0,1,0,0,0,0,0,0,0,0,0,0,0
org.odpi.openmetadata.repositoryservices.rest.server,org.odpi.openmetadata.repositoryservices.auditlog,1,0,0,0,0,0,0,0,0,0,1,0,0,0
org.odpi.openmetadata.frameworks.openmetadata.enums,org.odpi.openmetadata.frameworks.openmetadata.mapper,14,0,0,13,0,0,0,0,0,0,0,0,0,0
org.odpi.openmetadata.frameworks.openmetadata.enums,org.odpi.openmetadata.frameworks.openmetadata.types,42,0,0,0,0,0,0,0,0,82,0,0,0,0
org.odpi.openmetadata.viewservices.assetcatalog.server,org.odpi.openmetadata.frameworkservices.omf.client,1,0,0,1,0,0,0,0,1,1,0,0,0,0
org.odpi.openmetadata.viewservices.assetcatalog.server,org.odpi.openmetadata.viewservices.assetcatalog.admin,1,0,0,0,0,0,0,0,0,1,0,0,0,0
org.odpi.openmetadata.viewservices.assetcatalog.server,org.odpi.openmetadata.frameworks.openmetadata.search,1,0,0,0,0,0,0,0,0,0,0,0,0,0
org.odpi.openmetadata.viewservices.assetcatalog.server,org.odpi.openmetadata.frameworks.auditlog,2,5,1,0,0,0,0,0,0,5,0,0,0,0
org.odpi.openmetadata.viewservices.assetcatalog.server,org.odpi.openmetadata.commonservices.multitenant,2,0,0,15,0,0,0,2,0,2,0,0,0,0
org.odpi.openmetadata.viewservices.assetcatalog.server,org.odpi.openmetadata.frameworks.openmetadata.properties,2,3,1,8,0,0,0,0,0,0,0,0,0,0
org.odpi.openmetadata.viewservices.assetcatalog.server,org.odpi.openmetadata.frameworks.openmetadata.handlers,3,5,0,7,2,0,0,0,1,1,0,0,0,0
org.odpi.openmetadata.viewservices.assetcatalog.server,org.odpi.openmetadata.frameworks.openmetadata.ffdc,6,0,0,0,0,15,0,0,0,0,0,0,0,0
org.odpi.openmetadata.viewservices.assetcatalog.server,org.odpi.openmetadata.frameworks.openmetadata.client,1,1,0,2,0,0,0,0,0,0,0,0,0,0
org.odpi.openmetadata.viewservices.assetcatalog.server,org.odpi.openmetadata.commonservices.ffdc.rest,0,4,4,13,4,0,0,0,4,0,0,0,0,0
org.odpi.openmetadata.viewservices.assetcatalog.server,org.odpi.openmetadata.commonservices.ffdc,3,7,0,23,0,0,0,0,2,0,0,0,0,0
org.odpi.openmetadata.viewservices.assetcatalog.server,org.odpi.openmetadata.frameworks.openmetadata.types,1,0,0,0,0,0,0,0,0,2,0,0,0,0
org.odpi.openmetadata.viewservices.assetcatalog.server,org.odpi.openmetadata.viewservices.assetcatalog.rest,3,3,4,8,2,0,0,0,2,4,0,0,0,0
org.odpi.openmetadata.viewservices.assetcatalog.server,org.odpi.openmetadata.tokencontroller,1,0,0,5,0,0,0,1,0,5,0,0,0,0
org.odpi.openmetadata.viewservices.assetcatalog.server,org.odpi.openmetadata.adminservices.configuration.registration,5,3,0,3,0,0,0,0,1,8,0,0,0,0
org.odpi.openmetadata.viewservices.assetcatalog.server,org.odpi.openmetadata.adminservices.registration,1,0,0,1,0,0,0,0,0,1,0,0,0,0
org.odpi.openmetadata.engineservices.surveyaction.ffdc,org.odpi.openmetadata.frameworks.auditlog.messagesets,4,2,0,6,4,0,0,0,4,0,0,0,0,0
org.odpi.openmetadata.engineservices.surveyaction.ffdc,org.odpi.openmetadata.frameworks.auditlog,1,1,1,0,0,0,0,0,0,25,0,0,0,0
org.odpi.openmetadata.repositoryservices.admin,org.odpi.openmetadata.repositoryservices.ffdc.exception,3,0,0,13,0,3,0,0,13,0,0,0,0,0
org.odpi.openmetadata.repositoryservices.admin,org.odpi.openmetadata.repositoryservices.ffdc,2,0,0,0,0,0,0,0,0,74,0,0,0,0
org.odpi.openmetadata.repositoryservices.admin,org.odpi.openmetadata.repositoryservices.connectors.stores.metadatacollectionstore.repositoryeventmapper,1,0,0,0,1,0,0,0,0,0,1,0,0,0
org.odpi.openmetadata.repositoryservices.admin,org.odpi.openmetadata.repositoryservices.connectors.stores.metadatacollectionstore.repositoryconnector,1,0,0,1,1,0,0,0,0,0,0,0,0,0
org.odpi.openmetadata.repositoryservices.admin,org.odpi.openmetadata.repositoryservices.connectors.stores.auditlogstore,1,0,1,0,1,0,0,0,0,1,1,0,0,0
org.odpi.openmetadata.repositoryservices.admin,org.odpi.openmetadata.repositoryservices.connectors.stores.archivestore,2,0,2,0,1,0,0,0,0,1,1,0,0,0
org.odpi.openmetadata.repositoryservices.admin,org.odpi.openmetadata.repositoryservices.auditlog,3,1,0,4,0,0,0,0,2,30,0,0,0,0
org.odpi.openmetadata.repositoryservices.admin,org.odpi.openmetadata.repositoryservices.connectors.omrstopic,1,4,1,1,4,0,0,0,0,4,1,0,0,0
org.odpi.openmetadata.repositoryservices.admin,org.odpi.openmetadata.adapters.repositoryservices,1,1,0,13,0,0,0,0,1,0,0,0,0,0
org.odpi.openmetadata.repositoryservices.admin,org.odpi.openmetadata.repositoryservices.eventmanagement,3,3,0,8,0,0,0,0,5,1,0,0,0,0
org.odpi.openmetadata.repositoryservices.admin,org.odpi.openmetadata.repositoryservices.localrepository.repositoryconnector,2,4,2,17,2,0,0,0,1,2,1,0,0,0
org.odpi.openmetadata.repositoryservices.admin,org.odpi.openmetadata.repositoryservices.localrepository.repositorycontentmanager,3,1,2,4,0,0,0,0,4,1,0,0,0,0
org.odpi.openmetadata.repositoryservices.admin,org.odpi.openmetadata.repositoryservices.metadatahighway,1,2,0,4,1,0,0,0,1,1,0,0,0,0
org.odpi.openmetadata.repositoryservices.admin,org.odpi.openmetadata.repositoryservices.rest.server,1,0,0,3,0,0,0,0,0,3,0,0,0,0
org.odpi.openmetadata.repositoryservices.admin,org.odpi.openmetadata.repositoryservices.archivemanager,1,1,0,6,1,0,0,0,1,1,0,0,0,0
org.odpi.openmetadata.repositoryservices.admin,org.odpi.openmetadata.repositoryservices.enterprise.connectormanager,2,2,1,4,2,0,0,0,2,3,0,0,0,0
org.odpi.openmetadata.repositoryservices.admin,org.odpi.openmetadata.repositoryservices.enterprise.repositoryconnector,3,2,0,5,0,0,0,0,2,0,1,0,0,0
org.odpi.openmetadata.repositoryservices.admin,org.odpi.openmetadata.adminservices.configuration.properties,4,11,11,63,14,0,0,0,4,23,0,0,0,0
org.odpi.openmetadata.repositoryservices.admin,org.odpi.openmetadata.repositoryservices.connectors.stores.metadatacollectionstore.properties.typedefs,1,0,0,0,0,0,0,0,0,0,0,0,0,0
org.odpi.openmetadata.repositoryservices.admin,org.odpi.openmetadata.frameworks.connectors.properties.beans,2,5,7,0,1,0,0,0,0,3,0,0,0,0
org.odpi.openmetadata.repositoryservices.admin,org.odpi.openmetadata.frameworks.connectors,2,9,0,11,0,0,0,0,4,0,0,0,0,0
org.odpi.openmetadata.repositoryservices.admin,org.odpi.openmetadata.frameworks.auditlog,2,1,1,35,1,0,0,0,0,0,0,0,0,0
org.odpi.openmetadata.repositoryservices.admin,org.odpi.openmetadata.metadatasecurity.server,1,0,1,0,0,0,0,0,0,0,0,0,0,0
org.odpi.openmetadata.repositoryservices.admin,org.odpi.openmetadata.frameworks.openmetadata.ffdc,2,0,0,2,0,3,0,0,2,0,0,0,0,0
org.odpi.openmetadata.commonservices.ffdc.rest,org.odpi.openmetadata.frameworks.openmetadata.search,33,0,9,95,0,0,0,21,0,53,0,0,0,0
org.odpi.openmetadata.commonservices.ffdc.rest,org.odpi.openmetadata.frameworks.openmetadata.ffdc,5,0,0,3,0,36,0,0,3,0,0,0,0,0
org.odpi.openmetadata.commonservices.ffdc.rest,org.odpi.openmetadata.frameworks.openmetadata.reports,2,1,2,0,1,0,0,0,0,2,0,0,0,0
org.odpi.openmetadata.commonservices.ffdc.rest,org.odpi.openmetadata.frameworks.openmetadata.metadataelements,12,4,10,0,4,0,0,0,0,10,0,0,0,0
org.odpi.openmetadata.commonservices.ffdc.rest,org.odpi.openmetadata.frameworks.connectors,2,0,0,0,0,0,0,0,0,0,0,0,0,0
org.odpi.openmetadata.commonservices.ffdc.rest,org.odpi.openmetadata.frameworks.auditlog,3,2,5,1,1,0,0,0,0,3,0,0,0,0
org.odpi.openmetadata.commonservices.ffdc.rest,org.odpi.openmetadata.frameworks.openmetadata.enums,9,0,9,0,0,0,0,0,0,9,0,0,0,0
org.odpi.openmetadata.commonservices.ffdc.rest,org.odpi.openmetadata.frameworks.connectors.controls,1,0,0,0,0,0,0,0,0,2,0,0,0,0
org.odpi.openmetadata.commonservices.ffdc.rest,org.odpi.openmetadata.frameworks.openmetadata.properties,20,13,20,0,13,0,0,0,0,20,0,0,0,0
org.odpi.openmetadata.commonservices.ffdc.rest,org.odpi.openmetadata.commonservices.ffdc,3,1,0,8,0,0,0,0,1,8,0,0,0,0
org.odpi.openmetadata.commonservices.ffdc.rest,org.odpi.openmetadata.frameworks.auditlog.requestid,1,0,0,0,0,0,0,1,0,0,0,0,0,0
org.odpi.openmetadata.commonservices.ffdc.rest,org.odpi.openmetadata.metadatasecurity.properties,6,6,6,3,6,0,0,0,0,6,0,0,0,0
org.odpi.openmetadata.commonservices.ffdc.rest,org.odpi.openmetadata.frameworks.openmetadata.properties.governance.governanceactions,2,0,0,0,0,0,0,0,0,0,0,0,0,0
org.odpi.openmetadata.commonservices.ffdc.rest,org.odpi.openmetadata.frameworks.connectors.properties.beans,2,2,3,2,2,0,0,0,0,3,0,0,0,0
org.odpi.openmetadata.commonservices.ffdc.rest,org.odpi.openmetadata.frameworks.openmetadata.properties.assets.processes.actions,1,1,1,0,1,0,0,0,0,1,0,0,0,0
org.odpi.openmetadata.commonservices.ffdc.rest,org.odpi.openmetadata.frameworks.openmetadata.properties.externalidentifiers,2,2,2,0,2,0,0,0,0,2,0,0,0,0
org.odpi.openmetadata.commonservices.ffdc.rest,org.odpi.openmetadata.frameworks.connectors.tabulardatasets,1,1,1,0,1,0,0,0,0,1,0,0,0,0
org.odpi.openmetadata.commonservices.ffdc.rest,org.odpi.openmetadata.commonservices.ffdc.properties,1,1,1,0,1,0,0,0,0,1,0,0,0,0
org.odpi.openmetadata.commonservices.ffdc.rest,org.odpi.openmetadata.adapters.connectors.restclients.factory,1,2,0,4,0,0,0,0,2,0,0,0,0,0
org.odpi.openmetadata.commonservices.ffdc.rest,org.odpi.openmetadata.adapters.connectors.restclients.spring,1,4,0,0,0,0,0,0,0,0,4,0,0,0
org.odpi.openmetadata.commonservices.ffdc.rest,org.odpi.openmetadata.adapters.connectors.restclients,1,1,0,10,0,0,0,0,0,2,0,0,0,0
org.odpi.openmetadata.repositoryservices.enterprise.repositoryconnector.executors,org.odpi.openmetadata.frameworks.auditlog,24,0,28,0,0,0,0,0,0,0,0,0,0,0
org.odpi.openmetadata.repositoryservices.enterprise.repositoryconnector.executors,org.odpi.openmetadata.repositoryservices.enterprise.repositoryconnector.accumulators,28,23,19,370,0,0,0,0,28,28,0,0,0,0
org.odpi.openmetadata.repositoryservices.enterprise.repositoryconnector.executors,org.odpi.openmetadata.repositoryservices.enterprise.repositoryconnector,7,0,7,0,0,0,0,0,0,0,0,0,0,0
org.odpi.openmetadata.repositoryservices.enterprise.repositoryconnector.executors,org.odpi.openmetadata.repositoryservices.connectors.stores.metadatacollectionstore,28,0,34,35,0,0,0,0,0,0,0,0,0,0
org.odpi.openmetadata.repositoryservices.enterprise.repositoryconnector.executors,org.odpi.openmetadata.repositoryservices.ffdc.exception,6,0,0,4,0,105,0,0,4,0,0,0,0,0
org.odpi.openmetadata.repositoryservices.enterprise.repositoryconnector.executors,org.odpi.openmetadata.repositoryservices.connectors.stores.metadatacollectionstore.properties.typedefs,3,3,2,0,1,0,0,0,0,2,0,0,0,0
org.odpi.openmetadata.repositoryservices.enterprise.repositoryconnector.executors,org.odpi.openmetadata.frameworks.openmetadata.ffdc,52,0,0,0,0,54,0,0,0,0,0,0,0,0
org.odpi.openmetadata.repositoryservices.enterprise.repositoryconnector.executors,org.odpi.openmetadata.repositoryservices.connectors.stores.metadatacollectionstore.properties.instances,47,27,37,10,13,0,0,0,0,53,0,0,0,0
org.odpi.openmetadata.repositoryservices.enterprise.repositoryconnector.executors,org.odpi.openmetadata.repositoryservices.connectors.stores.metadatacollectionstore.repositoryconnector,12,0,12,0,0,0,0,0,0,0,0,0,0,0
org.odpi.openmetadata.repositoryservices.enterprise.repositoryconnector.executors,org.odpi.openmetadata.repositoryservices.connectors.stores.metadatacollectionstore.properties,16,7,30,0,0,0,0,0,0,13,0,0,0,0
org.odpi.openmetadata.repositoryservices.enterprise.repositoryconnector.executors,org.odpi.openmetadata.repositoryservices.connectors.stores.metadatacollectionstore.properties.search,4,4,8,0,0,0,0,0,0,4,0,0,0,0
org.odpi.openmetadata.repositoryservices.enterprise.repositoryconnector.executors,org.odpi.openmetadata.repositoryservices.ffdc,2,0,0,0,0,0,0,0,0,8,0,0,0,0
org.odpi.openmetadata.adapters.connectors.apacheatlas.integration.modules,org.odpi.openmetadata.frameworks.openmetadata.properties,4,5,8,67,0,0,0,0,0,8,0,0,0,0
org.odpi.openmetadata.adapters.connectors.apacheatlas.integration.modules,org.odpi.openmetadata.frameworks.openmetadata.events,4,0,4,1,0,0,0,0,0,0,0,0,0,0
org.odpi.openmetadata.adapters.connectors.apacheatlas.integration.modules,org.odpi.openmetadata.frameworks.connectors.properties.beans,11,1,11,1,0,0,0,0,0,1,0,0,0,0
org.odpi.openmetadata.adapters.connectors.apacheatlas.integration.modules,org.odpi.openmetadata.frameworks.openmetadata.connectorcontext,6,15,0,161,0,0,0,0,0,14,0,0,0,0
org.odpi.openmetadata.adapters.connectors.apacheatlas.integration.modules,org.odpi.openmetadata.frameworks.openmetadata.ffdc,23,0,0,5,0,167,0,0,5,0,0,0,0,0
org.odpi.openmetadata.adapters.connectors.apacheatlas.integration.modules,org.odpi.openmetadata.frameworks.auditlog,11,1,11,62,0,0,0,0,0,1,0,0,0,0
org.odpi.openmetadata.adapters.connectors.apacheatlas.integration.modules,org.odpi.openmetadata.frameworks.openmetadata.metadataelements,11,34,35,173,3,0,0,0,0,12,1,0,0,0
org.odpi.openmetadata.adapters.connectors.apacheatlas.integration.modules,org.odpi.openmetadata.frameworks.integration.context,11,1,11,29,0,0,0,0,0,1,0,0,0,0
org.odpi.openmetadata.adapters.connectors.apacheatlas.integration.modules,org.odpi.openmetadata.adapters.connectors.apacheatlas.resource.properties,26,61,92,407,8,0,0,0,6,32,0,0,0,0
org.odpi.openmetadata.adapters.connectors.apacheatlas.integration.modules,org.odpi.openmetadata.frameworks.openmetadata.search,7,8,0,33,0,0,0,0,11,0,0,0,0,0
org.odpi.openmetadata.adapters.connectors.apacheatlas.integration.modules,org.odpi.openmetadata.frameworks.openmetadata.types,7,0,0,0,0,0,0,0,0,86,0,0,0,0
org.odpi.openmetadata.adapters.connectors.apacheatlas.integration.modules,org.odpi.openmetadata.frameworks.openmetadata.properties.schema,8,12,0,12,6,0,0,0,5,0,0,0,0,0
org.odpi.openmetadata.adapters.connectors.apacheatlas.integration.modules,org.odpi.openmetadata.frameworks.connectors.ffdc,5,0,0,5,0,7,0,0,5,0,0,0,0,0
org.odpi.openmetadata.adapters.connectors.apacheatlas.integration.modules,org.odpi.openmetadata.frameworks.openmetadata.enums,7,0,1,0,0,0,0,0,0,46,0,0,0,0
org.odpi.openmetadata.adapters.connectors.apacheatlas.integration.modules,org.odpi.openmetadata.adapters.connectors.apacheatlas.resource,11,1,11,47,0,0,0,0,0,1,0,0,0,0
org.odpi.openmetadata.adapters.connectors.apacheatlas.integration.modules,org.odpi.openmetadata.adapters.connectors.apacheatlas.integration.ffdc,12,0,0,0,0,0,0,0,0,144,0,0,0,0
org.odpi.openmetadata.adapters.connectors.apacheatlas.integration.modules,org.odpi.openmetadata.adapters.connectors.apacheatlas.integration,4,0,0,0,0,0,0,0,0,26,0,0,0,0
org.odpi.openmetadata.adapters.connectors.apacheatlas.integration.modules,org.odpi.openmetadata.frameworks.openmetadata.properties.assets,5,10,0,8,6,0,0,0,2,0,0,0,0,0
org.odpi.openmetadata.adapters.connectors.apacheatlas.integration.modules,org.odpi.openmetadata.frameworks.openmetadata.properties.validvalues,1,2,0,2,0,0,0,0,2,1,2,0,0,0
org.odpi.openmetadata.adapters.connectors.apacheatlas.integration.modules,org.odpi.openmetadata.frameworks.openmetadata.properties.schema.databases,6,1,0,4,6,0,0,0,4,0,0,0,0,0
org.odpi.openmetadata.adapters.connectors.apacheatlas.integration.modules,org.odpi.openmetadata.frameworks.openmetadata.properties.externalidentifiers,10,28,0,15,2,0,0,0,2,5,5,0,0,0
org.odpi.openmetadata.adapters.connectors.apacheatlas.integration.modules,org.odpi.openmetadata.adapters.connectors.controls,3,0,0,0,0,0,0,0,0,20,0,0,0,0
org.odpi.openmetadata.adapters.connectors.apacheatlas.integration.modules,org.odpi.openmetadata.frameworks.connectors,1,0,0,0,0,0,0,0,0,0,0,0,0,0
org.odpi.openmetadata.adapters.connectors.apacheatlas.integration.modules,org.odpi.openmetadata.frameworks.openmetadata.properties.assets.processes,2,4,0,1,2,0,0,0,1,0,0,0,0,0
org.odpi.openmetadata.adapters.connectors.apacheatlas.integration.modules,org.odpi.openmetadata.frameworks.openmetadata.properties.collections,1,2,0,1,1,0,0,0,1,0,0,0,0,0
org.odpi.openmetadata.adapters.connectors.apacheatlas.integration.modules,org.odpi.openmetadata.frameworks.openmetadata.properties.governance,1,1,0,4,0,0,0,0,1,0,0,0,0,0
org.odpi.openmetadata.adapters.connectors.apacheatlas.integration.modules,org.odpi.openmetadata.frameworks.openmetadata.properties.glossaries,2,6,0,7,2,0,0,0,2,3,7,0,0,0
org.odpi.openmetadata.adapters.connectors.reports.surveyreport,org.odpi.openmetadata.frameworks.opensurvey.controls,1,0,0,1,0,0,0,0,0,1,0,0,0,0
org.odpi.openmetadata.adapters.connectors.reports.surveyreport,org.odpi.openmetadata.adapters.connectors,1,0,0,0,0,0,0,0,0,2,0,0,0,0
org.odpi.openmetadata.adapters.connectors.reports.surveyreport,org.odpi.openmetadata.adapters.connectors.reports,3,0,0,2,0,0,0,0,0,6,0,0,0,0
org.odpi.openmetadata.adapters.connectors.reports.surveyreport,org.odpi.openmetadata.adapters.connectors.reports.ffdc,1,0,0,0,0,0,0,0,0,4,0,0,0,0
org.odpi.openmetadata.adapters.connectors.reports.surveyreport,org.odpi.openmetadata.reports,1,1,4,25,0,0,0,0,1,0,0,0,0,0
org.odpi.openmetadata.adapters.connectors.reports.surveyreport,org.odpi.openmetadata.frameworks.openmetadata.connectorcontext,1,1,2,7,0,0,0,0,0,0,0,0,0,0
org.odpi.openmetadata.adapters.connectors.reports.surveyreport,org.odpi.openmetadata.frameworks.openmetadata.ffdc,3,0,0,0,0,10,0,0,0,0,0,0,0,0
org.odpi.openmetadata.adapters.connectors.reports.surveyreport,org.odpi.openmetadata.frameworks.opengovernance,2,0,0,9,0,0,0,2,0,18,0,0,0,0
org.odpi.openmetadata.adapters.connectors.reports.surveyreport,org.odpi.openmetadata.frameworks.opengovernance.controls,1,0,0,0,0,0,0,0,0,8,0,0,0,0
org.odpi.openmetadata.adapters.connectors.reports.surveyreport,org.odpi.openmetadata.frameworks.opengovernance.properties,1,1,0,3,0,0,0,0,0,0,0,0,0,0
org.odpi.openmetadata.adapters.connectors.reports.surveyreport,org.odpi.openmetadata.frameworks.connectors.ffdc,1,0,0,0,0,1,0,0,0,0,0,0,0,0
org.odpi.openmetadata.adapters.connectors.reports.surveyreport,org.odpi.openmetadata.frameworks.openmetadata.metadataelements,0,0,0,10,0,0,0,0,0,0,0,0,0,0
org.odpi.openmetadata.adapters.connectors.reports.surveyreport,org.odpi.openmetadata.frameworks.openmetadata.properties,3,7,5,43,0,0,0,0,0,4,0,0,0,0
org.odpi.openmetadata.adapters.connectors.reports.surveyreport,org.odpi.openmetadata.frameworks.openmetadata.search,0,3,2,14,0,0,0,0,1,0,2,0,0,0
org.odpi.openmetadata.adapters.connectors.reports.surveyreport,org.odpi.openmetadata.frameworks.openmetadata.types,2,0,0,0,0,0,0,0,0,70,0,0,0,0
org.odpi.openmetadata.frameworks.opengovernance,org.odpi.openmetadata.frameworks.openmetadata.enums,2,0,5,3,0,0,0,0,0,7,0,0,0,0
org.odpi.openmetadata.frameworks.opengovernance,org.odpi.openmetadata.frameworks.openmetadata.ffdc,19,0,0,0,0,199,0,0,0,0,0,0,0,0
org.odpi.openmetadata.frameworks.opengovernance,org.odpi.openmetadata.frameworks.openmetadata.events,3,0,1,0,0,0,0,0,0,0,0,0,0,0
org.odpi.openmetadata.frameworks.opengovernance,org.odpi.openmetadata.frameworks.opengovernance.ffdc,3,0,0,2,0,1,0,0,2,4,0,0,0,0
org.odpi.openmetadata.frameworks.opengovernance,org.odpi.openmetadata.frameworks.connectors.ffdc,4,0,0,0,0,7,0,0,0,0,0,0,0,0
org.odpi.openmetadata.frameworks.opengovernance,org.odpi.openmetadata.frameworks.auditlog,5,2,2,5,1,0,1,0,1,1,0,0,0,0
org.odpi.openmetadata.frameworks.opengovernance,org.odpi.openmetadata.frameworks.connectors,5,0,2,5,1,0,0,2,0,3,0,0,0,0
org.odpi.openmetadata.frameworks.opengovernance,org.odpi.openmetadata.frameworks.openmetadata.types,2,0,0,0,0,0,0,0,0,58,0,0,0,0
org.odpi.openmetadata.frameworks.opengovernance,org.odpi.openmetadata.frameworks.openmetadata.search,4,24,22,72,1,0,0,0,21,16,0,0,0,0
org.odpi.openmetadata.frameworks.opengovernance,org.odpi.openmetadata.frameworks.openmetadata.refdata,4,1,10,0,2,0,0,0,0,7,0,0,0,0
org.odpi.openmetadata.frameworks.opengovernance,org.odpi.openmetadata.frameworks.openmetadata.properties,4,0,1,4,0,0,0,0,0,0,0,0,0,0
org.odpi.openmetadata.frameworks.opengovernance,org.odpi.openmetadata.frameworks.opengovernance.properties,5,2,3,0,1,0,0,0,0,3,0,0,0,0
org.odpi.openmetadata.frameworks.opengovernance,org.odpi.openmetadata.frameworks.opengovernance.controls,1,0,0,0,0,0,0,0,0,0,0,0,0,0
org.odpi.openmetadata.frameworks.opengovernance,org.odpi.openmetadata.frameworks.connectors.properties.beans,0,0,0,1,0,0,0,0,0,0,0,0,0,0
org.odpi.openmetadata.frameworks.opengovernance,org.odpi.openmetadata.frameworks.openmetadata.connectorcontext,1,0,0,8,0,0,0,1,0,22,0,0,0,0
org.odpi.openmetadata.frameworks.opengovernance,org.odpi.openmetadata.frameworks.openmetadata.client,1,0,1,11,0,0,0,0,0,0,0,0,0,0
org.odpi.openmetadata.frameworks.opengovernance,org.odpi.openmetadata.frameworks.opengovernance.client,0,5,6,10,0,0,0,0,0,5,0,0,0,0
org.odpi.openmetadata.frameworks.opengovernance,org.odpi.openmetadata.frameworks.opengovernance.connectorcontext,1,1,0,1,1,0,0,0,1,1,0,0,0,0
org.odpi.openmetadata.frameworks.opengovernance,org.odpi.openmetadata.frameworks.auditlog.messagesets,2,0,2,0,0,0,0,0,0,0,0,0,0,0
org.odpi.openmetadata.frameworks.opengovernance,org.odpi.openmetadata.frameworks.connectors.client,1,1,1,1,0,0,0,0,0,1,0,0,0,0
org.odpi.openmetadata.frameworks.opengovernance,org.odpi.openmetadata.frameworks.openmetadata.specificationproperties,4,0,6,0,0,0,0,0,0,6,0,0,0,0
org.odpi.openmetadata.adapters.connectors.governanceactions.stewardship,org.odpi.openmetadata.frameworks.openmetadata.specificationproperties,8,13,8,54,8,0,0,0,13,8,0,0,0,0
org.odpi.openmetadata.adapters.connectors.governanceactions.stewardship,org.odpi.openmetadata.frameworks.opengovernance,14,0,0,31,0,0,0,14,0,118,0,0,0,0
org.odpi.openmetadata.adapters.connectors.governanceactions.stewardship,org.odpi.openmetadata.frameworks.connectors.properties.beans,7,7,0,58,0,0,0,0,7,7,0,0,0,0
org.odpi.openmetadata.adapters.connectors.governanceactions.stewardship,org.odpi.openmetadata.frameworks.connectors,0,0,0,9,0,0,0,0,0,10,0,0,0,0
org.odpi.openmetadata.adapters.connectors.governanceactions.stewardship,org.odpi.openmetadata.frameworks.openmetadata.refdata,17,12,6,0,6,0,0,0,0,82,0,0,0,0
org.odpi.openmetadata.adapters.connectors.governanceactions.stewardship,org.odpi.openmetadata.frameworks.openmetadata.types,6,0,0,0,0,0,0,0,0,24,0,0,0,0
org.odpi.openmetadata.adapters.connectors.governanceactions.stewardship,org.odpi.openmetadata.frameworks.openmetadata.search,2,1,0,8,0,0,0,0,1,1,0,0,0,0
org.odpi.openmetadata.adapters.connectors.governanceactions.stewardship,org.odpi.openmetadata.frameworks.auditlog.messagesets,5,5,0,0,0,0,0,0,0,0,0,0,0,0
org.odpi.openmetadata.adapters.connectors.governanceactions.stewardship,org.odpi.openmetadata.frameworks.auditlog,0,0,0,5,0,0,0,0,0,0,0,0,0,0
org.odpi.openmetadata.adapters.connectors.governanceactions.stewardship,org.odpi.openmetadata.frameworks.openmetadata.ffdc,7,0,0,0,0,7,0,0,0,0,0,0,0,0
org.odpi.openmetadata.adapters.connectors.governanceactions.stewardship,org.odpi.openmetadata.frameworks.openmetadata.connectorcontext,0,0,0,24,0,0,0,0,0,0,0,0,0,0
org.odpi.openmetadata.adapters.connectors.governanceactions.stewardship,org.odpi.openmetadata.frameworks.connectors.ffdc,7,0,0,6,0,7,0,0,6,0,0,0,0,0
org.odpi.openmetadata.adapters.connectors.governanceactions.stewardship,org.odpi.openmetadata.adapters.connectors.governanceactions.ffdc,12,0,0,0,0,0,0,0,0,38,0,0,0,0
org.odpi.openmetadata.adapters.connectors.governanceactions.stewardship,org.odpi.openmetadata.frameworks.opengovernance.properties,1,4,0,6,0,0,0,0,0,2,0,0,0,0
org.odpi.openmetadata.adapters.connectors.governanceactions.stewardship,org.odpi.openmetadata.frameworks.opengovernance.controls,6,0,0,0,0,0,0,0,0,20,0,0,0,0
org.odpi.openmetadata.adapters.connectors.governanceactions.stewardship,org.odpi.openmetadata.frameworks.openmetadata.metadataelements,0,0,0,8,0,0,0,0,0,0,0,0,0,0
org.odpi.openmetadata.adapters.connectors.governanceactions.stewardship,org.odpi.openmetadata.frameworks.openmetadata.properties,7,7,2,29,0,0,0,0,2,3,0,0,0,0
org.odpi.openmetadata.adapters.connectors.governanceactions.stewardship,org.odpi.openmetadata.frameworks.opensurvey.controls,3,0,0,3,0,0,0,0,0,7,0,0,0,0
org.odpi.openmetadata.adapters.connectors.governanceactions.stewardship,org.odpi.openmetadata.frameworks.openmetadata.definitions,3,0,0,3,0,0,0,0,3,0,0,0,0,0
org.odpi.openmetadata.adapters.connectors.governanceactions.stewardship,org.odpi.openmetadata.frameworks.connectors.controls,3,0,0,3,0,0,0,0,0,3,0,0,0,0
org.odpi.openmetadata.frameworks.connectors.ffdc,org.odpi.openmetadata.frameworks.auditlog.messagesets,4,1,8,3,2,0,0,0,2,0,0,0,0,0
org.odpi.openmetadata.frameworks.connectors.ffdc,org.odpi.openmetadata.frameworks.openmetadata.ffdc,2,0,0,17,0,0,0,2,0,0,0,0,0,0
org.odpi.openmetadata.frameworks.connectors.ffdc,org.odpi.openmetadata.frameworks.auditlog,1,0,0,0,0,0,0,0,0,0,0,0,0,0
org.odpi.openmetadata.repositoryservices.enterprise.repositoryconnector,org.odpi.openmetadata.frameworks.auditlog,2,2,2,7,0,0,0,0,0,2,0,0,0,0
org.odpi.openmetadata.repositoryservices.enterprise.repositoryconnector,org.odpi.openmetadata.frameworks.connectors,1,0,0,8,1,0,0,0,0,0,0,0,0,0
org.odpi.openmetadata.repositoryservices.enterprise.repositoryconnector,org.odpi.openmetadata.frameworks.connectors.properties.beans,3,1,1,4,0,0,0,1,1,0,0,0,0,0
org.odpi.openmetadata.repositoryservices.enterprise.repositoryconnector,org.odpi.openmetadata.frameworks.connectors.ffdc,3,0,0,1,0,4,0,0,1,0,0,0,0,0
org.odpi.openmetadata.repositoryservices.enterprise.repositoryconnector,org.odpi.openmetadata.repositoryservices.enterprise.connectormanager,3,2,2,2,0,0,1,0,0,2,0,0,0,0
org.odpi.openmetadata.repositoryservices.enterprise.repositoryconnector,org.odpi.openmetadata.repositoryservices.localrepository.repositorycontentmanager,3,1,1,2,0,0,0,0,2,1,0,0,0,0
org.odpi.openmetadata.repositoryservices.enterprise.repositoryconnector,org.odpi.openmetadata.repositoryservices.connectors.stores.metadatacollectionstore.repositoryconnector,5,0,39,28,3,0,0,2,0,69,0,0,0,0
org.odpi.openmetadata.repositoryservices.enterprise.repositoryconnector,org.odpi.openmetadata.frameworks.openmetadata.ffdc,3,0,0,0,0,107,0,0,0,0,0,0,0,0
org.odpi.openmetadata.repositoryservices.enterprise.repositoryconnector,org.odpi.openmetadata.repositoryservices.ffdc,5,0,0,0,0,0,0,0,0,30,0,0,0,0
org.odpi.openmetadata.repositoryservices.enterprise.repositoryconnector,org.odpi.openmetadata.repositoryservices.ffdc.exception,2,0,0,8,0,227,0,0,8,0,0,0,0,0
org.odpi.openmetadata.repositoryservices.enterprise.repositoryconnector,org.odpi.openmetadata.repositoryservices.connectors.stores.metadatacollectionstore.properties.instances,0,24,46,23,33,0,0,0,0,1,0,0,0,0
org.odpi.openmetadata.repositoryservices.enterprise.repositoryconnector,org.odpi.openmetadata.repositoryservices.connectors.stores.metadatacollectionstore,3,0,0,72,3,0,0,1,0,77,0,0,0,0
org.odpi.openmetadata.repositoryservices.enterprise.repositoryconnector,org.odpi.openmetadata.repositoryservices.auditlog,1,0,0,0,0,0,0,0,0,4,0,0,0,0
org.odpi.openmetadata.repositoryservices.enterprise.repositoryconnector,org.odpi.openmetadata.repositoryservices.localrepository.repositoryconnector,2,2,1,3,0,0,0,0,0,2,0,0,0,0
org.odpi.openmetadata.repositoryservices.enterprise.repositoryconnector,org.odpi.openmetadata.repositoryservices.enterprise.repositoryconnector.executors,0,33,0,68,0,0,0,0,34,1,0,0,0,0
org.odpi.openmetadata.repositoryservices.enterprise.repositoryconnector,org.odpi.openmetadata.repositoryservices.enterprise.repositoryconnector.control,3,33,0,68,0,0,0,0,34,1,0,0,0,0
org.odpi.openmetadata.repositoryservices.enterprise.repositoryconnector,org.odpi.openmetadata.repositoryservices.connectors.stores.metadatacollectionstore.properties,3,0,14,0,0,0,0,0,0,0,0,0,0,0
org.odpi.openmetadata.repositoryservices.enterprise.repositoryconnector,org.odpi.openmetadata.repositoryservices.connectors.stores.metadatacollectionstore.properties.typedefs,0,14,13,8,9,0,0,0,0,0,0,0,0,0
org.odpi.openmetadata.repositoryservices.enterprise.repositoryconnector,org.odpi.openmetadata.repositoryservices.connectors.stores.metadatacollectionstore.properties.search,3,0,4,0,0,0,0,0,0,0,0,0,0,0
org.odpi.openmetadata.frameworks.openmetadata.properties.assets.processes,org.odpi.openmetadata.frameworks.openmetadata.types,8,0,0,0,0,0,0,0,0,20,0,0,0,0
org.odpi.openmetadata.frameworks.openmetadata.properties.assets.processes,org.odpi.openmetadata.frameworks.openmetadata.enums,3,3,3,0,3,0,0,0,0,5,0,0,0,0
org.odpi.openmetadata.frameworks.openmetadata.properties.assets.processes,org.odpi.openmetadata.frameworks.openmetadata.properties,4,0,0,16,0,0,0,4,0,22,0,0,0,0
org.odpi.openmetadata.frameworks.openmetadata.properties.assets.processes,org.odpi.openmetadata.frameworks.openmetadata.properties.assets.processes.actions,1,0,0,0,0,0,0,0,0,1,0,0,0,0
org.odpi.openmetadata.frameworks.openmetadata.properties.assets.processes,org.odpi.openmetadata.frameworks.openmetadata.properties.assets.analytics,1,0,0,0,0,0,0,0,0,1,0,0,0,0
org.odpi.openmetadata.frameworks.openmetadata.properties.assets.processes,org.odpi.openmetadata.frameworks.openmetadata.properties.assets.apis,1,0,0,0,0,0,0,0,0,1,0,0,0,0
org.odpi.openmetadata.frameworks.openmetadata.properties.assets.processes,org.odpi.openmetadata.frameworks.openmetadata.properties.assets.processes.connectors,1,0,0,0,0,0,0,0,0,1,0,0,0,0
org.odpi.openmetadata.frameworks.openmetadata.properties.assets.processes,org.odpi.openmetadata.frameworks.openmetadata.properties.assets,1,0,0,6,0,0,0,1,0,5,0,0,0,0
org.odpi.openmetadata.metadatasecurity.properties,org.odpi.openmetadata.frameworks.connectors.properties.users,3,0,0,15,0,0,0,3,0,9,0,0,0,0
org.odpi.openmetadata.adapters.connectors.jacquard.tabulardatasets.validmetadatavalues,org.odpi.openmetadata.frameworks.connectors,1,0,0,4,0,0,0,1,0,0,0,0,0,0
org.odpi.openmetadata.adapters.connectors.jacquard.tabulardatasets.validmetadatavalues,org.odpi.openmetadata.frameworks.openmetadata.types,4,1,0,0,0,0,0,0,0,19,0,0,0,0
org.odpi.openmetadata.adapters.connectors.jacquard.tabulardatasets.validmetadatavalues,org.odpi.openmetadata.frameworks.openmetadata.search,0,0,0,3,0,0,0,0,0,0,0,0,0,0
org.odpi.openmetadata.adapters.connectors.jacquard.tabulardatasets.validmetadatavalues,org.odpi.openmetadata.adapters.connectors.jacquard.tabulardatasets,3,0,0,5,0,0,0,3,0,32,0,0,0,0
org.odpi.openmetadata.adapters.connectors.jacquard.tabulardatasets.validmetadatavalues,org.odpi.openmetadata.adapters.connectors.jacquard.tabulardatasets.ffdc,4,0,0,0,0,0,0,0,0,14,0,0,0,0
org.odpi.openmetadata.adapters.connectors.jacquard.tabulardatasets.validmetadatavalues,org.odpi.openmetadata.adapters.connectors.jacquard.productcatalog,1,0,0,5,1,0,0,0,5,47,0,0,0,0
org.odpi.openmetadata.adapters.connectors.jacquard.tabulardatasets.validmetadatavalues,org.odpi.openmetadata.adapters.connectors,2,0,0,0,0,0,0,0,0,4,0,0,0,0
org.odpi.openmetadata.adapters.connectors.jacquard.tabulardatasets.validmetadatavalues,org.odpi.openmetadata.frameworks.openmetadata.metadataelements,1,2,1,12,0,0,0,0,0,1,0,0,0,0
org.odpi.openmetadata.adapters.connectors.jacquard.tabulardatasets.validmetadatavalues,org.odpi.openmetadata.frameworks.openmetadata.properties,1,1,1,3,0,0,0,0,0,1,0,0,0,0
org.odpi.openmetadata.adapters.connectors.jacquard.tabulardatasets.validmetadatavalues,org.odpi.openmetadata.frameworks.connectors.tabulardatasets,1,0,0,0,0,0,1,0,0,0,0,0,0,0
org.odpi.openmetadata.adapters.connectors.jacquard.tabulardatasets.validmetadatavalues,org.odpi.openmetadata.frameworks.auditlog,1,0,0,0,0,0,1,0,0,0,0,0,0,0
org.odpi.openmetadata.adapters.connectors.jacquard.tabulardatasets.validmetadatavalues,org.odpi.openmetadata.frameworks.openmetadata.connectorcontext,2,2,0,12,0,0,0,0,0,0,0,0,0,0
org.odpi.openmetadata.adapters.connectors.jacquard.tabulardatasets.validmetadatavalues,org.odpi.openmetadata.frameworks.connectors.ffdc,2,0,0,4,0,6,0,0,4,0,0,0,0,0
org.odpi.openmetadata.adapters.connectors.jacquard.tabulardatasets.validmetadatavalues,org.odpi.openmetadata.frameworks.openmetadata.ffdc,1,0,0,0,0,1,0,0,0,0,0,0,0,0
org.odpi.openmetadata.adapters.connectors.jacquard.tabulardatasets.validmetadatavalues,org.odpi.openmetadata.adapters.connectors.jacquard.tabulardatasets.controls,1,0,0,0,0,0,0,0,0,12,0,0,0,0
org.odpi.openmetadata.adapters.connectors.jacquard.tabulardatasets.validmetadatavalues,org.odpi.openmetadata.frameworks.connectors.properties.beans,1,0,1,0,0,0,0,0,0,0,0,0,0,0
org.odpi.openmetadata.adapters.connectors.unitycatalog.resource.rest,org.odpi.openmetadata.adapters.connectors.unitycatalog.properties,8,1,8,0,1,0,0,0,0,8,0,0,0,0
org.odpi.openmetadata.accessservices.assetowner.fvt.dataassets,org.odpi.openmetadata.frameworks.auditlog,2,2,2,2,0,0,0,0,2,0,0,0,0,0
org.odpi.openmetadata.accessservices.assetowner.fvt.dataassets,org.odpi.openmetadata.adminservices.configuration.registration,2,0,0,0,0,0,0,0,0,10,0,0,0,0
org.odpi.openmetadata.accessservices.assetowner.fvt.dataassets,org.odpi.openmetadata.frameworks.openmetadata.properties.schema,3,18,0,13,0,0,0,0,13,0,0,0,0,0
org.odpi.openmetadata.accessservices.assetowner.fvt.dataassets,org.odpi.openmetadata.frameworks.openmetadata.types,2,0,0,0,0,0,0,0,0,18,0,0,0,0
org.odpi.openmetadata.accessservices.assetowner.fvt.dataassets,org.odpi.openmetadata.frameworks.openmetadata.metadataelements,4,2,2,24,0,0,0,0,0,0,0,0,0,0
org.odpi.openmetadata.accessservices.assetowner.fvt.dataassets,org.odpi.openmetadata.frameworks.openmetadata.properties.assets,2,6,0,5,0,0,0,0,3,0,0,0,0,0
org.odpi.openmetadata.accessservices.assetowner.fvt.dataassets,org.odpi.openmetadata.frameworks.openmetadata.properties,0,0,0,96,0,0,0,0,0,0,0,0,0,0
org.odpi.openmetadata.accessservices.assetowner.fvt.dataassets,org.odpi.openmetadata.frameworks.openmetadata.ffdc,2,0,0,0,0,0,0,0,0,0,0,0,0,0
org.odpi.openmetadata.accessservices.assetowner.fvt.dataassets,org.odpi.openmetadata.fvt.utilities.exceptions,2,0,0,167,0,34,0,0,167,0,0,0,0,0
org.odpi.openmetadata.accessservices.assetowner.fvt.dataassets,org.odpi.openmetadata.fvt.utilities.auditlog,2,0,2,0,0,0,0,0,0,0,0,0,0,0
org.odpi.openmetadata.accessservices.assetowner.fvt.dataassets,org.odpi.openmetadata.fvt.utilities,2,2,0,10,2,0,0,0,2,0,0,0,0,0
org.odpi.openmetadata.viewservices.referencedata.server,org.odpi.openmetadata.frameworks.openmetadata.ffdc,4,0,0,0,0,4,0,0,0,0,0,0,0,0
org.odpi.openmetadata.viewservices.referencedata.server,org.odpi.openmetadata.frameworks.openmetadata.handlers,3,22,0,37,2,0,0,0,1,1,0,0,0,0
org.odpi.openmetadata.viewservices.referencedata.server,org.odpi.openmetadata.commonservices.multitenant,2,0,0,46,0,0,0,2,0,0,0,0,0,0
org.odpi.openmetadata.viewservices.referencedata.server,org.odpi.openmetadata.frameworks.openmetadata.client,1,1,0,0,0,0,0,0,0,0,0,0,0,0
org.odpi.openmetadata.viewservices.referencedata.server,org.odpi.openmetadata.frameworks.auditlog,2,21,1,0,0,0,0,0,0,21,0,0,0,0
org.odpi.openmetadata.viewservices.referencedata.server,org.odpi.openmetadata.commonservices.ffdc.rest,0,21,21,53,21,0,0,0,21,0,0,0,0,0
org.odpi.openmetadata.viewservices.referencedata.server,org.odpi.openmetadata.commonservices.ffdc,3,23,0,99,0,0,0,0,2,0,0,0,0,0
org.odpi.openmetadata.viewservices.referencedata.server,org.odpi.openmetadata.tokencontroller,1,0,0,21,0,0,0,1,0,21,0,0,0,0
org.odpi.openmetadata.viewservices.referencedata.server,org.odpi.openmetadata.adminservices.configuration.registration,5,3,0,3,0,0,0,0,1,8,0,0,0,0
org.odpi.openmetadata.viewservices.referencedata.server,org.odpi.openmetadata.viewservices.referencedata.admin,1,0,0,0,0,0,0,0,0,1,0,0,0,0
org.odpi.openmetadata.viewservices.referencedata.server,org.odpi.openmetadata.adminservices.registration,1,0,0,1,0,0,0,0,0,1,0,0,0,0
org.odpi.openmetadata.viewservices.referencedata.server,org.odpi.openmetadata.frameworks.openmetadata.properties.validvalues,0,0,0,0,0,0,0,0,0,9,9,0,0,0
org.odpi.openmetadata.viewservices.referencedata.server,org.odpi.openmetadata.frameworkservices.omf.client,1,0,0,1,0,0,0,0,1,0,0,0,0,0
org.odpi.openmetadata.viewservices.referencedata.server,org.odpi.openmetadata.frameworks.openmetadata.types,1,0,0,0,0,0,0,0,0,2,0,0,0,0
org.odpi.openmetadata.frameworks.openmetadata.properties.validvalues,org.odpi.openmetadata.frameworks.openmetadata.types,14,0,0,0,0,0,0,0,0,36,0,0,0,0
org.odpi.openmetadata.frameworks.openmetadata.properties.validvalues,org.odpi.openmetadata.frameworks.openmetadata.properties,9,0,0,38,0,0,0,9,0,48,0,0,0,0
org.odpi.openmetadata.repositoryservices.ffdc.exception,org.odpi.openmetadata.repositoryservices.connectors.stores.metadatacollectionstore.properties.instances,3,0,0,10,0,0,0,0,0,15,0,0,0,0
org.odpi.openmetadata.repositoryservices.ffdc.exception,org.odpi.openmetadata.frameworks.openmetadata.ffdc,28,0,0,127,0,0,0,25,0,0,0,0,0,0
org.odpi.openmetadata.repositoryservices.ffdc.exception,org.odpi.openmetadata.frameworks.auditlog.messagesets,30,0,120,10,0,0,0,0,0,0,0,0,0,0
org.odpi.openmetadata.repositoryservices.ffdc.exception,org.odpi.openmetadata.frameworks.openmetadata.types,3,0,0,0,0,0,0,0,0,30,0,0,0,0
org.odpi.openmetadata.repositoryservices.ffdc.exception,org.odpi.openmetadata.repositoryservices.connectors.stores.metadatacollectionstore.properties.typedefs,4,0,0,16,0,0,0,0,0,21,0,0,0,0
org.odpi.openmetadata.repositoryservices.ffdc.exception,org.odpi.openmetadata.frameworks.auditlog,1,1,0,5,0,0,0,0,1,0,0,0,0,0
org.odpi.openmetadata.frameworkservices.omf.rest,org.odpi.openmetadata.frameworks.openmetadata.properties,16,9,15,1,9,0,0,0,0,15,0,0,0,0
org.odpi.openmetadata.frameworkservices.omf.rest,org.odpi.openmetadata.frameworks.openmetadata.search,24,12,17,58,12,0,0,10,0,39,0,0,0,0
org.odpi.openmetadata.frameworkservices.omf.rest,org.odpi.openmetadata.commonservices.ffdc.rest,5,0,0,47,0,0,0,5,0,10,0,0,0,0
org.odpi.openmetadata.frameworkservices.omf.rest,org.odpi.openmetadata.repositoryservices.rest.properties,3,0,0,14,0,0,0,1,0,4,0,0,0,0
org.odpi.openmetadata.frameworkservices.omf.rest,org.odpi.openmetadata.frameworks.openmetadata.properties.translations,2,1,2,0,1,0,0,0,0,2,0,0,0,0
org.odpi.openmetadata.frameworkservices.omf.rest,org.odpi.openmetadata.frameworks.openmetadata.enums,1,1,1,0,1,0,0,0,0,1,0,0,0,0
org.odpi.openmetadata.frameworkservices.omf.rest,org.odpi.openmetadata.frameworks.openmetadata.metadataelements,1,0,1,0,0,0,0,0,0,1,0,0,0,0
org.odpi.openmetadata.frameworks.connectors.api,org.odpi.openmetadata.frameworks.openmetadata.ffdc,3,0,0,0,0,15,0,0,0,0,0,0,0,0
org.odpi.openmetadata.frameworks.connectors.api,org.odpi.openmetadata.frameworks.connectors.properties.beans,1,0,1,0,0,0,0,0,0,0,0,0,0,0
org.odpi.openmetadata.frameworks.connectors.api,org.odpi.openmetadata.frameworks.connectors.ffdc,2,0,0,0,0,10,0,0,0,0,0,0,0,0
org.odpi.openmetadata.frameworks.connectors.api,org.odpi.openmetadata.frameworks.auditlog,1,0,1,0,0,0,0,0,0,0,0,0,0,0
org.odpi.openmetadata.frameworks.connectors.api,org.odpi.openmetadata.frameworks.connectors,1,0,0,0,5,0,0,0,0,0,0,0,0,0
org.odpi.openmetadata.adapters.connectors.subscriptions,org.odpi.openmetadata.frameworks.openmetadata.refdata,5,3,1,0,1,0,0,0,0,23,0,0,0,0
org.odpi.openmetadata.adapters.connectors.subscriptions,org.odpi.openmetadata.frameworks.connectors,0,0,0,2,0,0,0,0,0,1,0,0,0,0
org.odpi.openmetadata.adapters.connectors.subscriptions,org.odpi.openmetadata.frameworks.opengovernance,4,0,0,21,0,0,0,4,0,76,0,0,0,0
org.odpi.openmetadata.adapters.connectors.subscriptions,org.odpi.openmetadata.frameworks.connectors.properties.beans,2,1,0,8,0,0,0,0,1,1,0,0,0,0
org.odpi.openmetadata.adapters.connectors.subscriptions,org.odpi.openmetadata.frameworks.opengovernance.controls,2,0,0,0,0,0,0,0,0,4,0,0,0,0
org.odpi.openmetadata.adapters.connectors.subscriptions,org.odpi.openmetadata.frameworks.openmetadata.search,2,2,0,25,0,0,0,0,10,0,0,0,0,0
org.odpi.openmetadata.adapters.connectors.subscriptions,org.odpi.openmetadata.frameworks.openmetadata.types,5,0,0,0,0,0,0,0,0,64,0,0,0,0
org.odpi.openmetadata.adapters.connectors.subscriptions,org.odpi.openmetadata.adapters.connectors.governanceactions.ffdc,4,0,0,0,0,0,0,0,0,30,0,0,0,0
org.odpi.openmetadata.adapters.connectors.subscriptions,org.odpi.openmetadata.frameworks.auditlog.messagesets,2,2,0,0,0,0,0,0,0,0,0,0,0,0
org.odpi.openmetadata.adapters.connectors.subscriptions,org.odpi.openmetadata.frameworks.auditlog,0,0,0,2,0,0,0,0,0,0,0,0,0,0
org.odpi.openmetadata.adapters.connectors.subscriptions,org.odpi.openmetadata.frameworks.opengovernance.properties,2,12,2,4,0,0,0,0,0,2,0,0,0,0
org.odpi.openmetadata.adapters.connectors.subscriptions,org.odpi.openmetadata.frameworks.connectors.ffdc,2,0,0,2,0,2,0,0,2,0,0,0,0,0
org.odpi.openmetadata.adapters.connectors.subscriptions,org.odpi.openmetadata.frameworks.openmetadata.connectorcontext,0,9,0,47,0,0,0,0,0,0,0,0,0,0
org.odpi.openmetadata.adapters.connectors.subscriptions,org.odpi.openmetadata.frameworks.openmetadata.ffdc,4,0,0,0,0,17,0,0,0,0,0,0,0,0
org.odpi.openmetadata.adapters.connectors.subscriptions,org.odpi.openmetadata.frameworks.openmetadata.enums,1,0,0,0,0,0,0,0,0,2,0,0,0,0
org.odpi.openmetadata.adapters.connectors.subscriptions,org.odpi.openmetadata.frameworks.openmetadata.metadataelements,2,3,2,19,0,0,0,0,0,2,0,0,0,0
org.odpi.openmetadata.adapters.connectors.subscriptions,org.odpi.openmetadata.frameworks.openmetadata.properties,4,3,2,32,0,0,0,0,1,2,0,0,0,0
org.odpi.openmetadata.adapters.connectors.subscriptions,org.odpi.openmetadata.adapters.connectors.governanceactions.provisioning,1,0,0,0,0,0,0,0,0,4,0,0,0,0
org.odpi.openmetadata.adapters.connectors.subscriptions,org.odpi.openmetadata.frameworks.openmetadata.specificationproperties,3,4,5,21,3,0,0,0,4,5,0,0,0,0
org.odpi.openmetadata.adapters.connectors.subscriptions,org.odpi.openmetadata.frameworks.openmetadata.properties.collections,1,1,0,2,0,0,0,0,1,0,0,0,0,0
org.odpi.openmetadata.adapters.connectors.subscriptions,org.odpi.openmetadata.frameworks.openmetadata.properties.digitalbusiness,4,4,0,9,0,0,0,0,4,0,0,0,0,0
org.odpi.openmetadata.adapters.connectors.subscriptions,org.odpi.openmetadata.adapters.connectors,1,0,0,0,0,0,0,0,0,2,0,0,0,0
org.odpi.openmetadata.adapters.connectors.subscriptions,org.odpi.openmetadata.frameworks.openmetadata.properties.implementations,1,1,0,1,0,0,0,0,1,0,0,0,0,0
org.odpi.openmetadata.adapters.connectors.subscriptions,org.odpi.openmetadata.frameworks.openmetadata.properties.governance,3,3,0,6,0,0,0,0,3,0,0,0,0,0
org.odpi.openmetadata.adapters.connectors.subscriptions,org.odpi.openmetadata.adapters.connectors.governanceactions.stewardship,1,0,0,0,0,0,0,0,0,4,0,0,0,0
org.odpi.openmetadata.adapters.connectors.subscriptions,org.odpi.openmetadata.frameworks.openmetadata.properties.resources,1,1,0,3,0,0,0,0,1,0,0,0,0,0
org.odpi.openmetadata.governanceservers.integrationdaemonservices.rest,org.odpi.openmetadata.commonservices.ffdc.rest,3,0,0,12,0,0,0,3,0,2,0,0,0,0
org.odpi.openmetadata.governanceservers.integrationdaemonservices.rest,org.odpi.openmetadata.governanceservers.integrationdaemonservices.properties,3,2,3,0,2,0,0,0,0,3,0,0,0,0
org.odpi.openmetadata.adapters.connectors.governanceactions.provisioning,org.odpi.openmetadata.frameworks.openmetadata.properties,2,19,6,53,0,0,0,0,1,9,0,0,0,0
org.odpi.openmetadata.adapters.connectors.governanceactions.provisioning,org.odpi.openmetadata.adapters.connectors.governanceactions.ffdc,3,0,0,0,0,0,0,0,0,42,0,0,0,0
org.odpi.openmetadata.adapters.connectors.governanceactions.provisioning,org.odpi.openmetadata.frameworks.openmetadata.specificationproperties,7,10,6,47,6,0,0,0,11,7,0,0,0,0
org.odpi.openmetadata.adapters.connectors.governanceactions.provisioning,org.odpi.openmetadata.frameworks.openmetadata.refdata,6,4,2,0,2,0,0,0,0,34,0,0,0,0
org.odpi.openmetadata.adapters.connectors.governanceactions.provisioning,org.odpi.openmetadata.frameworks.openmetadata.types,4,0,0,0,0,0,0,0,0,58,0,0,0,0
org.odpi.openmetadata.adapters.connectors.governanceactions.provisioning,org.odpi.openmetadata.frameworks.connectors.properties.beans,2,2,0,18,0,0,0,0,2,2,0,0,0,0
org.odpi.openmetadata.adapters.connectors.governanceactions.provisioning,org.odpi.openmetadata.frameworks.opengovernance,4,0,0,24,0,0,0,4,0,119,0,0,0,0
org.odpi.openmetadata.adapters.connectors.governanceactions.provisioning,org.odpi.openmetadata.frameworks.opengovernance.controls,2,0,0,0,0,0,0,0,0,4,0,0,0,0
org.odpi.openmetadata.adapters.connectors.governanceactions.provisioning,org.odpi.openmetadata.frameworks.connectors,0,0,0,12,0,0,0,0,0,4,0,0,0,0
org.odpi.openmetadata.adapters.connectors.governanceactions.provisioning,org.odpi.openmetadata.frameworks.openmetadata.search,2,3,0,14,0,0,0,0,1,7,0,0,0,0
org.odpi.openmetadata.adapters.connectors.governanceactions.provisioning,org.odpi.openmetadata.frameworks.openmetadata.controls,1,0,0,0,0,0,0,0,0,24,0,0,0,0
org.odpi.openmetadata.adapters.connectors.governanceactions.provisioning,org.odpi.openmetadata.frameworks.openmetadata.connectorcontext,1,3,2,33,0,0,0,0,0,0,0,0,0,0
org.odpi.openmetadata.adapters.connectors.governanceactions.provisioning,org.odpi.openmetadata.frameworks.openmetadata.ffdc,6,0,0,0,0,12,0,0,0,0,0,0,0,0
org.odpi.openmetadata.adapters.connectors.governanceactions.provisioning,org.odpi.openmetadata.frameworks.openmetadata.fileclassifier,2,2,0,21,0,0,0,0,1,0,0,0,0,0
org.odpi.openmetadata.adapters.connectors.governanceactions.provisioning,org.odpi.openmetadata.frameworks.auditlog.messagesets,2,2,0,0,0,0,0,0,0,0,0,0,0,0
org.odpi.openmetadata.adapters.connectors.governanceactions.provisioning,org.odpi.openmetadata.frameworks.connectors.ffdc,1,0,0,3,0,2,0,0,3,0,0,0,0,0
org.odpi.openmetadata.adapters.connectors.governanceactions.provisioning,org.odpi.openmetadata.frameworks.opengovernance.properties,2,2,0,4,0,0,0,0,0,0,0,0,0,0
org.odpi.openmetadata.adapters.connectors.governanceactions.provisioning,org.odpi.openmetadata.frameworks.connectors.tabulardatasets,3,2,0,13,0,0,0,0,0,0,3,0,0,0
org.odpi.openmetadata.adapters.connectors.governanceactions.provisioning,org.odpi.openmetadata.frameworks.auditlog,1,0,1,12,0,0,0,0,0,0,0,0,0,0
org.odpi.openmetadata.frameworks.openmetadata.filelistener,org.odpi.openmetadata.frameworks.openmetadata.ffdc,9,0,0,9,0,9,0,0,9,44,0,0,0,0
org.odpi.openmetadata.frameworks.openmetadata.filelistener,org.odpi.openmetadata.frameworks.auditlog,3,2,4,13,0,0,0,0,0,2,0,0,0,0
org.odpi.openmetadata.frameworks.openmetadata.filelistener,org.odpi.openmetadata.frameworks.openmetadata.types,3,0,0,0,0,0,0,0,0,14,0,0,0,0
org.odpi.openmetadata.repositoryservices.events,org.odpi.openmetadata.frameworks.connectors.properties.beans,4,2,9,0,2,0,0,0,0,4,0,0,0,0
org.odpi.openmetadata.repositoryservices.events,org.odpi.openmetadata.repositoryservices.events.beans.v2,8,12,4,101,4,0,0,0,5,0,0,0,0,0
org.odpi.openmetadata.repositoryservices.events,org.odpi.openmetadata.repositoryservices.connectors.stores.metadatacollectionstore.properties.typedefs,18,11,70,0,11,0,0,0,0,33,0,0,0,0
org.odpi.openmetadata.repositoryservices.events,org.odpi.openmetadata.repositoryservices.connectors.stores.metadatacollectionstore.properties.instances,3,19,98,34,9,0,0,0,0,23,0,0,0,0
org.odpi.openmetadata.archiveutilities.simplecatalogs.catalogcontent,org.odpi.openmetadata.repositoryservices.connectors.stores.archivestore.properties,10,5,4,0,5,0,0,0,0,14,0,0,0,0
org.odpi.openmetadata.archiveutilities.simplecatalogs.catalogcontent,org.odpi.openmetadata.repositoryservices.connectors.stores.metadatacollectionstore.properties.instances,5,0,0,0,0,0,0,0,0,10,0,0,0,0
org.odpi.openmetadata.archiveutilities.simplecatalogs.catalogcontent,org.odpi.openmetadata.opentypes,4,0,0,8,0,0,0,0,4,0,0,0,0,0
org.odpi.openmetadata.archiveutilities.simplecatalogs.catalogcontent,org.odpi.openmetadata.samples.archiveutilities,5,5,4,57,0,0,0,0,5,9,0,0,0,0
org.odpi.openmetadata.archiveutilities.simplecatalogs.catalogcontent,org.odpi.openmetadata.repositoryservices.archiveutilities,5,5,4,10,0,0,0,0,5,9,0,0,0,0
org.odpi.openmetadata.archiveutilities.simplecatalogs.catalogcontent,org.odpi.openmetadata.frameworks.openmetadata.refdata,1,0,0,0,0,0,0,0,0,2,0,0,0,0
org.odpi.openmetadata.archiveutilities.simplecatalogs.catalogcontent,org.odpi.openmetadata.frameworks.openmetadata.types,2,0,0,0,0,0,0,0,0,26,0,0,0,0
org.odpi.openmetadata.frameworkservices.gaf.admin,org.odpi.openmetadata.repositoryservices.connectors.stores.metadatacollectionstore.repositoryconnector,1,0,1,2,0,0,0,0,0,0,0,0,0,0
org.odpi.openmetadata.frameworkservices.gaf.admin,org.odpi.openmetadata.repositoryservices.connectors.omrstopic,1,0,1,0,0,0,0,0,0,0,0,0,0,0
org.odpi.openmetadata.frameworkservices.gaf.admin,org.odpi.openmetadata.adapters.connectors,1,0,0,0,0,0,0,0,0,2,0,0,0,0
org.odpi.openmetadata.frameworkservices.gaf.admin,org.odpi.openmetadata.frameworks.connectors.properties.beans,2,3,0,2,0,0,0,0,0,0,0,0,0,0
org.odpi.openmetadata.frameworkservices.gaf.admin,org.odpi.openmetadata.commonservices.multitenant,0,0,0,1,0,0,0,0,0,0,0,0,0,0
org.odpi.openmetadata.frameworkservices.gaf.admin,org.odpi.openmetadata.frameworks.auditlog,1,2,1,5,0,0,0,0,0,1,0,0,0,0
org.odpi.openmetadata.frameworkservices.gaf.admin,org.odpi.openmetadata.adminservices.registration,1,0,0,4,0,0,0,1,0,1,0,0,0,0
org.odpi.openmetadata.frameworkservices.gaf.admin,org.odpi.openmetadata.adminservices.configuration.registration,1,0,0,0,0,0,0,0,0,12,0,0,0,0
org.odpi.openmetadata.frameworkservices.gaf.admin,org.odpi.openmetadata.adminservices.ffdc.exception,1,0,0,0,0,1,0,0,0,0,0,0,0,0
org.odpi.openmetadata.frameworkservices.gaf.admin,org.odpi.openmetadata.adminservices.configuration.properties,1,0,1,1,0,0,0,0,0,0,0,0,0,0
org.odpi.openmetadata.frameworkservices.gaf.admin,org.odpi.openmetadata.frameworkservices.gaf.ffdc,1,0,0,0,0,0,0,0,0,8,0,0,0,0
org.odpi.openmetadata.frameworkservices.gaf.admin,org.odpi.openmetadata.frameworkservices.gaf.connectors.outtopic,2,1,0,0,0,0,0,0,0,2,0,0,0,0
org.odpi.openmetadata.frameworkservices.gaf.admin,org.odpi.openmetadata.frameworkservices.gaf.listener,1,0,0,1,0,0,0,0,1,0,0,0,0,0
org.odpi.openmetadata.frameworkservices.gaf.admin,org.odpi.openmetadata.frameworkservices.gaf.outtopic,1,1,0,2,0,0,0,0,1,1,0,0,0,0
org.odpi.openmetadata.frameworkservices.gaf.admin,org.odpi.openmetadata.frameworkservices.gaf.server,2,1,0,3,0,0,0,0,2,0,0,0,0,0
org.odpi.openmetadata.governanceservers.enginehostservices.client,org.odpi.openmetadata.commonservices.ffdc.rest,0,0,0,2,0,0,0,0,0,0,0,0,0,0
org.odpi.openmetadata.governanceservers.enginehostservices.client,org.odpi.openmetadata.commonservices.ffdc,2,2,0,9,0,0,0,0,2,0,0,0,0,0
org.odpi.openmetadata.governanceservers.enginehostservices.client,org.odpi.openmetadata.frameworks.openmetadata.ffdc,3,0,0,0,0,14,0,0,0,0,0,0,0,0
org.odpi.openmetadata.governanceservers.enginehostservices.client,org.odpi.openmetadata.frameworks.connectors,1,0,0,0,0,0,0,0,0,0,0,0,0,0
org.odpi.openmetadata.governanceservers.enginehostservices.client,org.odpi.openmetadata.frameworks.auditlog,1,0,2,0,0,0,0,0,0,0,0,0,0,0
org.odpi.openmetadata.governanceservers.enginehostservices.client,org.odpi.openmetadata.governanceservers.enginehostservices.client.rest,1,1,0,4,0,0,0,0,2,2,0,0,0,0
org.odpi.openmetadata.governanceservers.enginehostservices.client,org.odpi.openmetadata.governanceservers.enginehostservices.properties,1,0,0,0,1,0,0,0,0,0,0,0,0,0
org.odpi.openmetadata.governanceservers.enginehostservices.client,org.odpi.openmetadata.governanceservers.enginehostservices.rest,2,2,0,2,0,0,0,0,0,0,0,0,0,0
org.odpi.openmetadata.viewservices.locationarena.server,org.odpi.openmetadata.frameworks.openmetadata.ffdc,4,0,0,0,0,4,0,0,0,0,0,0,0,0
org.odpi.openmetadata.viewservices.locationarena.server,org.odpi.openmetadata.frameworks.openmetadata.client,1,1,0,0,0,0,0,0,0,0,0,0,0,0
org.odpi.openmetadata.viewservices.locationarena.server,org.odpi.openmetadata.frameworks.auditlog,2,13,1,0,0,0,0,0,0,13,0,0,0,0
org.odpi.openmetadata.viewservices.locationarena.server,org.odpi.openmetadata.commonservices.multitenant,2,0,0,30,0,0,0,2,0,0,0,0,0,0
org.odpi.openmetadata.viewservices.locationarena.server,org.odpi.openmetadata.adminservices.configuration.registration,5,3,0,3,0,0,0,0,1,8,0,0,0,0
org.odpi.openmetadata.viewservices.locationarena.server,org.odpi.openmetadata.tokencontroller,1,0,0,13,0,0,0,1,0,13,0,0,0,0
org.odpi.openmetadata.viewservices.locationarena.server,org.odpi.openmetadata.frameworkservices.omf.client,1,0,0,1,0,0,0,0,1,0,0,0,0,0
org.odpi.openmetadata.viewservices.locationarena.server,org.odpi.openmetadata.frameworks.openmetadata.handlers,4,14,0,21,2,0,0,0,1,1,0,0,0,0
org.odpi.openmetadata.viewservices.locationarena.server,org.odpi.openmetadata.commonservices.ffdc.rest,0,13,13,37,13,0,0,0,13,0,0,0,0,0
org.odpi.openmetadata.viewservices.locationarena.server,org.odpi.openmetadata.commonservices.ffdc,3,15,0,63,0,0,0,0,2,0,0,0,0,0
org.odpi.openmetadata.viewservices.locationarena.server,org.odpi.openmetadata.viewservices.locationarena.admin,1,0,0,0,0,0,0,0,0,1,0,0,0,0
org.odpi.openmetadata.viewservices.locationarena.server,org.odpi.openmetadata.adminservices.registration,1,0,0,1,0,0,0,0,0,1,0,0,0,0
org.odpi.openmetadata.viewservices.locationarena.server,org.odpi.openmetadata.frameworks.openmetadata.properties.locations,4,0,0,0,0,0,0,0,0,5,5,0,0,0
org.odpi.openmetadata.adapters.connectors.integration.csvlineageimporter,org.odpi.openmetadata.adapters.connectors.integration.csvlineageimporter.ffdc,2,0,0,0,0,0,0,0,0,4,0,0,0,0
org.odpi.openmetadata.adapters.connectors.integration.csvlineageimporter,org.odpi.openmetadata.frameworks.openmetadata.search,2,3,0,3,0,0,0,0,1,1,0,0,0,0
org.odpi.openmetadata.adapters.connectors.integration.csvlineageimporter,org.odpi.openmetadata.adapters.connectors.datastore.csvfile,2,2,0,2,1,0,0,0,0,2,1,0,0,0
org.odpi.openmetadata.adapters.connectors.integration.csvlineageimporter,org.odpi.openmetadata.frameworks.openmetadata.types,1,0,0,0,0,0,0,0,0,4,0,0,0,0
org.odpi.openmetadata.adapters.connectors.integration.csvlineageimporter,org.odpi.openmetadata.adapters.connectors,1,0,0,0,0,0,0,0,0,2,0,0,0,0
org.odpi.openmetadata.adapters.connectors.integration.csvlineageimporter,org.odpi.openmetadata.frameworks.openmetadata.connectorcontext,1,1,0,5,0,0,0,0,0,1,0,0,0,0
org.odpi.openmetadata.adapters.connectors.integration.csvlineageimporter,org.odpi.openmetadata.frameworks.integration.connectors,2,0,0,2,0,0,0,2,0,9,0,0,0,0
org.odpi.openmetadata.adapters.connectors.integration.csvlineageimporter,org.odpi.openmetadata.frameworks.connectors.properties.beans,3,4,0,21,1,0,0,0,3,0,0,0,0,0
org.odpi.openmetadata.adapters.connectors.integration.csvlineageimporter,org.odpi.openmetadata.frameworks.connectors.ffdc,1,0,0,1,0,4,0,0,1,0,0,0,0,0
org.odpi.openmetadata.adapters.connectors.integration.csvlineageimporter,org.odpi.openmetadata.frameworks.openmetadata.properties,2,2,0,2,0,0,0,0,0,0,0,0,0,0
org.odpi.openmetadata.adapters.connectors.integration.csvlineageimporter,org.odpi.openmetadata.frameworks.openmetadata.refdata,1,0,0,0,0,0,0,0,0,4,0,0,0,0
org.odpi.openmetadata.adapters.connectors.integration.csvlineageimporter,org.odpi.openmetadata.frameworks.openmetadata.ffdc,3,0,0,0,0,10,0,0,0,0,0,0,0,0
org.odpi.openmetadata.adapters.connectors.integration.csvlineageimporter,org.odpi.openmetadata.frameworks.connectors,1,1,0,2,0,0,0,0,1,1,0,0,0,0
org.odpi.openmetadata.adapters.connectors.integration.csvlineageimporter,org.odpi.openmetadata.frameworks.auditlog,0,0,0,1,0,0,0,0,0,0,0,0,0,0
org.odpi.openmetadata.adapters.connectors.integration.csvlineageimporter,org.odpi.openmetadata.frameworks.integration.controls,1,1,0,4,0,0,0,0,1,0,0,0,0,0
org.odpi.openmetadata.samples.archiveutilities.governanceprogram,org.odpi.openmetadata.frameworks.openmetadata.refdata,7,4,4,4,4,0,0,0,0,46,0,0,0,0
org.odpi.openmetadata.samples.archiveutilities.governanceprogram,org.odpi.openmetadata.frameworks.openmetadata.types,5,0,0,0,0,0,0,0,0,24,0,0,0,0
org.odpi.openmetadata.samples.archiveutilities.governanceprogram,org.odpi.openmetadata.samples.archiveutilities.organization,7,10,6,10,3,0,0,0,4,46,0,0,0,0
org.odpi.openmetadata.samples.archiveutilities.governanceprogram,org.odpi.openmetadata.samples.archiveutilities.sustainability,1,0,0,0,0,0,0,0,0,2,0,0,0,0
org.odpi.openmetadata.samples.archiveutilities.governanceprogram,org.odpi.openmetadata.repositoryservices.connectors.stores.archivestore.properties,1,0,0,1,0,0,0,0,1,0,0,0,0,0
org.odpi.openmetadata.samples.archiveutilities.governanceprogram,org.odpi.openmetadata.frameworks.openmetadata.mapper,1,0,0,1,0,0,0,0,0,0,0,0,0,0
org.odpi.openmetadata.samples.archiveutilities.governanceprogram,org.odpi.openmetadata.contentpacks.core.core,1,0,0,1,0,0,0,0,1,0,0,0,0,0
org.odpi.openmetadata.samples.archiveutilities.governanceprogram,org.odpi.openmetadata.samples.archiveutilities,1,0,0,34,0,0,0,1,0,31,0,0,0,0
org.odpi.openmetadata.viewservices.metadataexpert.rest,org.odpi.openmetadata.frameworks.openmetadata.search,2,0,2,0,0,0,0,0,0,2,0,0,0,0
org.odpi.openmetadata.viewservices.metadataexpert.rest,org.odpi.openmetadata.commonservices.ffdc.rest,2,0,0,8,0,0,0,2,0,6,0,0,0,0
org.odpi.openmetadata.adapters.connectors.governanceactions.remediation,org.odpi.openmetadata.frameworks.connectors.ffdc,3,0,0,8,0,4,0,0,8,0,0,0,0,0
org.odpi.openmetadata.adapters.connectors.governanceactions.remediation,org.odpi.openmetadata.frameworks.opengovernance,8,0,0,31,0,0,0,8,0,104,0,0,0,0
org.odpi.openmetadata.adapters.connectors.governanceactions.remediation,org.odpi.openmetadata.frameworks.opengovernance.controls,12,0,0,0,0,0,0,0,0,84,0,0,0,0
org.odpi.openmetadata.adapters.connectors.governanceactions.remediation,org.odpi.openmetadata.frameworks.opengovernance.properties,4,6,2,13,0,0,0,0,0,1,0,0,0,0
org.odpi.openmetadata.adapters.connectors.governanceactions.remediation,org.odpi.openmetadata.adapters.connectors.governanceactions.ffdc,6,0,0,0,0,0,0,0,0,22,0,0,0,0
org.odpi.openmetadata.adapters.connectors.governanceactions.remediation,org.odpi.openmetadata.frameworks.openmetadata.connectorcontext,3,3,0,30,0,0,0,0,0,0,0,0,0,0
org.odpi.openmetadata.adapters.connectors.governanceactions.remediation,org.odpi.openmetadata.frameworks.openmetadata.ffdc,8,0,0,0,0,4,0,0,0,0,0,0,0,0
org.odpi.openmetadata.adapters.connectors.governanceactions.remediation,org.odpi.openmetadata.frameworks.openmetadata.metadataelements,0,0,0,6,0,0,0,0,0,0,0,0,0,0
org.odpi.openmetadata.adapters.connectors.governanceactions.remediation,org.odpi.openmetadata.frameworks.openmetadata.types,7,0,0,0,0,0,0,0,0,48,0,0,0,0
org.odpi.openmetadata.adapters.connectors.governanceactions.remediation,org.odpi.openmetadata.frameworks.openmetadata.search,6,9,4,32,3,0,0,0,7,20,0,0,0,0
org.odpi.openmetadata.adapters.connectors.governanceactions.remediation,org.odpi.openmetadata.frameworks.openmetadata.refdata,10,9,4,0,5,0,0,0,0,45,0,0,0,0
org.odpi.openmetadata.adapters.connectors.governanceactions.remediation,org.odpi.openmetadata.frameworks.connectors.properties.beans,4,4,0,34,0,0,0,0,4,4,0,0,0,0
org.odpi.openmetadata.adapters.connectors.governanceactions.remediation,org.odpi.openmetadata.frameworks.connectors,0,0,0,8,0,0,0,0,0,5,0,0,0,0
org.odpi.openmetadata.adapters.connectors.governanceactions.remediation,org.odpi.openmetadata.frameworks.openmetadata.specificationproperties,7,11,6,45,6,0,0,0,11,6,0,0,0,0
org.odpi.openmetadata.adapters.connectors.governanceactions.remediation,org.odpi.openmetadata.frameworks.openmetadata.properties,3,11,2,28,0,0,0,0,0,1,0,0,0,0
org.odpi.openmetadata.adapters.connectors.governanceactions.remediation,org.odpi.openmetadata.frameworks.openmetadata.properties.governance,1,1,0,2,0,0,0,0,1,0,0,0,0,0
org.odpi.openmetadata.adapters.connectors.governanceactions.remediation,org.odpi.openmetadata.frameworks.auditlog,0,0,0,5,0,0,0,0,0,0,0,0,0,0
org.odpi.openmetadata.adapters.connectors.governanceactions.remediation,org.odpi.openmetadata.frameworks.auditlog.messagesets,2,2,0,0,0,0,0,0,0,0,0,0,0,0
org.odpi.openmetadata.frameworks.openmetadata.properties.governance,org.odpi.openmetadata.frameworks.openmetadata.properties,23,0,0,94,0,0,0,22,0,125,0,0,0,0
org.odpi.openmetadata.frameworks.openmetadata.properties.governance,org.odpi.openmetadata.frameworks.openmetadata.types,55,0,0,0,0,0,0,0,0,112,0,0,0,0
org.odpi.openmetadata.frameworks.openmetadata.properties.governance,org.odpi.openmetadata.frameworks.openmetadata.enums,2,2,2,0,2,0,0,0,0,6,0,0,0,0
org.odpi.openmetadata.frameworks.openmetadata.properties.governance,org.odpi.openmetadata.frameworks.openmetadata.properties.collections,1,0,0,5,0,0,0,1,0,4,0,0,0,0
org.odpi.openmetadata.frameworks.openmetadata.properties.governance,org.odpi.openmetadata.frameworks.openmetadata.properties.dataprocessing,1,0,0,0,0,0,0,0,0,1,0,0,0,0
org.odpi.openmetadata.frameworks.openmetadata.properties.governance,org.odpi.openmetadata.frameworks.openmetadata.properties.governance.governanceactions,1,0,0,0,0,0,0,0,0,1,0,0,0,0
org.odpi.openmetadata.frameworks.openmetadata.properties.governance,org.odpi.openmetadata.frameworks.openmetadata.properties.security,2,0,0,0,0,0,0,0,0,1,0,0,0,0
org.odpi.openmetadata.accessservices.assetmanager.fvt.dataassets,org.odpi.openmetadata.adminservices.configuration.registration,2,0,0,0,0,0,0,0,0,10,0,0,0,0
org.odpi.openmetadata.accessservices.assetmanager.fvt.dataassets,org.odpi.openmetadata.frameworks.auditlog,2,2,4,2,0,0,0,0,2,0,0,0,0,0
org.odpi.openmetadata.accessservices.assetmanager.fvt.dataassets,org.odpi.openmetadata.frameworks.openmetadata.metadataelements,2,2,0,4,0,0,0,0,0,0,0,0,0,0
org.odpi.openmetadata.accessservices.assetmanager.fvt.dataassets,org.odpi.openmetadata.frameworks.openmetadata.properties,0,0,0,87,0,0,0,0,0,0,0,0,0,0
org.odpi.openmetadata.accessservices.assetmanager.fvt.dataassets,org.odpi.openmetadata.frameworks.openmetadata.ffdc,2,0,0,0,0,0,0,0,0,0,0,0,0,0
org.odpi.openmetadata.accessservices.assetmanager.fvt.dataassets,org.odpi.openmetadata.frameworks.openmetadata.properties.schema,3,15,0,10,0,0,0,0,10,0,0,0,0,0
org.odpi.openmetadata.accessservices.assetmanager.fvt.dataassets,org.odpi.openmetadata.fvt.utilities,2,2,0,10,2,0,0,0,2,0,0,0,0,0
org.odpi.openmetadata.accessservices.assetmanager.fvt.dataassets,org.odpi.openmetadata.fvt.utilities.auditlog,2,0,2,0,0,0,0,0,0,0,0,0,0,0
org.odpi.openmetadata.accessservices.assetmanager.fvt.dataassets,org.odpi.openmetadata.fvt.utilities.exceptions,2,0,0,174,0,36,0,0,174,0,0,0,0,0
org.odpi.openmetadata.accessservices.assetmanager.fvt.dataassets,org.odpi.openmetadata.frameworks.openmetadata.properties.assets,2,6,0,6,0,0,0,0,3,0,0,0,0,0
org.odpi.openmetadata.accessservices.assetmanager.fvt.dataassets,org.odpi.openmetadata.frameworks.openmetadata.types,2,0,0,0,0,0,0,0,0,14,0,0,0,0
org.odpi.openmetadata.adapters.connectors.integration.basicfiles,org.odpi.openmetadata.frameworks.openmetadata.metadataelements,8,10,9,65,5,0,0,0,0,7,0,0,0,0
org.odpi.openmetadata.adapters.connectors.integration.basicfiles,org.odpi.openmetadata.frameworks.openmetadata.filelistener,1,0,0,0,0,0,1,0,0,0,0,0,0,0
org.odpi.openmetadata.adapters.connectors.integration.basicfiles,org.odpi.openmetadata.frameworks.integration.connectors,2,0,0,3,0,0,0,2,0,81,0,0,0,0
org.odpi.openmetadata.adapters.connectors.integration.basicfiles,org.odpi.openmetadata.frameworks.integration.context,0,0,0,7,0,0,0,0,0,0,0,0,0,0
org.odpi.openmetadata.adapters.connectors.integration.basicfiles,org.odpi.openmetadata.frameworks.openmetadata.connectorcontext,8,13,0,59,0,0,0,0,0,0,0,0,0,0
org.odpi.openmetadata.adapters.connectors.integration.basicfiles,org.odpi.openmetadata.frameworks.openmetadata.builders,1,1,0,7,0,0,0,0,1,0,0,0,0,0
org.odpi.openmetadata.adapters.connectors.integration.basicfiles,org.odpi.openmetadata.frameworks.openmetadata.enums,10,0,11,0,0,0,0,0,0,4,0,0,0,0
org.odpi.openmetadata.adapters.connectors.integration.basicfiles,org.odpi.openmetadata.frameworks.connectors.ffdc,10,1,0,7,0,25,0,0,7,6,0,0,0,0
org.odpi.openmetadata.adapters.connectors.integration.basicfiles,org.odpi.openmetadata.frameworks.connectors.properties.users,0,4,2,26,0,0,0,0,0,16,0,0,0,0
org.odpi.openmetadata.adapters.connectors.integration.basicfiles,org.odpi.openmetadata.frameworks.auditlog,7,1,5,22,0,0,0,0,0,1,0,0,0,0
org.odpi.openmetadata.adapters.connectors.integration.basicfiles,org.odpi.openmetadata.frameworks.connectors,3,2,1,8,0,0,0,0,1,4,0,0,0,0
org.odpi.openmetadata.adapters.connectors.integration.basicfiles,org.odpi.openmetadata.frameworks.openmetadata.ffdc,10,0,0,0,0,29,0,0,0,0,0,0,0,0
org.odpi.openmetadata.adapters.connectors.integration.basicfiles,org.odpi.openmetadata.frameworks.openmetadata.refdata,10,0,0,0,0,0,0,0,0,68,0,0,0,0
org.odpi.openmetadata.adapters.connectors.integration.basicfiles,org.odpi.openmetadata.frameworks.openmetadata.controls,4,0,0,0,0,0,0,0,0,46,0,0,0,0
org.odpi.openmetadata.adapters.connectors.integration.basicfiles,org.odpi.openmetadata.frameworks.openmetadata.properties.assets,4,2,3,15,0,0,0,0,2,0,0,0,0,0
org.odpi.openmetadata.adapters.connectors.integration.basicfiles,org.odpi.openmetadata.frameworks.openmetadata.properties.assets.filesandfolders,8,5,3,19,0,0,0,0,5,4,4,0,0,0
org.odpi.openmetadata.adapters.connectors.integration.basicfiles,org.odpi.openmetadata.frameworks.openmetadata.properties,2,1,2,21,0,0,0,0,1,2,0,0,0,0
org.odpi.openmetadata.adapters.connectors.integration.basicfiles,org.odpi.openmetadata.frameworks.auditlog.messagesets,1,1,0,0,0,0,0,0,0,2,0,0,0,0
org.odpi.openmetadata.adapters.connectors.integration.basicfiles,org.odpi.openmetadata.frameworks.connectors.properties.beans,4,4,0,12,0,0,0,0,2,0,0,0,0,0
org.odpi.openmetadata.adapters.connectors.integration.basicfiles,org.odpi.openmetadata.frameworks.openmetadata.types,10,0,0,0,0,0,0,0,0,88,0,0,0,0
org.odpi.openmetadata.adapters.connectors.integration.basicfiles,org.odpi.openmetadata.frameworks.openmetadata.search,8,9,4,28,1,0,0,0,7,4,0,0,0,0
org.odpi.openmetadata.adapters.connectors.integration.basicfiles,org.odpi.openmetadata.adapters.connectors.integration.basicfiles.ffdc.exception,3,1,0,5,0,1,0,0,5,3,0,0,0,0
org.odpi.openmetadata.adapters.connectors.integration.basicfiles,org.odpi.openmetadata.adapters.connectors.integration.basicfiles.ffdc,10,0,1,2,0,0,0,0,0,70,0,0,0,0
org.odpi.openmetadata.adapters.connectors.integration.basicfiles,org.odpi.openmetadata.frameworks.connectors.controls,4,0,0,4,0,0,0,0,0,4,0,0,0,0
org.odpi.openmetadata.adapters.connectors.integration.basicfiles,org.odpi.openmetadata.frameworks.openmetadata.properties.assets.processes.connectors,1,0,0,0,0,0,0,0,0,0,1,0,0,0
org.odpi.openmetadata.adapters.connectors.integration.basicfiles,org.odpi.openmetadata.frameworks.openmetadata.definitions,4,0,0,4,0,0,0,0,4,0,0,0,0,0
org.odpi.openmetadata.adapters.connectors.integration.basicfiles,org.odpi.openmetadata.frameworks.integration.controls,4,4,0,16,0,0,0,0,4,0,0,0,0,0
org.odpi.openmetadata.adapters.connectors.integration.basicfiles,org.odpi.openmetadata.adapters.connectors,5,0,0,0,0,0,0,0,0,10,0,0,0,0
org.odpi.openmetadata.adapters.connectors.integration.basicfiles,org.odpi.openmetadata.frameworks.openmetadata.properties.security,0,4,0,13,0,0,0,0,5,2,1,0,0,0
org.odpi.openmetadata.adapters.connectors.integration.basicfiles,org.odpi.openmetadata.repositoryservices.ffdc.exception,2,0,0,0,0,0,0,0,0,0,0,0,0,0
org.odpi.openmetadata.adapters.connectors.integration.basicfiles,org.odpi.openmetadata.adapters.repositoryservices.archiveconnector.file,2,2,0,3,0,0,0,0,1,0,1,0,0,0
org.odpi.openmetadata.adapters.connectors.integration.basicfiles,org.odpi.openmetadata.adapters.connectors.integration.basicfiles.controls,1,1,0,2,0,0,0,0,0,1,0,0,0,0
org.odpi.openmetadata.adapters.connectors.integration.basicfiles,org.odpi.openmetadata.repositoryservices.connectors.stores.archivestore.properties,2,2,0,15,0,0,0,0,0,0,0,0,0,0
org.odpi.openmetadata.adapters.connectors.integration.basicfiles,org.odpi.openmetadata.frameworks.openmetadata.fileclassifier,2,2,0,38,0,0,0,0,0,0,0,0,0,0
org.odpi.openmetadata.adapters.connectors.integration.basicfiles,org.odpi.openmetadata.adapters.connectors.secretsstore.yaml,2,0,1,2,0,0,0,0,0,0,1,0,0,0
org.odpi.openmetadata.adapters.connectors.integration.basicfiles,org.odpi.openmetadata.frameworks.openmetadata.specificationproperties,1,1,1,5,1,0,0,0,1,1,0,0,0,0
org.odpi.openmetadata.adapters.connectors.integration.basicfiles,org.odpi.openmetadata.frameworks.opengovernance.connectorcontext,1,1,0,1,0,0,0,0,0,0,0,0,0,0
org.odpi.openmetadata.frameworks.connectors.client,org.odpi.openmetadata.frameworks.openmetadata.search,1,1,0,1,0,0,0,0,1,0,0,0,0,0
org.odpi.openmetadata.frameworks.connectors.client,org.odpi.openmetadata.frameworks.openmetadata.ffdc,3,0,0,0,0,15,0,0,0,0,0,0,0,0
org.odpi.openmetadata.frameworks.connectors.client,org.odpi.openmetadata.frameworks.connectors.properties.beans,1,0,1,0,0,0,0,0,0,0,0,0,0,0
org.odpi.openmetadata.frameworks.connectors.client,org.odpi.openmetadata.frameworks.connectors.ffdc,2,0,0,0,0,10,0,0,0,0,0,0,0,0
org.odpi.openmetadata.frameworks.connectors.client,org.odpi.openmetadata.frameworks.connectors.api,1,0,0,0,0,0,1,0,0,0,0,0,0,0
org.odpi.openmetadata.frameworks.connectors.client,org.odpi.openmetadata.frameworks.connectors,1,0,0,0,5,0,0,0,0,0,0,0,0,0
org.odpi.openmetadata.frameworks.connectors.client,org.odpi.openmetadata.frameworks.auditlog,1,1,2,0,0,0,0,0,0,1,0,0,0,0
org.odpi.openmetadata.repositoryservices.rest.properties,org.odpi.openmetadata.frameworks.connectors.properties.beans,1,1,1,0,1,0,0,0,0,1,0,0,0,0
org.odpi.openmetadata.repositoryservices.rest.properties,org.odpi.openmetadata.repositoryservices.connectors.stores.metadatacollectionstore.properties.instances,33,28,37,20,21,0,0,0,18,37,0,0,0,0
org.odpi.openmetadata.repositoryservices.rest.properties,org.odpi.openmetadata.repositoryservices.connectors.stores.metadatacollectionstore.properties.typedefs,17,16,22,10,10,0,0,0,0,22,0,0,0,0
org.odpi.openmetadata.repositoryservices.rest.properties,org.odpi.openmetadata.frameworks.auditlog.messagesets,1,0,1,0,0,0,0,0,0,1,0,0,0,0
org.odpi.openmetadata.repositoryservices.rest.properties,org.odpi.openmetadata.repositoryservices.auditlog,2,1,1,1,1,0,0,0,1,1,0,0,0,0
org.odpi.openmetadata.repositoryservices.rest.properties,org.odpi.openmetadata.repositoryservices.connectors.stores.cohortregistrystore.properties,2,1,2,0,1,0,0,0,0,2,0,0,0,0
org.odpi.openmetadata.repositoryservices.rest.properties,org.odpi.openmetadata.repositoryservices.properties,2,0,1,0,0,0,0,0,0,1,0,0,0,0
org.odpi.openmetadata.repositoryservices.rest.properties,org.odpi.openmetadata.repositoryservices.connectors.stores.metadatacollectionstore.properties,3,3,3,0,3,0,0,0,0,5,0,0,0,0
org.odpi.openmetadata.repositoryservices.rest.properties,org.odpi.openmetadata.repositoryservices.connectors.stores.metadatacollectionstore.properties.search,3,3,3,1,3,0,0,0,1,4,0,0,0,0
org.odpi.openmetadata.repositoryservices.rest.properties,org.odpi.openmetadata.frameworks.auditlog.requestid,2,0,0,0,0,0,2,0,0,0,0,0,0,0
org.odpi.openmetadata.contentpacks.core.openlineage,org.odpi.openmetadata.contentpacks.core,4,0,0,0,0,0,0,0,0,34,0,0,0,0
org.odpi.openmetadata.contentpacks.core.openlineage,org.odpi.openmetadata.samples.archiveutilities,0,0,0,3,0,0,0,0,0,2,0,0,0,0
org.odpi.openmetadata.contentpacks.core.openlineage,org.odpi.openmetadata.contentpacks.core.base,1,0,0,11,0,0,0,1,0,7,0,0,0,0
org.odpi.openmetadata.contentpacks.core.openlineage,org.odpi.openmetadata.contentpacks.core.core,1,0,0,1,0,0,0,0,1,0,0,0,0,0
org.odpi.openmetadata.contentpacks.core.openlineage,org.odpi.openmetadata.frameworks.openmetadata.refdata,1,0,0,0,0,0,0,0,0,2,0,0,0,0
org.odpi.openmetadata.contentpacks.core.openlineage,org.odpi.openmetadata.repositoryservices.connectors.stores.archivestore.properties,1,0,0,1,0,0,0,0,1,0,0,0,0,0
org.odpi.openmetadata.frameworks.openmetadata.properties.assets.processes.connectors,org.odpi.openmetadata.frameworks.openmetadata.properties,3,0,0,12,0,0,0,3,0,34,0,0,0,0
org.odpi.openmetadata.frameworks.openmetadata.properties.assets.processes.connectors,org.odpi.openmetadata.frameworks.openmetadata.properties.assets.processes,6,0,1,6,0,0,0,1,0,3,0,0,0,0
org.odpi.openmetadata.frameworks.openmetadata.properties.assets.processes.connectors,org.odpi.openmetadata.frameworks.openmetadata.types,10,0,0,0,0,0,0,0,0,48,0,0,0,0
org.odpi.openmetadata.frameworks.openmetadata.properties.assets.processes.connectors,org.odpi.openmetadata.frameworks.openmetadata.enums,4,4,4,0,4,0,0,0,0,4,0,0,0,0
org.odpi.openmetadata.frameworks.openmetadata.properties.security,org.odpi.openmetadata.frameworks.openmetadata.properties.governance,2,0,0,7,0,0,0,1,0,2,0,0,0,0
org.odpi.openmetadata.frameworks.openmetadata.properties.security,org.odpi.openmetadata.frameworks.openmetadata.types,15,0,0,0,0,0,0,0,0,30,0,0,0,0
org.odpi.openmetadata.frameworks.openmetadata.properties.security,org.odpi.openmetadata.frameworks.openmetadata.properties,9,0,0,37,0,0,0,9,0,43,0,0,0,0
org.odpi.openmetadata.frameworks.openmetadata.properties.security,org.odpi.openmetadata.frameworks.openmetadata.properties.collections,1,0,0,5,0,0,0,1,0,4,0,0,0,0
org.odpi.openmetadata.adapters.connectors.integration.jdbc,org.odpi.openmetadata.adapters.connectors.integration.jdbc.controls,2,0,0,3,0,0,0,0,0,3,0,0,0,0
org.odpi.openmetadata.adapters.connectors.integration.jdbc,org.odpi.openmetadata.adapters.connectors,1,0,0,0,0,0,0,0,0,2,0,0,0,0
org.odpi.openmetadata.adapters.connectors.integration.jdbc,org.odpi.openmetadata.frameworks.auditlog,1,0,1,7,0,0,0,0,0,0,0,0,0,0
org.odpi.openmetadata.adapters.connectors.integration.jdbc,org.odpi.openmetadata.frameworks.connectors,2,0,2,1,0,0,0,0,0,0,0,0,0,0
org.odpi.openmetadata.adapters.connectors.integration.jdbc,org.odpi.openmetadata.frameworks.connectors.ffdc,2,0,0,0,0,3,0,0,0,0,0,0,0,0
org.odpi.openmetadata.adapters.connectors.integration.jdbc,org.odpi.openmetadata.frameworks.connectors.properties.beans,0,0,0,2,0,0,0,0,0,0,0,0,0,0
org.odpi.openmetadata.adapters.connectors.integration.jdbc,org.odpi.openmetadata.frameworks.opengovernance.properties,2,0,2,4,0,0,0,0,0,0,0,0,0,0
org.odpi.openmetadata.adapters.connectors.integration.jdbc,org.odpi.openmetadata.frameworks.integration.connectors,5,0,0,3,0,0,0,3,0,26,0,0,0,0
org.odpi.openmetadata.adapters.connectors.integration.jdbc,org.odpi.openmetadata.frameworks.integration.context,2,0,2,0,0,0,0,0,0,0,0,0,0,0
org.odpi.openmetadata.adapters.connectors.integration.jdbc,org.odpi.openmetadata.frameworks.integration.properties,2,0,0,0,1,0,0,0,0,2,0,0,0,0
org.odpi.openmetadata.adapters.connectors.integration.jdbc,org.odpi.openmetadata.frameworks.openmetadata.connectorcontext,1,0,0,0,0,0,0,0,0,0,0,0,0,0
org.odpi.openmetadata.adapters.connectors.integration.jdbc,org.odpi.openmetadata.frameworks.openmetadata.metadataelements,1,0,1,4,0,0,0,0,0,0,0,0,0,0
org.odpi.openmetadata.adapters.connectors.integration.jdbc,org.odpi.openmetadata.frameworks.openmetadata.properties,1,0,0,0,0,0,0,0,0,0,1,0,0,0
org.odpi.openmetadata.adapters.connectors.integration.jdbc,org.odpi.openmetadata.frameworks.openmetadata.ffdc,1,0,0,0,0,1,0,0,0,0,0,0,0,0
org.odpi.openmetadata.adapters.connectors.integration.jdbc,org.odpi.openmetadata.frameworks.openmetadata.refdata,1,0,0,0,0,0,0,0,0,4,0,0,0,0
org.odpi.openmetadata.adapters.connectors.integration.jdbc,org.odpi.openmetadata.adapters.connectors.resource.jdbc,1,1,2,1,0,0,0,0,0,0,1,0,0,0
org.odpi.openmetadata.adapters.connectors.integration.jdbc,org.odpi.openmetadata.adapters.connectors.integration.jdbc.ffdc,1,0,0,0,0,0,0,0,0,14,0,0,0,0
org.odpi.openmetadata.adapters.connectors.integration.jdbc,org.odpi.openmetadata.adapters.connectors.integration.jdbc.transfer,2,1,0,3,0,0,0,0,2,0,0,0,0,0
org.odpi.openmetadata.adapters.connectors.integration.jdbc,org.odpi.openmetadata.adapters.connectors.integration.jdbc.transfer.customization,1,1,0,1,0,0,0,0,1,0,0,0,0,0
org.odpi.openmetadata.adapters.connectors.integration.jdbc,org.odpi.openmetadata.frameworks.openmetadata.properties.assets.processes.connectors,0,0,0,1,0,0,0,0,0,0,0,0,0,0
org.odpi.openmetadata.adapters.connectors.integration.jdbc,org.odpi.openmetadata.frameworks.openmetadata.search,1,0,0,1,0,0,0,0,0,0,0,0,0,0
org.odpi.openmetadata.adapters.connectors.integration.jdbc,org.odpi.openmetadata.frameworks.openmetadata.types,1,0,0,0,0,0,0,0,0,4,0,0,0,0
org.odpi.openmetadata.adapters.connectors.integration.jdbc,org.odpi.openmetadata.frameworks.connectors.controls,1,0,0,1,0,0,0,0,0,1,0,0,0,0
org.odpi.openmetadata.adapters.connectors.integration.jdbc,org.odpi.openmetadata.frameworks.openmetadata.definitions,1,0,0,1,0,0,0,0,1,0,0,0,0,0
org.odpi.openmetadata.frameworks.opensurvey.controls,org.odpi.openmetadata.frameworks.openmetadata.specificationproperties,8,8,13,45,8,0,0,0,8,13,0,0,0,0
org.odpi.openmetadata.frameworks.opensurvey.controls,org.odpi.openmetadata.frameworks.openmetadata.refdata,1,1,1,0,1,0,0,0,0,15,0,0,0,0
org.odpi.openmetadata.frameworks.opensurvey.controls,org.odpi.openmetadata.frameworks.openmetadata.types,7,0,0,0,0,0,0,0,0,62,0,0,0,0
org.odpi.openmetadata.frameworks.opensurvey.controls,org.odpi.openmetadata.frameworks.opensurvey.measurements,5,8,4,22,0,0,0,0,0,10,0,0,0,0
org.odpi.openmetadata.viewservices.projectmanager.admin,org.odpi.openmetadata.commonservices.multitenant,0,0,0,1,0,0,0,0,0,0,0,0,0,0
org.odpi.openmetadata.viewservices.projectmanager.admin,org.odpi.openmetadata.frameworks.auditlog,1,1,1,5,0,0,0,0,0,1,0,0,0,0
org.odpi.openmetadata.viewservices.projectmanager.admin,org.odpi.openmetadata.viewservices.projectmanager.server,1,1,0,1,0,0,0,0,1,1,0,0,0,0
org.odpi.openmetadata.viewservices.projectmanager.admin,org.odpi.openmetadata.viewservices.projectmanager.ffdc,1,0,0,0,0,0,0,0,0,10,0,0,0,0
org.odpi.openmetadata.viewservices.projectmanager.admin,org.odpi.openmetadata.adminservices.configuration.properties,1,0,1,7,0,0,0,0,0,0,0,0,0,0
org.odpi.openmetadata.viewservices.projectmanager.admin,org.odpi.openmetadata.adminservices.ffdc.exception,1,0,0,0,0,1,0,0,0,0,0,0,0,0
org.odpi.openmetadata.viewservices.projectmanager.admin,org.odpi.openmetadata.adminservices.configuration.registration,1,0,0,0,0,0,0,0,0,2,0,0,0,0
org.odpi.openmetadata.viewservices.projectmanager.admin,org.odpi.openmetadata.adminservices.registration,1,0,0,1,0,0,0,1,0,1,0,0,0,0
org.odpi.openmetadata.repositoryservices.enterprise.connectormanager,org.odpi.openmetadata.repositoryservices.connectors.stores.metadatacollectionstore.repositoryconnector,2,2,1,12,1,0,0,0,0,0,1,0,0,0
org.odpi.openmetadata.repositoryservices.enterprise.connectormanager,org.odpi.openmetadata.repositoryservices.connectors.stores.metadatacollectionstore,1,1,0,0,0,0,0,0,0,1,0,0,0,0
org.odpi.openmetadata.repositoryservices.enterprise.connectormanager,org.odpi.openmetadata.repositoryservices.ffdc,2,0,0,0,0,0,0,0,0,18,0,0,0,0
org.odpi.openmetadata.repositoryservices.enterprise.connectormanager,org.odpi.openmetadata.frameworks.connectors.ffdc,4,0,0,2,0,7,0,0,2,0,0,0,0,0
org.odpi.openmetadata.repositoryservices.enterprise.connectormanager,org.odpi.openmetadata.frameworks.connectors.properties.beans,1,3,7,13,1,0,0,0,1,5,1,0,0,0
org.odpi.openmetadata.repositoryservices.enterprise.connectormanager,org.odpi.openmetadata.repositoryservices.localrepository.repositorycontentmanager,3,1,1,2,0,0,0,0,2,2,0,0,0,0
org.odpi.openmetadata.repositoryservices.enterprise.connectormanager,org.odpi.openmetadata.repositoryservices.localrepository.repositoryconnector,2,1,2,1,0,0,0,0,0,1,0,0,0,0
org.odpi.openmetadata.repositoryservices.enterprise.connectormanager,org.odpi.openmetadata.frameworks.connectors.controls,2,0,0,0,0,0,0,0,0,2,0,0,0,0
org.odpi.openmetadata.repositoryservices.enterprise.connectormanager,org.odpi.openmetadata.frameworks.auditlog,1,1,1,7,0,0,0,0,0,1,0,0,0,0
org.odpi.openmetadata.repositoryservices.enterprise.connectormanager,org.odpi.openmetadata.frameworks.connectors,3,2,0,4,0,0,0,0,1,0,0,0,0,0
org.odpi.openmetadata.accessservices.datamanager.fvt.events,org.odpi.openmetadata.frameworks.auditlog,1,1,1,1,0,0,0,0,1,0,0,0,0,0
org.odpi.openmetadata.accessservices.datamanager.fvt.events,org.odpi.openmetadata.frameworks.openmetadata.ffdc,1,0,0,0,0,0,0,0,0,0,0,0,0,0
org.odpi.openmetadata.accessservices.datamanager.fvt.events,org.odpi.openmetadata.adminservices.configuration.registration,1,0,0,0,0,0,0,0,0,5,0,0,0,0
org.odpi.openmetadata.accessservices.datamanager.fvt.events,org.odpi.openmetadata.frameworks.openmetadata.properties,0,0,0,49,0,0,0,0,0,0,0,0,0,0
org.odpi.openmetadata.accessservices.datamanager.fvt.events,org.odpi.openmetadata.frameworks.openmetadata.properties.assets.topics,1,2,0,5,0,0,0,0,1,0,0,0,0,0
org.odpi.openmetadata.accessservices.datamanager.fvt.events,org.odpi.openmetadata.fvt.utilities.exceptions,1,0,0,96,0,15,0,0,96,0,0,0,0,0
org.odpi.openmetadata.accessservices.datamanager.fvt.events,org.odpi.openmetadata.fvt.utilities,1,1,0,5,1,0,0,0,1,0,0,0,0,0
org.odpi.openmetadata.accessservices.datamanager.fvt.events,org.odpi.openmetadata.fvt.utilities.auditlog,1,0,1,0,0,0,0,0,0,0,0,0,0,0
org.odpi.openmetadata.accessservices.datamanager.fvt.events,org.odpi.openmetadata.frameworks.openmetadata.properties.schema.events,1,2,0,1,0,0,0,0,1,0,0,0,0,0
org.odpi.openmetadata.accessservices.datamanager.fvt.events,org.odpi.openmetadata.frameworks.openmetadata.properties.schema,1,4,0,2,0,0,0,0,2,0,0,0,0,0
org.odpi.openmetadata.accessservices.datamanager.fvt.events,org.odpi.openmetadata.frameworks.openmetadata.properties.softwarecapabilities,1,1,0,2,0,0,0,0,1,0,0,0,0,0
org.odpi.openmetadata.engineservices.governanceaction.admin,org.odpi.openmetadata.frameworks.auditlog,1,0,1,4,0,0,0,0,0,1,0,0,0,0
org.odpi.openmetadata.engineservices.governanceaction.admin,org.odpi.openmetadata.engineservices.governanceaction.server,1,1,0,1,0,0,0,0,1,1,0,0,0,0
org.odpi.openmetadata.engineservices.governanceaction.admin,org.odpi.openmetadata.commonservices.multitenant,0,0,0,1,0,0,0,0,0,0,0,0,0,0
org.odpi.openmetadata.engineservices.governanceaction.admin,org.odpi.openmetadata.engineservices.governanceaction.ffdc,2,0,0,0,0,0,0,0,0,10,0,0,0,0
org.odpi.openmetadata.engineservices.governanceaction.admin,org.odpi.openmetadata.governanceservers.enginehostservices.registration,1,0,1,0,0,0,0,0,0,0,0,0,0,0
org.odpi.openmetadata.engineservices.governanceaction.admin,org.odpi.openmetadata.governanceservers.enginehostservices.admin,1,0,0,1,0,0,0,1,0,6,0,0,0,0
org.odpi.openmetadata.engineservices.governanceaction.admin,org.odpi.openmetadata.adminservices.configuration.registration,1,0,0,0,0,0,0,0,0,2,0,0,0,0
org.odpi.openmetadata.engineservices.governanceaction.admin,org.odpi.openmetadata.adminservices.ffdc.exception,1,0,0,1,0,1,0,0,1,0,0,0,0,0
org.odpi.openmetadata.repositoryservices.connectors.stores.metadatacollectionstore.repositoryconnector,org.odpi.openmetadata.frameworks.auditlog,5,1,3,3,1,0,1,0,0,1,0,0,0,0
org.odpi.openmetadata.repositoryservices.connectors.stores.metadatacollectionstore.repositoryconnector,org.odpi.openmetadata.frameworks.openmetadata.ffdc,2,0,0,0,0,47,0,0,0,0,0,0,0,0
org.odpi.openmetadata.repositoryservices.connectors.stores.metadatacollectionstore.repositoryconnector,org.odpi.openmetadata.repositoryservices.ffdc.exception,2,0,0,2,0,81,0,0,2,0,0,0,0,0
org.odpi.openmetadata.repositoryservices.connectors.stores.metadatacollectionstore.repositoryconnector,org.odpi.openmetadata.repositoryservices.connectors.stores.metadatacollectionstore,2,1,0,1,2,0,0,0,0,0,0,0,0,0
org.odpi.openmetadata.repositoryservices.connectors.stores.metadatacollectionstore.repositoryconnector,org.odpi.openmetadata.repositoryservices.auditlog,1,0,0,0,0,0,0,0,0,2,0,0,0,0
org.odpi.openmetadata.repositoryservices.connectors.stores.metadatacollectionstore.repositoryconnector,org.odpi.openmetadata.repositoryservices.connectors.stores.metadatacollectionstore.properties.search,4,0,5,0,1,0,0,0,0,0,0,0,0,0
org.odpi.openmetadata.repositoryservices.connectors.stores.metadatacollectionstore.repositoryconnector,org.odpi.openmetadata.repositoryservices.connectors.stores.metadatacollectionstore.properties.typedefs,0,0,30,0,13,0,0,0,0,0,0,0,0,0
org.odpi.openmetadata.repositoryservices.connectors.stores.metadatacollectionstore.repositoryconnector,org.odpi.openmetadata.repositoryservices.connectors.stores.metadatacollectionstore.properties,2,0,6,0,0,0,0,0,0,0,0,0,0,0
org.odpi.openmetadata.repositoryservices.connectors.stores.metadatacollectionstore.repositoryconnector,org.odpi.openmetadata.repositoryservices.connectors.stores.metadatacollectionstore.properties.instances,0,0,117,0,32,0,0,0,0,0,0,0,0,0
org.odpi.openmetadata.repositoryservices.connectors.stores.metadatacollectionstore.repositoryconnector,org.odpi.openmetadata.repositoryservices.ffdc,1,0,0,0,0,0,0,0,0,4,0,0,0,0
org.odpi.openmetadata.repositoryservices.connectors.stores.metadatacollectionstore.repositoryconnector,org.odpi.openmetadata.repositoryservices.connectors.stores.metadatacollectionstore.utilities,1,0,0,0,0,0,0,1,0,0,0,0,0,0
org.odpi.openmetadata.repositoryservices.connectors.stores.metadatacollectionstore.repositoryconnector,org.odpi.openmetadata.frameworks.connectors,3,0,2,4,0,0,0,2,0,2,0,0,0,0
org.odpi.openmetadata.frameworks.openmetadata.mermaid,org.odpi.openmetadata.frameworks.openmetadata.search,2,1,1,95,0,0,0,0,1,0,0,0,0,0
org.odpi.openmetadata.frameworks.openmetadata.mermaid,org.odpi.openmetadata.frameworks.openmetadata.metadataelements,27,35,35,1246,0,0,0,0,0,6,3,0,0,0
org.odpi.openmetadata.frameworks.openmetadata.mermaid,org.odpi.openmetadata.frameworks.openmetadata.types,16,0,0,0,0,0,0,0,0,350,0,0,0,0
org.odpi.openmetadata.frameworks.openmetadata.mermaid,org.odpi.openmetadata.frameworks.openmetadata.refdata,1,1,1,2,1,0,0,0,0,21,0,0,0,0
org.odpi.openmetadata.frameworks.openmetadata.mermaid,org.odpi.openmetadata.frameworks.openmetadata.properties.informationsupplychains,1,0,1,2,0,0,0,0,0,0,1,0,0,0
org.odpi.openmetadata.frameworks.openmetadata.mermaid,org.odpi.openmetadata.frameworks.openmetadata.properties,6,13,10,107,0,0,0,0,2,0,4,0,0,0
org.odpi.openmetadata.frameworks.openmetadata.mermaid,org.odpi.openmetadata.frameworks.openmetadata.properties.assets,1,0,0,0,0,0,0,0,0,0,0,0,0,0
org.odpi.openmetadata.frameworks.openmetadata.mermaid,org.odpi.openmetadata.frameworks.openmetadata.specificationproperties,0,1,0,31,0,0,0,0,0,0,8,0,0,0
org.odpi.openmetadata.frameworks.openmetadata.mermaid,org.odpi.openmetadata.frameworks.openmetadata.properties.solutions,3,0,0,0,0,0,0,0,0,0,2,0,0,0
org.odpi.openmetadata.frameworks.openmetadata.mermaid,org.odpi.openmetadata.frameworks.openmetadata.properties.assets.processes.actions,1,0,0,0,0,0,0,0,0,0,0,0,0,0
org.odpi.openmetadata.frameworks.openmetadata.mermaid,org.odpi.openmetadata.frameworks.openmetadata.properties.actors,2,0,0,0,0,0,0,0,0,2,3,0,0,0
org.odpi.openmetadata.frameworks.openmetadata.mermaid,org.odpi.openmetadata.frameworks.openmetadata.properties.feedback,1,0,0,0,0,0,0,0,0,0,0,0,0,0
org.odpi.openmetadata.frameworks.openmetadata.mermaid,org.odpi.openmetadata.frameworks.openmetadata.properties.externalidentifiers,1,0,0,0,0,0,0,0,0,0,0,0,0,0
org.odpi.openmetadata.frameworks.openmetadata.mermaid,org.odpi.openmetadata.frameworks.openmetadata.properties.externalreferences,1,0,0,0,0,0,0,0,0,0,0,0,0,0
org.odpi.openmetadata.frameworks.openmetadata.mermaid,org.odpi.openmetadata.frameworks.openmetadata.properties.digitalbusiness,2,0,0,0,0,0,0,0,0,0,0,0,0,0
org.odpi.openmetadata.frameworks.openmetadata.mermaid,org.odpi.openmetadata.frameworks.openmetadata.properties.collections,1,0,0,0,0,0,0,0,0,0,0,0,0,0
org.odpi.openmetadata.frameworks.openmetadata.mermaid,org.odpi.openmetadata.frameworks.openmetadata.properties.assets.processes.connectors,1,0,0,0,0,0,0,0,0,0,0,0,0,0
org.odpi.openmetadata.frameworks.openmetadata.mermaid,org.odpi.openmetadata.frameworks.openmetadata.properties.connections,1,0,0,0,0,0,0,0,0,0,0,0,0,0
org.odpi.openmetadata.frameworks.openmetadata.mermaid,org.odpi.openmetadata.frameworks.openmetadata.properties.validvalues,1,0,0,0,0,0,0,0,0,0,0,0,0,0
org.odpi.openmetadata.frameworks.openmetadata.mermaid,org.odpi.openmetadata.frameworks.openmetadata.properties.surveyreports,1,0,0,0,0,0,0,0,0,0,0,0,0,0
org.odpi.openmetadata.frameworks.openmetadata.mermaid,org.odpi.openmetadata.frameworks.openmetadata.properties.resources,1,0,0,0,0,0,0,0,0,0,0,0,0,0
org.odpi.openmetadata.frameworks.openmetadata.mermaid,org.odpi.openmetadata.frameworks.openmetadata.properties.governance.governanceactions,1,0,0,0,0,0,0,0,0,0,0,0,0,0
org.odpi.openmetadata.frameworkservices.gaf.server,org.odpi.openmetadata.frameworks.openmetadata.ffdc,6,0,0,0,0,36,0,0,0,0,0,0,0,0
org.odpi.openmetadata.frameworkservices.gaf.server,org.odpi.openmetadata.frameworks.openmetadata.enums,1,0,0,2,0,0,0,0,0,6,0,0,0,0
org.odpi.openmetadata.frameworkservices.gaf.server,org.odpi.openmetadata.frameworks.auditlog,3,20,1,0,0,0,0,0,0,20,0,0,0,0
org.odpi.openmetadata.frameworkservices.gaf.server,org.odpi.openmetadata.frameworkservices.gaf.ffdc,1,0,0,0,0,0,0,0,0,2,0,0,0,0
org.odpi.openmetadata.frameworkservices.gaf.server,org.odpi.openmetadata.frameworks.opengovernance.properties,6,10,29,51,3,0,0,0,10,27,0,0,0,0
org.odpi.openmetadata.frameworkservices.gaf.server,org.odpi.openmetadata.frameworks.opengovernance.mermaid,1,1,0,1,0,0,0,0,1,0,0,0,0,0
org.odpi.openmetadata.frameworkservices.gaf.server,org.odpi.openmetadata.frameworks.openmetadata.metadataelements,0,0,0,7,0,0,0,0,0,0,0,0,0,0
org.odpi.openmetadata.frameworkservices.gaf.server,org.odpi.openmetadata.frameworks.openmetadata.properties,1,0,1,0,0,0,0,0,0,1,0,0,0,0
org.odpi.openmetadata.frameworkservices.gaf.server,org.odpi.openmetadata.commonservices.multitenant,2,0,0,31,0,0,0,2,0,45,0,0,0,0
org.odpi.openmetadata.frameworkservices.gaf.server,org.odpi.openmetadata.commonservices.multitenant.ffdc.exceptions,1,0,0,1,0,1,0,0,1,0,0,0,0,0
org.odpi.openmetadata.frameworkservices.gaf.server,org.odpi.openmetadata.commonservices.generichandlers,10,19,5,42,6,0,0,0,3,3,0,0,0,0
org.odpi.openmetadata.frameworkservices.gaf.server,org.odpi.openmetadata.adminservices.configuration.registration,5,3,0,2,0,0,0,0,1,8,0,0,0,0
org.odpi.openmetadata.frameworkservices.gaf.server,org.odpi.openmetadata.frameworks.connectors.properties.beans,1,0,1,0,0,0,0,0,0,0,0,0,0,0
org.odpi.openmetadata.frameworkservices.gaf.server,org.odpi.openmetadata.frameworkservices.gaf.handlers,6,9,0,9,4,0,0,0,2,2,0,0,0,0
org.odpi.openmetadata.frameworkservices.gaf.server,org.odpi.openmetadata.commonservices.ffdc.rest,2,10,2,17,10,0,0,0,10,1,0,0,0,0
org.odpi.openmetadata.frameworkservices.gaf.server,org.odpi.openmetadata.commonservices.ffdc,7,25,0,77,0,0,0,0,5,0,0,0,0,0
org.odpi.openmetadata.frameworkservices.gaf.server,org.odpi.openmetadata.frameworks.openmetadata.refdata,0,0,0,1,0,0,0,0,0,0,0,0,0,0
org.odpi.openmetadata.frameworkservices.gaf.server,org.odpi.openmetadata.frameworks.openmetadata.search,0,0,0,3,0,0,0,0,0,0,0,0,0,0
org.odpi.openmetadata.frameworkservices.gaf.server,org.odpi.openmetadata.frameworks.openmetadata.types,2,0,0,0,0,0,0,0,0,80,0,0,0,0
org.odpi.openmetadata.frameworkservices.gaf.server,org.odpi.openmetadata.frameworkservices.gaf.rest,0,10,7,62,10,0,0,0,10,0,0,0,0,0
org.odpi.openmetadata.frameworkservices.gaf.server,org.odpi.openmetadata.repositoryservices.connectors.stores.metadatacollectionstore.properties,1,0,0,0,0,0,0,0,0,16,0,0,0,0
org.odpi.openmetadata.frameworkservices.gaf.server,org.odpi.openmetadata.repositoryservices.connectors.stores.metadatacollectionstore.properties.instances,1,6,3,38,0,0,0,0,0,3,0,0,0,0
org.odpi.openmetadata.frameworkservices.gaf.server,org.odpi.openmetadata.repositoryservices.connectors.stores.metadatacollectionstore.utilities,0,0,0,7,0,0,0,0,0,0,0,0,0,0
org.odpi.openmetadata.frameworkservices.gaf.server,org.odpi.openmetadata.repositoryservices.connectors.stores.metadatacollectionstore.repositoryconnector,1,0,1,1,0,0,0,0,0,0,0,0,0,0
org.odpi.openmetadata.frameworkservices.gaf.server,org.odpi.openmetadata.adminservices.registration,1,0,0,1,0,0,0,0,0,1,0,0,0,0
org.odpi.openmetadata.frameworkservices.gaf.server,org.odpi.openmetadata.frameworkservices.omf.rest,1,0,1,6,0,0,0,0,0,0,0,0,0,0
org.odpi.openmetadata.frameworkservices.gaf.server,org.odpi.openmetadata.frameworkservices.omf.converters,1,1,0,2,0,0,0,0,1,0,0,0,0,0
org.odpi.openmetadata.frameworkservices.gaf.server,org.odpi.openmetadata.frameworkservices.gaf.admin,1,0,0,0,0,0,0,0,0,1,0,0,0,0
org.odpi.openmetadata.frameworkservices.gaf.server,org.odpi.openmetadata.frameworkservices.gaf.converters,3,0,0,3,0,0,0,0,3,0,0,0,0,0
org.odpi.openmetadata.frameworkservices.gaf.server,org.odpi.openmetadata.frameworkservices.gaf.connectors.outtopic,1,0,0,0,0,0,0,0,0,1,0,0,0,0
org.odpi.openmetadata.frameworkservices.gaf.server,org.odpi.openmetadata.commonservices.repositoryhandler,1,2,0,4,0,0,0,0,0,0,0,0,0,0
org.odpi.openmetadata.conformance.tests.repository.types,org.odpi.openmetadata.conformance.tests.repository,9,0,0,17,0,0,0,9,0,154,0,0,0,0
org.odpi.openmetadata.conformance.tests.repository.types,org.odpi.openmetadata.conformance.workbenches.repository,16,1,9,7,0,0,0,0,0,165,0,0,0,0
org.odpi.openmetadata.conformance.tests.repository.types,org.odpi.openmetadata.conformance.beans,0,0,0,137,0,0,0,0,0,163,0,0,0,0
org.odpi.openmetadata.conformance.tests.repository.types,org.odpi.openmetadata.repositoryservices.connectors.stores.metadatacollectionstore.properties.typedefs,12,41,40,112,2,0,0,0,0,63,16,0,0,0
org.odpi.openmetadata.conformance.tests.repository.types,org.odpi.openmetadata.repositoryservices.connectors.stores.metadatacollectionstore,8,8,0,19,0,0,0,0,0,0,0,0,0,0
org.odpi.openmetadata.conformance.tests.repository.types,org.odpi.openmetadata.repositoryservices.events,3,3,1,14,0,0,0,0,0,3,0,0,0,0
org.odpi.openmetadata.viewservices.peopleorganizer.server,org.odpi.openmetadata.frameworks.openmetadata.client,1,1,0,0,0,0,0,0,0,0,0,0,0,0
org.odpi.openmetadata.viewservices.peopleorganizer.server,org.odpi.openmetadata.commonservices.multitenant,2,0,0,12,0,0,0,2,0,0,0,0,0,0
org.odpi.openmetadata.viewservices.peopleorganizer.server,org.odpi.openmetadata.frameworks.auditlog,2,4,1,0,0,0,0,0,0,4,0,0,0,0
org.odpi.openmetadata.viewservices.peopleorganizer.server,org.odpi.openmetadata.frameworks.openmetadata.ffdc,4,0,0,0,0,4,0,0,0,0,0,0,0,0
org.odpi.openmetadata.viewservices.peopleorganizer.server,org.odpi.openmetadata.frameworks.openmetadata.handlers,3,5,0,7,2,0,0,0,1,1,0,0,0,0
org.odpi.openmetadata.viewservices.peopleorganizer.server,org.odpi.openmetadata.adminservices.configuration.registration,5,3,0,3,0,0,0,0,1,8,0,0,0,0
org.odpi.openmetadata.viewservices.peopleorganizer.server,org.odpi.openmetadata.frameworkservices.omf.client,1,0,0,1,0,0,0,0,1,0,0,0,0,0
org.odpi.openmetadata.viewservices.peopleorganizer.server,org.odpi.openmetadata.frameworks.openmetadata.properties.actors,2,0,0,0,0,0,0,0,0,2,2,0,0,0
org.odpi.openmetadata.viewservices.peopleorganizer.server,org.odpi.openmetadata.commonservices.ffdc.rest,3,4,4,6,4,0,0,0,4,0,0,0,0,0
org.odpi.openmetadata.viewservices.peopleorganizer.server,org.odpi.openmetadata.commonservices.ffdc,3,6,0,20,0,0,0,0,2,0,0,0,0,0
org.odpi.openmetadata.viewservices.peopleorganizer.server,org.odpi.openmetadata.tokencontroller,1,0,0,4,0,0,0,1,0,4,0,0,0,0
org.odpi.openmetadata.viewservices.peopleorganizer.server,org.odpi.openmetadata.adminservices.registration,1,0,0,1,0,0,0,0,0,1,0,0,0,0
org.odpi.openmetadata.viewservices.peopleorganizer.server,org.odpi.openmetadata.viewservices.peopleorganizer.admin,1,0,0,0,0,0,0,0,0,1,0,0,0,0
org.odpi.openmetadata.engineservices.governanceaction.server.spring,org.odpi.openmetadata.commonservices.ffdc.rest,1,0,0,0,1,0,0,0,0,0,0,0,0,0
org.odpi.openmetadata.engineservices.governanceaction.server.spring,org.odpi.openmetadata.engineservices.governanceaction.server,1,1,0,2,0,0,0,0,1,0,0,0,0,0
org.odpi.openmetadata.frameworks.openmetadata.properties.datadictionaries,org.odpi.openmetadata.frameworks.openmetadata.properties,18,0,0,58,0,0,0,16,0,64,0,0,0,0
org.odpi.openmetadata.frameworks.openmetadata.properties.datadictionaries,org.odpi.openmetadata.frameworks.openmetadata.types,20,0,0,0,0,0,0,0,0,44,0,0,0,0
org.odpi.openmetadata.frameworks.openmetadata.properties.datadictionaries,org.odpi.openmetadata.frameworks.openmetadata.enums,3,2,2,0,2,0,0,0,0,4,0,0,0,0
org.odpi.openmetadata.frameworks.openmetadata.properties.datadictionaries,org.odpi.openmetadata.frameworks.openmetadata.properties.assets.reports,1,0,0,0,0,0,0,0,0,1,0,0,0,0
org.odpi.openmetadata.frameworks.openmetadata.properties.datadictionaries,org.odpi.openmetadata.frameworks.openmetadata.properties.collections,1,0,0,8,0,0,0,2,0,6,0,0,0,0
org.odpi.openmetadata.frameworks.openmetadata.properties.datadictionaries,org.odpi.openmetadata.frameworks.openmetadata.properties.governance,1,0,0,0,0,0,0,0,0,0,0,0,0,0
org.odpi.openmetadata.frameworks.openmetadata.properties.datadictionaries,org.odpi.openmetadata.frameworks.openmetadata.properties.informationsupplychains,1,0,0,0,0,0,0,0,0,0,0,0,0,0
org.odpi.openmetadata.frameworks.openmetadata.properties.datadictionaries,org.odpi.openmetadata.frameworks.openmetadata.properties.glossaries,1,0,0,0,0,0,0,0,0,0,0,0,0,0
org.odpi.openmetadata.frameworks.openmetadata.properties.datadictionaries,org.odpi.openmetadata.frameworks.openmetadata.properties.designmodels,1,0,0,0,0,0,0,0,0,0,0,0,0,0
org.odpi.openmetadata.frameworks.openmetadata.properties.datadictionaries,org.odpi.openmetadata.frameworks.openmetadata.properties.digitalbusiness,4,0,0,0,0,0,0,0,0,0,0,0,0,0
org.odpi.openmetadata.viewservices.feedbackmanager.server,org.odpi.openmetadata.commonservices.multitenant,3,5,0,86,0,0,0,2,5,5,0,0,0,0
org.odpi.openmetadata.viewservices.feedbackmanager.server,org.odpi.openmetadata.adminservices.configuration.registration,5,3,0,12,0,0,0,0,1,8,0,0,0,0
org.odpi.openmetadata.viewservices.feedbackmanager.server,org.odpi.openmetadata.adminservices.configuration.properties,1,0,0,0,0,0,0,0,0,0,0,0,0,0
org.odpi.openmetadata.viewservices.feedbackmanager.server,org.odpi.openmetadata.frameworks.openmetadata.properties.feedback,0,0,0,0,0,0,0,0,0,11,9,0,0,0
org.odpi.openmetadata.viewservices.feedbackmanager.server,org.odpi.openmetadata.viewservices.feedbackmanager.admin,1,0,0,0,0,0,0,0,0,1,0,0,0,0
org.odpi.openmetadata.viewservices.feedbackmanager.server,org.odpi.openmetadata.frameworks.openmetadata.handlers,0,34,5,40,10,0,0,0,0,10,0,0,0,0
org.odpi.openmetadata.viewservices.feedbackmanager.server,org.odpi.openmetadata.frameworks.openmetadata.ffdc,5,0,0,0,0,25,0,0,0,0,0,0,0,0
org.odpi.openmetadata.viewservices.feedbackmanager.server,org.odpi.openmetadata.adminservices.registration,1,0,0,1,0,0,0,0,0,1,0,0,0,0
org.odpi.openmetadata.viewservices.feedbackmanager.server,org.odpi.openmetadata.frameworks.auditlog,2,34,1,0,0,0,0,0,0,34,0,0,0,0
org.odpi.openmetadata.viewservices.feedbackmanager.server,org.odpi.openmetadata.commonservices.ffdc.rest,1,34,34,82,34,0,0,0,34,4,0,0,0,0
org.odpi.openmetadata.viewservices.feedbackmanager.server,org.odpi.openmetadata.commonservices.ffdc,3,36,0,155,0,0,0,0,2,0,0,0,0,0
org.odpi.openmetadata.viewservices.feedbackmanager.server,org.odpi.openmetadata.tokencontroller,1,0,0,34,0,0,0,1,0,34,0,0,0,0
org.odpi.openmetadata.accessservices.datamanager.fvt.validvalues,org.odpi.openmetadata.fvt.utilities,1,1,0,5,1,0,0,0,1,0,0,0,0,0
org.odpi.openmetadata.accessservices.datamanager.fvt.validvalues,org.odpi.openmetadata.fvt.utilities.auditlog,1,0,1,0,0,0,0,0,0,0,0,0,0,0
org.odpi.openmetadata.accessservices.datamanager.fvt.validvalues,org.odpi.openmetadata.fvt.utilities.exceptions,1,0,0,117,0,5,0,0,117,0,0,0,0,0
org.odpi.openmetadata.accessservices.datamanager.fvt.validvalues,org.odpi.openmetadata.frameworks.openmetadata.properties,0,0,0,51,0,0,0,0,0,0,0,0,0,0
org.odpi.openmetadata.accessservices.datamanager.fvt.validvalues,org.odpi.openmetadata.frameworks.openmetadata.ffdc,1,0,0,0,0,0,0,0,0,0,0,0,0,0
org.odpi.openmetadata.accessservices.datamanager.fvt.validvalues,org.odpi.openmetadata.adminservices.configuration.registration,1,0,0,0,0,0,0,0,0,5,0,0,0,0
org.odpi.openmetadata.accessservices.datamanager.fvt.validvalues,org.odpi.openmetadata.frameworks.auditlog,1,1,1,1,0,0,0,0,1,0,0,0,0,0
org.odpi.openmetadata.accessservices.datamanager.fvt.validvalues,org.odpi.openmetadata.frameworks.openmetadata.properties.validvalues,1,7,0,47,0,0,0,0,5,0,0,0,0,0
org.odpi.openmetadata.engineservices.repositorygovernance.connector,org.odpi.openmetadata.frameworks.openmetadata.refdata,2,0,1,0,1,0,0,0,0,0,0,0,0,0
org.odpi.openmetadata.engineservices.repositorygovernance.connector,org.odpi.openmetadata.frameworks.connectors.ffdc,3,0,0,2,0,6,0,0,2,0,0,0,0,0
org.odpi.openmetadata.engineservices.repositorygovernance.connector,org.odpi.openmetadata.frameworks.connectors,4,0,1,1,0,0,0,1,0,1,0,0,0,0
org.odpi.openmetadata.engineservices.repositorygovernance.connector,org.odpi.openmetadata.frameworks.auditlog,3,1,1,3,1,0,1,0,0,1,0,0,0,0
org.odpi.openmetadata.engineservices.repositorygovernance.connector,org.odpi.openmetadata.engineservices.repositorygovernance.ffdc,1,0,0,0,0,0,0,0,0,4,0,0,0,0
org.odpi.openmetadata.engineservices.repositorygovernance.connector,org.odpi.openmetadata.repositoryservices.connectors.omrstopic,1,0,1,0,0,0,0,0,0,0,0,0,0,0
org.odpi.openmetadata.engineservices.repositorygovernance.connector,org.odpi.openmetadata.frameworks.openmetadata.ffdc,4,0,0,0,0,62,0,0,0,0,0,0,0,0
org.odpi.openmetadata.engineservices.repositorygovernance.connector,org.odpi.openmetadata.repositoryservices.connectors.stores.metadatacollectionstore.properties.instances,5,0,3,0,7,0,0,0,0,0,0,0,0,0
org.odpi.openmetadata.engineservices.repositorygovernance.connector,org.odpi.openmetadata.repositoryservices.connectors.stores.metadatacollectionstore.properties,3,0,13,0,0,0,0,0,0,0,0,0,0,0
org.odpi.openmetadata.engineservices.repositorygovernance.connector,org.odpi.openmetadata.repositoryservices.connectors.stores.metadatacollectionstore.properties.typedefs,6,0,3,0,6,0,0,0,0,0,0,0,0,0
org.odpi.openmetadata.engineservices.repositorygovernance.connector,org.odpi.openmetadata.repositoryservices.connectors.stores.metadatacollectionstore.properties.search,3,0,4,0,0,0,0,0,0,0,0,0,0,0
org.odpi.openmetadata.engineservices.repositorygovernance.connector,org.odpi.openmetadata.repositoryservices.ffdc.exception,10,0,0,0,0,82,0,0,0,0,0,0,0,0
org.odpi.openmetadata.engineservices.repositorygovernance.connector,org.odpi.openmetadata.frameworks.opengovernance,1,0,0,2,0,0,0,1,0,0,0,0,0,0
org.odpi.openmetadata.engineservices.repositorygovernance.connector,org.odpi.openmetadata.frameworks.opengovernance.properties,2,0,2,0,0,0,0,0,0,2,0,0,0,0
org.odpi.openmetadata.engineservices.repositorygovernance.connector,org.odpi.openmetadata.frameworks.openmetadata.properties,1,0,0,0,0,0,0,0,0,0,0,0,0,0
org.odpi.openmetadata.frameworks.openmetadata.converters,org.odpi.openmetadata.frameworks.openmetadata.types,6,0,0,0,0,0,0,0,0,3070,0,0,0,0
org.odpi.openmetadata.frameworks.openmetadata.converters,org.odpi.openmetadata.frameworks.openmetadata.search,12,5,539,1105,2,0,0,0,4,2,0,0,0,0
org.odpi.openmetadata.frameworks.openmetadata.converters,org.odpi.openmetadata.frameworks.openmetadata.ffdc,11,0,0,5,0,47,0,0,5,10,0,0,0,0
org.odpi.openmetadata.frameworks.openmetadata.converters,org.odpi.openmetadata.frameworks.openmetadata.properties.validvalues,2,0,0,42,0,0,0,0,14,42,30,0,0,0
org.odpi.openmetadata.frameworks.openmetadata.converters,org.odpi.openmetadata.frameworks.openmetadata.refdata,2,1,0,2,0,0,0,0,0,49,0,0,0,0
org.odpi.openmetadata.frameworks.openmetadata.converters,org.odpi.openmetadata.frameworks.openmetadata.specificationproperties,0,13,2,68,1,0,0,0,12,2,0,0,0,0
org.odpi.openmetadata.frameworks.openmetadata.converters,org.odpi.openmetadata.frameworks.openmetadata.metadataelements,10,14,11,298,11,0,0,0,8,9,10,0,0,0
org.odpi.openmetadata.frameworks.openmetadata.converters,org.odpi.openmetadata.frameworks.openmetadata.properties,12,17,44,238,6,0,0,0,11,45,21,0,0,0
org.odpi.openmetadata.frameworks.openmetadata.converters,org.odpi.openmetadata.frameworks.openmetadata.properties.actors,1,0,0,72,0,0,0,0,38,72,34,0,0,0
org.odpi.openmetadata.frameworks.openmetadata.converters,org.odpi.openmetadata.frameworks.openmetadata.properties.assets,0,0,0,47,0,0,0,0,13,47,34,0,0,0
org.odpi.openmetadata.frameworks.openmetadata.converters,org.odpi.openmetadata.frameworks.openmetadata.properties.assets.reports,2,1,0,48,0,0,0,0,13,45,33,0,0,0
org.odpi.openmetadata.frameworks.openmetadata.converters,org.odpi.openmetadata.frameworks.openmetadata.enums,0,28,0,0,28,0,0,0,0,32,0,0,0,0
org.odpi.openmetadata.frameworks.openmetadata.converters,org.odpi.openmetadata.frameworks.openmetadata.mapper,1,0,0,0,0,0,0,0,0,4,0,0,0,0
org.odpi.openmetadata.frameworks.openmetadata.converters,org.odpi.openmetadata.frameworks.openmetadata.reports,1,0,0,0,0,0,0,0,0,0,1,0,0,0
org.odpi.openmetadata.frameworks.openmetadata.converters,org.odpi.openmetadata.frameworks.openmetadata.properties.assets.processes.actions,0,0,0,39,0,0,0,0,12,43,31,0,0,0
org.odpi.openmetadata.frameworks.openmetadata.converters,org.odpi.openmetadata.frameworks.openmetadata.properties.assets.processes,0,0,0,25,0,0,0,0,8,25,17,0,0,0
org.odpi.openmetadata.frameworks.openmetadata.converters,org.odpi.openmetadata.frameworks.openmetadata.properties.assets.metadatarepositories,3,0,0,4,0,0,0,0,3,4,1,0,0,0
org.odpi.openmetadata.frameworks.openmetadata.converters,org.odpi.openmetadata.frameworks.openmetadata.properties.assets.infrastructure,0,0,0,19,0,0,0,0,11,19,8,0,0,0
org.odpi.openmetadata.frameworks.openmetadata.converters,org.odpi.openmetadata.frameworks.openmetadata.properties.assets.databases,0,0,0,6,0,0,0,0,4,6,2,0,0,0
org.odpi.openmetadata.frameworks.openmetadata.converters,org.odpi.openmetadata.frameworks.openmetadata.properties.assets.filesandfolders,0,0,0,54,0,0,0,0,35,54,19,0,0,0
org.odpi.openmetadata.frameworks.openmetadata.converters,org.odpi.openmetadata.frameworks.openmetadata.properties.assets.apis,0,0,0,5,0,0,0,0,5,5,0,0,0,0
org.odpi.openmetadata.frameworks.openmetadata.converters,org.odpi.openmetadata.frameworks.openmetadata.properties.assets.analytics,2,0,0,2,0,0,0,0,2,2,0,0,0,0
org.odpi.openmetadata.frameworks.openmetadata.converters,org.odpi.openmetadata.frameworks.openmetadata.properties.projects,0,0,0,27,0,0,0,0,12,31,19,0,0,0
org.odpi.openmetadata.frameworks.openmetadata.converters,org.odpi.openmetadata.frameworks.openmetadata.properties.propertyfacets,2,0,0,4,0,0,0,0,2,6,4,0,0,0
org.odpi.openmetadata.frameworks.openmetadata.converters,org.odpi.openmetadata.frameworks.openmetadata.properties.resources,2,0,0,6,0,0,0,0,2,8,6,0,0,0
org.odpi.openmetadata.frameworks.openmetadata.converters,org.odpi.openmetadata.frameworks.openmetadata.properties.operatingplatforms,0,0,0,10,0,0,0,0,4,10,6,0,0,0
org.odpi.openmetadata.frameworks.openmetadata.converters,org.odpi.openmetadata.frameworks.openmetadata.properties.locations,0,0,0,15,0,0,0,0,8,21,13,0,0,0
org.odpi.openmetadata.frameworks.openmetadata.converters,org.odpi.openmetadata.frameworks.openmetadata.properties.lineage,0,0,0,30,0,0,0,0,8,43,35,0,0,0
org.odpi.openmetadata.frameworks.openmetadata.converters,org.odpi.openmetadata.frameworks.openmetadata.properties.schema,0,0,0,77,0,0,0,0,27,85,58,0,0,0
org.odpi.openmetadata.frameworks.openmetadata.converters,org.odpi.openmetadata.frameworks.openmetadata.properties.governance,0,0,0,211,0,0,0,0,55,223,168,0,0,0
org.odpi.openmetadata.frameworks.openmetadata.converters,org.odpi.openmetadata.frameworks.openmetadata.properties.governance.governanceactions,0,0,0,22,0,0,0,0,9,22,13,0,0,0
org.odpi.openmetadata.frameworks.openmetadata.converters,org.odpi.openmetadata.frameworks.openmetadata.properties.informationsupplychains,2,0,0,6,0,0,0,0,2,8,6,0,0,0
org.odpi.openmetadata.frameworks.openmetadata.converters,org.odpi.openmetadata.frameworks.openmetadata.properties.implementations,2,0,0,5,0,0,0,0,2,9,7,0,0,0
org.odpi.openmetadata.frameworks.openmetadata.converters,org.odpi.openmetadata.frameworks.openmetadata.properties.solutions,0,0,0,13,0,0,0,0,9,25,16,0,0,0
org.odpi.openmetadata.frameworks.openmetadata.converters,org.odpi.openmetadata.frameworks.openmetadata.properties.softwarecapabilities,0,0,0,63,0,0,0,0,43,65,22,0,0,0
org.odpi.openmetadata.frameworks.openmetadata.converters,org.odpi.openmetadata.frameworks.openmetadata.properties.schema.apis,0,0,0,13,0,0,0,0,9,13,4,0,0,0
org.odpi.openmetadata.frameworks.openmetadata.converters,org.odpi.openmetadata.frameworks.openmetadata.properties.schema.databases,3,0,0,3,0,0,0,0,3,3,0,0,0,0
org.odpi.openmetadata.frameworks.openmetadata.converters,org.odpi.openmetadata.frameworks.openmetadata.properties.security,0,0,0,25,0,0,0,0,15,31,16,0,0,0
org.odpi.openmetadata.frameworks.openmetadata.converters,org.odpi.openmetadata.frameworks.openmetadata.properties.schema.tabular,3,0,0,3,0,0,0,0,3,3,0,0,0,0
org.odpi.openmetadata.frameworks.openmetadata.converters,org.odpi.openmetadata.frameworks.openmetadata.properties.schema.events,3,0,0,3,0,0,0,0,3,3,0,0,0,0
org.odpi.openmetadata.frameworks.openmetadata.converters,org.odpi.openmetadata.frameworks.openmetadata.properties.designmodels,0,0,0,24,0,0,0,0,13,34,21,0,0,0
org.odpi.openmetadata.frameworks.openmetadata.converters,org.odpi.openmetadata.frameworks.openmetadata.properties.dataprocessing,3,0,0,3,0,0,0,0,3,3,0,0,0,0
org.odpi.openmetadata.frameworks.openmetadata.converters,org.odpi.openmetadata.frameworks.openmetadata.properties.datadictionaries,0,0,0,71,0,0,0,0,20,95,75,0,0,0
org.odpi.openmetadata.frameworks.openmetadata.converters,org.odpi.openmetadata.frameworks.openmetadata.properties.collections,0,0,0,34,0,0,0,0,19,34,15,0,0,0
org.odpi.openmetadata.frameworks.openmetadata.converters,org.odpi.openmetadata.frameworks.openmetadata.properties.assets.topics,2,0,0,4,0,0,0,0,2,4,2,0,0,0
org.odpi.openmetadata.frameworks.openmetadata.converters,org.odpi.openmetadata.frameworks.openmetadata.properties.assets.referencedata,3,0,0,3,0,0,0,0,3,3,0,0,0,0
org.odpi.openmetadata.frameworks.openmetadata.converters,org.odpi.openmetadata.frameworks.openmetadata.properties.contextevents,0,0,0,24,0,0,0,0,6,34,28,0,0,0
org.odpi.openmetadata.frameworks.openmetadata.converters,org.odpi.openmetadata.frameworks.openmetadata.properties.connections,0,0,0,34,0,0,0,0,9,34,25,0,0,0
org.odpi.openmetadata.frameworks.openmetadata.converters,org.odpi.openmetadata.frameworks.openmetadata.properties.communities,4,0,0,6,0,0,0,0,4,6,2,0,0,0
org.odpi.openmetadata.frameworks.openmetadata.converters,org.odpi.openmetadata.frameworks.openmetadata.properties.assets.processes.connectors,0,0,0,33,0,0,0,0,10,33,23,0,0,0
org.odpi.openmetadata.frameworks.openmetadata.converters,org.odpi.openmetadata.frameworks.openmetadata.properties.glossaries,0,0,0,70,0,0,0,0,16,70,54,0,0,0
org.odpi.openmetadata.frameworks.openmetadata.converters,org.odpi.openmetadata.frameworks.openmetadata.properties.feedback,0,0,0,20,0,0,0,0,14,20,6,0,0,0
org.odpi.openmetadata.frameworks.openmetadata.converters,org.odpi.openmetadata.frameworks.openmetadata.properties.externalreferences,0,0,0,40,0,0,0,0,9,42,33,0,0,0
org.odpi.openmetadata.frameworks.openmetadata.converters,org.odpi.openmetadata.frameworks.openmetadata.properties.digitalbusiness,0,0,0,43,0,0,0,0,15,50,35,0,0,0
org.odpi.openmetadata.frameworks.openmetadata.converters,org.odpi.openmetadata.frameworks.openmetadata.properties.externalidentifiers,2,0,0,15,0,0,0,0,2,15,13,0,0,0
org.odpi.openmetadata.frameworks.openmetadata.converters,org.odpi.openmetadata.frameworks.openmetadata.properties.surveyreports,0,0,0,91,0,0,0,0,22,93,71,0,0,0
org.odpi.openmetadata.frameworks.openmetadata.converters,org.odpi.openmetadata.frameworks.openmetadata.properties.templates,3,0,0,7,0,0,0,0,3,9,6,0,0,0
org.odpi.openmetadata.frameworks.openmetadata.converters,org.odpi.openmetadata.frameworks.openmetadata.properties.translations,2,0,0,8,0,0,0,0,2,8,6,0,0,0
org.odpi.openmetadata.accessservices.communityprofile.fvt.validvalues,org.odpi.openmetadata.frameworks.auditlog,1,1,1,1,0,0,0,0,1,0,0,0,0,0
org.odpi.openmetadata.accessservices.communityprofile.fvt.validvalues,org.odpi.openmetadata.adminservices.configuration.registration,1,0,0,0,0,0,0,0,0,5,0,0,0,0
org.odpi.openmetadata.accessservices.communityprofile.fvt.validvalues,org.odpi.openmetadata.frameworks.openmetadata.ffdc,1,0,0,0,0,0,0,0,0,0,0,0,0,0
org.odpi.openmetadata.accessservices.communityprofile.fvt.validvalues,org.odpi.openmetadata.frameworks.openmetadata.properties,0,0,0,51,0,0,0,0,0,0,0,0,0,0
org.odpi.openmetadata.accessservices.communityprofile.fvt.validvalues,org.odpi.openmetadata.fvt.utilities.auditlog,1,0,1,0,0,0,0,0,0,0,0,0,0,0
org.odpi.openmetadata.accessservices.communityprofile.fvt.validvalues,org.odpi.openmetadata.fvt.utilities,1,1,0,5,1,0,0,0,1,0,0,0,0,0
org.odpi.openmetadata.accessservices.communityprofile.fvt.validvalues,org.odpi.openmetadata.fvt.utilities.exceptions,1,0,0,117,0,5,0,0,117,0,0,0,0,0
org.odpi.openmetadata.accessservices.communityprofile.fvt.validvalues,org.odpi.openmetadata.frameworks.openmetadata.properties.validvalues,1,7,0,47,0,0,0,0,5,0,0,0,0,0
org.odpi.openmetadata.accessservices.assetowner.fvt.clientconstructors,org.odpi.openmetadata.frameworks.auditlog,1,1,5,1,0,0,0,0,1,0,0,0,0,0
org.odpi.openmetadata.accessservices.assetowner.fvt.clientconstructors,org.odpi.openmetadata.frameworks.openmetadata.ffdc,1,0,0,0,0,6,0,0,0,0,0,0,0,0
org.odpi.openmetadata.accessservices.assetowner.fvt.clientconstructors,org.odpi.openmetadata.adminservices.configuration.registration,1,0,0,0,0,0,0,0,0,5,0,0,0,0
org.odpi.openmetadata.accessservices.assetowner.fvt.clientconstructors,org.odpi.openmetadata.fvt.utilities,1,1,0,5,1,0,0,0,1,0,0,0,0,0
org.odpi.openmetadata.accessservices.assetowner.fvt.clientconstructors,org.odpi.openmetadata.fvt.utilities.auditlog,1,0,1,0,0,0,0,0,0,0,0,0,0,0
org.odpi.openmetadata.adapters.connectors.integration.basicfiles.ffdc,org.odpi.openmetadata.frameworks.auditlog.messagesets,4,2,0,6,4,0,0,0,4,0,0,0,0,0
org.odpi.openmetadata.adapters.connectors.integration.basicfiles.ffdc,org.odpi.openmetadata.frameworks.auditlog,1,1,1,0,0,0,0,0,0,49,0,0,0,0
org.odpi.openmetadata.accessservices.datamanager.fvt.databases,org.odpi.openmetadata.frameworks.openmetadata.properties.assets,0,0,0,4,0,0,0,0,0,0,0,0,0,0
org.odpi.openmetadata.accessservices.datamanager.fvt.databases,org.odpi.openmetadata.frameworks.openmetadata.properties,0,0,0,13,0,0,0,0,0,0,0,0,0,0
org.odpi.openmetadata.accessservices.datamanager.fvt.databases,org.odpi.openmetadata.frameworks.openmetadata.ffdc,1,0,0,0,0,0,0,0,0,0,0,0,0,0
org.odpi.openmetadata.accessservices.datamanager.fvt.databases,org.odpi.openmetadata.adminservices.configuration.registration,1,0,0,0,0,0,0,0,0,5,0,0,0,0
org.odpi.openmetadata.accessservices.datamanager.fvt.databases,org.odpi.openmetadata.frameworks.auditlog,1,1,2,1,0,0,0,0,1,0,0,0,0,0
org.odpi.openmetadata.accessservices.datamanager.fvt.databases,org.odpi.openmetadata.frameworks.openmetadata.properties.softwarecapabilities,0,1,0,2,0,0,0,0,1,0,0,0,0,0
org.odpi.openmetadata.accessservices.datamanager.fvt.databases,org.odpi.openmetadata.frameworks.openmetadata.properties.assets.databases,0,2,0,1,0,0,0,0,1,0,0,0,0,0
org.odpi.openmetadata.accessservices.datamanager.fvt.databases,org.odpi.openmetadata.fvt.utilities,1,1,0,5,1,0,0,0,1,0,0,0,0,0
org.odpi.openmetadata.accessservices.datamanager.fvt.databases,org.odpi.openmetadata.fvt.utilities.auditlog,1,0,1,0,0,0,0,0,0,0,0,0,0,0
org.odpi.openmetadata.accessservices.datamanager.fvt.databases,org.odpi.openmetadata.fvt.utilities.exceptions,1,0,0,115,0,17,0,0,115,0,0,0,0,0
org.odpi.openmetadata.viewservices.datadesigner.server,org.odpi.openmetadata.adminservices.configuration.registration,5,3,0,5,0,0,0,0,1,8,0,0,0,0
org.odpi.openmetadata.viewservices.datadesigner.server,org.odpi.openmetadata.frameworks.openmetadata.properties.datadictionaries,0,0,0,0,0,0,0,0,0,14,14,0,0,0
org.odpi.openmetadata.viewservices.datadesigner.server,org.odpi.openmetadata.frameworks.auditlog,2,37,1,0,0,0,0,0,0,37,0,0,0,0
org.odpi.openmetadata.viewservices.datadesigner.server,org.odpi.openmetadata.commonservices.multitenant,2,0,0,80,0,0,0,2,0,0,0,0,0,0
org.odpi.openmetadata.viewservices.datadesigner.server,org.odpi.openmetadata.frameworks.openmetadata.client,1,1,0,0,0,0,0,0,0,0,0,0,0,0
org.odpi.openmetadata.viewservices.datadesigner.server,org.odpi.openmetadata.frameworks.openmetadata.handlers,9,40,0,62,6,0,0,0,3,3,0,0,0,0
org.odpi.openmetadata.viewservices.datadesigner.server,org.odpi.openmetadata.frameworks.openmetadata.ffdc,4,0,0,0,0,10,0,0,0,0,0,0,0,0
org.odpi.openmetadata.viewservices.datadesigner.server,org.odpi.openmetadata.viewservices.datadesigner.admin,1,0,0,0,0,0,0,0,0,1,0,0,0,0
org.odpi.openmetadata.viewservices.datadesigner.server,org.odpi.openmetadata.frameworkservices.omf.client,1,0,0,1,0,0,0,0,1,0,0,0,0,0
org.odpi.openmetadata.viewservices.datadesigner.server,org.odpi.openmetadata.tokencontroller,1,0,0,37,0,0,0,1,0,37,0,0,0,0
org.odpi.openmetadata.viewservices.datadesigner.server,org.odpi.openmetadata.commonservices.ffdc.rest,0,37,37,119,37,0,0,0,37,0,0,0,0,0
org.odpi.openmetadata.viewservices.datadesigner.server,org.odpi.openmetadata.commonservices.ffdc,3,39,0,176,0,0,0,0,2,0,0,0,0,0
org.odpi.openmetadata.viewservices.datadesigner.server,org.odpi.openmetadata.adminservices.registration,1,0,0,1,0,0,0,0,0,1,0,0,0,0
org.odpi.openmetadata.viewservices.dataofficer.server,org.odpi.openmetadata.commonservices.multitenant,2,0,0,4,0,0,0,2,0,0,0,0,0,0
org.odpi.openmetadata.viewservices.dataofficer.server,org.odpi.openmetadata.adminservices.configuration.registration,5,3,0,3,0,0,0,0,1,8,0,0,0,0
org.odpi.openmetadata.viewservices.dataofficer.server,org.odpi.openmetadata.frameworkservices.omf.client,1,0,0,1,0,0,0,0,1,0,0,0,0,0
org.odpi.openmetadata.viewservices.dataofficer.server,org.odpi.openmetadata.frameworks.openmetadata.handlers,2,1,0,1,2,0,0,0,1,1,0,0,0,0
org.odpi.openmetadata.viewservices.dataofficer.server,org.odpi.openmetadata.frameworks.openmetadata.ffdc,4,0,0,0,0,4,0,0,0,0,0,0,0,0
org.odpi.openmetadata.viewservices.dataofficer.server,org.odpi.openmetadata.frameworks.auditlog,1,0,1,0,0,0,0,0,0,0,0,0,0,0
org.odpi.openmetadata.viewservices.dataofficer.server,org.odpi.openmetadata.frameworks.openmetadata.client,1,1,0,0,0,0,0,0,0,0,0,0,0,0
org.odpi.openmetadata.viewservices.dataofficer.server,org.odpi.openmetadata.adminservices.registration,1,0,0,1,0,0,0,0,0,1,0,0,0,0
org.odpi.openmetadata.viewservices.dataofficer.server,org.odpi.openmetadata.viewservices.dataofficer.admin,1,0,0,0,0,0,0,0,0,1,0,0,0,0
org.odpi.openmetadata.viewservices.dataofficer.server,org.odpi.openmetadata.tokencontroller,1,0,0,0,0,0,0,1,0,0,0,0,0,0
org.odpi.openmetadata.viewservices.dataofficer.server,org.odpi.openmetadata.commonservices.ffdc,2,2,0,2,0,0,0,0,2,0,0,0,0,0
org.odpi.openmetadata.frameworks.openmetadata.properties.assets.apis,org.odpi.openmetadata.frameworks.openmetadata.types,5,0,0,0,0,0,0,0,0,10,0,0,0,0
org.odpi.openmetadata.frameworks.openmetadata.properties.assets.apis,org.odpi.openmetadata.frameworks.openmetadata.properties,4,0,0,12,0,0,0,4,0,13,0,0,0,0
org.odpi.openmetadata.frameworks.openmetadata.properties.assets.apis,org.odpi.openmetadata.frameworks.openmetadata.properties.assets.processes,1,0,0,3,0,0,0,1,0,2,0,0,0,0
org.odpi.openmetadata.repositoryservices.connectors.openmetadatatopic,org.odpi.openmetadata.repositoryservices.ffdc,4,0,0,0,0,0,0,0,0,12,0,0,0,0
org.odpi.openmetadata.repositoryservices.connectors.openmetadatatopic,org.odpi.openmetadata.frameworks.connectors,8,0,3,10,0,0,2,3,0,20,0,0,0,0
org.odpi.openmetadata.repositoryservices.connectors.openmetadatatopic,org.odpi.openmetadata.frameworks.connectors.ffdc,5,0,0,1,0,8,0,0,1,0,0,0,0,0
org.odpi.openmetadata.repositoryservices.connectors.openmetadatatopic,org.odpi.openmetadata.frameworks.openmetadata.ffdc,3,0,0,1,0,3,0,0,1,0,0,0,0,0
org.odpi.openmetadata.repositoryservices.connectors.openmetadatatopic,org.odpi.openmetadata.frameworks.auditlog,6,2,2,9,2,0,2,0,0,2,0,0,0,0
org.odpi.openmetadata.repositoryservices.connectors.openmetadatatopic,org.odpi.openmetadata.frameworks.connectors.properties.beans,1,2,0,8,0,0,0,0,0,0,0,0,0,0
org.odpi.openmetadata.repositoryservices.connectors.openmetadatatopic,org.odpi.openmetadata.repositoryservices.auditlog,1,0,0,0,0,0,0,0,0,0,0,0,0,0
org.odpi.openmetadata.repositoryservices.connectors.openmetadatatopic,org.odpi.openmetadata.repositoryservices.ffdc.exception,1,0,0,1,0,0,0,0,1,0,0,0,0,0
org.odpi.openmetadata.repositoryservices.connectors.openmetadatatopic,org.odpi.openmetadata.repositoryservices.connectors.omrstopic,1,1,0,5,0,0,0,0,0,3,0,0,0,0
org.odpi.openmetadata.repositoryservices.connectors.openmetadatatopic,org.odpi.openmetadata.repositoryservices.events.future,1,1,2,1,0,0,0,0,0,1,0,0,0,0
org.odpi.openmetadata.repositoryservices.connectors.openmetadatatopic,org.odpi.openmetadata.repositoryservices.events,1,0,0,0,0,0,0,0,0,0,0,0,0,0
org.odpi.openmetadata.accessservices.communityprofile.fvt.locations,org.odpi.openmetadata.fvt.utilities,1,1,0,5,1,0,0,0,1,0,0,0,0,0
org.odpi.openmetadata.accessservices.communityprofile.fvt.locations,org.odpi.openmetadata.fvt.utilities.auditlog,1,0,1,0,0,0,0,0,0,0,0,0,0,0
org.odpi.openmetadata.accessservices.communityprofile.fvt.locations,org.odpi.openmetadata.fvt.utilities.exceptions,1,0,0,84,0,5,0,0,84,0,0,0,0,0
org.odpi.openmetadata.accessservices.communityprofile.fvt.locations,org.odpi.openmetadata.frameworks.openmetadata.ffdc,1,0,0,0,0,0,0,0,0,0,0,0,0,0
org.odpi.openmetadata.accessservices.communityprofile.fvt.locations,org.odpi.openmetadata.frameworks.openmetadata.properties,0,0,0,58,0,0,0,0,0,0,0,0,0,0
org.odpi.openmetadata.accessservices.communityprofile.fvt.locations,org.odpi.openmetadata.adminservices.configuration.registration,1,0,0,0,0,0,0,0,0,5,0,0,0,0
org.odpi.openmetadata.accessservices.communityprofile.fvt.locations,org.odpi.openmetadata.frameworks.auditlog,1,1,1,1,0,0,0,0,1,0,0,0,0,0
org.odpi.openmetadata.accessservices.communityprofile.fvt.locations,org.odpi.openmetadata.frameworks.openmetadata.properties.locations,3,6,0,11,0,0,0,0,9,6,0,0,0,0
org.odpi.openmetadata.viewservices.lineagelinker.admin,org.odpi.openmetadata.viewservices.lineagelinker.server,1,1,0,1,0,0,0,0,1,1,0,0,0,0
org.odpi.openmetadata.viewservices.lineagelinker.admin,org.odpi.openmetadata.viewservices.lineagelinker.ffdc,1,0,0,0,0,0,0,0,0,10,0,0,0,0
org.odpi.openmetadata.viewservices.lineagelinker.admin,org.odpi.openmetadata.adminservices.configuration.properties,1,0,1,4,0,0,0,0,0,0,0,0,0,0
org.odpi.openmetadata.viewservices.lineagelinker.admin,org.odpi.openmetadata.adminservices.ffdc.exception,1,0,0,0,0,1,0,0,0,0,0,0,0,0
org.odpi.openmetadata.viewservices.lineagelinker.admin,org.odpi.openmetadata.adminservices.configuration.registration,1,0,0,0,0,0,0,0,0,2,0,0,0,0
org.odpi.openmetadata.viewservices.lineagelinker.admin,org.odpi.openmetadata.adminservices.registration,1,0,0,1,0,0,0,1,0,1,0,0,0,0
org.odpi.openmetadata.viewservices.lineagelinker.admin,org.odpi.openmetadata.frameworks.auditlog,1,1,1,5,0,0,0,0,0,1,0,0,0,0
org.odpi.openmetadata.viewservices.lineagelinker.admin,org.odpi.openmetadata.commonservices.multitenant,0,0,0,1,0,0,0,0,0,0,0,0,0,0
org.odpi.openmetadata.adapters.connectors,org.odpi.openmetadata.frameworks.openmetadata.definitions,9,6,5,12,4,0,0,0,12,5,0,0,0,0
org.odpi.openmetadata.adapters.connectors,org.odpi.openmetadata.adapters.connectors.controls,3,0,0,0,0,0,0,0,0,112,0,0,0,0
org.odpi.openmetadata.adapters.connectors,org.odpi.openmetadata.frameworks.openmetadata.refdata,7,1,2,0,1,0,0,0,0,436,0,0,0,0
org.odpi.openmetadata.adapters.connectors,org.odpi.openmetadata.frameworks.openmetadata.controls,1,0,0,0,0,0,0,0,0,4,0,0,0,0
org.odpi.openmetadata.adapters.connectors,org.odpi.openmetadata.frameworks.openmetadata.types,4,0,0,0,0,0,0,0,0,54,0,0,0,0
org.odpi.openmetadata.adapters.connectors,org.odpi.openmetadata.frameworks.connectors,1,0,0,0,0,0,0,0,0,0,0,0,0,0
org.odpi.openmetadata.adapters.connectors,org.odpi.openmetadata.frameworks.auditlog,2,1,1,1,2,0,0,0,1,173,0,0,0,0
org.odpi.openmetadata.viewservices.runtimemanager.rest,org.odpi.openmetadata.commonservices.ffdc.rest,2,0,0,28,0,0,0,2,0,4,0,0,0,0
org.odpi.openmetadata.viewservices.runtimemanager.rest,org.odpi.openmetadata.adapters.connectors.egeriainfrastructure.properties,2,2,2,0,2,0,0,0,0,2,0,0,0,0
org.odpi.openmetadata.viewservices.connectionmaker.ffdc,org.odpi.openmetadata.frameworks.auditlog.messagesets,4,2,0,6,4,0,0,0,4,0,0,0,0,0
org.odpi.openmetadata.viewservices.connectionmaker.ffdc,org.odpi.openmetadata.frameworks.auditlog,1,1,1,0,0,0,0,0,0,13,0,0,0,0
org.odpi.openmetadata.governanceservers.enginehostservices.enginemap,org.odpi.openmetadata.frameworkservices.gaf.client,2,5,1,3,1,0,0,0,2,1,0,0,0,0
org.odpi.openmetadata.governanceservers.enginehostservices.enginemap,org.odpi.openmetadata.governanceservers.enginehostservices.ffdc,1,0,0,0,0,0,0,0,0,2,0,0,0,0
org.odpi.openmetadata.governanceservers.enginehostservices.enginemap,org.odpi.openmetadata.governanceservers.enginehostservices.registration,2,1,1,3,0,0,0,0,0,3,0,0,0,0
org.odpi.openmetadata.governanceservers.enginehostservices.enginemap,org.odpi.openmetadata.governanceservers.enginehostservices.threads,1,1,2,1,0,0,0,0,0,1,0,0,0,0
org.odpi.openmetadata.governanceservers.enginehostservices.enginemap,org.odpi.openmetadata.governanceservers.enginehostservices.admin,1,4,2,1,4,0,0,0,0,4,0,0,0,0
org.odpi.openmetadata.governanceservers.enginehostservices.enginemap,org.odpi.openmetadata.adminservices.configuration.properties,1,1,4,19,1,0,0,0,0,1,0,0,0,0
org.odpi.openmetadata.governanceservers.enginehostservices.enginemap,org.odpi.openmetadata.frameworks.auditlog,1,1,1,1,0,0,0,0,0,1,0,0,0,0
org.odpi.openmetadata.governanceservers.enginehostservices.enginemap,org.odpi.openmetadata.frameworks.opengovernance.properties,1,1,1,1,0,0,0,0,0,0,0,0,0,0
org.odpi.openmetadata.governanceservers.enginehostservices.enginemap,org.odpi.openmetadata.frameworks.openmetadata.metadataelements,0,0,0,2,0,0,0,0,0,0,0,0,0,0
org.odpi.openmetadata.governanceservers.enginehostservices.enginemap,org.odpi.openmetadata.frameworks.openmetadata.events,1,1,2,1,0,0,0,0,0,1,0,0,0,0
org.odpi.openmetadata.governanceservers.enginehostservices.enginemap,org.odpi.openmetadata.frameworks.openmetadata.ffdc,1,0,0,0,0,2,0,0,0,0,0,0,0,0
org.odpi.openmetadata.viewservices.productmanager.server,org.odpi.openmetadata.commonservices.multitenant,2,0,0,12,0,0,0,2,0,0,0,0,0,0
org.odpi.openmetadata.viewservices.productmanager.server,org.odpi.openmetadata.frameworks.auditlog,2,4,1,0,0,0,0,0,0,4,0,0,0,0
org.odpi.openmetadata.viewservices.productmanager.server,org.odpi.openmetadata.adminservices.configuration.registration,5,3,0,3,0,0,0,0,1,8,0,0,0,0
org.odpi.openmetadata.viewservices.productmanager.server,org.odpi.openmetadata.frameworks.openmetadata.ffdc,4,0,0,0,0,4,0,0,0,0,0,0,0,0
org.odpi.openmetadata.viewservices.productmanager.server,org.odpi.openmetadata.frameworks.openmetadata.handlers,3,5,0,9,2,0,0,0,1,1,0,0,0,0
org.odpi.openmetadata.viewservices.productmanager.server,org.odpi.openmetadata.frameworks.openmetadata.client,1,1,0,0,0,0,0,0,0,0,0,0,0,0
org.odpi.openmetadata.viewservices.productmanager.server,org.odpi.openmetadata.frameworkservices.omf.client,1,0,0,1,0,0,0,0,1,0,0,0,0,0
org.odpi.openmetadata.viewservices.productmanager.server,org.odpi.openmetadata.frameworks.openmetadata.properties.digitalbusiness,1,0,0,0,0,0,0,0,0,1,1,0,0,0
org.odpi.openmetadata.viewservices.productmanager.server,org.odpi.openmetadata.viewservices.productmanager.admin,1,0,0,0,0,0,0,0,0,1,0,0,0,0
org.odpi.openmetadata.viewservices.productmanager.server,org.odpi.openmetadata.adminservices.registration,1,0,0,1,0,0,0,0,0,1,0,0,0,0
org.odpi.openmetadata.viewservices.productmanager.server,org.odpi.openmetadata.frameworks.openmetadata.properties.actors,1,0,0,0,0,0,0,0,0,1,1,0,0,0
org.odpi.openmetadata.viewservices.productmanager.server,org.odpi.openmetadata.tokencontroller,1,0,0,4,0,0,0,1,0,4,0,0,0,0
org.odpi.openmetadata.viewservices.productmanager.server,org.odpi.openmetadata.commonservices.ffdc,3,6,0,20,0,0,0,0,2,0,0,0,0,0
org.odpi.openmetadata.viewservices.productmanager.server,org.odpi.openmetadata.commonservices.ffdc.rest,3,4,4,8,4,0,0,0,4,0,0,0,0,0
org.odpi.openmetadata.frameworks.openmetadata.metadataelements,org.odpi.openmetadata.frameworks.openmetadata.search,2,2,2,0,2,0,0,0,0,2,0,0,0,0
org.odpi.openmetadata.frameworks.openmetadata.metadataelements,org.odpi.openmetadata.frameworks.openmetadata.properties,8,7,7,0,7,0,0,0,0,7,0,0,0,0
org.odpi.openmetadata.frameworks.openmetadata.metadataelements,org.odpi.openmetadata.frameworks.openmetadata.refdata,1,1,1,0,1,0,0,0,0,3,0,0,0,0
org.odpi.openmetadata.frameworks.openmetadata.metadataelements,org.odpi.openmetadata.frameworks.openmetadata.properties.glossaries,1,0,0,0,0,0,0,0,0,0,0,0,0,0
org.odpi.openmetadata.frameworks.openmetadata.metadataelements,org.odpi.openmetadata.frameworks.openmetadata.specificationproperties,1,0,1,0,0,0,0,0,0,1,0,0,0,0
org.odpi.openmetadata.frameworks.openmetadata.specificationproperties,org.odpi.openmetadata.frameworks.openmetadata.refdata,14,2,2,0,2,0,0,0,0,26,0,0,0,0
org.odpi.openmetadata.adapters.repositoryservices.postgres.repositoryconnector.database,org.odpi.openmetadata.adapters.repositoryservices.postgres.repositoryconnector.ffdc,2,0,0,0,0,0,0,0,0,62,0,0,0,0
org.odpi.openmetadata.adapters.repositoryservices.postgres.repositoryconnector.database,org.odpi.openmetadata.adapters.repositoryservices.postgres.repositoryconnector.schema,4,0,2,4,0,0,0,0,0,374,0,0,0,0
org.odpi.openmetadata.adapters.repositoryservices.postgres.repositoryconnector.database,org.odpi.openmetadata.adapters.repositoryservices.postgres.repositoryconnector.mappers,0,10,22,35,9,0,0,0,9,14,0,0,0,0
org.odpi.openmetadata.adapters.repositoryservices.postgres.repositoryconnector.database,org.odpi.openmetadata.repositoryservices.connectors.stores.metadatacollectionstore.repositoryconnector,2,2,2,0,0,0,0,0,0,2,0,0,0,0
org.odpi.openmetadata.adapters.repositoryservices.postgres.repositoryconnector.database,org.odpi.openmetadata.repositoryservices.ffdc.exception,3,0,0,31,0,38,0,0,31,0,0,0,0,0
org.odpi.openmetadata.adapters.repositoryservices.postgres.repositoryconnector.database,org.odpi.openmetadata.repositoryservices.connectors.stores.metadatacollectionstore.properties.instances,0,3,4,28,0,0,0,0,1,4,5,0,0,0
org.odpi.openmetadata.adapters.repositoryservices.postgres.repositoryconnector.database,org.odpi.openmetadata.adapters.connectors.resource.jdbc,1,1,1,33,0,0,0,0,0,1,0,0,0,0
org.odpi.openmetadata.adapters.repositoryservices.postgres.repositoryconnector.database,org.odpi.openmetadata.adapters.connectors.resource.jdbc.mappers,1,2,0,23,0,0,0,0,2,1,0,0,0,0
org.odpi.openmetadata.adapters.repositoryservices.postgres.repositoryconnector.database,org.odpi.openmetadata.adapters.connectors.resource.jdbc.properties,1,0,33,0,0,0,0,0,0,33,0,0,0,0
org.odpi.openmetadata.adapters.repositoryservices.postgres.repositoryconnector.database,org.odpi.openmetadata.frameworks.openmetadata.types,2,0,0,0,0,0,0,0,0,4,0,0,0,0
org.odpi.openmetadata.adapters.repositoryservices.postgres.repositoryconnector.database,org.odpi.openmetadata.repositoryservices.connectors.stores.metadatacollectionstore.properties,2,1,2,1,0,0,0,0,0,4,0,0,0,0
org.odpi.openmetadata.adapters.repositoryservices.postgres.repositoryconnector.database,org.odpi.openmetadata.repositoryservices.connectors.stores.metadatacollectionstore.properties.search,0,8,4,12,1,0,0,0,3,11,0,0,0,0
org.odpi.openmetadata.adapters.repositoryservices.postgres.repositoryconnector.database,org.odpi.openmetadata.repositoryservices.connectors.stores.metadatacollectionstore.properties.typedefs,2,0,0,0,0,0,0,0,0,8,0,0,0,0
org.odpi.openmetadata.adapters.repositoryservices.postgres.repositoryconnector.database,org.odpi.openmetadata.frameworks.openmetadata.ffdc,1,0,0,0,0,0,0,0,0,0,0,0,0,0
org.odpi.openmetadata.viewservices.lineagelinker.server.spring,org.odpi.openmetadata.commonservices.ffdc.rest,1,0,3,0,3,0,0,0,0,0,0,0,0,0
org.odpi.openmetadata.viewservices.lineagelinker.server.spring,org.odpi.openmetadata.viewservices.lineagelinker.server,1,1,0,4,0,0,0,0,1,0,0,0,0,0
org.odpi.openmetadata.contentpacks.core.core,org.odpi.openmetadata.frameworks.connectors.properties.users,3,3,0,6,0,0,0,0,0,3,0,0,0,0
org.odpi.openmetadata.contentpacks.core.core,org.odpi.openmetadata.frameworks.openmetadata.mapper,2,0,0,3,0,0,0,0,0,4,0,0,0,0
org.odpi.openmetadata.contentpacks.core.core,org.odpi.openmetadata.frameworks.openmetadata.enums,0,1,0,35,0,0,0,0,0,58,0,0,0,0
org.odpi.openmetadata.contentpacks.core.core,org.odpi.openmetadata.frameworks.openmetadata.controls,1,0,0,2,0,0,0,0,0,18,0,0,0,0
org.odpi.openmetadata.contentpacks.core.core,org.odpi.openmetadata.adapters.connectors.controls,1,1,0,0,0,0,0,0,0,1,0,0,0,0
org.odpi.openmetadata.contentpacks.core.core,org.odpi.openmetadata.adapters.connectors.governanceactions.stewardship,2,0,0,0,0,0,0,0,0,28,0,0,0,0
org.odpi.openmetadata.contentpacks.core.core,org.odpi.openmetadata.adapters.connectors,2,1,0,2,0,0,0,0,0,4,0,0,0,0
org.odpi.openmetadata.contentpacks.core.core,org.odpi.openmetadata.frameworks.openmetadata.refdata,0,21,0,64,0,0,0,0,0,38,0,0,0,0
org.odpi.openmetadata.contentpacks.core.core,org.odpi.openmetadata.frameworks.openmetadata.search,0,7,0,13,0,0,0,0,0,7,0,0,0,0
org.odpi.openmetadata.contentpacks.core.core,org.odpi.openmetadata.frameworks.openmetadata.types,3,2,2,0,0,0,0,0,0,268,0,0,0,0
org.odpi.openmetadata.contentpacks.core.core,org.odpi.openmetadata.frameworks.opensurvey.controls,3,3,0,2,0,0,0,0,0,3,0,0,0,0
org.odpi.openmetadata.contentpacks.core.core,org.odpi.openmetadata.repositoryservices.connectors.stores.metadatacollectionstore.properties.instances,1,3,0,0,0,0,0,0,0,0,0,0,0,0
org.odpi.openmetadata.contentpacks.core.core,org.odpi.openmetadata.repositoryservices.connectors.stores.metadatacollectionstore.properties,1,0,0,0,0,0,0,0,0,0,0,0,0,0
org.odpi.openmetadata.contentpacks.core.core,org.odpi.openmetadata.contentpacks.core,0,1,0,10,0,0,0,0,0,71,0,0,0,0
org.odpi.openmetadata.contentpacks.core.core,org.odpi.openmetadata.samples.archiveutilities,0,0,0,77,0,0,0,0,0,45,0,0,0,0
org.odpi.openmetadata.contentpacks.core.core,org.odpi.openmetadata.contentpacks.core.base,1,0,0,21,0,0,0,1,0,7,0,0,0,0
org.odpi.openmetadata.contentpacks.core.core,org.odpi.openmetadata.frameworks.connectors,1,1,0,0,0,0,0,0,0,0,1,0,0,0
org.odpi.openmetadata.frameworks.openmetadata.definitions,org.odpi.openmetadata.frameworks.openmetadata.types,9,0,0,0,0,0,0,0,0,18,0,0,0,0
org.odpi.openmetadata.frameworks.openmetadata.definitions,org.odpi.openmetadata.frameworks.openmetadata.mapper,1,0,0,1,0,0,0,0,0,0,0,0,0,0
org.odpi.openmetadata.engineservices.watchdogaction.client,org.odpi.openmetadata.frameworks.openmetadata.ffdc,3,0,0,0,0,5,0,0,0,0,0,0,0,0
org.odpi.openmetadata.engineservices.watchdogaction.client,org.odpi.openmetadata.commonservices.ffdc.rest,1,1,0,2,0,0,0,0,0,0,0,0,0,0
org.odpi.openmetadata.engineservices.watchdogaction.client,org.odpi.openmetadata.commonservices.ffdc,1,1,0,2,0,0,0,0,1,0,0,0,0,0
org.odpi.openmetadata.engineservices.watchdogaction.client,org.odpi.openmetadata.commonservices.ffdc.properties,1,0,0,0,1,0,0,0,0,0,0,0,0,0
org.odpi.openmetadata.engineservices.watchdogaction.client,org.odpi.openmetadata.frameworks.connectors,1,0,0,0,0,0,0,0,0,0,0,0,0,0
org.odpi.openmetadata.engineservices.watchdogaction.client,org.odpi.openmetadata.frameworks.auditlog,1,0,2,0,0,0,0,0,0,0,0,0,0,0
org.odpi.openmetadata.engineservices.watchdogaction.client,org.odpi.openmetadata.engineservices.watchdogaction.client.rest,1,1,0,2,0,0,0,0,2,2,0,0,0,0
org.odpi.openmetadata.engineservices.watchdogaction.client,org.odpi.openmetadata.engineservices.watchdogaction.api,1,0,0,0,0,0,1,0,0,0,0,0,0,0
org.odpi.openmetadata.adminservices.rest,org.odpi.openmetadata.adminservices.configuration.properties,16,8,14,16,8,0,0,2,5,16,0,0,0,0
org.odpi.openmetadata.adminservices.rest,org.odpi.openmetadata.commonservices.ffdc.rest,7,0,0,50,0,0,0,7,0,18,0,0,0,0
org.odpi.openmetadata.adminservices.rest,org.odpi.openmetadata.adminservices.configuration.registration,2,0,1,5,0,0,0,0,0,0,0,0,0,0
org.odpi.openmetadata.adminservices.rest,org.odpi.openmetadata.frameworks.connectors.properties.beans,3,2,3,1,2,0,0,0,0,3,0,0,0,0
org.odpi.openmetadata.adminservices.rest,org.odpi.openmetadata.adminservices.properties,2,2,2,0,2,0,0,0,0,2,0,0,0,0
org.odpi.openmetadata.governanceservers.enginehostservices.client.rest,org.odpi.openmetadata.frameworks.openmetadata.ffdc,3,0,0,0,0,8,0,0,0,0,0,0,0,0
org.odpi.openmetadata.governanceservers.enginehostservices.client.rest,org.odpi.openmetadata.frameworks.connectors,1,0,0,0,0,0,0,0,0,0,0,0,0,0
org.odpi.openmetadata.governanceservers.enginehostservices.client.rest,org.odpi.openmetadata.frameworks.auditlog,1,0,2,0,0,0,0,0,0,0,0,0,0,0
org.odpi.openmetadata.governanceservers.enginehostservices.client.rest,org.odpi.openmetadata.commonservices.ffdc.rest,1,0,0,2,0,0,0,1,0,2,0,0,0,0
org.odpi.openmetadata.governanceservers.enginehostservices.client.rest,org.odpi.openmetadata.commonservices.ffdc,0,0,0,2,0,0,0,0,0,0,0,0,0,0
org.odpi.openmetadata.governanceservers.enginehostservices.client.rest,org.odpi.openmetadata.governanceservers.enginehostservices.rest,2,2,0,0,2,0,0,0,0,2,0,0,0,0
org.odpi.openmetadata.conformance.tests.platform.origin,org.odpi.openmetadata.conformance.workbenches.platform,2,0,1,1,0,0,0,0,0,8,0,0,0,0
org.odpi.openmetadata.conformance.tests.platform.origin,org.odpi.openmetadata.conformance.beans,0,0,0,4,0,0,0,0,0,1,0,0,0,0
org.odpi.openmetadata.conformance.tests.platform.origin,org.odpi.openmetadata.conformance.tests.platform,1,0,0,1,0,0,0,1,0,3,0,0,0,0
org.odpi.openmetadata.adapters.connectors.babbage,org.odpi.openmetadata.frameworks.integration.connectors,3,0,0,5,0,0,0,3,0,21,0,0,0,0
org.odpi.openmetadata.adapters.connectors.babbage,org.odpi.openmetadata.frameworks.integration.context,2,0,2,2,0,0,0,0,0,0,0,0,0,0
org.odpi.openmetadata.adapters.connectors.babbage,org.odpi.openmetadata.frameworks.openmetadata.connectorcontext,1,1,0,7,0,0,0,0,0,0,0,0,0,0
org.odpi.openmetadata.adapters.connectors.babbage,org.odpi.openmetadata.frameworks.integration.properties,1,0,0,0,1,0,0,0,0,3,0,0,0,0
org.odpi.openmetadata.adapters.connectors.babbage,org.odpi.openmetadata.frameworks.connectors,2,0,2,0,0,0,0,0,0,0,0,0,0,0
org.odpi.openmetadata.adapters.connectors.babbage,org.odpi.openmetadata.frameworks.auditlog,1,0,1,4,0,0,0,0,0,0,0,0,0,0
org.odpi.openmetadata.adapters.connectors.babbage,org.odpi.openmetadata.frameworks.openmetadata.ffdc,2,0,0,0,0,3,0,0,0,0,0,0,0,0
org.odpi.openmetadata.adapters.connectors.babbage,org.odpi.openmetadata.frameworks.connectors.ffdc,2,0,0,2,0,4,0,0,2,0,0,0,0,0
org.odpi.openmetadata.adapters.connectors.babbage,org.odpi.openmetadata.frameworks.opengovernance.properties,2,0,2,1,0,0,0,0,0,0,0,0,0,0
org.odpi.openmetadata.adapters.connectors.babbage,org.odpi.openmetadata.frameworks.opengovernance.connectorcontext,0,0,0,1,0,0,0,0,0,0,0,0,0,0
org.odpi.openmetadata.adapters.connectors.babbage,org.odpi.openmetadata.frameworks.openmetadata.enums,1,0,0,0,0,0,0,0,0,2,0,0,0,0
org.odpi.openmetadata.adapters.connectors.babbage,org.odpi.openmetadata.frameworks.openmetadata.metadataelements,1,1,1,6,0,0,0,0,0,1,0,0,0,0
org.odpi.openmetadata.adapters.connectors.babbage,org.odpi.openmetadata.adapters.connectors,1,0,0,0,0,0,0,0,0,2,0,0,0,0
org.odpi.openmetadata.adapters.connectors.babbage,org.odpi.openmetadata.frameworks.openmetadata.types,1,0,0,0,0,0,0,0,0,4,0,0,0,0
org.odpi.openmetadata.adapters.connectors.babbage,org.odpi.openmetadata.adapters.connectors.babbage.ffdc,4,0,0,0,0,0,0,0,0,12,0,0,0,0
org.odpi.openmetadata.adapters.connectors.babbage,org.odpi.openmetadata.frameworks.openmetadata.properties.governance.governanceactions,1,0,0,0,0,0,0,0,0,1,1,0,0,0
org.odpi.openmetadata.adapters.connectors.babbage,org.odpi.openmetadata.frameworks.openmetadata.search,0,0,0,1,0,0,0,0,0,0,0,0,0,0
org.odpi.openmetadata.governanceservers.enginehostservices.rest,org.odpi.openmetadata.governanceservers.enginehostservices.properties,2,1,2,0,1,0,0,0,0,2,0,0,0,0
org.odpi.openmetadata.governanceservers.enginehostservices.rest,org.odpi.openmetadata.commonservices.ffdc.rest,2,0,0,0,0,0,0,2,0,0,0,0,0,0
org.odpi.openmetadata.frameworks.openmetadata.properties.schema.apis,org.odpi.openmetadata.frameworks.openmetadata.properties.schema,5,0,0,19,0,0,0,4,0,15,0,0,0,0
org.odpi.openmetadata.frameworks.openmetadata.properties.schema.apis,org.odpi.openmetadata.frameworks.openmetadata.types,8,0,0,0,0,0,0,0,0,16,0,0,0,0
org.odpi.openmetadata.frameworks.openmetadata.properties.schema.apis,org.odpi.openmetadata.frameworks.openmetadata.properties,4,0,0,15,0,0,0,4,0,16,0,0,0,0
org.odpi.openmetadata.viewservices.timekeeper.server,org.odpi.openmetadata.adminservices.configuration.registration,5,3,0,4,0,0,0,0,1,8,0,0,0,0
org.odpi.openmetadata.viewservices.timekeeper.server,org.odpi.openmetadata.frameworks.openmetadata.handlers,4,17,1,29,2,0,0,0,0,2,0,0,0,0
org.odpi.openmetadata.viewservices.timekeeper.server,org.odpi.openmetadata.frameworks.openmetadata.ffdc,5,0,0,0,0,5,0,0,0,0,0,0,0,0
org.odpi.openmetadata.viewservices.timekeeper.server,org.odpi.openmetadata.commonservices.multitenant,3,1,0,40,0,0,0,2,1,1,0,0,0,0
org.odpi.openmetadata.viewservices.timekeeper.server,org.odpi.openmetadata.commonservices.ffdc,3,19,0,81,0,0,0,0,2,0,0,0,0,0
org.odpi.openmetadata.viewservices.timekeeper.server,org.odpi.openmetadata.commonservices.ffdc.rest,0,17,17,47,17,0,0,0,17,0,0,0,0,0
org.odpi.openmetadata.viewservices.timekeeper.server,org.odpi.openmetadata.frameworks.auditlog,2,17,1,0,0,0,0,0,0,17,0,0,0,0
org.odpi.openmetadata.viewservices.timekeeper.server,org.odpi.openmetadata.viewservices.timekeeper.admin,1,0,0,0,0,0,0,0,0,1,0,0,0,0
org.odpi.openmetadata.viewservices.timekeeper.server,org.odpi.openmetadata.adminservices.registration,1,0,0,1,0,0,0,0,0,1,0,0,0,0
org.odpi.openmetadata.viewservices.timekeeper.server,org.odpi.openmetadata.tokencontroller,1,0,0,17,0,0,0,1,0,17,0,0,0,0
org.odpi.openmetadata.viewservices.timekeeper.server,org.odpi.openmetadata.frameworks.openmetadata.properties.contextevents,0,0,0,0,0,0,0,0,0,7,7,0,0,0
org.odpi.openmetadata.viewservices.timekeeper.server,org.odpi.openmetadata.adminservices.configuration.properties,1,0,0,0,0,0,0,0,0,0,0,0,0,0
org.odpi.openmetadata.frameworks.integration.connectors,org.odpi.openmetadata.frameworks.openmetadata.properties.assets.processes.connectors,1,0,0,13,0,0,0,0,0,1,1,0,0,0
org.odpi.openmetadata.frameworks.integration.connectors,org.odpi.openmetadata.frameworks.connectors.ffdc,11,0,0,11,0,41,0,0,11,2,0,0,0,0
org.odpi.openmetadata.frameworks.integration.connectors,org.odpi.openmetadata.frameworks.integration.properties,8,8,18,9,4,0,0,1,1,31,0,0,0,0
org.odpi.openmetadata.frameworks.integration.connectors,org.odpi.openmetadata.frameworks.integration.ffdc,7,0,0,0,0,0,0,0,0,80,0,0,0,0
org.odpi.openmetadata.frameworks.integration.connectors,org.odpi.openmetadata.frameworks.integration.context,6,1,9,11,0,0,0,0,0,1,0,0,0,0
org.odpi.openmetadata.frameworks.integration.connectors,org.odpi.openmetadata.frameworks.connectors.properties.beans,3,2,1,3,0,0,0,0,0,0,0,0,0,0
org.odpi.openmetadata.frameworks.integration.connectors,org.odpi.openmetadata.frameworks.auditlog,8,4,4,38,1,0,1,0,1,6,0,0,0,0
org.odpi.openmetadata.frameworks.integration.connectors,org.odpi.openmetadata.frameworks.connectors,10,1,4,9,4,0,1,2,0,10,0,0,0,0
org.odpi.openmetadata.frameworks.integration.connectors,org.odpi.openmetadata.frameworks.openmetadata.metadataelements,3,5,3,63,0,0,0,0,0,1,0,0,0,0
org.odpi.openmetadata.frameworks.integration.connectors,org.odpi.openmetadata.frameworks.openmetadata.properties,1,2,0,18,0,0,0,0,2,2,2,0,0,0
org.odpi.openmetadata.frameworks.integration.connectors,org.odpi.openmetadata.frameworks.openmetadata.events,6,0,4,0,0,0,0,0,0,0,2,0,0,0
org.odpi.openmetadata.frameworks.integration.connectors,org.odpi.openmetadata.frameworks.openmetadata.ffdc,13,0,0,1,0,27,0,0,1,0,0,0,0,0
org.odpi.openmetadata.frameworks.integration.connectors,org.odpi.openmetadata.frameworks.openmetadata.search,4,6,0,25,0,0,0,0,6,0,0,0,0,0
org.odpi.openmetadata.frameworks.integration.connectors,org.odpi.openmetadata.frameworks.openmetadata.types,3,0,1,0,0,0,0,0,0,26,0,0,0,0
org.odpi.openmetadata.frameworks.integration.connectors,org.odpi.openmetadata.frameworks.integration.controls,1,0,1,0,0,0,0,0,0,1,0,0,0,0
org.odpi.openmetadata.frameworks.integration.connectors,org.odpi.openmetadata.frameworks.openmetadata.properties.softwarecapabilities,2,2,0,2,0,0,0,0,2,0,0,0,0,0
org.odpi.openmetadata.frameworks.integration.connectors,org.odpi.openmetadata.frameworks.openmetadata.properties.assets.infrastructure,1,1,0,2,0,0,0,0,1,0,0,0,0,0
org.odpi.openmetadata.frameworks.integration.connectors,org.odpi.openmetadata.frameworks.openmetadata.properties.assets.metadatarepositories,1,1,0,3,0,0,0,0,1,0,1,0,0,0
org.odpi.openmetadata.frameworks.integration.connectors,org.odpi.openmetadata.frameworks.openmetadata.enums,2,0,0,0,0,0,0,0,0,6,0,0,0,0
org.odpi.openmetadata.frameworks.integration.connectors,org.odpi.openmetadata.frameworks.opengovernance.properties,4,2,4,22,0,0,0,0,2,0,0,0,0,0
org.odpi.openmetadata.frameworks.integration.connectors,org.odpi.openmetadata.frameworks.openmetadata.connectorcontext,3,5,0,23,0,0,0,0,0,0,0,0,0,0
org.odpi.openmetadata.frameworks.integration.connectors,org.odpi.openmetadata.frameworks.connectors.client,1,1,1,4,0,0,0,0,0,1,0,0,0,0
org.odpi.openmetadata.adapters.connectors.baudot,org.odpi.openmetadata.frameworks.openwatchdog.controls,2,0,0,1,0,0,0,0,0,9,0,0,0,0
org.odpi.openmetadata.adapters.connectors.baudot,org.odpi.openmetadata.frameworks.openwatchdog,4,2,2,33,0,0,0,2,1,58,0,0,0,0
org.odpi.openmetadata.adapters.connectors.baudot,org.odpi.openmetadata.adapters.connectors.governanceactions.watchdog,1,0,0,1,0,0,0,0,0,1,0,0,0,0
org.odpi.openmetadata.adapters.connectors.baudot,org.odpi.openmetadata.adapters.connectors.governanceactions.ffdc,2,0,0,0,0,0,0,0,0,12,0,0,0,0
org.odpi.openmetadata.adapters.connectors.baudot,org.odpi.openmetadata.frameworks.openmetadata.types,2,0,0,0,0,0,0,0,0,8,0,0,0,0
org.odpi.openmetadata.adapters.connectors.baudot,org.odpi.openmetadata.frameworks.openmetadata.search,0,0,0,4,0,0,0,0,0,0,0,0,0,0
org.odpi.openmetadata.adapters.connectors.baudot,org.odpi.openmetadata.adapters.connectors.baudot.ffdc,1,0,0,0,0,0,0,0,0,6,0,0,0,0
org.odpi.openmetadata.adapters.connectors.baudot,org.odpi.openmetadata.frameworks.openmetadata.properties.governance,1,3,1,13,0,0,0,0,2,3,2,0,0,0
org.odpi.openmetadata.adapters.connectors.baudot,org.odpi.openmetadata.frameworks.opengovernance,0,0,0,0,0,0,0,0,0,4,0,0,0,0
org.odpi.openmetadata.adapters.connectors.baudot,org.odpi.openmetadata.frameworks.auditlog.messagesets,4,7,0,3,2,0,0,0,2,0,0,0,0,0
org.odpi.openmetadata.adapters.connectors.baudot,org.odpi.openmetadata.frameworks.auditlog,0,0,0,8,0,0,0,0,0,0,0,0,0,0
org.odpi.openmetadata.adapters.connectors.baudot,org.odpi.openmetadata.frameworks.openmetadata.connectorcontext,0,0,0,1,0,0,0,0,0,0,0,0,0,0
org.odpi.openmetadata.adapters.connectors.baudot,org.odpi.openmetadata.frameworks.connectors.ffdc,1,0,0,0,0,2,0,0,0,0,0,0,0,0
org.odpi.openmetadata.adapters.connectors.baudot,org.odpi.openmetadata.frameworks.opengovernance.properties,1,1,1,0,0,0,0,0,0,1,0,0,0,0
org.odpi.openmetadata.adapters.connectors.baudot,org.odpi.openmetadata.frameworks.opengovernance.ffdc,1,0,0,1,0,0,0,0,1,0,0,0,0,0
org.odpi.openmetadata.adapters.connectors.baudot,org.odpi.openmetadata.frameworks.opengovernance.controls,1,0,0,0,0,0,0,0,0,2,0,0,0,0
org.odpi.openmetadata.adapters.connectors.baudot,org.odpi.openmetadata.frameworks.openmetadata.metadataelements,3,2,9,78,0,0,0,0,0,0,0,0,0,0
org.odpi.openmetadata.adapters.connectors.baudot,org.odpi.openmetadata.frameworks.openmetadata.enums,1,0,0,0,0,0,0,0,0,2,0,0,0,0
org.odpi.openmetadata.adapters.connectors.baudot,org.odpi.openmetadata.frameworks.openmetadata.ffdc,3,0,0,0,0,7,0,0,0,0,0,0,0,0
org.odpi.openmetadata.adapters.connectors.baudot,org.odpi.openmetadata.frameworks.openmetadata.events,2,0,1,22,0,0,0,0,0,8,0,0,0,0
org.odpi.openmetadata.adapters.connectors.baudot,org.odpi.openmetadata.frameworks.openmetadata.properties,3,1,1,8,0,0,0,0,1,7,2,0,0,0
org.odpi.openmetadata.adapters.connectors.baudot,org.odpi.openmetadata.adapters.connectors,1,0,0,0,0,0,0,0,0,2,0,0,0,0
org.odpi.openmetadata.viewservices.automatedcuration.admin,org.odpi.openmetadata.adminservices.registration,1,0,0,1,0,0,0,1,0,1,0,0,0,0
org.odpi.openmetadata.viewservices.automatedcuration.admin,org.odpi.openmetadata.adminservices.ffdc.exception,1,0,0,0,0,1,0,0,0,0,0,0,0,0
org.odpi.openmetadata.viewservices.automatedcuration.admin,org.odpi.openmetadata.adminservices.configuration.properties,1,0,1,4,0,0,0,0,0,0,0,0,0,0
org.odpi.openmetadata.viewservices.automatedcuration.admin,org.odpi.openmetadata.adminservices.configuration.registration,1,0,0,0,0,0,0,0,0,2,0,0,0,0
org.odpi.openmetadata.viewservices.automatedcuration.admin,org.odpi.openmetadata.frameworks.auditlog,1,1,1,5,0,0,0,0,0,1,0,0,0,0
org.odpi.openmetadata.viewservices.automatedcuration.admin,org.odpi.openmetadata.commonservices.multitenant,0,0,0,1,0,0,0,0,0,0,0,0,0,0
org.odpi.openmetadata.viewservices.automatedcuration.admin,org.odpi.openmetadata.viewservices.automatedcuration.server,1,1,0,1,0,0,0,0,1,1,0,0,0,0
org.odpi.openmetadata.viewservices.automatedcuration.admin,org.odpi.openmetadata.viewservices.automatedcuration.ffdc,1,0,0,0,0,0,0,0,0,10,0,0,0,0
org.odpi.openmetadata.frameworkservices.gaf.connectors.outtopic,org.odpi.openmetadata.frameworks.connectors,2,0,0,2,0,0,0,2,0,0,0,0,0,0
org.odpi.openmetadata.frameworkservices.gaf.connectors.outtopic,org.odpi.openmetadata.adapters.connectors,2,0,0,0,0,0,0,0,0,4,0,0,0,0
org.odpi.openmetadata.frameworkservices.gaf.connectors.outtopic,org.odpi.openmetadata.frameworks.openmetadata.ffdc,2,0,0,1,0,2,0,0,1,0,2,0,0,0
org.odpi.openmetadata.frameworkservices.gaf.connectors.outtopic,org.odpi.openmetadata.frameworks.openmetadata.events,4,2,3,4,0,0,1,0,0,2,0,0,0,0
org.odpi.openmetadata.frameworkservices.gaf.connectors.outtopic,org.odpi.openmetadata.frameworks.connectors.ffdc,1,0,0,1,0,1,0,0,1,0,2,0,0,0
org.odpi.openmetadata.frameworkservices.gaf.connectors.outtopic,org.odpi.openmetadata.frameworks.auditlog,0,0,0,1,0,0,0,0,0,0,0,0,0,0
org.odpi.openmetadata.frameworkservices.gaf.connectors.outtopic,org.odpi.openmetadata.frameworkservices.omf.ffdc,2,0,0,0,0,0,0,0,0,4,0,0,0,0
org.odpi.openmetadata.frameworkservices.gaf.connectors.outtopic,org.odpi.openmetadata.frameworkservices.gaf.ffdc,1,0,0,0,0,0,0,0,0,2,0,0,0,0
org.odpi.openmetadata.frameworkservices.gaf.connectors.outtopic,org.odpi.openmetadata.repositoryservices.connectors.openmetadatatopic,2,0,0,1,0,0,0,2,0,7,0,0,0,0
org.odpi.openmetadata.frameworkservices.gaf.rest,org.odpi.openmetadata.commonservices.ffdc.rest,1,0,0,20,0,0,0,1,0,1,0,0,0,0
org.odpi.openmetadata.frameworkservices.gaf.rest,org.odpi.openmetadata.frameworks.opengovernance.properties,9,6,9,0,6,0,0,0,0,9,0,0,0,0
org.odpi.openmetadata.frameworkservices.gaf.rest,org.odpi.openmetadata.frameworks.openmetadata.enums,1,1,1,0,1,0,0,0,0,1,0,0,0,0
org.odpi.openmetadata.frameworkservices.gaf.rest,org.odpi.openmetadata.frameworks.openmetadata.properties,4,0,4,0,0,0,0,0,0,4,0,0,0,0
org.odpi.openmetadata.frameworkservices.gaf.rest,org.odpi.openmetadata.repositoryservices.rest.properties,1,0,0,0,0,0,0,0,0,0,0,0,0,0
org.odpi.openmetadata.frameworkservices.gaf.rest,org.odpi.openmetadata.frameworks.auditlog.requestid,1,0,0,0,0,0,1,0,0,0,0,0,0,0
org.odpi.openmetadata.frameworkservices.gaf.rest,org.odpi.openmetadata.frameworks.openmetadata.refdata,1,1,1,0,1,0,0,0,0,1,0,0,0,0
org.odpi.openmetadata.frameworks.openmetadata.properties.assets.topics,org.odpi.openmetadata.frameworks.openmetadata.properties,1,0,0,3,0,0,0,1,0,4,0,0,0,0
org.odpi.openmetadata.frameworks.openmetadata.properties.assets.topics,org.odpi.openmetadata.frameworks.openmetadata.types,2,0,0,0,0,0,0,0,0,4,0,0,0,0
org.odpi.openmetadata.frameworks.openmetadata.properties.assets.topics,org.odpi.openmetadata.frameworks.openmetadata.properties.assets,1,0,0,5,0,0,0,1,0,4,0,0,0,0
org.odpi.openmetadata.frameworkservices.gaf.handlers,org.odpi.openmetadata.commonservices.ffdc,2,2,2,12,0,0,0,0,0,2,0,0,0,0
org.odpi.openmetadata.frameworkservices.gaf.handlers,org.odpi.openmetadata.commonservices.repositoryhandler,3,3,2,8,0,0,0,0,1,2,0,0,0,0
org.odpi.openmetadata.frameworkservices.gaf.handlers,org.odpi.openmetadata.commonservices.generichandlers,6,5,0,14,0,0,0,0,6,5,0,0,0,0
org.odpi.openmetadata.frameworkservices.gaf.handlers,org.odpi.openmetadata.metadatasecurity.server,2,0,2,0,0,0,0,0,0,0,0,0,0,0
org.odpi.openmetadata.frameworkservices.gaf.handlers,org.odpi.openmetadata.frameworks.auditlog,2,0,2,0,0,0,0,0,0,0,0,0,0,0
org.odpi.openmetadata.frameworkservices.gaf.handlers,org.odpi.openmetadata.frameworks.connectors.properties.beans,1,0,1,0,0,0,0,0,0,2,0,0,0,0
org.odpi.openmetadata.frameworkservices.gaf.handlers,org.odpi.openmetadata.frameworks.opengovernance.properties,6,3,6,5,6,0,0,0,1,11,0,0,0,0
org.odpi.openmetadata.frameworkservices.gaf.handlers,org.odpi.openmetadata.frameworks.openmetadata.ffdc,6,0,0,0,0,30,0,0,0,0,0,0,0,0
org.odpi.openmetadata.frameworkservices.gaf.handlers,org.odpi.openmetadata.frameworkservices.gaf.converters,6,2,0,9,0,0,0,0,6,1,0,0,0,0
org.odpi.openmetadata.frameworkservices.gaf.handlers,org.odpi.openmetadata.repositoryservices.connectors.stores.metadatacollectionstore.properties.instances,4,8,5,20,0,0,0,0,1,8,0,0,0,0
org.odpi.openmetadata.frameworkservices.gaf.handlers,org.odpi.openmetadata.repositoryservices.connectors.stores.metadatacollectionstore.properties,2,0,0,0,0,0,0,0,0,16,0,0,0,0
org.odpi.openmetadata.frameworkservices.gaf.handlers,org.odpi.openmetadata.repositoryservices.connectors.stores.metadatacollectionstore.utilities,0,0,0,11,0,0,0,0,0,0,0,0,0,0
org.odpi.openmetadata.frameworkservices.gaf.handlers,org.odpi.openmetadata.repositoryservices.connectors.stores.metadatacollectionstore.repositoryconnector,2,2,2,0,0,0,0,0,0,2,0,0,0,0
org.odpi.openmetadata.frameworkservices.gaf.handlers,org.odpi.openmetadata.frameworks.openmetadata.types,4,0,0,0,0,0,0,0,0,88,0,0,0,0
org.odpi.openmetadata.frameworkservices.gaf.handlers,org.odpi.openmetadata.frameworks.openmetadata.properties.assets.processes.connectors,1,1,1,5,0,0,0,0,1,1,0,0,0,0
org.odpi.openmetadata.viewservices.classificationexplorer.server,org.odpi.openmetadata.tokencontroller,1,0,0,93,0,0,0,1,0,93,0,0,0,0
org.odpi.openmetadata.viewservices.classificationexplorer.server,org.odpi.openmetadata.frameworks.openmetadata.metadataelements,0,3,28,6,0,0,0,0,0,28,0,0,0,0
org.odpi.openmetadata.viewservices.classificationexplorer.server,org.odpi.openmetadata.frameworks.openmetadata.handlers,6,93,2,168,4,0,0,0,0,4,0,0,0,0
org.odpi.openmetadata.viewservices.classificationexplorer.server,org.odpi.openmetadata.frameworks.openmetadata.properties.actors,1,0,0,0,0,0,0,0,0,0,1,0,0,0
org.odpi.openmetadata.viewservices.classificationexplorer.server,org.odpi.openmetadata.frameworks.auditlog,2,93,1,0,0,0,0,0,0,93,0,0,0,0
org.odpi.openmetadata.viewservices.classificationexplorer.server,org.odpi.openmetadata.frameworks.openmetadata.ffdc,5,0,0,0,0,10,0,0,0,0,0,0,0,0
org.odpi.openmetadata.viewservices.classificationexplorer.server,org.odpi.openmetadata.frameworks.openmetadata.enums,1,0,0,0,0,0,0,0,0,2,0,0,0,0
org.odpi.openmetadata.viewservices.classificationexplorer.server,org.odpi.openmetadata.frameworkservices.omf.rest,1,0,1,2,0,0,0,0,0,1,0,0,0,0
org.odpi.openmetadata.viewservices.classificationexplorer.server,org.odpi.openmetadata.commonservices.ffdc.rest,0,93,73,248,93,0,0,0,93,4,0,0,0,0
org.odpi.openmetadata.viewservices.classificationexplorer.server,org.odpi.openmetadata.commonservices.ffdc,3,95,0,433,0,0,0,0,2,0,0,0,0,0
org.odpi.openmetadata.viewservices.classificationexplorer.server,org.odpi.openmetadata.commonservices.multitenant,3,2,0,195,0,0,0,2,2,2,0,0,0,0
org.odpi.openmetadata.viewservices.classificationexplorer.server,org.odpi.openmetadata.frameworks.openmetadata.properties.assets,1,0,0,0,0,0,0,0,0,1,2,0,0,0
org.odpi.openmetadata.viewservices.classificationexplorer.server,org.odpi.openmetadata.adminservices.configuration.properties,1,0,0,0,0,0,0,0,0,0,0,0,0,0
org.odpi.openmetadata.viewservices.classificationexplorer.server,org.odpi.openmetadata.adminservices.configuration.registration,5,3,0,6,0,0,0,0,1,8,0,0,0,0
org.odpi.openmetadata.viewservices.classificationexplorer.server,org.odpi.openmetadata.adminservices.registration,1,0,0,1,0,0,0,0,0,1,0,0,0,0
org.odpi.openmetadata.viewservices.classificationexplorer.server,org.odpi.openmetadata.frameworks.openmetadata.properties.governance,0,0,0,0,0,0,0,0,0,19,17,0,0,0
org.odpi.openmetadata.viewservices.classificationexplorer.server,org.odpi.openmetadata.frameworks.openmetadata.properties.feedback,1,0,0,0,0,0,0,0,0,2,2,0,0,0
org.odpi.openmetadata.viewservices.classificationexplorer.server,org.odpi.openmetadata.frameworks.openmetadata.properties.security,2,0,0,0,0,0,0,0,0,2,2,0,0,0
org.odpi.openmetadata.viewservices.classificationexplorer.server,org.odpi.openmetadata.frameworks.openmetadata.properties.resources,2,0,0,0,0,0,0,0,0,2,2,0,0,0
org.odpi.openmetadata.viewservices.classificationexplorer.server,org.odpi.openmetadata.frameworks.openmetadata.search,1,0,19,71,0,0,0,0,0,6,0,0,0,0
org.odpi.openmetadata.viewservices.classificationexplorer.server,org.odpi.openmetadata.frameworks.openmetadata.types,1,0,0,0,0,0,0,0,0,6,0,0,0,0
org.odpi.openmetadata.viewservices.classificationexplorer.server,org.odpi.openmetadata.viewservices.classificationexplorer.admin,1,0,0,0,0,0,0,0,0,1,0,0,0,0
org.odpi.openmetadata.adapters.repositoryservices.auditlogstore.console.eventdisplay,org.odpi.openmetadata.repositoryservices.connectors.stores.auditlogstore,3,0,1,6,0,0,0,2,0,2,0,0,0,0
org.odpi.openmetadata.adapters.repositoryservices.auditlogstore.console.eventdisplay,org.odpi.openmetadata.frameworks.auditlog,1,0,0,12,0,0,0,0,0,2,0,0,0,0
org.odpi.openmetadata.adapters.repositoryservices.auditlogstore.console.eventdisplay,org.odpi.openmetadata.frameworks.openmetadata.ffdc,1,0,0,0,0,1,0,0,0,0,0,0,0,0
org.odpi.openmetadata.adapters.repositoryservices.auditlogstore.console.eventdisplay,org.odpi.openmetadata.adapters.connectors,1,0,0,0,0,0,0,0,0,2,0,0,0,0
org.odpi.openmetadata.frameworks.openmetadata.properties.assets.infrastructure,org.odpi.openmetadata.frameworks.openmetadata.types,11,0,0,0,0,0,0,0,0,48,0,0,0,0
org.odpi.openmetadata.frameworks.openmetadata.properties.assets.infrastructure,org.odpi.openmetadata.frameworks.openmetadata.properties,2,0,0,14,0,0,0,2,0,33,0,0,0,0
org.odpi.openmetadata.frameworks.openmetadata.properties.assets.infrastructure,org.odpi.openmetadata.frameworks.openmetadata.properties.assets,10,0,9,4,0,0,0,1,0,3,0,0,0,0
org.odpi.openmetadata.frameworks.openmetadata.properties.assets.infrastructure,org.odpi.openmetadata.frameworks.openmetadata.enums,1,1,1,0,1,0,0,0,0,1,0,0,0,0
org.odpi.openmetadata.accessservices.digitalarchitecture.fvt.locations,org.odpi.openmetadata.adminservices.configuration.registration,1,0,0,0,0,0,0,0,0,5,0,0,0,0
org.odpi.openmetadata.accessservices.digitalarchitecture.fvt.locations,org.odpi.openmetadata.frameworks.openmetadata.properties,0,0,0,49,0,0,0,0,0,0,0,0,0,0
org.odpi.openmetadata.accessservices.digitalarchitecture.fvt.locations,org.odpi.openmetadata.frameworks.auditlog,1,1,1,1,0,0,0,0,1,0,0,0,0,0
org.odpi.openmetadata.accessservices.digitalarchitecture.fvt.locations,org.odpi.openmetadata.frameworks.openmetadata.ffdc,1,0,0,0,0,0,0,0,0,0,0,0,0,0
org.odpi.openmetadata.accessservices.digitalarchitecture.fvt.locations,org.odpi.openmetadata.frameworks.openmetadata.properties.locations,1,4,0,6,0,0,0,0,6,4,0,0,0,0
org.odpi.openmetadata.accessservices.digitalarchitecture.fvt.locations,org.odpi.openmetadata.fvt.utilities.auditlog,1,0,1,0,0,0,0,0,0,0,0,0,0,0
org.odpi.openmetadata.accessservices.digitalarchitecture.fvt.locations,org.odpi.openmetadata.fvt.utilities,1,1,0,5,1,0,0,0,1,0,0,0,0,0
org.odpi.openmetadata.accessservices.digitalarchitecture.fvt.locations,org.odpi.openmetadata.fvt.utilities.exceptions,1,0,0,62,0,5,0,0,62,0,0,0,0,0
org.odpi.openmetadata.adminservices.client.rest,org.odpi.openmetadata.adapters.connectors.restclients,1,1,0,6,0,0,0,0,0,2,0,0,0,0
org.odpi.openmetadata.adminservices.client.rest,org.odpi.openmetadata.adapters.connectors.restclients.factory,1,2,0,4,0,0,0,0,2,0,0,0,0,0
org.odpi.openmetadata.adminservices.client.rest,org.odpi.openmetadata.frameworks.openmetadata.ffdc,4,2,0,4,0,42,0,0,4,2,0,0,0,0
org.odpi.openmetadata.adminservices.client.rest,org.odpi.openmetadata.adminservices.rest,1,12,0,0,12,0,0,0,0,12,0,0,0,0
org.odpi.openmetadata.adminservices.client.rest,org.odpi.openmetadata.adminservices.ffdc,2,0,0,0,0,0,0,0,0,6,0,0,0,0
org.odpi.openmetadata.adminservices.client.rest,org.odpi.openmetadata.adminservices.ffdc.exception,2,1,0,2,0,27,0,0,2,0,0,0,0,0
org.odpi.openmetadata.adminservices.client.rest,org.odpi.openmetadata.commonservices.ffdc.rest,1,6,4,30,6,0,0,0,0,6,0,0,0,0
org.odpi.openmetadata.adminservices.client.rest,org.odpi.openmetadata.frameworks.connectors.controls,1,0,0,0,0,0,0,0,0,2,0,0,0,0
org.odpi.openmetadata.adminservices.client.rest,org.odpi.openmetadata.frameworks.connectors,1,0,0,0,0,0,0,0,0,0,0,0,0,0
org.odpi.openmetadata.adminservices.client.rest,org.odpi.openmetadata.frameworks.auditlog,1,0,2,0,0,0,0,0,0,0,0,0,0,0
org.odpi.openmetadata.adminservices.client.rest,org.odpi.openmetadata.commonservices.ffdc,1,0,0,0,0,0,0,1,0,0,0,0,0,0
org.odpi.openmetadata.adapters.connectors.unitycatalog.controls,org.odpi.openmetadata.frameworks.openmetadata.specificationproperties,8,6,27,36,6,0,0,0,6,27,0,0,0,0
org.odpi.openmetadata.adapters.connectors.unitycatalog.controls,org.odpi.openmetadata.frameworks.openmetadata.refdata,1,0,0,0,0,0,0,0,0,6,0,0,0,0
org.odpi.openmetadata.adapters.connectors.unitycatalog.controls,org.odpi.openmetadata.frameworks.opensurvey.controls,1,0,0,0,0,0,0,0,0,58,0,0,0,0
org.odpi.openmetadata.adapters.connectors.unitycatalog.controls,org.odpi.openmetadata.frameworks.opensurvey.measurements,1,2,3,6,0,0,0,0,0,17,0,0,0,0
org.odpi.openmetadata.adapters.connectors.unitycatalog.controls,org.odpi.openmetadata.frameworks.openmetadata.types,3,0,0,0,0,0,0,0,0,64,0,0,0,0
org.odpi.openmetadata.adapters.connectors.unitycatalog.controls,org.odpi.openmetadata.frameworks.openmetadata.controls,3,0,0,0,0,0,0,0,0,76,0,0,0,0
org.odpi.openmetadata.adapters.connectors.unitycatalog.controls,org.odpi.openmetadata.frameworks.openmetadata.definitions,1,0,0,0,1,0,0,0,0,0,0,0,0,0
org.odpi.openmetadata.adapters.connectors.unitycatalog.controls,org.odpi.openmetadata.frameworks.integration.controls,1,1,2,5,1,0,0,0,1,2,0,0,0,0
org.odpi.openmetadata.adapters.connectors.unitycatalog.controls,org.odpi.openmetadata.adapters.connectors.controls,0,1,1,0,0,0,0,0,0,1,0,0,0,0
org.odpi.openmetadata.frameworks.openmetadata.reports,org.odpi.openmetadata.frameworks.openmetadata.ffdc,3,0,0,0,0,3,0,0,0,0,0,0,0,0
org.odpi.openmetadata.frameworks.openmetadata.reports,org.odpi.openmetadata.frameworks.openmetadata.properties,0,0,0,2,0,0,0,0,0,0,0,0,0,0
org.odpi.openmetadata.frameworks.openmetadata.reports,org.odpi.openmetadata.frameworks.openmetadata.client,1,1,1,1,0,0,0,0,0,1,0,0,0,0
org.odpi.openmetadata.frameworks.openmetadata.reports,org.odpi.openmetadata.frameworks.openmetadata.types,1,0,0,0,0,0,0,0,0,2,0,0,0,0
org.odpi.openmetadata.frameworks.openmetadata.reports,org.odpi.openmetadata.frameworks.openmetadata.properties.assets.reports,2,2,1,12,1,0,0,0,1,1,0,0,0,0
org.odpi.openmetadata.frameworks.openmetadata.reports,org.odpi.openmetadata.frameworks.openmetadata.metadataelements,1,1,1,0,1,0,0,0,0,1,0,0,0,0
org.odpi.openmetadata.engineservices.watchdogaction.api,org.odpi.openmetadata.frameworks.openmetadata.ffdc,3,0,0,0,0,3,0,0,0,0,0,0,0,0
org.odpi.openmetadata.engineservices.watchdogaction.api,org.odpi.openmetadata.commonservices.ffdc.properties,1,0,0,0,1,0,0,0,0,0,0,0,0,0
org.odpi.openmetadata.frameworks.opengovernance.handlers,org.odpi.openmetadata.frameworks.openmetadata.properties,0,7,1,14,0,0,0,0,0,1,0,0,0,0
org.odpi.openmetadata.frameworks.opengovernance.handlers,org.odpi.openmetadata.frameworks.openmetadata.handlers,2,1,0,6,0,0,0,1,1,26,0,0,0,0
org.odpi.openmetadata.frameworks.opengovernance.handlers,org.odpi.openmetadata.frameworks.openmetadata.metadataelements,2,1,2,19,0,0,0,0,0,1,0,0,0,0
org.odpi.openmetadata.frameworks.opengovernance.handlers,org.odpi.openmetadata.frameworks.openmetadata.converters,1,1,0,3,0,0,0,0,1,1,0,0,0,0
org.odpi.openmetadata.frameworks.opengovernance.handlers,org.odpi.openmetadata.frameworks.openmetadata.ffdc,3,0,0,0,0,18,0,0,0,0,0,0,0,0
org.odpi.openmetadata.frameworks.opengovernance.handlers,org.odpi.openmetadata.frameworks.openmetadata.enums,1,0,3,1,0,0,0,0,0,15,0,0,0,0
org.odpi.openmetadata.frameworks.opengovernance.handlers,org.odpi.openmetadata.frameworks.openmetadata.client,1,0,1,4,0,0,0,0,0,0,0,0,0,0
org.odpi.openmetadata.frameworks.opengovernance.handlers,org.odpi.openmetadata.frameworks.opengovernance.client,1,1,1,2,0,0,0,0,0,1,0,0,0,0
org.odpi.openmetadata.frameworks.opengovernance.handlers,org.odpi.openmetadata.frameworks.opengovernance.ffdc,1,0,0,0,0,0,0,0,0,8,0,0,0,0
org.odpi.openmetadata.frameworks.opengovernance.handlers,org.odpi.openmetadata.frameworks.auditlog,1,0,1,4,0,0,0,0,0,0,0,0,0,0
org.odpi.openmetadata.frameworks.opengovernance.handlers,org.odpi.openmetadata.frameworks.openmetadata.types,2,0,0,0,0,0,0,0,0,38,0,0,0,0
org.odpi.openmetadata.frameworks.opengovernance.handlers,org.odpi.openmetadata.frameworks.openmetadata.search,0,2,2,12,0,0,0,0,2,1,0,0,0,0
org.odpi.openmetadata.frameworks.opengovernance.handlers,org.odpi.openmetadata.frameworks.openmetadata.refdata,1,0,0,0,0,0,0,0,0,2,0,0,0,0
org.odpi.openmetadata.frameworks.opengovernance.handlers,org.odpi.openmetadata.frameworks.openmetadata.properties.security,1,1,0,2,0,0,0,0,1,0,0,0,0,0
org.odpi.openmetadata.frameworks.opengovernance.handlers,org.odpi.openmetadata.frameworks.openmetadata.properties.governance,1,0,1,6,0,0,0,0,0,1,3,0,0,0
org.odpi.openmetadata.frameworks.opengovernance.handlers,org.odpi.openmetadata.frameworks.openmetadata.properties.assets.processes.actions,1,1,5,1,0,0,0,0,1,0,0,0,0,0
org.odpi.openmetadata.frameworkservices.ocf.metadatamanagement.client,org.odpi.openmetadata.commonservices.ffdc.rest,4,4,0,5,1,0,0,1,0,2,0,0,0,0
org.odpi.openmetadata.frameworkservices.ocf.metadatamanagement.client,org.odpi.openmetadata.commonservices.ffdc,1,1,0,11,0,0,0,0,1,0,0,0,0,0
org.odpi.openmetadata.frameworkservices.ocf.metadatamanagement.client,org.odpi.openmetadata.frameworks.connectors,3,3,0,2,6,0,0,0,1,0,0,0,0,0
org.odpi.openmetadata.frameworkservices.ocf.metadatamanagement.client,org.odpi.openmetadata.frameworks.connectors.client,1,0,0,1,0,0,0,1,0,9,0,0,0,0
org.odpi.openmetadata.frameworkservices.ocf.metadatamanagement.client,org.odpi.openmetadata.frameworks.auditlog,4,0,5,0,0,0,0,0,0,1,1,0,0,0
org.odpi.openmetadata.frameworkservices.ocf.metadatamanagement.client,org.odpi.openmetadata.frameworks.connectors.ffdc,0,0,0,1,0,12,0,0,1,0,0,0,0,0
org.odpi.openmetadata.frameworkservices.ocf.metadatamanagement.client,org.odpi.openmetadata.frameworks.connectors.properties.beans,1,3,2,1,3,0,0,0,0,0,0,0,0,0
org.odpi.openmetadata.frameworkservices.ocf.metadatamanagement.client,org.odpi.openmetadata.frameworks.openmetadata.ffdc,7,0,0,0,0,31,0,0,0,0,0,0,0,0
org.odpi.openmetadata.frameworkservices.ocf.metadatamanagement.client,org.odpi.openmetadata.frameworkservices.ocf.metadatamanagement.ffdc,1,0,0,0,0,0,0,0,0,2,0,0,0,0
org.odpi.openmetadata.adapters.connectors.postgres.survey,org.odpi.openmetadata.frameworks.openmetadata.types,2,0,0,0,0,0,0,0,0,4,0,0,0,0
org.odpi.openmetadata.adapters.connectors.postgres.survey,org.odpi.openmetadata.frameworks.opensurvey,9,5,1,30,0,0,0,4,0,37,0,0,0,0
org.odpi.openmetadata.adapters.connectors.postgres.survey,org.odpi.openmetadata.frameworks.opensurvey.controls,7,0,0,6,0,0,0,0,2,54,0,0,0,0
org.odpi.openmetadata.adapters.connectors.postgres.survey,org.odpi.openmetadata.frameworks.openmetadata.properties.surveyreports,4,6,3,28,0,0,0,0,4,3,0,0,0,0
org.odpi.openmetadata.adapters.connectors.postgres.survey,org.odpi.openmetadata.frameworks.openmetadata.ffdc,3,0,0,0,0,4,0,0,0,0,0,0,0,0
org.odpi.openmetadata.adapters.connectors.postgres.survey,org.odpi.openmetadata.frameworks.connectors,2,1,0,11,0,0,0,0,1,2,0,0,0,0
org.odpi.openmetadata.adapters.connectors.postgres.survey,org.odpi.openmetadata.frameworks.auditlog,0,0,0,2,0,0,0,0,0,0,0,0,0,0
org.odpi.openmetadata.adapters.connectors.postgres.survey,org.odpi.openmetadata.frameworks.connectors.properties.beans,0,1,0,7,0,0,0,0,1,0,0,0,0,0
org.odpi.openmetadata.adapters.connectors.postgres.survey,org.odpi.openmetadata.frameworks.connectors.ffdc,2,0,0,0,0,3,0,0,0,0,0,0,0,0
org.odpi.openmetadata.adapters.connectors.postgres.survey,org.odpi.openmetadata.frameworks.connectors.controls,2,0,0,2,0,0,0,0,0,2,0,0,0,0
org.odpi.openmetadata.adapters.connectors.postgres.survey,org.odpi.openmetadata.frameworks.openmetadata.definitions,2,0,0,2,0,0,0,0,2,0,0,0,0,0
org.odpi.openmetadata.adapters.connectors.postgres.survey,org.odpi.openmetadata.frameworks.opensurvey.measurements,0,5,1,112,4,0,0,0,4,87,0,0,0,0
org.odpi.openmetadata.adapters.connectors.postgres.survey,org.odpi.openmetadata.adapters.connectors.resource.jdbc,2,4,2,7,0,0,0,0,0,3,3,0,0,0
org.odpi.openmetadata.adapters.connectors.postgres.survey,org.odpi.openmetadata.adapters.connectors.postgres.controls,3,0,0,2,0,0,0,0,0,6,0,0,0,0
org.odpi.openmetadata.adapters.connectors.postgres.survey,org.odpi.openmetadata.adapters.connectors,2,0,0,0,0,0,0,0,0,4,0,0,0,0
org.odpi.openmetadata.adapters.connectors.postgres.survey,org.odpi.openmetadata.adapters.connectors.postgres.ffdc,2,0,0,0,0,0,0,0,0,6,0,0,0,0
org.odpi.openmetadata.adapters.connectors.postgres.survey,org.odpi.openmetadata.adapters.connectors.controls,2,0,0,0,0,0,0,0,0,4,0,0,0,0
org.odpi.openmetadata.adapters.connectors.restclients,org.odpi.openmetadata.frameworks.connectors,2,0,2,3,0,0,1,2,0,0,0,0,0,0
org.odpi.openmetadata.adapters.connectors.restclients,org.odpi.openmetadata.frameworks.auditlog,3,1,1,3,1,0,1,0,0,1,0,0,0,0
org.odpi.openmetadata.adapters.connectors.restclients,org.odpi.openmetadata.frameworks.connectors.ffdc,1,0,0,0,0,0,0,0,0,0,0,0,0,0
org.odpi.openmetadata.adapters.connectors.restclients,org.odpi.openmetadata.adapters.connectors.restclients.ffdc.exceptions,1,0,0,0,0,9,0,0,0,0,0,0,0,0
org.odpi.openmetadata.adapters.connectors.datastore.basicfile.ffdc,org.odpi.openmetadata.frameworks.auditlog.messagesets,2,1,0,3,2,0,0,0,2,0,0,0,0,0
org.odpi.openmetadata.viewservices.connectionmaker.server,org.odpi.openmetadata.commonservices.ffdc,3,36,0,164,0,0,0,0,2,0,0,0,0,0
org.odpi.openmetadata.viewservices.connectionmaker.server,org.odpi.openmetadata.commonservices.ffdc.rest,1,34,34,107,34,0,0,0,34,0,0,0,0,0
org.odpi.openmetadata.viewservices.connectionmaker.server,org.odpi.openmetadata.tokencontroller,1,0,0,34,0,0,0,1,0,34,0,0,0,0
org.odpi.openmetadata.viewservices.connectionmaker.server,org.odpi.openmetadata.adminservices.configuration.registration,5,3,0,8,0,0,0,0,1,8,0,0,0,0
org.odpi.openmetadata.viewservices.connectionmaker.server,org.odpi.openmetadata.viewservices.connectionmaker.admin,1,0,0,0,0,0,0,0,0,1,0,0,0,0
org.odpi.openmetadata.viewservices.connectionmaker.server,org.odpi.openmetadata.commonservices.multitenant,3,3,0,80,0,0,0,2,3,3,0,0,0,0
org.odpi.openmetadata.viewservices.connectionmaker.server,org.odpi.openmetadata.frameworks.openmetadata.handlers,9,34,3,49,6,0,0,0,0,6,0,0,0,0
org.odpi.openmetadata.viewservices.connectionmaker.server,org.odpi.openmetadata.frameworks.openmetadata.ffdc,5,0,0,0,0,15,0,0,0,0,0,0,0,0
org.odpi.openmetadata.viewservices.connectionmaker.server,org.odpi.openmetadata.adminservices.registration,1,0,0,1,0,0,0,0,0,1,0,0,0,0
org.odpi.openmetadata.viewservices.connectionmaker.server,org.odpi.openmetadata.frameworks.auditlog,2,34,1,0,0,0,0,0,0,34,0,0,0,0
org.odpi.openmetadata.viewservices.connectionmaker.server,org.odpi.openmetadata.frameworks.openmetadata.properties.connections,0,0,0,0,0,0,0,0,0,11,11,0,0,0
org.odpi.openmetadata.viewservices.connectionmaker.server,org.odpi.openmetadata.adminservices.configuration.properties,1,0,0,0,0,0,0,0,0,0,0,0,0,0
org.odpi.openmetadata.engineservices.repositorygovernance.server,org.odpi.openmetadata.commonservices.multitenant,2,0,0,6,0,0,0,2,0,0,0,0,0,0
org.odpi.openmetadata.engineservices.repositorygovernance.server,org.odpi.openmetadata.frameworks.auditlog,2,1,1,0,0,0,0,0,0,1,0,0,0,0
org.odpi.openmetadata.engineservices.repositorygovernance.server,org.odpi.openmetadata.engineservices.repositorygovernance.connector,1,0,0,0,0,0,0,0,0,1,0,0,0,0
org.odpi.openmetadata.engineservices.repositorygovernance.server,org.odpi.openmetadata.adminservices.configuration.registration,5,2,0,1,0,0,0,0,1,8,0,0,0,0
org.odpi.openmetadata.engineservices.repositorygovernance.server,org.odpi.openmetadata.commonservices.ffdc,3,3,0,6,0,0,0,0,2,0,0,0,0,0
org.odpi.openmetadata.engineservices.repositorygovernance.server,org.odpi.openmetadata.commonservices.ffdc.rest,1,1,0,2,1,0,0,0,1,0,0,0,0,0
org.odpi.openmetadata.engineservices.repositorygovernance.server,org.odpi.openmetadata.commonservices.ffdc.properties,1,1,0,0,0,0,0,0,0,0,0,0,0,0
org.odpi.openmetadata.engineservices.repositorygovernance.server,org.odpi.openmetadata.governanceservers.enginehostservices.registration,1,0,0,1,0,0,0,0,0,1,0,0,0,0
org.odpi.openmetadata.engineservices.repositorygovernance.server,org.odpi.openmetadata.engineservices.repositorygovernance.handlers,1,0,0,1,0,0,0,0,1,0,0,0,0,0
org.odpi.openmetadata.engineservices.repositorygovernance.server,org.odpi.openmetadata.engineservices.repositorygovernance.admin,1,0,0,0,0,0,0,0,0,1,0,0,0,0
org.odpi.openmetadata.engineservices.repositorygovernance.server,org.odpi.openmetadata.tokencontroller,1,0,0,1,0,0,0,1,0,1,0,0,0,0
org.odpi.openmetadata.viewservices.dataengineer.admin,org.odpi.openmetadata.frameworks.auditlog,1,1,1,5,0,0,0,0,0,1,0,0,0,0
org.odpi.openmetadata.viewservices.dataengineer.admin,org.odpi.openmetadata.commonservices.multitenant,0,0,0,1,0,0,0,0,0,0,0,0,0,0
org.odpi.openmetadata.viewservices.dataengineer.admin,org.odpi.openmetadata.adminservices.configuration.properties,1,0,1,7,0,0,0,0,0,0,0,0,0,0
org.odpi.openmetadata.viewservices.dataengineer.admin,org.odpi.openmetadata.adminservices.ffdc.exception,1,0,0,0,0,1,0,0,0,0,0,0,0,0
org.odpi.openmetadata.viewservices.dataengineer.admin,org.odpi.openmetadata.adminservices.configuration.registration,1,0,0,0,0,0,0,0,0,2,0,0,0,0
org.odpi.openmetadata.viewservices.dataengineer.admin,org.odpi.openmetadata.adminservices.registration,1,0,0,1,0,0,0,1,0,1,0,0,0,0
org.odpi.openmetadata.viewservices.dataengineer.admin,org.odpi.openmetadata.viewservices.dataengineer.ffdc,1,0,0,0,0,0,0,0,0,10,0,0,0,0
org.odpi.openmetadata.viewservices.dataengineer.admin,org.odpi.openmetadata.viewservices.dataengineer.server,1,1,0,1,0,0,0,0,1,1,0,0,0,0
org.odpi.openmetadata.frameworks.openmetadata.properties.locations,org.odpi.openmetadata.frameworks.openmetadata.types,8,0,0,0,0,0,0,0,0,16,0,0,0,0
org.odpi.openmetadata.frameworks.openmetadata.properties.locations,org.odpi.openmetadata.frameworks.openmetadata.properties,8,0,0,30,0,0,0,8,0,30,0,0,0,0
org.odpi.openmetadata.adapters.connectors.unitycatalog.sync,org.odpi.openmetadata.frameworks.openmetadata.properties.assets.filesandfolders,1,0,0,0,0,0,0,0,0,1,1,0,0,0
org.odpi.openmetadata.adapters.connectors.unitycatalog.sync,org.odpi.openmetadata.frameworks.integration.context,11,1,11,16,0,0,0,0,0,1,0,0,0,0
org.odpi.openmetadata.adapters.connectors.unitycatalog.sync,org.odpi.openmetadata.frameworks.integration.iterator,14,33,27,83,7,0,0,0,7,24,0,0,0,0
org.odpi.openmetadata.adapters.connectors.unitycatalog.sync,org.odpi.openmetadata.frameworks.openmetadata.events,6,0,2,3,0,0,4,0,0,0,0,0,0,0
org.odpi.openmetadata.adapters.connectors.unitycatalog.sync,org.odpi.openmetadata.frameworks.openmetadata.controls,7,0,0,0,0,0,0,0,0,2,0,0,0,0
org.odpi.openmetadata.adapters.connectors.unitycatalog.sync,org.odpi.openmetadata.frameworks.openmetadata.enums,10,1,10,0,0,0,0,0,0,7,0,0,0,0
org.odpi.openmetadata.adapters.connectors.unitycatalog.sync,org.odpi.openmetadata.frameworks.openmetadata.connectorcontext,5,5,0,33,0,0,0,0,0,4,0,0,0,0
org.odpi.openmetadata.adapters.connectors.unitycatalog.sync,org.odpi.openmetadata.frameworks.connectors.ffdc,10,0,0,2,0,37,0,0,2,0,0,0,0,0
org.odpi.openmetadata.adapters.connectors.unitycatalog.sync,org.odpi.openmetadata.frameworks.auditlog,9,1,9,11,0,0,0,0,0,1,0,0,0,0
org.odpi.openmetadata.adapters.connectors.unitycatalog.sync,org.odpi.openmetadata.frameworks.opengovernance.properties,4,0,4,5,0,0,0,0,0,0,0,0,0,0
org.odpi.openmetadata.adapters.connectors.unitycatalog.sync,org.odpi.openmetadata.frameworks.connectors,4,1,4,0,0,0,0,0,0,4,0,0,0,0
org.odpi.openmetadata.adapters.connectors.unitycatalog.sync,org.odpi.openmetadata.frameworks.integration.connectors,6,0,0,21,0,0,0,6,0,73,0,0,0,0
org.odpi.openmetadata.adapters.connectors.unitycatalog.sync,org.odpi.openmetadata.frameworks.integration.properties,2,0,0,3,2,0,0,0,0,13,0,0,0,0
org.odpi.openmetadata.adapters.connectors.unitycatalog.sync,org.odpi.openmetadata.adapters.connectors.unitycatalog.ffdc,11,0,0,0,0,0,0,0,0,26,0,0,0,0
org.odpi.openmetadata.adapters.connectors.unitycatalog.sync,org.odpi.openmetadata.frameworks.openmetadata.metadataelements,6,3,4,62,0,0,0,0,0,1,0,0,0,0
org.odpi.openmetadata.adapters.connectors.unitycatalog.sync,org.odpi.openmetadata.adapters.connectors.unitycatalog.resource,10,3,8,19,0,0,0,0,0,2,3,0,0,0
org.odpi.openmetadata.adapters.connectors.unitycatalog.sync,org.odpi.openmetadata.frameworks.openmetadata.ffdc,24,0,0,0,0,93,0,0,0,0,0,0,0,0
org.odpi.openmetadata.adapters.connectors.unitycatalog.sync,org.odpi.openmetadata.frameworks.openmetadata.properties.assets,4,0,0,0,0,0,0,0,0,8,8,0,0,0
org.odpi.openmetadata.adapters.connectors.unitycatalog.sync,org.odpi.openmetadata.frameworks.openmetadata.properties,9,0,18,3,0,0,0,0,0,0,0,0,0,0
org.odpi.openmetadata.adapters.connectors.unitycatalog.sync,org.odpi.openmetadata.frameworks.openmetadata.properties.assets.processes.connectors,1,0,0,25,0,0,0,0,0,1,1,0,0,0
org.odpi.openmetadata.adapters.connectors.unitycatalog.sync,org.odpi.openmetadata.frameworks.openmetadata.types,16,0,1,0,0,0,0,0,0,52,0,0,0,0
org.odpi.openmetadata.adapters.connectors.unitycatalog.sync,org.odpi.openmetadata.frameworks.openmetadata.properties.assets.databases,1,0,0,0,0,0,0,0,0,1,1,0,0,0
org.odpi.openmetadata.adapters.connectors.unitycatalog.sync,org.odpi.openmetadata.adapters.connectors.unitycatalog.properties,11,16,20,74,0,0,0,0,0,16,0,0,0,0
org.odpi.openmetadata.adapters.connectors.unitycatalog.sync,org.odpi.openmetadata.adapters.connectors.unitycatalog.controls,18,1,0,10,0,0,0,0,0,65,0,0,0,0
org.odpi.openmetadata.adapters.connectors.unitycatalog.sync,org.odpi.openmetadata.frameworks.openmetadata.search,8,1,0,7,0,0,0,0,1,0,0,0,0,0
org.odpi.openmetadata.adapters.connectors.unitycatalog.sync,org.odpi.openmetadata.frameworks.openmetadata.properties.assets.reports,1,0,0,0,0,0,0,0,0,1,1,0,0,0
org.odpi.openmetadata.adapters.connectors.unitycatalog.sync,org.odpi.openmetadata.adapters.connectors.controls,11,1,1,5,0,0,0,0,0,55,0,0,0,0
org.odpi.openmetadata.adapters.connectors.unitycatalog.sync,org.odpi.openmetadata.frameworks.openmetadata.mapper,3,0,0,0,0,0,0,0,0,8,0,0,0,0
org.odpi.openmetadata.adapters.connectors.unitycatalog.sync,org.odpi.openmetadata.adapters.connectors,2,0,0,0,0,0,0,0,0,4,0,0,0,0
org.odpi.openmetadata.adapters.connectors.unitycatalog.sync,org.odpi.openmetadata.frameworks.connectors.controls,2,0,0,2,0,0,0,0,0,2,0,0,0,0
org.odpi.openmetadata.adapters.connectors.unitycatalog.sync,org.odpi.openmetadata.frameworks.openmetadata.properties.assets.infrastructure,1,2,0,4,0,0,0,0,2,0,0,0,0,0
org.odpi.openmetadata.adapters.connectors.unitycatalog.sync,org.odpi.openmetadata.frameworks.openmetadata.properties.assets.analytics,1,0,0,0,0,0,0,0,0,1,1,0,0,0
org.odpi.openmetadata.adapters.connectors.unitycatalog.sync,org.odpi.openmetadata.frameworks.openmetadata.definitions,2,0,0,2,0,0,0,0,2,0,0,0,0,0
org.odpi.openmetadata.adapters.connectors.unitycatalog.sync,org.odpi.openmetadata.frameworks.connectors.properties.beans,0,0,0,1,0,0,0,0,0,0,0,0,0,0
org.odpi.openmetadata.adapters.connectors.unitycatalog.sync,org.odpi.openmetadata.frameworks.openmetadata.properties.externalidentifiers,2,4,0,14,2,0,0,0,2,0,1,0,0,0
org.odpi.openmetadata.adapters.connectors.unitycatalog.sync,org.odpi.openmetadata.frameworks.openmetadata.properties.propertyfacets,2,2,0,4,0,0,0,0,2,0,0,0,0,0
org.odpi.openmetadata.adapters.connectors.postgres.catalog,org.odpi.openmetadata.frameworks.openmetadata.definitions,1,0,0,1,0,0,0,0,1,0,0,0,0,0
org.odpi.openmetadata.adapters.connectors.postgres.catalog,org.odpi.openmetadata.frameworks.connectors.controls,1,0,0,1,0,0,0,0,0,1,0,0,0,0
org.odpi.openmetadata.adapters.connectors.postgres.catalog,org.odpi.openmetadata.frameworks.integration.connectors,3,0,0,12,0,0,0,3,0,36,0,0,0,0
org.odpi.openmetadata.adapters.connectors.postgres.catalog,org.odpi.openmetadata.frameworks.openmetadata.search,0,3,0,13,0,0,0,0,4,0,0,0,0,0
org.odpi.openmetadata.adapters.connectors.postgres.catalog,org.odpi.openmetadata.frameworks.openmetadata.types,2,0,0,0,0,0,0,0,0,24,0,0,0,0
org.odpi.openmetadata.adapters.connectors.postgres.catalog,org.odpi.openmetadata.frameworks.auditlog,1,0,1,8,0,0,0,0,0,0,0,0,0,0
org.odpi.openmetadata.adapters.connectors.postgres.catalog,org.odpi.openmetadata.frameworks.connectors,2,1,2,3,0,0,0,0,0,4,0,0,0,0
org.odpi.openmetadata.adapters.connectors.postgres.catalog,org.odpi.openmetadata.frameworks.opengovernance.properties,2,0,2,3,0,0,0,0,0,0,0,0,0,0
org.odpi.openmetadata.adapters.connectors.postgres.catalog,org.odpi.openmetadata.adapters.connectors.controls,2,0,0,0,0,0,0,0,0,6,0,0,0,0
org.odpi.openmetadata.adapters.connectors.postgres.catalog,org.odpi.openmetadata.frameworks.connectors.ffdc,2,0,0,1,0,8,0,0,1,0,0,0,0,0
org.odpi.openmetadata.adapters.connectors.postgres.catalog,org.odpi.openmetadata.frameworks.connectors.properties.beans,0,0,0,4,0,0,0,0,0,0,0,0,0,0
org.odpi.openmetadata.adapters.connectors.postgres.catalog,org.odpi.openmetadata.adapters.connectors,1,0,0,0,0,0,0,0,0,2,0,0,0,0
org.odpi.openmetadata.adapters.connectors.postgres.catalog,org.odpi.openmetadata.adapters.connectors.postgres.controls,6,2,0,7,0,0,0,0,0,33,0,0,0,0
org.odpi.openmetadata.adapters.connectors.postgres.catalog,org.odpi.openmetadata.adapters.connectors.postgres.ffdc,3,0,0,0,0,0,0,0,0,18,0,0,0,0
org.odpi.openmetadata.adapters.connectors.postgres.catalog,org.odpi.openmetadata.adapters.connectors.resource.jdbc,1,1,1,2,0,0,0,0,0,0,1,0,0,0
org.odpi.openmetadata.adapters.connectors.postgres.catalog,org.odpi.openmetadata.frameworks.openmetadata.properties.assets.processes.connectors,1,1,0,11,0,0,0,0,0,0,0,0,0,0
org.odpi.openmetadata.adapters.connectors.postgres.catalog,org.odpi.openmetadata.frameworks.openmetadata.properties,4,4,0,6,0,0,0,0,0,1,1,0,0,0
org.odpi.openmetadata.adapters.connectors.postgres.catalog,org.odpi.openmetadata.frameworks.openmetadata.ffdc,4,0,0,0,0,8,0,0,0,0,0,0,0,0
org.odpi.openmetadata.adapters.connectors.postgres.catalog,org.odpi.openmetadata.frameworks.openmetadata.connectorcontext,1,2,0,16,0,0,0,0,0,0,0,0,0,0
org.odpi.openmetadata.adapters.connectors.postgres.catalog,org.odpi.openmetadata.frameworks.openmetadata.enums,1,0,0,1,0,0,0,0,0,3,0,0,0,0
org.odpi.openmetadata.adapters.connectors.postgres.catalog,org.odpi.openmetadata.frameworks.openmetadata.metadataelements,1,0,1,8,0,0,0,0,0,0,0,0,0,0
org.odpi.openmetadata.adapters.connectors.postgres.catalog,org.odpi.openmetadata.frameworks.integration.properties,1,0,0,0,1,0,0,0,0,9,0,0,0,0
org.odpi.openmetadata.adapters.connectors.postgres.catalog,org.odpi.openmetadata.frameworks.integration.context,2,0,2,3,0,0,0,0,0,0,0,0,0,0
org.odpi.openmetadata.accessservices.assetmanager.fvt.common,org.odpi.openmetadata.frameworks.auditlog,1,0,3,0,0,0,0,0,0,0,0,0,0,0
org.odpi.openmetadata.accessservices.assetmanager.fvt.common,org.odpi.openmetadata.frameworks.openmetadata.properties,0,0,0,21,0,0,0,0,0,0,0,0,0,0
org.odpi.openmetadata.accessservices.assetmanager.fvt.common,org.odpi.openmetadata.frameworks.openmetadata.metadataelements,1,1,1,13,0,0,0,0,0,0,0,0,0,0
org.odpi.openmetadata.accessservices.assetmanager.fvt.common,org.odpi.openmetadata.frameworks.openmetadata.enums,1,0,2,0,0,0,0,0,0,0,0,0,0,0
org.odpi.openmetadata.accessservices.assetmanager.fvt.common,org.odpi.openmetadata.fvt.utilities.exceptions,1,0,0,40,0,9,0,0,40,0,0,0,0,0
org.odpi.openmetadata.accessservices.assetmanager.fvt.common,org.odpi.openmetadata.frameworks.openmetadata.properties.glossaries,2,2,1,5,0,0,0,0,1,0,0,0,0,0
org.odpi.openmetadata.adminservices.samples.configure,org.odpi.openmetadata.frameworks.openmetadata.ffdc,2,0,0,0,0,3,0,0,0,0,0,0,0,0
org.odpi.openmetadata.adminservices.samples.configure,org.odpi.openmetadata.frameworks.connectors.properties.beans,2,2,0,4,0,0,0,0,2,0,0,0,0,0
org.odpi.openmetadata.adminservices.samples.configure,org.odpi.openmetadata.http,1,0,0,1,0,0,0,0,0,1,0,0,0,0
org.odpi.openmetadata.adminservices.samples.configure,org.odpi.openmetadata.adminservices.rest,0,0,0,1,0,0,0,0,0,0,0,0,0,0
org.odpi.openmetadata.adminservices.samples.configure,org.odpi.openmetadata.adminservices.ffdc.exception,1,0,0,0,0,1,0,0,0,0,0,0,0,0
org.odpi.openmetadata.adminservices.samples.configure,org.odpi.openmetadata.adminservices.configuration.properties,0,0,0,1,0,0,0,0,0,0,0,0,0,0
org.odpi.openmetadata.adminservices.samples.configure,org.odpi.openmetadata.adminservices.client,1,1,0,21,0,0,0,0,1,1,0,0,0,0
org.odpi.openmetadata.adapters.repositoryservices.postgres.repositoryconnector.controls,org.odpi.openmetadata.frameworks.openmetadata.types,1,0,0,0,0,0,0,0,0,12,0,0,0,0
org.odpi.openmetadata.adapters.repositoryservices.postgres.repositoryconnector.controls,org.odpi.openmetadata.frameworks.openmetadata.specificationproperties,1,1,1,5,1,0,0,0,1,1,0,0,0,0
org.odpi.openmetadata.conformance.server,org.odpi.openmetadata.adminservices.ffdc.exception,1,0,0,3,0,1,0,0,3,0,0,0,0,0
org.odpi.openmetadata.conformance.server,org.odpi.openmetadata.adminservices.configuration.properties,2,1,2,4,1,0,0,0,0,1,0,0,0,0
org.odpi.openmetadata.conformance.server,org.odpi.openmetadata.repositoryservices.enterprise.connectormanager,1,0,1,2,0,0,0,0,0,0,0,0,0,0
org.odpi.openmetadata.conformance.server,org.odpi.openmetadata.frameworks.openmetadata.ffdc,3,0,4,12,0,4,0,0,3,0,0,0,0,0
org.odpi.openmetadata.conformance.server,org.odpi.openmetadata.frameworks.auditlog,2,1,2,0,1,0,0,0,0,1,0,0,0,0
org.odpi.openmetadata.conformance.server,org.odpi.openmetadata.conformance.rest,0,9,4,37,9,0,0,0,9,0,0,0,0,0
org.odpi.openmetadata.conformance.server,org.odpi.openmetadata.conformance.ffdc,2,0,0,0,0,0,0,0,0,12,0,0,0,0
org.odpi.openmetadata.conformance.server,org.odpi.openmetadata.conformance.beans,4,10,2,10,2,0,0,0,1,2,0,0,0,0
org.odpi.openmetadata.conformance.server,org.odpi.openmetadata.conformance.workbenches.platform,2,2,0,2,0,0,0,0,2,0,0,0,0,0
org.odpi.openmetadata.conformance.server,org.odpi.openmetadata.conformance.workbenches,2,1,3,1,0,0,0,0,0,3,0,0,0,0
org.odpi.openmetadata.conformance.server,org.odpi.openmetadata.conformance.workbenches.repository.listener,1,1,0,1,0,0,0,0,1,0,0,0,0,0
org.odpi.openmetadata.conformance.server,org.odpi.openmetadata.conformance.workbenches.repository.connectorconsumer,1,1,0,1,0,0,0,0,1,0,0,0,0,0
org.odpi.openmetadata.conformance.server,org.odpi.openmetadata.conformance.workbenches.repository,2,2,0,2,0,0,0,0,2,0,0,0,0,0
org.odpi.openmetadata.conformance.server,org.odpi.openmetadata.repositoryservices.connectors.omrstopic,1,0,1,1,0,0,0,0,0,0,0,0,0,0
org.odpi.openmetadata.viewservices.externallinks.server,org.odpi.openmetadata.frameworks.openmetadata.handlers,6,20,2,29,4,0,0,0,0,4,0,0,0,0
org.odpi.openmetadata.viewservices.externallinks.server,org.odpi.openmetadata.adminservices.configuration.registration,5,3,0,8,0,0,0,0,1,8,0,0,0,0
org.odpi.openmetadata.viewservices.externallinks.server,org.odpi.openmetadata.frameworks.openmetadata.properties.externalidentifiers,2,0,0,0,0,0,0,0,0,2,3,0,0,0
org.odpi.openmetadata.viewservices.externallinks.server,org.odpi.openmetadata.frameworks.openmetadata.properties.externalreferences,4,0,0,0,0,0,0,0,0,5,5,0,0,0
org.odpi.openmetadata.viewservices.externallinks.server,org.odpi.openmetadata.commonservices.multitenant,3,3,0,52,0,0,0,2,3,3,0,0,0,0
org.odpi.openmetadata.viewservices.externallinks.server,org.odpi.openmetadata.frameworks.openmetadata.search,1,1,0,6,0,0,0,0,1,0,0,0,0,0
org.odpi.openmetadata.viewservices.externallinks.server,org.odpi.openmetadata.adminservices.registration,1,0,0,1,0,0,0,0,0,1,0,0,0,0
org.odpi.openmetadata.viewservices.externallinks.server,org.odpi.openmetadata.frameworks.openmetadata.types,1,0,0,0,0,0,0,0,0,2,0,0,0,0
org.odpi.openmetadata.viewservices.externallinks.server,org.odpi.openmetadata.frameworks.openmetadata.client,2,0,0,0,2,0,0,0,0,0,0,0,0,0
org.odpi.openmetadata.viewservices.externallinks.server,org.odpi.openmetadata.frameworks.openmetadata.ffdc,8,0,0,0,0,15,0,0,0,0,0,0,0,0
org.odpi.openmetadata.viewservices.externallinks.server,org.odpi.openmetadata.viewservices.externallinks.admin,1,0,0,0,0,0,0,0,0,1,0,0,0,0
org.odpi.openmetadata.viewservices.externallinks.server,org.odpi.openmetadata.frameworks.auditlog,2,20,1,0,0,0,0,0,0,20,0,0,0,0
org.odpi.openmetadata.viewservices.externallinks.server,org.odpi.openmetadata.adminservices.configuration.properties,1,0,0,0,0,0,0,0,0,0,0,0,0,0
org.odpi.openmetadata.viewservices.externallinks.server,org.odpi.openmetadata.tokencontroller,1,0,0,20,0,0,0,1,0,20,0,0,0,0
org.odpi.openmetadata.viewservices.externallinks.server,org.odpi.openmetadata.commonservices.ffdc.rest,0,20,20,58,20,0,0,0,20,0,0,0,0,0
org.odpi.openmetadata.viewservices.externallinks.server,org.odpi.openmetadata.commonservices.ffdc,3,22,0,108,0,0,0,0,2,0,0,0,0,0
org.odpi.openmetadata.viewservices.externallinks.server,org.odpi.openmetadata.frameworkservices.omf.client,1,0,1,0,0,0,0,0,0,2,0,0,0,0
org.odpi.openmetadata.contentpacks.core.digitalproducts,org.odpi.openmetadata.repositoryservices.connectors.stores.archivestore.properties,1,0,0,1,0,0,0,0,1,0,0,0,0,0
org.odpi.openmetadata.contentpacks.core.digitalproducts,org.odpi.openmetadata.contentpacks.core.core,1,0,0,1,0,0,0,0,1,0,0,0,0,0
org.odpi.openmetadata.contentpacks.core.digitalproducts,org.odpi.openmetadata.contentpacks.core.base,1,0,0,11,0,0,0,1,0,5,0,0,0,0
org.odpi.openmetadata.contentpacks.core.digitalproducts,org.odpi.openmetadata.samples.archiveutilities,0,0,0,3,0,0,0,0,0,2,0,0,0,0
org.odpi.openmetadata.contentpacks.core.digitalproducts,org.odpi.openmetadata.contentpacks.core,2,0,0,0,0,0,0,0,0,30,0,0,0,0
org.odpi.openmetadata.frameworks.openmetadata.properties.glossaries,org.odpi.openmetadata.frameworks.openmetadata.types,16,0,0,0,0,0,0,0,0,32,0,0,0,0
org.odpi.openmetadata.frameworks.openmetadata.properties.glossaries,org.odpi.openmetadata.frameworks.openmetadata.properties,9,0,0,33,0,0,0,7,0,37,0,0,0,0
org.odpi.openmetadata.frameworks.openmetadata.properties.glossaries,org.odpi.openmetadata.frameworks.openmetadata.enums,2,2,2,0,2,0,0,0,0,2,0,0,0,0
org.odpi.openmetadata.frameworks.openmetadata.properties.glossaries,org.odpi.openmetadata.frameworks.openmetadata.properties.collections,3,0,0,11,0,0,0,3,0,12,0,0,0,0
org.odpi.openmetadata.adapters.connectors.apacheatlas.resource,org.odpi.openmetadata.frameworks.connectors.controls,1,0,0,1,0,0,0,0,0,1,0,0,0,0
org.odpi.openmetadata.adapters.connectors.apacheatlas.resource,org.odpi.openmetadata.frameworks.connectors,2,0,0,2,0,0,0,2,0,9,0,0,0,0
org.odpi.openmetadata.adapters.connectors.apacheatlas.resource,org.odpi.openmetadata.frameworks.openmetadata.definitions,1,0,0,1,0,0,0,0,1,0,0,0,0,0
org.odpi.openmetadata.adapters.connectors.apacheatlas.resource,org.odpi.openmetadata.adapters.connectors,1,0,0,0,0,0,0,0,0,2,0,0,0,0
org.odpi.openmetadata.adapters.connectors.apacheatlas.resource,org.odpi.openmetadata.adapters.connectors.controls,1,0,0,0,0,0,0,0,0,2,0,0,0,0
org.odpi.openmetadata.adapters.connectors.apacheatlas.resource,org.odpi.openmetadata.adapters.connectors.apacheatlas.controls,2,0,0,1,0,0,0,0,0,5,0,0,0,0
org.odpi.openmetadata.adapters.connectors.apacheatlas.resource,org.odpi.openmetadata.adapters.connectors.apacheatlas.resource.properties,0,47,36,182,34,0,0,0,19,68,0,0,0,0
org.odpi.openmetadata.adapters.connectors.apacheatlas.resource,org.odpi.openmetadata.adapters.connectors.apacheatlas.resource.ffdc,3,0,0,2,0,2,0,0,2,18,0,0,0,0
org.odpi.openmetadata.adapters.connectors.apacheatlas.resource,org.odpi.openmetadata.adapters.connectors.restclients,1,1,0,16,0,0,0,0,0,1,0,0,0,0
org.odpi.openmetadata.adapters.connectors.apacheatlas.resource,org.odpi.openmetadata.adapters.connectors.restclients.spring,1,5,0,0,0,0,0,0,0,0,5,0,0,0
org.odpi.openmetadata.adapters.connectors.apacheatlas.resource,org.odpi.openmetadata.adapters.connectors.restclients.factory,1,1,0,2,0,0,0,0,1,0,0,0,0,0
org.odpi.openmetadata.adapters.connectors.apacheatlas.resource,org.odpi.openmetadata.frameworks.auditlog,3,1,1,5,1,0,1,0,0,1,0,0,0,0
org.odpi.openmetadata.adapters.connectors.apacheatlas.resource,org.odpi.openmetadata.frameworks.openmetadata.metadataelements,0,0,0,2,0,0,0,0,0,0,0,0,0,0
org.odpi.openmetadata.adapters.connectors.apacheatlas.resource,org.odpi.openmetadata.frameworks.openmetadata.properties,0,4,11,55,0,0,0,0,0,2,4,0,0,0
org.odpi.openmetadata.adapters.connectors.apacheatlas.resource,org.odpi.openmetadata.frameworks.openmetadata.ffdc,2,0,0,2,0,72,0,0,2,0,0,0,0,0
org.odpi.openmetadata.adapters.connectors.apacheatlas.resource,org.odpi.openmetadata.frameworks.connectors.ffdc,1,0,0,3,0,1,0,0,3,0,0,0,0,0
org.odpi.openmetadata.adapters.connectors.apacheatlas.resource,org.odpi.openmetadata.frameworks.connectors.properties.beans,1,1,0,7,0,0,0,0,0,0,0,0,0,0
org.odpi.openmetadata.adapters.connectors.apacheatlas.resource,org.odpi.openmetadata.frameworks.openmetadata.search,2,3,1,9,0,0,0,0,0,0,0,0,0,0
org.odpi.openmetadata.frameworks.openmetadata.properties.templates,org.odpi.openmetadata.frameworks.openmetadata.properties,3,0,0,11,0,0,0,3,0,11,0,0,0,0
org.odpi.openmetadata.frameworks.openmetadata.properties.templates,org.odpi.openmetadata.frameworks.openmetadata.types,3,0,0,0,0,0,0,0,0,6,0,0,0,0
org.odpi.openmetadata.governanceservers.enginehostservices.admin,org.odpi.openmetadata.frameworkservices.gaf.client,3,3,3,13,0,0,0,0,0,3,0,0,0,0
org.odpi.openmetadata.governanceservers.enginehostservices.admin,org.odpi.openmetadata.governanceservers.enginehostservices.properties,2,1,0,10,1,0,0,0,1,6,0,0,0,0
org.odpi.openmetadata.governanceservers.enginehostservices.admin,org.odpi.openmetadata.governanceservers.enginehostservices.ffdc,5,0,0,0,0,0,0,0,0,34,0,0,0,0
org.odpi.openmetadata.governanceservers.enginehostservices.admin,org.odpi.openmetadata.frameworks.openmetadata.properties.softwarecapabilities,2,2,1,0,0,0,0,0,0,2,0,0,0,0
org.odpi.openmetadata.governanceservers.enginehostservices.admin,org.odpi.openmetadata.governanceservers.enginehostservices.registration,1,0,2,3,0,0,0,0,0,0,0,0,0,0
org.odpi.openmetadata.governanceservers.enginehostservices.admin,org.odpi.openmetadata.frameworks.openmetadata.properties,1,1,0,5,0,0,0,0,0,0,0,0,0,0
org.odpi.openmetadata.governanceservers.enginehostservices.admin,org.odpi.openmetadata.frameworks.openmetadata.enums,3,1,0,0,1,0,0,0,0,11,0,0,0,0
org.odpi.openmetadata.governanceservers.enginehostservices.admin,org.odpi.openmetadata.frameworks.openmetadata.ffdc,10,0,0,8,0,32,0,0,8,0,0,0,0,0
org.odpi.openmetadata.governanceservers.enginehostservices.admin,org.odpi.openmetadata.frameworks.connectors.ffdc,3,0,0,0,0,2,0,0,0,0,0,0,0,0
org.odpi.openmetadata.governanceservers.enginehostservices.admin,org.odpi.openmetadata.frameworks.auditlog.requestid,1,1,0,3,0,0,0,0,1,0,0,0,0,0
org.odpi.openmetadata.governanceservers.enginehostservices.admin,org.odpi.openmetadata.frameworks.connectors,3,4,1,3,1,0,0,0,1,2,0,0,0,0
org.odpi.openmetadata.governanceservers.enginehostservices.admin,org.odpi.openmetadata.frameworks.auditlog,4,4,4,11,0,0,0,0,0,3,0,0,0,0
org.odpi.openmetadata.governanceservers.enginehostservices.admin,org.odpi.openmetadata.frameworks.opengovernance.properties,1,7,7,55,1,0,0,0,0,4,0,0,0,0
org.odpi.openmetadata.governanceservers.enginehostservices.admin,org.odpi.openmetadata.frameworks.openmetadata.refdata,1,0,1,1,0,0,0,0,0,0,0,0,0,0
org.odpi.openmetadata.governanceservers.enginehostservices.admin,org.odpi.openmetadata.frameworks.openmetadata.metadataelements,0,0,0,13,0,0,0,0,0,0,0,0,0,0
org.odpi.openmetadata.governanceservers.enginehostservices.admin,org.odpi.openmetadata.frameworks.openmetadata.properties.assets.processes.connectors,1,1,0,7,0,0,0,0,1,0,0,0,0,0
org.odpi.openmetadata.governanceservers.enginehostservices.admin,org.odpi.openmetadata.adminservices.ffdc.exception,1,0,0,0,0,1,0,0,0,0,0,0,0,0
org.odpi.openmetadata.governanceservers.enginehostservices.admin,org.odpi.openmetadata.adminservices.configuration.properties,1,1,1,2,0,0,0,0,0,1,0,0,0,0
org.odpi.openmetadata.governanceservers.enginehostservices.admin,org.odpi.openmetadata.commonservices.ffdc,1,1,0,4,0,0,0,0,1,0,0,0,0,0
org.odpi.openmetadata.governanceservers.enginehostservices.admin,org.odpi.openmetadata.frameworks.connectors.properties.beans,1,1,0,0,0,0,0,0,0,1,0,0,0,0
org.odpi.openmetadata.frameworks.openmetadata.properties,org.odpi.openmetadata.frameworks.openmetadata.metadataelements,8,3,3,40,3,0,0,5,2,17,0,0,0,0
org.odpi.openmetadata.frameworks.openmetadata.properties,org.odpi.openmetadata.frameworks.openmetadata.properties.templates,3,0,0,0,0,0,0,0,0,3,0,0,0,0
org.odpi.openmetadata.frameworks.openmetadata.properties,org.odpi.openmetadata.frameworks.openmetadata.properties.schema,6,0,0,0,0,0,0,0,0,15,0,0,0,0
org.odpi.openmetadata.frameworks.openmetadata.properties,org.odpi.openmetadata.frameworks.openmetadata.properties.security,9,0,0,0,0,0,0,0,0,9,0,0,0,0
org.odpi.openmetadata.frameworks.openmetadata.properties,org.odpi.openmetadata.frameworks.openmetadata.properties.assets.apis,4,0,0,0,0,0,0,0,0,4,0,0,0,0
org.odpi.openmetadata.frameworks.openmetadata.properties,org.odpi.openmetadata.frameworks.openmetadata.properties.assets,7,0,0,0,0,0,0,0,0,6,0,0,0,0
org.odpi.openmetadata.frameworks.openmetadata.properties,org.odpi.openmetadata.frameworks.openmetadata.properties.assets.processes,5,0,0,0,0,0,0,0,0,4,0,0,0,0
org.odpi.openmetadata.frameworks.openmetadata.properties,org.odpi.openmetadata.frameworks.openmetadata.properties.assets.processes.actions,4,0,0,0,0,0,0,0,0,3,0,0,0,0
org.odpi.openmetadata.frameworks.openmetadata.properties,org.odpi.openmetadata.frameworks.openmetadata.properties.assets.infrastructure,2,0,0,0,0,0,0,0,0,2,0,0,0,0
org.odpi.openmetadata.frameworks.openmetadata.properties,org.odpi.openmetadata.frameworks.openmetadata.properties.assets.filesandfolders,5,0,0,0,0,0,0,0,0,5,0,0,0,0
org.odpi.openmetadata.frameworks.openmetadata.properties,org.odpi.openmetadata.frameworks.openmetadata.types,11,0,0,0,0,0,0,0,0,24,0,0,0,0
org.odpi.openmetadata.frameworks.openmetadata.properties,org.odpi.openmetadata.frameworks.openmetadata.properties.locations,8,0,0,0,0,0,0,0,0,8,0,0,0,0
org.odpi.openmetadata.frameworks.openmetadata.properties,org.odpi.openmetadata.frameworks.openmetadata.properties.operatingplatforms,4,0,0,0,0,0,0,0,0,4,0,0,0,0
org.odpi.openmetadata.frameworks.openmetadata.properties,org.odpi.openmetadata.frameworks.openmetadata.properties.projects,4,0,0,0,0,0,0,0,0,10,0,0,0,0
org.odpi.openmetadata.frameworks.openmetadata.properties,org.odpi.openmetadata.frameworks.openmetadata.properties.governance,1,0,0,0,0,0,0,0,0,23,0,0,0,0
org.odpi.openmetadata.frameworks.openmetadata.properties,org.odpi.openmetadata.frameworks.openmetadata.properties.glossaries,2,0,0,0,0,0,0,0,0,7,0,0,0,0
org.odpi.openmetadata.frameworks.openmetadata.properties,org.odpi.openmetadata.frameworks.openmetadata.properties.digitalbusiness,7,0,0,0,0,0,0,0,0,7,0,0,0,0
org.odpi.openmetadata.frameworks.openmetadata.properties,org.odpi.openmetadata.frameworks.openmetadata.properties.feedback,6,0,0,0,0,0,0,0,0,14,0,0,0,0
org.odpi.openmetadata.frameworks.openmetadata.properties,org.odpi.openmetadata.frameworks.openmetadata.properties.externalreferences,5,0,0,0,0,0,0,0,0,4,0,0,0,0
org.odpi.openmetadata.frameworks.openmetadata.properties,org.odpi.openmetadata.frameworks.openmetadata.properties.externalidentifiers,2,0,0,0,0,0,0,0,0,2,0,0,0,0
org.odpi.openmetadata.frameworks.openmetadata.properties,org.odpi.openmetadata.frameworks.openmetadata.properties.designmodels,7,0,0,0,0,0,0,0,0,7,0,0,0,0
org.odpi.openmetadata.frameworks.openmetadata.properties,org.odpi.openmetadata.frameworks.openmetadata.properties.softwarecapabilities,5,0,0,0,0,0,0,0,0,5,0,0,0,0
org.odpi.openmetadata.frameworks.openmetadata.properties,org.odpi.openmetadata.frameworks.openmetadata.properties.datadictionaries,3,0,0,0,0,0,0,0,0,16,0,0,0,0
org.odpi.openmetadata.frameworks.openmetadata.properties,org.odpi.openmetadata.frameworks.openmetadata.properties.assets.referencedata,1,0,0,0,0,0,0,0,0,1,0,0,0,0
org.odpi.openmetadata.frameworks.openmetadata.properties,org.odpi.openmetadata.frameworks.openmetadata.properties.collections,2,0,0,0,0,0,0,0,0,4,0,0,0,0
org.odpi.openmetadata.frameworks.openmetadata.properties,org.odpi.openmetadata.frameworks.openmetadata.properties.assets.reports,4,0,0,0,0,0,0,0,0,5,0,0,0,0
org.odpi.openmetadata.frameworks.openmetadata.properties,org.odpi.openmetadata.frameworks.openmetadata.properties.assets.processes.connectors,3,0,0,0,0,0,0,0,0,3,0,0,0,0
org.odpi.openmetadata.frameworks.openmetadata.properties,org.odpi.openmetadata.frameworks.openmetadata.properties.propertyfacets,2,0,0,0,0,0,0,0,0,2,0,0,0,0
org.odpi.openmetadata.frameworks.openmetadata.properties,org.odpi.openmetadata.frameworks.openmetadata.properties.connections,3,0,0,0,0,0,0,0,0,8,0,0,0,0
org.odpi.openmetadata.frameworks.openmetadata.properties,org.odpi.openmetadata.frameworks.openmetadata.properties.communities,2,0,0,0,0,0,0,0,0,2,0,0,0,0
org.odpi.openmetadata.frameworks.openmetadata.properties,org.odpi.openmetadata.frameworks.openmetadata.properties.contextevents,1,0,0,0,0,0,0,0,0,6,0,0,0,0
org.odpi.openmetadata.frameworks.openmetadata.properties,org.odpi.openmetadata.frameworks.openmetadata.search,13,7,10,2,6,0,0,0,1,14,0,0,0,0
org.odpi.openmetadata.frameworks.openmetadata.properties,org.odpi.openmetadata.frameworks.openmetadata.properties.actors,3,0,0,0,0,0,0,0,0,13,0,0,0,0
org.odpi.openmetadata.frameworks.openmetadata.properties,org.odpi.openmetadata.frameworks.openmetadata.refdata,1,0,0,0,0,0,0,0,0,2,0,0,0,0
org.odpi.openmetadata.frameworks.openmetadata.properties,org.odpi.openmetadata.frameworks.openmetadata.properties.surveyreports,5,0,0,0,0,0,0,0,0,7,0,0,0,0
org.odpi.openmetadata.frameworks.openmetadata.properties,org.odpi.openmetadata.frameworks.openmetadata.properties.validvalues,1,0,0,0,0,0,0,0,0,9,0,0,0,0
org.odpi.openmetadata.frameworks.openmetadata.properties,org.odpi.openmetadata.frameworks.openmetadata.enums,3,2,2,0,2,0,0,0,0,4,0,0,0,0
org.odpi.openmetadata.frameworks.openmetadata.properties,org.odpi.openmetadata.frameworks.openmetadata.properties.dataprocessing,2,0,0,0,0,0,0,0,0,2,0,0,0,0
org.odpi.openmetadata.frameworks.openmetadata.properties,org.odpi.openmetadata.frameworks.openmetadata.properties.solutions,6,0,0,0,0,0,0,0,0,6,0,0,0,0
org.odpi.openmetadata.frameworks.openmetadata.properties,org.odpi.openmetadata.frameworks.openmetadata.properties.translations,2,0,0,0,0,0,0,0,0,2,0,0,0,0
org.odpi.openmetadata.frameworks.openmetadata.properties,org.odpi.openmetadata.frameworks.openmetadata.properties.lineage,1,0,0,0,0,0,0,0,0,1,0,0,0,0
org.odpi.openmetadata.frameworks.openmetadata.properties,org.odpi.openmetadata.frameworks.openmetadata.properties.resources,2,0,0,0,0,0,0,0,0,2,0,0,0,0
org.odpi.openmetadata.frameworks.openmetadata.properties,org.odpi.openmetadata.frameworks.openmetadata.properties.informationsupplychains,1,0,0,0,0,0,0,0,0,1,0,0,0,0
org.odpi.openmetadata.frameworks.openmetadata.properties,org.odpi.openmetadata.frameworks.openmetadata.properties.implementations,2,0,0,0,0,0,0,0,0,2,0,0,0,0
org.odpi.openmetadata.frameworks.openmetadata.properties,org.odpi.openmetadata.frameworks.openmetadata.properties.schema.apis,4,0,0,0,0,0,0,0,0,4,0,0,0,0
org.odpi.openmetadata.frameworks.openmetadata.properties,org.odpi.openmetadata.frameworks.openmetadata.properties.governance.governanceactions,4,0,0,0,0,0,0,0,0,4,0,0,0,0
org.odpi.openmetadata.frameworks.openmetadata.properties.projects,org.odpi.openmetadata.frameworks.openmetadata.properties.actors,1,0,0,4,0,0,0,1,0,3,0,0,0,0
org.odpi.openmetadata.frameworks.openmetadata.properties.projects,org.odpi.openmetadata.frameworks.openmetadata.properties,11,0,0,39,0,0,0,11,0,41,0,0,0,0
org.odpi.openmetadata.frameworks.openmetadata.properties.projects,org.odpi.openmetadata.frameworks.openmetadata.types,12,0,0,0,0,0,0,0,0,26,0,0,0,0
org.odpi.openmetadata.frameworks.openmetadata.properties.projects,org.odpi.openmetadata.frameworks.openmetadata.properties.collections,1,0,0,0,0,0,0,0,0,0,0,0,0,0
org.odpi.openmetadata.repositoryservices.connectors.stores.metadatacollectionstore.repositoryeventmapper,org.odpi.openmetadata.repositoryservices.connectors.stores.metadatacollectionstore.repositoryconnector,6,3,6,0,0,0,0,0,0,3,0,0,0,0
org.odpi.openmetadata.repositoryservices.connectors.stores.metadatacollectionstore.repositoryeventmapper,org.odpi.openmetadata.frameworks.connectors.ffdc,1,0,0,0,0,2,0,0,0,0,0,0,0,0
org.odpi.openmetadata.repositoryservices.connectors.stores.metadatacollectionstore.repositoryeventmapper,org.odpi.openmetadata.frameworks.connectors.properties.beans,0,0,0,2,0,0,0,0,0,0,0,0,0,0
org.odpi.openmetadata.repositoryservices.connectors.stores.metadatacollectionstore.repositoryeventmapper,org.odpi.openmetadata.frameworks.auditlog,3,1,1,5,1,0,1,0,0,1,0,0,0,0
org.odpi.openmetadata.repositoryservices.connectors.stores.metadatacollectionstore.repositoryeventmapper,org.odpi.openmetadata.frameworks.connectors,3,0,2,8,0,0,0,2,0,3,0,0,0,0
org.odpi.openmetadata.repositoryservices.connectors.stores.metadatacollectionstore.repositoryeventmapper,org.odpi.openmetadata.frameworks.openmetadata.ffdc,1,0,0,0,0,1,0,0,0,0,0,0,0,0
org.odpi.openmetadata.repositoryservices.connectors.stores.metadatacollectionstore.repositoryeventmapper,org.odpi.openmetadata.repositoryservices.connectors.stores.metadatacollectionstore.properties.instances,2,0,3,0,0,0,0,0,0,0,0,0,0,0
org.odpi.openmetadata.repositoryservices.connectors.stores.metadatacollectionstore.repositoryeventmapper,org.odpi.openmetadata.repositoryservices.events,2,0,0,0,0,0,2,0,0,0,0,0,0,0
org.odpi.openmetadata.repositoryservices.connectors.stores.metadatacollectionstore.repositoryeventmapper,org.odpi.openmetadata.repositoryservices.connectors.openmetadatatopic,1,2,1,2,0,0,0,0,0,1,0,0,0,0
org.odpi.openmetadata.repositoryservices.connectors.stores.metadatacollectionstore.repositoryeventmapper,org.odpi.openmetadata.repositoryservices.ffdc,1,0,0,0,0,0,0,0,0,4,0,0,0,0
org.odpi.openmetadata.repositoryservices.connectors.stores.metadatacollectionstore.repositoryeventmapper,org.odpi.openmetadata.repositoryservices.auditlog,1,0,0,0,0,0,0,0,0,2,0,0,0,0
org.odpi.openmetadata.frameworkservices.omf.handlers,org.odpi.openmetadata.repositoryservices.connectors.stores.metadatacollectionstore.repositoryconnector,2,0,4,4,0,0,0,0,0,0,0,0,0,0
org.odpi.openmetadata.frameworkservices.omf.handlers,org.odpi.openmetadata.repositoryservices.connectors.stores.metadatacollectionstore.properties.instances,2,25,13,47,8,0,0,0,5,47,0,0,0,0
org.odpi.openmetadata.frameworkservices.omf.handlers,org.odpi.openmetadata.frameworks.openmetadata.types,3,0,0,0,0,0,0,0,0,72,0,0,0,0
org.odpi.openmetadata.frameworkservices.omf.handlers,org.odpi.openmetadata.metadatasecurity.server,1,0,1,0,0,0,0,0,0,0,0,0,0,0
org.odpi.openmetadata.frameworkservices.omf.handlers,org.odpi.openmetadata.commonservices.repositoryhandler,1,0,1,7,0,0,0,0,0,0,0,0,0,0
org.odpi.openmetadata.frameworkservices.omf.handlers,org.odpi.openmetadata.commonservices.generichandlers,1,1,1,53,0,0,0,2,1,183,0,0,0,0
org.odpi.openmetadata.frameworkservices.omf.handlers,org.odpi.openmetadata.commonservices.ffdc,1,0,1,78,0,0,0,0,0,0,0,0,0,0
org.odpi.openmetadata.frameworkservices.omf.handlers,org.odpi.openmetadata.frameworks.auditlog,1,0,1,0,0,0,0,0,0,0,0,0,0,0
org.odpi.openmetadata.frameworkservices.omf.handlers,org.odpi.openmetadata.frameworks.openmetadata.ffdc,5,0,0,3,0,92,0,0,3,0,0,0,0,0
org.odpi.openmetadata.frameworkservices.omf.handlers,org.odpi.openmetadata.frameworks.openmetadata.properties,0,0,7,0,0,0,0,0,0,12,0,0,0,0
org.odpi.openmetadata.frameworkservices.omf.handlers,org.odpi.openmetadata.frameworkservices.omf.converters,2,2,0,7,0,0,0,0,2,2,0,0,0,0
org.odpi.openmetadata.frameworkservices.omf.handlers,org.odpi.openmetadata.frameworks.openmetadata.search,2,7,35,35,0,0,0,0,1,7,5,0,0,0
org.odpi.openmetadata.frameworkservices.omf.handlers,org.odpi.openmetadata.repositoryservices.connectors.stores.metadatacollectionstore.properties,0,0,0,5,2,0,0,0,0,0,0,0,0,0
org.odpi.openmetadata.frameworkservices.omf.handlers,org.odpi.openmetadata.repositoryservices.connectors.stores.metadatacollectionstore.properties.typedefs,0,3,6,16,1,0,0,0,0,27,2,0,0,0
org.odpi.openmetadata.frameworkservices.omf.handlers,org.odpi.openmetadata.repositoryservices.connectors.stores.metadatacollectionstore.properties.search,0,4,2,14,4,0,0,0,4,2,0,0,0,0
org.odpi.openmetadata.frameworkservices.omf.handlers,org.odpi.openmetadata.repositoryservices.connectors.stores.metadatacollectionstore.utilities,0,0,0,3,0,0,0,0,0,0,0,0,0,0
org.odpi.openmetadata.frameworkservices.omf.handlers,org.odpi.openmetadata.repositoryservices.ffdc.exception,1,0,0,0,0,0,0,0,0,0,0,0,0,0
org.odpi.openmetadata.archiveutilities.bigglossaries.catalogcontent,org.odpi.openmetadata.repositoryservices.archiveutilities,1,1,0,2,0,0,0,0,1,1,0,0,0,0
org.odpi.openmetadata.archiveutilities.bigglossaries.catalogcontent,org.odpi.openmetadata.samples.archiveutilities,1,1,0,4,0,0,0,0,1,1,0,0,0,0
org.odpi.openmetadata.archiveutilities.bigglossaries.catalogcontent,org.odpi.openmetadata.opentypes,1,0,0,2,0,0,0,0,1,0,0,0,0,0
org.odpi.openmetadata.archiveutilities.bigglossaries.catalogcontent,org.odpi.openmetadata.repositoryservices.connectors.stores.metadatacollectionstore.properties.instances,1,0,0,0,0,0,0,0,0,2,0,0,0,0
org.odpi.openmetadata.archiveutilities.bigglossaries.catalogcontent,org.odpi.openmetadata.repositoryservices.connectors.stores.archivestore.properties,2,1,1,0,1,0,0,0,0,3,0,0,0,0
org.odpi.openmetadata.adapters.connectors.unitycatalog.ffdc,org.odpi.openmetadata.frameworks.auditlog,1,1,1,0,0,0,0,0,0,49,0,0,0,0
org.odpi.openmetadata.adapters.connectors.unitycatalog.ffdc,org.odpi.openmetadata.frameworks.auditlog.messagesets,4,2,0,6,4,0,0,0,4,0,0,0,0,0
org.odpi.openmetadata.frameworkservices.gaf.ffdc,org.odpi.openmetadata.frameworks.auditlog.messagesets,4,2,0,6,4,0,0,0,4,0,0,0,0,0
org.odpi.openmetadata.frameworkservices.gaf.ffdc,org.odpi.openmetadata.frameworks.auditlog,1,1,1,0,0,0,0,0,0,25,0,0,0,0
org.odpi.openmetadata.viewservices.privacyofficer.server,org.odpi.openmetadata.adminservices.configuration.registration,5,3,0,3,0,0,0,0,1,8,0,0,0,0
org.odpi.openmetadata.viewservices.privacyofficer.server,org.odpi.openmetadata.frameworks.openmetadata.handlers,2,1,0,1,2,0,0,0,1,1,0,0,0,0
org.odpi.openmetadata.viewservices.privacyofficer.server,org.odpi.openmetadata.frameworks.openmetadata.ffdc,4,0,0,0,0,4,0,0,0,0,0,0,0,0
org.odpi.openmetadata.viewservices.privacyofficer.server,org.odpi.openmetadata.frameworks.openmetadata.client,1,1,0,0,0,0,0,0,0,0,0,0,0,0
org.odpi.openmetadata.viewservices.privacyofficer.server,org.odpi.openmetadata.commonservices.multitenant,2,0,0,4,0,0,0,2,0,0,0,0,0,0
org.odpi.openmetadata.viewservices.privacyofficer.server,org.odpi.openmetadata.frameworks.auditlog,1,0,1,0,0,0,0,0,0,0,0,0,0,0
org.odpi.openmetadata.viewservices.privacyofficer.server,org.odpi.openmetadata.viewservices.privacyofficer.admin,1,0,0,0,0,0,0,0,0,1,0,0,0,0
org.odpi.openmetadata.viewservices.privacyofficer.server,org.odpi.openmetadata.adminservices.registration,1,0,0,1,0,0,0,0,0,1,0,0,0,0
org.odpi.openmetadata.viewservices.privacyofficer.server,org.odpi.openmetadata.frameworkservices.omf.client,1,0,0,1,0,0,0,0,1,0,0,0,0,0
org.odpi.openmetadata.viewservices.privacyofficer.server,org.odpi.openmetadata.tokencontroller,1,0,0,0,0,0,0,1,0,0,0,0,0,0
org.odpi.openmetadata.viewservices.privacyofficer.server,org.odpi.openmetadata.commonservices.ffdc,2,2,0,2,0,0,0,0,2,0,0,0,0,0
org.odpi.openmetadata.viewservices.governanceofficer.server,org.odpi.openmetadata.adminservices.configuration.properties,1,0,0,0,0,0,0,0,0,0,0,0,0,0
org.odpi.openmetadata.viewservices.governanceofficer.server,org.odpi.openmetadata.adminservices.configuration.registration,5,3,0,8,0,0,0,0,1,8,0,0,0,0
org.odpi.openmetadata.viewservices.governanceofficer.server,org.odpi.openmetadata.frameworks.openmetadata.properties.governance,0,0,0,0,0,0,0,0,0,8,10,0,0,0
org.odpi.openmetadata.viewservices.governanceofficer.server,org.odpi.openmetadata.commonservices.multitenant,3,3,0,64,0,0,0,2,3,3,0,0,0,0
org.odpi.openmetadata.viewservices.governanceofficer.server,org.odpi.openmetadata.frameworks.auditlog,2,26,1,0,0,0,0,0,0,26,0,0,0,0
org.odpi.openmetadata.viewservices.governanceofficer.server,org.odpi.openmetadata.frameworks.openmetadata.client,3,1,0,1,2,0,0,0,0,0,0,0,0,0
org.odpi.openmetadata.viewservices.governanceofficer.server,org.odpi.openmetadata.frameworkservices.gaf.rest,0,1,0,4,1,0,0,0,1,0,0,0,0,0
org.odpi.openmetadata.viewservices.governanceofficer.server,org.odpi.openmetadata.frameworks.opengovernance.client,2,1,0,1,1,0,0,0,0,0,0,0,0,0
org.odpi.openmetadata.viewservices.governanceofficer.server,org.odpi.openmetadata.adminservices.registration,1,0,0,1,0,0,0,0,0,1,0,0,0,0
org.odpi.openmetadata.viewservices.governanceofficer.server,org.odpi.openmetadata.frameworks.openmetadata.properties.implementations,2,0,0,0,0,0,0,0,0,2,2,0,0,0
org.odpi.openmetadata.viewservices.governanceofficer.server,org.odpi.openmetadata.frameworks.openmetadata.ffdc,5,0,0,0,0,15,0,0,0,0,0,0,0,0
org.odpi.openmetadata.viewservices.governanceofficer.server,org.odpi.openmetadata.frameworks.openmetadata.handlers,3,25,1,38,2,0,0,0,0,2,0,0,0,0
org.odpi.openmetadata.viewservices.governanceofficer.server,org.odpi.openmetadata.viewservices.governanceofficer.admin,1,0,0,0,0,0,0,0,0,1,0,0,0,0
org.odpi.openmetadata.viewservices.governanceofficer.server,org.odpi.openmetadata.tokencontroller,1,0,0,26,0,0,0,1,0,26,0,0,0,0
org.odpi.openmetadata.viewservices.governanceofficer.server,org.odpi.openmetadata.frameworkservices.omf.client,1,0,1,0,0,0,0,0,0,2,0,0,0,0
org.odpi.openmetadata.viewservices.governanceofficer.server,org.odpi.openmetadata.frameworks.openmetadata.metadataelements,0,0,0,1,0,0,0,0,0,0,0,0,0,0
org.odpi.openmetadata.viewservices.governanceofficer.server,org.odpi.openmetadata.frameworks.openmetadata.mermaid,1,1,0,1,0,0,0,0,1,0,0,0,0,0
org.odpi.openmetadata.viewservices.governanceofficer.server,org.odpi.openmetadata.frameworks.openmetadata.properties,0,0,0,3,0,0,0,0,0,0,0,0,0,0
org.odpi.openmetadata.viewservices.governanceofficer.server,org.odpi.openmetadata.frameworks.opengovernance.properties,1,1,0,9,0,0,0,0,0,0,0,0,0,0
org.odpi.openmetadata.viewservices.governanceofficer.server,org.odpi.openmetadata.frameworkservices.gaf.client,1,0,1,0,1,0,0,0,0,2,0,0,0,0
org.odpi.openmetadata.viewservices.governanceofficer.server,org.odpi.openmetadata.commonservices.ffdc,3,28,0,124,0,0,0,0,2,0,0,0,0,0
org.odpi.openmetadata.viewservices.governanceofficer.server,org.odpi.openmetadata.commonservices.ffdc.rest,0,25,26,61,25,0,0,0,25,0,0,0,0,0
org.odpi.openmetadata.frameworks.opensurvey,org.odpi.openmetadata.frameworks.openmetadata.specificationproperties,2,0,2,0,0,0,0,0,0,2,0,0,0,0
org.odpi.openmetadata.frameworks.opensurvey,org.odpi.openmetadata.frameworks.opensurvey.controls,3,0,5,11,0,0,0,0,0,28,0,0,0,0
org.odpi.openmetadata.frameworks.opensurvey,org.odpi.openmetadata.frameworks.openmetadata.metadataelements,4,3,1,29,3,0,0,0,0,0,0,0,0,0
org.odpi.openmetadata.frameworks.opensurvey,org.odpi.openmetadata.frameworks.openmetadata.handlers,2,2,2,13,0,0,0,0,0,2,0,0,0,0
org.odpi.openmetadata.frameworks.opensurvey,org.odpi.openmetadata.frameworks.openmetadata.client,2,1,2,8,0,0,0,0,0,1,0,0,0,0
org.odpi.openmetadata.frameworks.opensurvey,org.odpi.openmetadata.frameworks.openmetadata.ffdc,14,0,0,1,0,114,0,0,1,0,0,0,0,0
org.odpi.openmetadata.frameworks.opensurvey,org.odpi.openmetadata.frameworks.openmetadata.properties.surveyreports,4,4,5,13,4,0,0,0,4,0,0,0,0,0
org.odpi.openmetadata.frameworks.opensurvey,org.odpi.openmetadata.frameworks.openmetadata.search,3,24,1,90,4,0,0,0,23,7,0,0,0,0
org.odpi.openmetadata.frameworks.opensurvey,org.odpi.openmetadata.frameworks.opensurvey.ffdc,3,0,0,0,0,0,0,0,0,42,0,0,0,0
org.odpi.openmetadata.frameworks.opensurvey,org.odpi.openmetadata.frameworks.openmetadata.types,3,0,0,0,0,0,0,0,0,42,0,0,0,0
org.odpi.openmetadata.frameworks.opensurvey,org.odpi.openmetadata.frameworks.connectors,5,0,2,6,3,0,1,1,0,6,0,0,0,0
org.odpi.openmetadata.frameworks.opensurvey,org.odpi.openmetadata.frameworks.connectors.ffdc,4,0,0,7,0,25,0,0,7,0,0,0,0,0
org.odpi.openmetadata.frameworks.opensurvey,org.odpi.openmetadata.frameworks.openmetadata.properties,1,0,1,0,0,0,0,0,0,1,0,0,0,0
org.odpi.openmetadata.frameworks.opensurvey,org.odpi.openmetadata.frameworks.openmetadata.connectorcontext,2,1,0,19,0,0,0,1,0,1,0,0,0,0
org.odpi.openmetadata.frameworks.opensurvey,org.odpi.openmetadata.frameworks.openmetadata.enums,1,0,1,0,0,0,0,0,0,0,0,0,0,0
org.odpi.openmetadata.frameworks.opensurvey,org.odpi.openmetadata.frameworks.auditlog,7,4,3,17,1,0,1,0,1,5,0,0,0,0
org.odpi.openmetadata.frameworks.opensurvey,org.odpi.openmetadata.frameworks.auditlog.messagesets,1,1,1,0,1,0,0,0,0,1,0,0,0,0
org.odpi.openmetadata.frameworks.opensurvey,org.odpi.openmetadata.frameworks.opengovernance.properties,1,0,1,0,0,0,0,0,0,1,0,0,0,0
org.odpi.openmetadata.frameworks.opensurvey,org.odpi.openmetadata.frameworks.openmetadata.refdata,1,1,1,0,1,0,0,0,0,1,0,0,0,0
org.odpi.openmetadata.frameworks.opensurvey,org.odpi.openmetadata.frameworks.opengovernance,1,0,0,1,0,0,0,1,0,8,0,0,0,0
org.odpi.openmetadata.frameworks.opensurvey,org.odpi.openmetadata.frameworks.connectors.client,1,1,1,2,0,0,0,0,0,1,0,0,0,0
org.odpi.openmetadata.frameworks.opensurvey,org.odpi.openmetadata.frameworks.connectors.properties.beans,2,1,1,8,0,0,0,0,1,1,0,0,0,0
org.odpi.openmetadata.frameworks.opensurvey,org.odpi.openmetadata.frameworks.openmetadata.properties.assets,1,0,0,0,0,0,0,0,0,0,1,0,0,0
org.odpi.openmetadata.adapters.connectors.egeriainfrastructure.servers,org.odpi.openmetadata.adapters.connectors.egeriainfrastructure.extractor,1,1,0,36,0,0,0,0,1,1,0,0,0,0
org.odpi.openmetadata.adapters.connectors.egeriainfrastructure.servers,org.odpi.openmetadata.commonservices.ffdc.rest,4,0,0,0,0,0,0,0,0,0,0,0,0,0
org.odpi.openmetadata.adapters.connectors.egeriainfrastructure.servers,org.odpi.openmetadata.frameworks.openmetadata.ffdc,15,0,0,0,0,101,0,0,0,0,0,0,0,0
org.odpi.openmetadata.adapters.connectors.egeriainfrastructure.servers,org.odpi.openmetadata.frameworks.connectors,7,0,0,7,0,0,1,6,0,14,0,0,0,0
org.odpi.openmetadata.adapters.connectors.egeriainfrastructure.servers,org.odpi.openmetadata.adapters.connectors.egeriainfrastructure.control,6,0,0,10,0,0,0,0,0,14,0,0,0,0
org.odpi.openmetadata.adapters.connectors.egeriainfrastructure.servers,org.odpi.openmetadata.frameworks.connectors.properties.beans,3,1,2,7,0,0,0,0,0,0,0,0,0,0
org.odpi.openmetadata.adapters.connectors.egeriainfrastructure.servers,org.odpi.openmetadata.adapters.connectors,5,0,0,0,0,0,0,0,0,10,0,0,0,0
org.odpi.openmetadata.adapters.connectors.egeriainfrastructure.servers,org.odpi.openmetadata.adminservices.ffdc.exception,1,0,0,0,0,2,0,0,0,0,0,0,0,0
org.odpi.openmetadata.adapters.connectors.egeriainfrastructure.servers,org.odpi.openmetadata.adminservices.configuration.properties,1,0,0,0,3,0,0,0,0,0,0,0,0,0
org.odpi.openmetadata.adapters.connectors.egeriainfrastructure.servers,org.odpi.openmetadata.frameworks.auditlog,3,1,1,3,1,0,1,0,0,1,0,0,0,0
org.odpi.openmetadata.adapters.connectors.egeriainfrastructure.servers,org.odpi.openmetadata.adapters.connectors.egeriainfrastructure.ffdc,2,0,0,0,0,0,0,0,0,8,0,0,0,0
org.odpi.openmetadata.adapters.connectors.egeriainfrastructure.servers,org.odpi.openmetadata.adapters.connectors.egeriainfrastructure.properties,1,0,0,0,1,0,0,0,0,0,0,0,0,0
org.odpi.openmetadata.adapters.connectors.egeriainfrastructure.servers,org.odpi.openmetadata.repositoryservices.ffdc.exception,1,0,0,0,0,0,0,0,0,0,0,0,0,0
org.odpi.openmetadata.adapters.connectors.egeriainfrastructure.servers,org.odpi.openmetadata.frameworks.connectors.ffdc,1,0,0,3,0,1,0,0,3,0,0,0,0,0
org.odpi.openmetadata.adapters.connectors.egeriainfrastructure.servers,org.odpi.openmetadata.repositoryservices.connectors.stores.archivestore.properties,1,0,1,0,0,0,0,0,0,0,0,0,0,0
org.odpi.openmetadata.adapters.connectors.egeriainfrastructure.servers,org.odpi.openmetadata.serveroperations.properties,2,0,0,0,2,0,0,0,0,0,0,0,0,0
org.odpi.openmetadata.adapters.connectors.apacheatlas.integration,org.odpi.openmetadata.adapters.connectors.apacheatlas.resource.properties,0,10,4,57,0,0,0,0,10,20,0,0,0,0
org.odpi.openmetadata.adapters.connectors.apacheatlas.integration,org.odpi.openmetadata.frameworks.connectors,2,0,2,1,0,0,0,0,0,0,0,0,0,0
org.odpi.openmetadata.adapters.connectors.apacheatlas.integration,org.odpi.openmetadata.frameworks.auditlog,1,0,1,10,0,0,0,0,0,0,0,0,0,0
org.odpi.openmetadata.adapters.connectors.apacheatlas.integration,org.odpi.openmetadata.frameworks.integration.connectors,3,0,0,4,0,0,0,3,0,54,0,0,0,0
org.odpi.openmetadata.adapters.connectors.apacheatlas.integration,org.odpi.openmetadata.frameworks.integration.context,2,0,2,2,0,0,0,0,0,0,0,0,0,0
org.odpi.openmetadata.adapters.connectors.apacheatlas.integration,org.odpi.openmetadata.frameworks.opengovernance.properties,2,0,2,0,0,0,0,0,0,0,0,0,0,0
org.odpi.openmetadata.adapters.connectors.apacheatlas.integration,org.odpi.openmetadata.frameworks.connectors.ffdc,2,0,0,3,0,4,0,0,3,0,0,0,0,0
org.odpi.openmetadata.adapters.connectors.apacheatlas.integration,org.odpi.openmetadata.frameworks.connectors.properties.beans,1,1,0,9,0,0,0,0,0,0,0,0,0,0
org.odpi.openmetadata.adapters.connectors.apacheatlas.integration,org.odpi.openmetadata.adapters.connectors.controls,1,0,0,0,0,0,0,0,0,6,0,0,0,0
org.odpi.openmetadata.adapters.connectors.apacheatlas.integration,org.odpi.openmetadata.adapters.connectors,1,0,0,0,0,0,0,0,0,2,0,0,0,0
org.odpi.openmetadata.adapters.connectors.apacheatlas.integration,org.odpi.openmetadata.frameworks.openmetadata.properties.assets.processes.connectors,0,0,0,1,0,0,0,0,0,0,0,0,0,0
org.odpi.openmetadata.adapters.connectors.apacheatlas.integration,org.odpi.openmetadata.frameworks.integration.controls,1,1,0,4,0,0,0,0,1,0,0,0,0,0
org.odpi.openmetadata.adapters.connectors.apacheatlas.integration,org.odpi.openmetadata.frameworks.openmetadata.definitions,1,0,0,1,0,0,0,0,1,0,0,0,0,0
org.odpi.openmetadata.adapters.connectors.apacheatlas.integration,org.odpi.openmetadata.frameworks.integration.properties,1,0,0,0,1,0,0,0,0,13,0,0,0,0
org.odpi.openmetadata.adapters.connectors.apacheatlas.integration,org.odpi.openmetadata.frameworks.connectors.controls,1,0,0,1,0,0,0,0,0,1,0,0,0,0
org.odpi.openmetadata.adapters.connectors.apacheatlas.integration,org.odpi.openmetadata.frameworks.openmetadata.events,3,0,1,1,0,0,2,0,0,0,0,0,0,0
org.odpi.openmetadata.adapters.connectors.apacheatlas.integration,org.odpi.openmetadata.frameworks.openmetadata.ffdc,4,0,0,0,0,6,0,0,0,0,0,0,0,0
org.odpi.openmetadata.adapters.connectors.apacheatlas.integration,org.odpi.openmetadata.frameworks.openmetadata.connectorcontext,0,0,0,3,0,0,0,0,0,0,0,0,0,0
org.odpi.openmetadata.adapters.connectors.apacheatlas.integration,org.odpi.openmetadata.frameworks.openmetadata.properties,2,2,0,3,0,0,0,0,0,0,0,0,0,0
org.odpi.openmetadata.adapters.connectors.apacheatlas.integration,org.odpi.openmetadata.frameworks.openmetadata.metadataelements,1,1,0,0,0,0,0,0,0,0,0,0,0,0
org.odpi.openmetadata.adapters.connectors.apacheatlas.integration,org.odpi.openmetadata.adapters.connectors.apacheatlas.integration.modules,0,6,5,13,0,0,0,0,8,8,0,0,0,0
org.odpi.openmetadata.adapters.connectors.apacheatlas.integration,org.odpi.openmetadata.adapters.connectors.apacheatlas.resource,1,1,2,13,0,0,0,0,0,12,1,0,0,0
org.odpi.openmetadata.adapters.connectors.apacheatlas.integration,org.odpi.openmetadata.adapters.connectors.apacheatlas.integration.ffdc,2,0,0,0,0,0,0,0,0,26,0,0,0,0
org.odpi.openmetadata.viewservices.solutionarchitect.server.spring,org.odpi.openmetadata.commonservices.ffdc.rest,1,0,36,0,35,0,0,0,0,0,0,0,0,0
org.odpi.openmetadata.viewservices.solutionarchitect.server.spring,org.odpi.openmetadata.frameworkservices.omf.rest,0,0,0,0,1,0,0,0,0,0,0,0,0,0
org.odpi.openmetadata.viewservices.solutionarchitect.server.spring,org.odpi.openmetadata.viewservices.solutionarchitect.server,1,1,0,37,0,0,0,0,1,0,0,0,0,0
org.odpi.openmetadata.frameworkservices.omf.listener,org.odpi.openmetadata.frameworks.auditlog,1,0,1,0,0,0,0,0,0,0,0,0,0,0
org.odpi.openmetadata.frameworkservices.omf.listener,org.odpi.openmetadata.commonservices.generichandlers,0,0,0,2,0,0,0,0,0,0,0,0,0,0
org.odpi.openmetadata.frameworkservices.omf.listener,org.odpi.openmetadata.frameworks.openmetadata.properties,1,0,1,0,0,0,0,0,0,1,0,0,0,0
org.odpi.openmetadata.frameworkservices.omf.listener,org.odpi.openmetadata.frameworks.openmetadata.events,1,0,1,1,0,0,0,0,0,52,0,0,0,0
org.odpi.openmetadata.frameworkservices.omf.listener,org.odpi.openmetadata.repositoryservices.connectors.stores.metadatacollectionstore.properties.instances,4,21,40,7,1,0,0,0,0,2,0,0,0,0
org.odpi.openmetadata.frameworkservices.omf.listener,org.odpi.openmetadata.repositoryservices.connectors.stores.metadatacollectionstore.properties.typedefs,1,0,2,0,0,0,0,0,0,0,0,0,0,0
org.odpi.openmetadata.frameworkservices.omf.listener,org.odpi.openmetadata.repositoryservices.connectors.omrstopic,1,0,0,1,0,0,0,1,0,0,0,0,0,0
org.odpi.openmetadata.frameworkservices.omf.listener,org.odpi.openmetadata.frameworks.openmetadata.types,1,0,0,0,0,0,0,0,0,2,0,0,0,0
org.odpi.openmetadata.frameworkservices.omf.listener,org.odpi.openmetadata.frameworkservices.omf.outtopic,1,1,1,19,0,0,0,0,0,1,0,0,0,0
org.odpi.openmetadata.frameworkservices.omf.listener,org.odpi.openmetadata.frameworkservices.omf.handlers,1,1,1,0,0,0,0,0,0,1,0,0,0,0
org.odpi.openmetadata.frameworks.openmetadata.properties.assets.reports,org.odpi.openmetadata.frameworks.openmetadata.types,12,0,0,0,0,0,0,0,0,24,0,0,0,0
org.odpi.openmetadata.frameworks.openmetadata.properties.assets.reports,org.odpi.openmetadata.frameworks.openmetadata.properties,4,0,0,14,0,0,0,4,0,22,0,0,0,0
org.odpi.openmetadata.frameworks.openmetadata.properties.assets.reports,org.odpi.openmetadata.frameworks.openmetadata.properties.assets,4,0,0,11,0,0,0,3,0,8,0,0,0,0
org.odpi.openmetadata.frameworks.openmetadata.properties.assets.reports,org.odpi.openmetadata.frameworks.openmetadata.properties.collections,0,0,0,2,0,0,0,0,0,0,0,0,0,0
org.odpi.openmetadata.frameworks.openmetadata.properties.assets.reports,org.odpi.openmetadata.frameworks.openmetadata.properties.datadictionaries,1,0,0,3,0,0,0,1,0,4,0,0,0,0
org.odpi.openmetadata.frameworks.openmetadata.properties.assets.reports,org.odpi.openmetadata.frameworks.openmetadata.enums,1,1,1,0,1,0,0,0,0,1,0,0,0,0
org.odpi.openmetadata.userauthn.auth,org.odpi.openmetadata.metadatasecurity.properties,2,2,1,2,0,0,0,0,0,1,0,0,0,0
org.odpi.openmetadata.userauthn.auth,org.odpi.openmetadata.frameworks.connectors.controls,1,0,0,0,0,0,0,0,0,8,0,0,0,0
org.odpi.openmetadata.userauthn.auth,org.odpi.openmetadata.frameworks.connectors.properties.users,1,0,0,17,0,0,0,0,0,6,0,0,0,0
org.odpi.openmetadata.userauthn.auth,org.odpi.openmetadata.metadatasecurity.server,1,0,0,1,0,0,0,0,0,1,0,0,0,0
org.odpi.openmetadata.repositoryservices.eventmanagement,org.odpi.openmetadata.repositoryservices.localrepository,1,1,1,1,0,0,0,0,0,1,0,0,0,0
org.odpi.openmetadata.repositoryservices.eventmanagement,org.odpi.openmetadata.adminservices.configuration.properties,1,1,1,0,0,0,0,0,0,15,0,0,0,0
org.odpi.openmetadata.repositoryservices.eventmanagement,org.odpi.openmetadata.repositoryservices.connectors.omrstopic,4,4,4,12,0,0,1,0,0,8,0,0,0,0
org.odpi.openmetadata.repositoryservices.eventmanagement,org.odpi.openmetadata.frameworks.auditlog,4,3,5,14,0,0,0,0,0,4,0,0,0,0
org.odpi.openmetadata.repositoryservices.eventmanagement,org.odpi.openmetadata.repositoryservices.localrepository.repositorycontentmanager,1,1,1,36,0,0,0,0,0,1,0,0,0,0
org.odpi.openmetadata.repositoryservices.eventmanagement,org.odpi.openmetadata.metadatasecurity,2,2,2,2,0,0,1,0,0,2,0,0,0,0
org.odpi.openmetadata.repositoryservices.eventmanagement,org.odpi.openmetadata.repositoryservices.ffdc,8,0,0,0,0,0,0,0,0,42,0,0,0,0
org.odpi.openmetadata.repositoryservices.eventmanagement,org.odpi.openmetadata.repositoryservices.ffdc.exception,4,0,0,7,0,0,0,0,7,0,0,0,0,0
org.odpi.openmetadata.repositoryservices.eventmanagement,org.odpi.openmetadata.repositoryservices.events,9,115,19,478,3,0,1,1,103,112,0,0,0,0
org.odpi.openmetadata.repositoryservices.eventmanagement,org.odpi.openmetadata.frameworks.openmetadata.types,2,0,0,0,0,0,0,0,0,4,0,0,0,0
org.odpi.openmetadata.repositoryservices.eventmanagement,org.odpi.openmetadata.repositoryservices.events.future,2,2,0,2,1,0,0,0,1,0,0,0,0,0
org.odpi.openmetadata.repositoryservices.eventmanagement,org.odpi.openmetadata.repositoryservices.connectors.stores.metadatacollectionstore.repositoryeventmapper,3,0,1,4,0,0,0,1,0,8,0,0,0,0
org.odpi.openmetadata.repositoryservices.eventmanagement,org.odpi.openmetadata.repositoryservices.connectors.stores.metadatacollectionstore.properties.typedefs,7,1,26,3,0,0,0,0,0,8,0,0,0,0
org.odpi.openmetadata.repositoryservices.eventmanagement,org.odpi.openmetadata.repositoryservices.connectors.stores.metadatacollectionstore.properties.instances,4,10,88,18,0,0,0,0,2,7,1,0,0,0
org.odpi.openmetadata.repositoryservices.eventmanagement,org.odpi.openmetadata.repositoryservices.connectors.stores.metadatacollectionstore.utilities,0,0,0,1,0,0,0,0,0,0,0,0,0,0
org.odpi.openmetadata.repositoryservices.eventmanagement,org.odpi.openmetadata.frameworks.connectors.properties.beans,1,0,3,0,0,0,0,0,0,0,0,0,0,0
org.odpi.openmetadata.metadatasecurity.connectors,org.odpi.openmetadata.repositoryservices.auditlog,2,0,0,0,0,0,0,0,0,0,0,0,0,0
org.odpi.openmetadata.metadatasecurity.connectors,org.odpi.openmetadata.frameworks.auditlog,5,1,1,6,1,0,2,0,1,1,0,0,0,0
org.odpi.openmetadata.metadatasecurity.connectors,org.odpi.openmetadata.repositoryservices.connectors.stores.metadatacollectionstore.properties.typedefs,4,0,12,18,0,0,0,0,0,0,0,0,0,0
org.odpi.openmetadata.metadatasecurity.connectors,org.odpi.openmetadata.repositoryservices.connectors.stores.metadatacollectionstore.properties.instances,0,6,25,68,2,0,0,0,0,0,0,0,0,0
org.odpi.openmetadata.metadatasecurity.connectors,org.odpi.openmetadata.frameworks.connectors,4,0,2,24,0,0,0,3,0,9,0,0,0,0
org.odpi.openmetadata.metadatasecurity.connectors,org.odpi.openmetadata.frameworks.openmetadata.ffdc,3,0,0,17,0,139,0,0,17,0,0,0,0,0
org.odpi.openmetadata.metadatasecurity.connectors,org.odpi.openmetadata.frameworks.connectors.ffdc,1,0,0,0,0,2,0,0,0,0,0,0,0,0
org.odpi.openmetadata.metadatasecurity.connectors,org.odpi.openmetadata.metadatasecurity.ffdc,3,0,0,0,0,0,0,0,0,76,0,0,0,0
org.odpi.openmetadata.metadatasecurity.connectors,org.odpi.openmetadata.frameworks.auditlog.messagesets,3,3,1,3,0,0,0,0,0,0,0,0,0,0
org.odpi.openmetadata.metadatasecurity.connectors,org.odpi.openmetadata.metadatasecurity,1,0,0,0,0,0,1,0,0,0,0,0,0,0
org.odpi.openmetadata.repositoryservices.rest.server.spring,org.odpi.openmetadata.repositoryservices.rest.server,4,4,0,169,0,0,0,0,4,0,0,0,0,0
org.odpi.openmetadata.repositoryservices.rest.server.spring,org.odpi.openmetadata.repositoryservices.rest.properties,6,0,155,0,165,0,0,0,0,0,0,0,0,0
org.odpi.openmetadata.frameworkservices.omf.converters,org.odpi.openmetadata.frameworks.openmetadata.properties,6,3,1,12,2,0,0,0,3,0,3,0,0,0
org.odpi.openmetadata.frameworkservices.omf.converters,org.odpi.openmetadata.repositoryservices.connectors.stores.metadatacollectionstore.repositoryconnector,6,0,6,1,0,0,0,0,0,0,0,0,0,0
org.odpi.openmetadata.frameworkservices.omf.converters,org.odpi.openmetadata.frameworks.openmetadata.ffdc,4,0,0,0,0,8,0,0,0,0,0,0,0,0
org.odpi.openmetadata.frameworkservices.omf.converters,org.odpi.openmetadata.repositoryservices.connectors.stores.metadatacollectionstore.properties.instances,11,11,15,42,0,0,0,0,0,2,5,0,0,0
org.odpi.openmetadata.frameworkservices.omf.converters,org.odpi.openmetadata.frameworks.openmetadata.metadataelements,1,0,0,0,0,0,0,0,0,0,3,0,0,0
org.odpi.openmetadata.frameworkservices.omf.converters,org.odpi.openmetadata.repositoryservices.connectors.stores.metadatacollectionstore.properties.typedefs,2,0,0,0,0,0,0,0,0,6,1,0,0,0
org.odpi.openmetadata.frameworkservices.omf.converters,org.odpi.openmetadata.commonservices.generichandlers,1,0,0,20,0,0,0,1,0,2,0,0,0,0
org.odpi.openmetadata.frameworkservices.omf.converters,org.odpi.openmetadata.frameworks.openmetadata.search,0,7,0,26,1,0,0,0,6,0,0,0,0,0
org.odpi.openmetadata.frameworks.openmetadata.refdata,org.odpi.openmetadata.frameworks.openmetadata.types,12,0,0,0,0,0,0,0,0,654,0,0,0,0
org.odpi.openmetadata.frameworks.openmetadata.refdata,org.odpi.openmetadata.frameworks.openmetadata.mapper,9,0,0,9,0,0,0,0,0,0,0,0,0,0
org.odpi.openmetadata.frameworks.openmetadata.refdata,org.odpi.openmetadata.frameworks.openmetadata.definitions,2,2,3,11,1,0,0,0,11,3,0,0,0,0
org.odpi.openmetadata.frameworks.openmetadata.refdata,org.odpi.openmetadata.frameworks.openmetadata.controls,1,0,0,0,0,0,0,0,0,4,0,0,0,0
org.odpi.openmetadata.viewservices.templatemanager.server,org.odpi.openmetadata.frameworks.openmetadata.client,2,1,0,0,2,0,0,0,0,0,0,0,0,0
org.odpi.openmetadata.viewservices.templatemanager.server,org.odpi.openmetadata.frameworks.openmetadata.ffdc,4,0,0,0,0,7,0,0,0,0,0,0,0,0
org.odpi.openmetadata.viewservices.templatemanager.server,org.odpi.openmetadata.frameworks.openmetadata.handlers,3,9,0,15,2,0,0,0,1,1,0,0,0,0
org.odpi.openmetadata.viewservices.templatemanager.server,org.odpi.openmetadata.adminservices.configuration.registration,5,3,0,3,0,0,0,0,1,8,0,0,0,0
org.odpi.openmetadata.viewservices.templatemanager.server,org.odpi.openmetadata.frameworks.openmetadata.properties.assets,1,0,0,0,0,0,0,0,0,1,1,0,0,0
org.odpi.openmetadata.viewservices.templatemanager.server,org.odpi.openmetadata.commonservices.multitenant,2,0,0,21,0,0,0,2,0,0,0,0,0,0
org.odpi.openmetadata.viewservices.templatemanager.server,org.odpi.openmetadata.commonservices.ffdc.rest,0,8,8,16,8,0,0,0,8,0,0,0,0,0
org.odpi.openmetadata.viewservices.templatemanager.server,org.odpi.openmetadata.frameworks.auditlog,2,8,1,0,0,0,0,0,0,8,0,0,0,0
org.odpi.openmetadata.viewservices.templatemanager.server,org.odpi.openmetadata.commonservices.ffdc,3,10,0,40,0,0,0,0,2,0,0,0,0,0
org.odpi.openmetadata.viewservices.templatemanager.server,org.odpi.openmetadata.frameworkservices.omf.client,1,0,0,1,0,0,0,0,1,1,0,0,0,0
org.odpi.openmetadata.viewservices.templatemanager.server,org.odpi.openmetadata.tokencontroller,1,0,0,8,0,0,0,1,0,8,0,0,0,0
org.odpi.openmetadata.viewservices.templatemanager.server,org.odpi.openmetadata.frameworks.openmetadata.properties.templates,3,0,0,0,0,0,0,0,0,3,3,0,0,0
org.odpi.openmetadata.viewservices.templatemanager.server,org.odpi.openmetadata.adminservices.registration,1,0,0,1,0,0,0,0,0,1,0,0,0,0
org.odpi.openmetadata.viewservices.templatemanager.server,org.odpi.openmetadata.viewservices.templatemanager.admin,1,0,0,0,0,0,0,0,0,1,0,0,0,0
org.odpi.openmetadata.viewservices.classificationexplorer.ffdc,org.odpi.openmetadata.frameworks.auditlog.messagesets,4,2,0,6,4,0,0,0,4,0,0,0,0,0
org.odpi.openmetadata.viewservices.classificationexplorer.ffdc,org.odpi.openmetadata.frameworks.auditlog,1,1,1,0,0,0,0,0,0,13,0,0,0,0
org.odpi.openmetadata.engineservices.governanceaction.server,org.odpi.openmetadata.frameworks.auditlog,2,1,1,0,0,0,0,0,0,1,0,0,0,0
org.odpi.openmetadata.engineservices.governanceaction.server,org.odpi.openmetadata.commonservices.multitenant,2,0,0,6,0,0,0,2,0,0,0,0,0,0
org.odpi.openmetadata.engineservices.governanceaction.server,org.odpi.openmetadata.governanceservers.enginehostservices.registration,1,0,0,1,0,0,0,0,0,1,0,0,0,0
org.odpi.openmetadata.engineservices.governanceaction.server,org.odpi.openmetadata.tokencontroller,1,0,0,1,0,0,0,1,0,1,0,0,0,0
org.odpi.openmetadata.engineservices.governanceaction.server,org.odpi.openmetadata.adminservices.configuration.registration,5,2,0,1,0,0,0,0,1,8,0,0,0,0
org.odpi.openmetadata.engineservices.governanceaction.server,org.odpi.openmetadata.frameworks.opengovernance,1,0,0,0,0,0,0,0,0,1,0,0,0,0
org.odpi.openmetadata.engineservices.governanceaction.server,org.odpi.openmetadata.commonservices.ffdc.rest,1,1,0,2,1,0,0,0,1,0,0,0,0,0
org.odpi.openmetadata.engineservices.governanceaction.server,org.odpi.openmetadata.commonservices.ffdc.properties,1,1,0,0,0,0,0,0,0,0,0,0,0,0
org.odpi.openmetadata.engineservices.governanceaction.server,org.odpi.openmetadata.commonservices.ffdc,3,3,0,6,0,0,0,0,2,0,0,0,0,0
org.odpi.openmetadata.engineservices.governanceaction.server,org.odpi.openmetadata.engineservices.governanceaction.admin,1,0,0,0,0,0,0,0,0,1,0,0,0,0
org.odpi.openmetadata.engineservices.governanceaction.server,org.odpi.openmetadata.engineservices.governanceaction.handlers,1,0,0,1,0,0,0,0,1,0,0,0,0,0
org.odpi.openmetadata.platformservices.server.spring,org.odpi.openmetadata.adminservices.rest,3,0,1,0,2,0,0,0,0,0,0,0,0,0
org.odpi.openmetadata.platformservices.server.spring,org.odpi.openmetadata.platformservices.server,4,4,0,31,0,0,0,0,4,0,0,0,0,0
org.odpi.openmetadata.platformservices.server.spring,org.odpi.openmetadata.commonservices.ffdc.rest,1,0,2,0,25,0,0,0,0,8,0,0,0,0
org.odpi.openmetadata.platformservices.server.spring,org.odpi.openmetadata.platformservices.rest,1,0,0,0,2,0,0,0,0,2,0,0,0,0
org.odpi.openmetadata.platformservices.server.spring,org.odpi.openmetadata.frameworks.openmetadata.ffdc,1,0,0,0,0,1,0,0,0,0,0,0,0,0
org.odpi.openmetadata.platformservices.server.spring,org.odpi.openmetadata.serveroperations.server,1,1,0,9,0,0,0,0,1,0,0,0,0,0
org.odpi.openmetadata.platformservices.server.spring,org.odpi.openmetadata.serveroperations.rest,4,0,0,0,5,0,0,0,0,2,0,0,0,0
org.odpi.openmetadata.platformservices.server.spring,org.odpi.openmetadata.frameworks.connectors.properties.beans,1,0,1,0,0,0,0,0,0,0,0,0,0,0
org.odpi.openmetadata.platformservices.server.spring,org.odpi.openmetadata.adminservices.configuration.properties,1,0,1,0,0,0,0,0,0,0,0,0,0,0
org.odpi.openmetadata.frameworks.openmetadata.properties.dataprocessing,org.odpi.openmetadata.frameworks.openmetadata.properties.governance,1,0,0,3,0,0,0,1,0,2,0,0,0,0
org.odpi.openmetadata.frameworks.openmetadata.properties.dataprocessing,org.odpi.openmetadata.frameworks.openmetadata.types,3,0,0,0,0,0,0,0,0,10,0,0,0,0
org.odpi.openmetadata.frameworks.openmetadata.properties.dataprocessing,org.odpi.openmetadata.frameworks.openmetadata.properties,2,0,0,8,0,0,0,2,0,11,0,0,0,0
org.odpi.openmetadata.samples.archiveutilities.businesssystems,org.odpi.openmetadata.frameworks.openmetadata.types,4,0,0,0,0,0,0,0,0,148,0,0,0,0
org.odpi.openmetadata.samples.archiveutilities.businesssystems,org.odpi.openmetadata.samples.archiveutilities.governanceengines,4,2,1,11,1,0,0,0,10,117,0,0,0,0
org.odpi.openmetadata.samples.archiveutilities.businesssystems,org.odpi.openmetadata.samples.archiveutilities.sustainability,3,2,2,3,2,0,0,0,1,108,0,0,0,0
org.odpi.openmetadata.samples.archiveutilities.businesssystems,org.odpi.openmetadata.samples.archiveutilities.organization,2,1,1,2,1,0,0,0,2,55,0,0,0,0
org.odpi.openmetadata.samples.archiveutilities.businesssystems,org.odpi.openmetadata.samples.archiveutilities,1,0,0,20,0,0,0,1,0,10,0,0,0,0
org.odpi.openmetadata.samples.archiveutilities.businesssystems,org.odpi.openmetadata.contentpacks.core.postgres,1,0,0,1,0,0,0,0,1,0,0,0,0,0
org.odpi.openmetadata.samples.archiveutilities.businesssystems,org.odpi.openmetadata.contentpacks.core.unitycatalog,1,0,0,1,0,0,0,0,1,0,0,0,0,0
org.odpi.openmetadata.samples.archiveutilities.businesssystems,org.odpi.openmetadata.contentpacks.core.core,1,0,0,1,0,0,0,0,1,0,0,0,0,0
org.odpi.openmetadata.samples.archiveutilities.businesssystems,org.odpi.openmetadata.contentpacks.core.egeria,1,0,0,1,0,0,0,0,1,0,0,0,0,0
org.odpi.openmetadata.samples.archiveutilities.businesssystems,org.odpi.openmetadata.contentpacks.core.files,1,0,0,1,0,0,0,0,1,0,0,0,0,0
org.odpi.openmetadata.samples.archiveutilities.businesssystems,org.odpi.openmetadata.repositoryservices.connectors.stores.archivestore.properties,1,0,0,1,0,0,0,0,1,0,0,0,0,0
org.odpi.openmetadata.samples.archiveutilities.businesssystems,org.odpi.openmetadata.repositoryservices.connectors.stores.metadatacollectionstore.properties.instances,1,0,0,0,0,0,0,0,0,0,1,0,0,0
org.odpi.openmetadata.adminservices.configuration.properties,org.odpi.openmetadata.repositoryservices.connectors.stores.metadatacollectionstore.properties.typedefs,2,3,6,3,0,0,0,0,3,7,0,0,0,0
org.odpi.openmetadata.adminservices.configuration.properties,org.odpi.openmetadata.adminservices.configuration.registration,4,2,4,18,2,0,0,0,0,4,0,0,0,0
org.odpi.openmetadata.adminservices.configuration.properties,org.odpi.openmetadata.frameworks.connectors.properties.beans,7,12,16,0,12,0,0,0,0,16,0,0,0,0
org.odpi.openmetadata.adminservices.configuration.properties,org.odpi.openmetadata.frameworks.auditlog,2,2,2,0,2,0,0,0,0,4,0,0,0,0
org.odpi.openmetadata.adminservices.configuration.properties,org.odpi.openmetadata.frameworks.openmetadata.enums,1,1,1,0,1,0,0,0,0,1,0,0,0,0
org.odpi.openmetadata.viewservices.peopleorganizer.server.spring,org.odpi.openmetadata.viewservices.peopleorganizer.server,1,1,0,5,0,0,0,0,1,0,0,0,0,0
org.odpi.openmetadata.viewservices.peopleorganizer.server.spring,org.odpi.openmetadata.commonservices.ffdc.rest,3,0,4,0,4,0,0,0,0,0,0,0,0,0
org.odpi.openmetadata.frameworkservices.gaf.client,org.odpi.openmetadata.frameworkservices.gaf.client.rest,3,2,0,12,0,0,0,0,2,2,0,0,0,0
org.odpi.openmetadata.frameworkservices.gaf.client,org.odpi.openmetadata.frameworkservices.gaf.rest,4,15,0,54,0,0,0,0,7,0,0,0,0,0
org.odpi.openmetadata.frameworkservices.gaf.client,org.odpi.openmetadata.frameworkservices.ocf.metadatamanagement.client,2,1,0,3,0,0,0,0,2,2,0,0,0,0
org.odpi.openmetadata.frameworkservices.gaf.client,org.odpi.openmetadata.frameworkservices.gaf.connectors.outtopic,1,1,0,1,0,0,0,0,0,2,2,0,0,0
org.odpi.openmetadata.frameworkservices.gaf.client,org.odpi.openmetadata.commonservices.ffdc,4,4,0,58,0,0,0,0,4,0,0,0,0,0
org.odpi.openmetadata.frameworkservices.gaf.client,org.odpi.openmetadata.commonservices.ffdc.rest,3,7,0,17,0,0,0,0,2,0,0,0,0,0
org.odpi.openmetadata.frameworkservices.gaf.client,org.odpi.openmetadata.frameworks.openmetadata.events,6,0,5,10,1,0,0,1,0,12,0,0,0,0
org.odpi.openmetadata.frameworkservices.gaf.client,org.odpi.openmetadata.frameworks.openmetadata.ffdc,17,0,0,3,0,72,0,0,3,0,0,0,0,0
org.odpi.openmetadata.frameworkservices.gaf.client,org.odpi.openmetadata.frameworks.auditlog,9,2,9,4,0,0,0,0,0,1,0,0,0,0
org.odpi.openmetadata.frameworkservices.gaf.client,org.odpi.openmetadata.frameworks.connectors.properties.beans,1,1,0,2,0,0,0,0,0,0,0,0,0,0
org.odpi.openmetadata.frameworkservices.gaf.client,org.odpi.openmetadata.frameworks.connectors,2,2,0,2,0,0,0,0,1,0,0,0,0,0
org.odpi.openmetadata.frameworkservices.gaf.client,org.odpi.openmetadata.adminservices.configuration.registration,1,0,0,0,0,0,0,0,0,2,0,0,0,0
org.odpi.openmetadata.frameworkservices.gaf.client,org.odpi.openmetadata.frameworks.openmetadata.handlers,1,0,0,1,0,0,0,0,1,1,0,0,0,0
org.odpi.openmetadata.frameworkservices.gaf.client,org.odpi.openmetadata.frameworks.opengovernance,2,1,3,1,0,0,0,0,0,1,0,0,0,0
org.odpi.openmetadata.frameworkservices.gaf.client,org.odpi.openmetadata.frameworks.opengovernance.client,4,0,0,2,0,0,2,2,0,39,0,0,0,0
org.odpi.openmetadata.frameworkservices.gaf.client,org.odpi.openmetadata.frameworks.opengovernance.properties,5,0,0,0,6,0,0,0,0,0,0,0,0,0
org.odpi.openmetadata.frameworkservices.gaf.client,org.odpi.openmetadata.frameworks.openmetadata.enums,1,0,2,0,0,0,0,0,0,0,0,0,0,0
org.odpi.openmetadata.frameworkservices.gaf.client,org.odpi.openmetadata.frameworks.openmetadata.search,1,0,1,0,0,0,0,0,0,0,0,0,0,0
org.odpi.openmetadata.frameworkservices.gaf.client,org.odpi.openmetadata.frameworks.openmetadata.properties,2,0,0,0,0,0,0,0,0,0,0,0,0,0
org.odpi.openmetadata.frameworkservices.gaf.client,org.odpi.openmetadata.frameworks.integration.contextmanager,1,0,0,2,0,0,0,1,0,60,0,0,0,0
org.odpi.openmetadata.frameworkservices.gaf.client,org.odpi.openmetadata.frameworks.openmetadata.refdata,1,0,1,0,0,0,0,0,0,0,0,0,0,0
org.odpi.openmetadata.frameworkservices.gaf.client,org.odpi.openmetadata.frameworkservices.gaf.ffdc,4,0,0,0,0,0,0,0,0,14,0,0,0,0
org.odpi.openmetadata.frameworkservices.gaf.client,org.odpi.openmetadata.repositoryservices.connectors.openmetadatatopic,0,0,0,2,0,0,0,0,0,0,0,0,0,0
org.odpi.openmetadata.frameworkservices.gaf.client,org.odpi.openmetadata.frameworkservices.omf.client,2,0,0,3,0,0,0,0,3,2,0,0,0,0
org.odpi.openmetadata.frameworkservices.gaf.client,org.odpi.openmetadata.frameworkservices.omf.rest,1,1,0,6,0,0,0,0,1,0,0,0,0,0
org.odpi.openmetadata.frameworkservices.gaf.client,org.odpi.openmetadata.frameworks.openmetadata.metadataelements,0,0,0,5,0,0,0,0,0,0,0,0,0,0
org.odpi.openmetadata.test.unittest.utilities,org.odpi.openmetadata.frameworks.auditlog.messagesets,6,3,3,41,0,0,0,0,1,9,0,0,0,0
org.odpi.openmetadata.test.unittest.utilities,org.odpi.openmetadata.frameworks.openmetadata.ffdc,1,10,5,67,0,0,0,0,0,0,10,0,0,0
org.odpi.openmetadata.test.unittest.utilities,org.odpi.openmetadata.frameworks.auditlog,1,1,0,2,0,0,0,0,1,0,0,0,0,0
org.odpi.openmetadata.viewservices.notificationmanager.server,org.odpi.openmetadata.frameworks.openmetadata.handlers,3,5,0,9,2,0,0,0,1,1,0,0,0,0
org.odpi.openmetadata.viewservices.notificationmanager.server,org.odpi.openmetadata.frameworks.openmetadata.ffdc,4,0,0,0,0,4,0,0,0,0,0,0,0,0
org.odpi.openmetadata.viewservices.notificationmanager.server,org.odpi.openmetadata.frameworks.openmetadata.client,1,1,0,0,0,0,0,0,0,0,0,0,0,0
org.odpi.openmetadata.viewservices.notificationmanager.server,org.odpi.openmetadata.frameworks.auditlog,2,4,1,0,0,0,0,0,0,4,0,0,0,0
org.odpi.openmetadata.viewservices.notificationmanager.server,org.odpi.openmetadata.commonservices.multitenant,2,0,0,12,0,0,0,2,0,0,0,0,0,0
org.odpi.openmetadata.viewservices.notificationmanager.server,org.odpi.openmetadata.adminservices.configuration.registration,5,3,0,3,0,0,0,0,1,8,0,0,0,0
org.odpi.openmetadata.viewservices.notificationmanager.server,org.odpi.openmetadata.viewservices.notificationmanager.admin,1,0,0,0,0,0,0,0,0,1,0,0,0,0
org.odpi.openmetadata.viewservices.notificationmanager.server,org.odpi.openmetadata.frameworks.openmetadata.properties.governance,2,0,0,0,0,0,0,0,0,2,2,0,0,0
org.odpi.openmetadata.viewservices.notificationmanager.server,org.odpi.openmetadata.adminservices.registration,1,0,0,1,0,0,0,0,0,1,0,0,0,0
org.odpi.openmetadata.viewservices.notificationmanager.server,org.odpi.openmetadata.frameworkservices.omf.client,1,0,0,1,0,0,0,0,1,0,0,0,0,0
org.odpi.openmetadata.viewservices.notificationmanager.server,org.odpi.openmetadata.tokencontroller,1,0,0,4,0,0,0,1,0,4,0,0,0,0
org.odpi.openmetadata.viewservices.notificationmanager.server,org.odpi.openmetadata.commonservices.ffdc.rest,3,4,4,8,4,0,0,0,4,0,0,0,0,0
org.odpi.openmetadata.viewservices.notificationmanager.server,org.odpi.openmetadata.commonservices.ffdc,3,6,0,20,0,0,0,0,2,0,0,0,0,0
org.odpi.openmetadata.frameworks.openmetadata.events,org.odpi.openmetadata.frameworks.openmetadata.search,1,6,6,0,6,0,0,0,0,6,0,0,0,0
org.odpi.openmetadata.frameworks.openmetadata.events,org.odpi.openmetadata.frameworks.openmetadata.metadataelements,1,4,4,0,4,0,0,0,0,4,0,0,0,0
org.odpi.openmetadata.frameworks.openmetadata.events,org.odpi.openmetadata.frameworks.auditlog,1,1,1,0,0,0,0,0,0,1,0,0,0,0
org.odpi.openmetadata.frameworks.openmetadata.events,org.odpi.openmetadata.frameworks.openmetadata.ffdc,6,0,0,0,0,6,0,0,0,0,0,0,0,0
org.odpi.openmetadata.viewservices.notificationmanager.server.spring,org.odpi.openmetadata.commonservices.ffdc.rest,3,0,4,0,4,0,0,0,0,0,0,0,0,0
org.odpi.openmetadata.viewservices.notificationmanager.server.spring,org.odpi.openmetadata.viewservices.notificationmanager.server,1,1,0,5,0,0,0,0,1,0,0,0,0,0
org.odpi.openmetadata.frameworkservices.gaf.server.spring,org.odpi.openmetadata.frameworkservices.gaf.server,3,3,0,23,0,0,0,0,3,0,0,0,0,0
org.odpi.openmetadata.frameworkservices.gaf.server.spring,org.odpi.openmetadata.commonservices.ffdc.rest,3,0,2,0,10,0,0,0,0,0,0,0,0,0
org.odpi.openmetadata.frameworkservices.gaf.server.spring,org.odpi.openmetadata.frameworkservices.gaf.rest,4,0,7,0,10,0,0,0,0,0,0,0,0,0
org.odpi.openmetadata.frameworkservices.gaf.server.spring,org.odpi.openmetadata.frameworkservices.omf.rest,1,0,1,0,0,0,0,0,0,0,0,0,0,0
org.odpi.openmetadata.metadatasecurity,org.odpi.openmetadata.frameworks.openmetadata.ffdc,18,0,0,0,0,219,0,0,0,0,0,0,0,0
org.odpi.openmetadata.metadatasecurity,org.odpi.openmetadata.metadatasecurity.properties,2,0,2,0,2,0,0,0,0,0,0,0,0,0
org.odpi.openmetadata.metadatasecurity,org.odpi.openmetadata.repositoryservices.connectors.stores.metadatacollectionstore.properties.instances,4,0,67,0,3,0,0,0,0,0,0,0,0,0
org.odpi.openmetadata.metadatasecurity,org.odpi.openmetadata.repositoryservices.connectors.stores.metadatacollectionstore.repositoryconnector,1,0,24,0,0,0,0,0,0,0,0,0,0,0
org.odpi.openmetadata.metadatasecurity,org.odpi.openmetadata.repositoryservices.connectors.stores.metadatacollectionstore.properties.typedefs,4,0,12,0,0,0,0,0,0,0,0,0,0,0
org.odpi.openmetadata.metadatasecurity,org.odpi.openmetadata.repositoryservices.events,1,0,2,0,2,0,0,0,0,0,0,0,0,0
org.odpi.openmetadata.adapters.connectors.egeriainfrastructure.platform,org.odpi.openmetadata.frameworks.openmetadata.ffdc,3,0,0,0,0,57,0,0,0,0,0,0,0,0
org.odpi.openmetadata.adapters.connectors.egeriainfrastructure.platform,org.odpi.openmetadata.frameworks.connectors.properties.beans,2,1,0,4,1,0,0,0,0,0,0,0,0,0
org.odpi.openmetadata.adapters.connectors.egeriainfrastructure.platform,org.odpi.openmetadata.frameworks.connectors.ffdc,1,0,0,2,0,1,0,0,2,0,0,0,0,0
org.odpi.openmetadata.adapters.connectors.egeriainfrastructure.platform,org.odpi.openmetadata.frameworks.connectors,2,0,0,2,0,0,0,2,0,5,0,0,0,0
org.odpi.openmetadata.adapters.connectors.egeriainfrastructure.platform,org.odpi.openmetadata.frameworks.auditlog,3,1,1,4,1,0,1,0,0,1,0,0,0,0
org.odpi.openmetadata.adapters.connectors.egeriainfrastructure.platform,org.odpi.openmetadata.metadatasecurity.properties,2,0,2,0,2,0,0,0,0,0,0,0,0,0
org.odpi.openmetadata.adapters.connectors.egeriainfrastructure.platform,org.odpi.openmetadata.commonservices.ffdc.rest,1,0,0,0,0,0,0,0,0,0,0,0,0,0
org.odpi.openmetadata.adapters.connectors.egeriainfrastructure.platform,org.odpi.openmetadata.adminservices.ffdc.exception,1,0,0,0,0,4,0,0,0,0,0,0,0,0
org.odpi.openmetadata.adapters.connectors.egeriainfrastructure.platform,org.odpi.openmetadata.adminservices.configuration.properties,1,0,0,0,2,0,0,0,0,0,0,0,0,0
org.odpi.openmetadata.adapters.connectors.egeriainfrastructure.platform,org.odpi.openmetadata.adapters.connectors.egeriainfrastructure.ffdc,2,0,0,0,0,0,0,0,0,6,0,0,0,0
org.odpi.openmetadata.adapters.connectors.egeriainfrastructure.platform,org.odpi.openmetadata.adapters.connectors.egeriainfrastructure.extractor,1,1,0,22,0,0,0,0,1,1,0,0,0,0
org.odpi.openmetadata.adapters.connectors.egeriainfrastructure.platform,org.odpi.openmetadata.adapters.connectors.egeriainfrastructure.properties,1,0,0,0,1,0,0,0,0,0,0,0,0,0
org.odpi.openmetadata.adapters.connectors.egeriainfrastructure.platform,org.odpi.openmetadata.adapters.connectors,1,0,0,0,0,0,0,0,0,2,0,0,0,0
org.odpi.openmetadata.adapters.connectors.datastore.datafolder,org.odpi.openmetadata.frameworks.openmetadata.definitions,1,0,0,1,0,0,0,0,1,0,0,0,0,0
org.odpi.openmetadata.adapters.connectors.datastore.datafolder,org.odpi.openmetadata.frameworks.connectors.controls,1,0,0,1,0,0,0,0,0,1,0,0,0,0
org.odpi.openmetadata.adapters.connectors.datastore.datafolder,org.odpi.openmetadata.frameworks.connectors,1,0,0,1,0,0,0,1,0,1,0,0,0,0
org.odpi.openmetadata.adapters.connectors.datastore.datafolder,org.odpi.openmetadata.adapters.connectors.datastore.basicfile,3,0,0,0,0,0,1,1,0,1,0,0,0,0
org.odpi.openmetadata.adapters.connectors.datastore.datafolder,org.odpi.openmetadata.frameworks.openmetadata.refdata,1,0,0,0,0,0,0,0,0,2,0,0,0,0
org.odpi.openmetadata.adapters.connectors.datastore.datafolder,org.odpi.openmetadata.adapters.connectors,1,0,0,0,0,0,0,0,0,2,0,0,0,0
org.odpi.openmetadata.adapters.repositoryservices.auditlogstore.console,org.odpi.openmetadata.frameworks.auditlog,1,0,0,14,0,0,0,0,0,2,0,0,0,0
org.odpi.openmetadata.adapters.repositoryservices.auditlogstore.console,org.odpi.openmetadata.frameworks.openmetadata.ffdc,1,0,0,0,0,1,0,0,0,0,0,0,0,0
org.odpi.openmetadata.adapters.repositoryservices.auditlogstore.console,org.odpi.openmetadata.repositoryservices.connectors.stores.auditlogstore,3,0,1,7,0,0,0,2,0,3,0,0,0,0
org.odpi.openmetadata.adapters.repositoryservices.auditlogstore.console,org.odpi.openmetadata.adapters.connectors,1,0,0,0,0,0,0,0,0,2,0,0,0,0
org.odpi.openmetadata.accessservices.assetowner.fvt.duplicateprocessing,org.odpi.openmetadata.frameworks.openmetadata.properties.schema,1,1,0,1,0,0,0,0,1,0,0,0,0,0
org.odpi.openmetadata.accessservices.assetowner.fvt.duplicateprocessing,org.odpi.openmetadata.adminservices.configuration.registration,1,0,0,0,0,0,0,0,0,5,0,0,0,0
org.odpi.openmetadata.accessservices.assetowner.fvt.duplicateprocessing,org.odpi.openmetadata.frameworks.auditlog,1,1,1,1,0,0,0,0,1,0,0,0,0,0
org.odpi.openmetadata.accessservices.assetowner.fvt.duplicateprocessing,org.odpi.openmetadata.frameworks.openmetadata.properties.assets,1,2,0,1,0,0,0,0,1,0,0,0,0,0
org.odpi.openmetadata.accessservices.assetowner.fvt.duplicateprocessing,org.odpi.openmetadata.frameworks.openmetadata.properties,0,0,0,20,0,0,0,0,0,0,0,0,0,0
org.odpi.openmetadata.accessservices.assetowner.fvt.duplicateprocessing,org.odpi.openmetadata.fvt.utilities.exceptions,1,0,0,19,0,4,0,0,19,0,0,0,0,0
org.odpi.openmetadata.accessservices.assetowner.fvt.duplicateprocessing,org.odpi.openmetadata.fvt.utilities.auditlog,1,0,1,0,0,0,0,0,0,0,0,0,0,0
org.odpi.openmetadata.accessservices.assetowner.fvt.duplicateprocessing,org.odpi.openmetadata.fvt.utilities,1,1,0,5,1,0,0,0,1,0,0,0,0,0
org.odpi.openmetadata.adapters.connectors.jacquard.tabulardatasets,org.odpi.openmetadata.frameworkservices.omf.client,1,0,0,1,0,0,0,0,1,0,0,0,0,0
org.odpi.openmetadata.adapters.connectors.jacquard.tabulardatasets,org.odpi.openmetadata.adapters.connectors.jacquard.tabulardatasets.ffdc,4,0,0,0,0,0,0,0,0,32,0,0,0,0
org.odpi.openmetadata.adapters.connectors.jacquard.tabulardatasets,org.odpi.openmetadata.adapters.connectors.jacquard.tabulardatasets.controls,2,0,0,0,0,0,0,0,0,16,0,0,0,0
org.odpi.openmetadata.adapters.connectors.jacquard.tabulardatasets,org.odpi.openmetadata.adapters.connectors.jacquard.productcatalog,3,3,4,9,0,0,0,0,0,49,0,0,0,0
org.odpi.openmetadata.adapters.connectors.jacquard.tabulardatasets,org.odpi.openmetadata.frameworks.openmetadata.properties,3,0,1,0,0,0,0,0,0,0,2,0,0,0
org.odpi.openmetadata.adapters.connectors.jacquard.tabulardatasets,org.odpi.openmetadata.frameworks.openmetadata.properties.assets,2,0,0,0,0,0,0,0,0,0,2,0,0,0
org.odpi.openmetadata.adapters.connectors.jacquard.tabulardatasets,org.odpi.openmetadata.frameworks.openmetadata.ffdc,2,0,0,0,0,2,0,0,0,0,0,0,0,0
org.odpi.openmetadata.adapters.connectors.jacquard.tabulardatasets,org.odpi.openmetadata.frameworks.openmetadata.metadataelements,5,4,6,25,0,0,0,0,0,3,0,0,0,0
org.odpi.openmetadata.adapters.connectors.jacquard.tabulardatasets,org.odpi.openmetadata.frameworks.openmetadata.client,1,1,0,0,0,0,0,0,0,0,0,0,0,0
org.odpi.openmetadata.adapters.connectors.jacquard.tabulardatasets,org.odpi.openmetadata.frameworks.openmetadata.connectorcontext,2,3,0,9,0,0,0,0,1,1,0,0,0,0
org.odpi.openmetadata.adapters.connectors.jacquard.tabulardatasets,org.odpi.openmetadata.frameworks.openmetadata.enums,1,0,0,0,0,0,0,0,0,2,0,0,0,0
org.odpi.openmetadata.adapters.connectors.jacquard.tabulardatasets,org.odpi.openmetadata.frameworks.auditlog,3,1,1,3,1,0,1,0,0,1,0,0,0,0
org.odpi.openmetadata.adapters.connectors.jacquard.tabulardatasets,org.odpi.openmetadata.frameworks.connectors,3,0,2,18,0,0,0,2,0,14,0,0,0,0
org.odpi.openmetadata.adapters.connectors.jacquard.tabulardatasets,org.odpi.openmetadata.frameworks.connectors.ffdc,3,0,0,11,0,14,0,0,11,0,0,0,0,0
org.odpi.openmetadata.adapters.connectors.jacquard.tabulardatasets,org.odpi.openmetadata.frameworks.connectors.properties.beans,2,1,1,7,0,0,0,0,0,0,0,0,0,0
org.odpi.openmetadata.adapters.connectors.jacquard.tabulardatasets,org.odpi.openmetadata.frameworks.connectors.tabulardatasets,1,0,0,0,0,0,1,0,0,0,0,0,0,0
org.odpi.openmetadata.adapters.connectors.jacquard.tabulardatasets,org.odpi.openmetadata.frameworks.openmetadata.search,3,2,0,5,0,0,0,0,1,2,0,0,0,0
org.odpi.openmetadata.adapters.connectors.jacquard.tabulardatasets,org.odpi.openmetadata.frameworks.openmetadata.properties.validvalues,1,0,0,0,0,0,0,0,0,0,1,0,0,0
org.odpi.openmetadata.platformchassis.springboot.ffdc,org.odpi.openmetadata.commonservices.ffdc.rest,1,2,0,12,0,0,0,0,2,0,0,0,0,0
org.odpi.openmetadata.viewservices.datadesigner.server.spring,org.odpi.openmetadata.viewservices.datadesigner.server,1,1,0,38,0,0,0,0,1,0,0,0,0,0
org.odpi.openmetadata.viewservices.datadesigner.server.spring,org.odpi.openmetadata.commonservices.ffdc.rest,1,0,37,0,37,0,0,0,0,0,0,0,0,0
org.odpi.openmetadata.engineservices.watchdogaction.handlers,org.odpi.openmetadata.frameworks.auditlog,3,0,3,6,0,0,0,0,0,0,0,0,0,0
org.odpi.openmetadata.engineservices.watchdogaction.handlers,org.odpi.openmetadata.frameworks.openmetadata.ffdc,5,0,0,2,0,9,0,0,2,0,0,0,0,0
org.odpi.openmetadata.engineservices.watchdogaction.handlers,org.odpi.openmetadata.frameworks.openmetadata.client,2,2,1,0,0,0,0,0,0,1,0,0,0,0
org.odpi.openmetadata.engineservices.watchdogaction.handlers,org.odpi.openmetadata.frameworks.openmetadata.properties,0,0,0,3,0,0,0,0,0,0,0,0,0,0
org.odpi.openmetadata.engineservices.watchdogaction.handlers,org.odpi.openmetadata.frameworkservices.gaf.client,6,3,6,4,0,0,0,0,2,2,0,0,0,0
org.odpi.openmetadata.engineservices.watchdogaction.handlers,org.odpi.openmetadata.engineservices.watchdogaction.ffdc,3,0,0,0,0,0,0,0,0,16,0,0,0,0
org.odpi.openmetadata.engineservices.watchdogaction.handlers,org.odpi.openmetadata.adminservices.configuration.registration,1,0,0,0,0,0,0,0,0,2,0,0,0,0
org.odpi.openmetadata.engineservices.watchdogaction.handlers,org.odpi.openmetadata.adminservices.configuration.properties,2,0,2,11,0,0,0,0,0,0,0,0,0,0
org.odpi.openmetadata.engineservices.watchdogaction.handlers,org.odpi.openmetadata.frameworks.opengovernance.controls,1,0,0,0,0,0,0,0,0,4,0,0,0,0
org.odpi.openmetadata.engineservices.watchdogaction.handlers,org.odpi.openmetadata.frameworks.auditlog.messagesets,1,1,0,0,0,0,0,0,0,0,0,0,0,0
org.odpi.openmetadata.engineservices.watchdogaction.handlers,org.odpi.openmetadata.frameworks.connectors,1,0,1,0,0,0,0,0,0,0,0,0,0,0
org.odpi.openmetadata.engineservices.watchdogaction.handlers,org.odpi.openmetadata.frameworks.openmetadata.events,1,0,1,0,0,0,0,0,0,0,0,0,0,0
org.odpi.openmetadata.engineservices.watchdogaction.handlers,org.odpi.openmetadata.frameworks.opengovernance.properties,2,0,0,0,0,0,0,0,0,0,0,0,0,0
org.odpi.openmetadata.engineservices.watchdogaction.handlers,org.odpi.openmetadata.governanceservers.enginehostservices.registration,1,0,0,0,0,0,0,1,0,0,0,0,0,0
org.odpi.openmetadata.engineservices.watchdogaction.handlers,org.odpi.openmetadata.governanceservers.enginehostservices.admin,4,1,1,19,1,0,0,2,0,39,0,0,0,0
org.odpi.openmetadata.engineservices.watchdogaction.handlers,org.odpi.openmetadata.frameworks.openmetadata.refdata,1,2,0,0,0,0,0,0,0,0,0,0,0,0
org.odpi.openmetadata.engineservices.watchdogaction.handlers,org.odpi.openmetadata.frameworkservices.omf.client,1,0,0,1,0,0,0,0,1,0,0,0,0,0
org.odpi.openmetadata.engineservices.watchdogaction.handlers,org.odpi.openmetadata.governanceservers.enginehostservices.api,1,0,0,0,0,0,1,0,0,0,0,0,0,0
org.odpi.openmetadata.engineservices.watchdogaction.handlers,org.odpi.openmetadata.frameworks.openwatchdog,3,3,1,8,0,0,0,0,1,2,1,0,0,0
org.odpi.openmetadata.engineservices.watchdogaction.handlers,org.odpi.openmetadata.frameworks.openmetadata.properties.softwarecapabilities,1,0,1,0,0,0,0,0,0,0,0,0,0,0
org.odpi.openmetadata.engineservices.watchdogaction.handlers,org.odpi.openmetadata.frameworkservices.gaf.client.rest,1,0,0,0,0,0,0,0,0,0,0,0,0,0
org.odpi.openmetadata.engineservices.watchdogaction.handlers,org.odpi.openmetadata.frameworks.openmetadata.types,1,0,0,0,0,0,0,0,0,2,0,0,0,0
org.odpi.openmetadata.engineservices.watchdogaction.handlers,org.odpi.openmetadata.frameworks.openmetadata.search,1,1,0,1,0,0,0,0,1,0,0,0,0,0
org.odpi.openmetadata.frameworks.opengovernance.client,org.odpi.openmetadata.frameworks.openmetadata.search,4,1,1,1,0,0,0,0,1,0,0,0,0,0
org.odpi.openmetadata.frameworks.opengovernance.client,org.odpi.openmetadata.frameworks.opengovernance.properties,6,0,0,0,6,0,0,0,0,0,0,0,0,0
org.odpi.openmetadata.frameworks.opengovernance.client,org.odpi.openmetadata.frameworks.openmetadata.ffdc,13,0,0,0,0,58,0,0,0,0,0,0,0,0
org.odpi.openmetadata.frameworks.opengovernance.client,org.odpi.openmetadata.frameworks.openmetadata.refdata,1,0,1,0,0,0,0,0,0,0,0,0,0,0
org.odpi.openmetadata.frameworks.opengovernance.client,org.odpi.openmetadata.frameworks.openmetadata.events,1,0,0,0,0,0,0,0,0,0,0,0,0,0
org.odpi.openmetadata.frameworks.opengovernance.client,org.odpi.openmetadata.frameworks.opengovernance,1,0,1,0,0,0,0,0,0,0,0,0,0,0
org.odpi.openmetadata.frameworks.opengovernance.client,org.odpi.openmetadata.frameworks.openmetadata.properties,2,0,0,0,0,0,0,0,0,0,0,0,0,0
org.odpi.openmetadata.frameworks.opengovernance.client,org.odpi.openmetadata.frameworks.openmetadata.enums,1,0,2,0,0,0,0,0,0,0,0,0,0,0
org.odpi.openmetadata.frameworks.openmetadata.properties.feedback,org.odpi.openmetadata.frameworks.openmetadata.types,14,0,0,0,0,0,0,0,0,28,0,0,0,0
org.odpi.openmetadata.frameworks.openmetadata.properties.feedback,org.odpi.openmetadata.frameworks.openmetadata.properties,15,0,0,51,0,0,0,14,0,50,0,0,0,0
org.odpi.openmetadata.frameworks.openmetadata.properties.feedback,org.odpi.openmetadata.frameworks.openmetadata.enums,2,2,2,0,2,0,0,0,0,2,0,0,0,0
org.odpi.openmetadata.frameworks.opensurvey.measurements,org.odpi.openmetadata.frameworks.openmetadata.types,5,0,0,0,0,0,0,0,0,126,0,0,0,0
org.odpi.openmetadata.adminservices.server,org.odpi.openmetadata.frameworks.connectors.properties.beans,9,22,21,27,3,0,0,0,0,11,2,0,0,0
org.odpi.openmetadata.adminservices.server,org.odpi.openmetadata.commonservices.ffdc.rest,14,95,4,120,96,0,0,0,97,6,0,0,0,0
org.odpi.openmetadata.adminservices.server,org.odpi.openmetadata.commonservices.ffdc,24,128,0,463,0,0,0,0,16,0,0,0,0,0
org.odpi.openmetadata.adminservices.server,org.odpi.openmetadata.adminservices.rest,10,22,8,55,21,0,0,0,22,0,0,0,0,0
org.odpi.openmetadata.adminservices.server,org.odpi.openmetadata.adminservices.configuration.properties,6,167,62,397,9,0,0,0,10,88,0,0,0,0
org.odpi.openmetadata.adminservices.server,org.odpi.openmetadata.adminservices.configuration.registration,18,6,8,7,0,0,0,0,0,271,0,0,0,0
org.odpi.openmetadata.adminservices.server,org.odpi.openmetadata.tokencontroller,8,0,0,109,0,0,0,8,0,109,0,0,0,0
org.odpi.openmetadata.adminservices.server,org.odpi.openmetadata.adminservices.registration,2,0,0,6,0,0,0,0,0,6,0,0,0,0
org.odpi.openmetadata.adminservices.server,org.odpi.openmetadata.repositoryservices.admin,6,26,0,52,0,0,0,0,26,0,0,0,0,0
org.odpi.openmetadata.adminservices.server,org.odpi.openmetadata.adapters.repositoryservices,3,14,0,28,0,0,0,0,14,0,0,0,0,0
org.odpi.openmetadata.adminservices.server,org.odpi.openmetadata.frameworks.openmetadata.ffdc,6,0,0,33,0,30,0,0,33,0,0,0,0,0
org.odpi.openmetadata.adminservices.server,org.odpi.openmetadata.frameworks.auditlog,2,0,0,0,0,0,0,0,0,6,0,0,0,0
org.odpi.openmetadata.adminservices.server,org.odpi.openmetadata.adminservices.ffdc.exception,3,0,0,13,0,10,0,0,13,0,0,0,0,0
org.odpi.openmetadata.adminservices.server,org.odpi.openmetadata.adminservices.ffdc,3,0,0,0,0,0,0,0,0,84,0,0,0,0
org.odpi.openmetadata.adminservices.server,org.odpi.openmetadata.adminservices.properties,1,1,0,4,0,0,0,0,1,0,0,0,0,0
org.odpi.openmetadata.adminservices.server,org.odpi.openmetadata.adminservices.client,1,1,0,2,0,0,0,0,1,0,0,0,0,0
org.odpi.openmetadata.adminservices.server,org.odpi.openmetadata.adminservices.classifier,1,1,0,2,0,0,0,0,1,0,0,0,0,0
org.odpi.openmetadata.adminservices.server,org.odpi.openmetadata.metadatasecurity.server,3,2,0,47,0,0,0,0,2,37,0,0,0,0
org.odpi.openmetadata.adminservices.server,org.odpi.openmetadata.frameworks.connectors,2,4,0,6,0,0,0,0,2,0,0,0,0,0
org.odpi.openmetadata.adminservices.server,org.odpi.openmetadata.adminservices.store,1,6,0,7,2,0,0,0,0,0,2,0,0,0
org.odpi.openmetadata.viewservices.schemamaker.server,org.odpi.openmetadata.commonservices.multitenant,3,2,0,37,0,0,0,2,2,2,0,0,0,0
org.odpi.openmetadata.viewservices.schemamaker.server,org.odpi.openmetadata.frameworks.openmetadata.handlers,6,14,2,16,4,0,0,0,0,4,0,0,0,0
org.odpi.openmetadata.viewservices.schemamaker.server,org.odpi.openmetadata.frameworks.openmetadata.ffdc,5,0,0,0,0,10,0,0,0,0,0,0,0,0
org.odpi.openmetadata.viewservices.schemamaker.server,org.odpi.openmetadata.adminservices.configuration.registration,5,3,0,6,0,0,0,0,1,8,0,0,0,0
org.odpi.openmetadata.viewservices.schemamaker.server,org.odpi.openmetadata.adminservices.configuration.properties,1,0,0,0,0,0,0,0,0,0,0,0,0,0
org.odpi.openmetadata.viewservices.schemamaker.server,org.odpi.openmetadata.frameworks.auditlog,2,14,1,0,0,0,0,0,0,14,0,0,0,0
org.odpi.openmetadata.viewservices.schemamaker.server,org.odpi.openmetadata.frameworks.openmetadata.properties.schema,2,0,0,0,0,0,0,0,0,4,4,0,0,0
org.odpi.openmetadata.viewservices.schemamaker.server,org.odpi.openmetadata.adminservices.registration,1,0,0,1,0,0,0,0,0,1,0,0,0,0
org.odpi.openmetadata.viewservices.schemamaker.server,org.odpi.openmetadata.viewservices.schemamaker.admin,1,0,0,0,0,0,0,0,0,1,0,0,0,0
org.odpi.openmetadata.viewservices.schemamaker.server,org.odpi.openmetadata.tokencontroller,1,0,0,14,0,0,0,1,0,14,0,0,0,0
org.odpi.openmetadata.viewservices.schemamaker.server,org.odpi.openmetadata.commonservices.ffdc.rest,0,14,14,50,14,0,0,0,14,0,0,0,0,0
org.odpi.openmetadata.viewservices.schemamaker.server,org.odpi.openmetadata.commonservices.ffdc,3,16,0,70,0,0,0,0,2,0,0,0,0,0
org.odpi.openmetadata.adapters.connectors.organizationinsight.karmapoints,org.odpi.openmetadata.adapters.connectors,1,0,0,0,0,0,0,0,0,2,0,0,0,0
org.odpi.openmetadata.adapters.connectors.organizationinsight.karmapoints,org.odpi.openmetadata.adapters.connectors.organizationinsight.ffdc,2,0,0,0,0,0,0,0,0,14,0,0,0,0
org.odpi.openmetadata.adapters.connectors.organizationinsight.karmapoints,org.odpi.openmetadata.frameworks.openwatchdog.controls,2,0,0,1,0,0,0,0,0,5,0,0,0,0
org.odpi.openmetadata.adapters.connectors.organizationinsight.karmapoints,org.odpi.openmetadata.frameworks.openwatchdog,3,1,0,5,0,0,0,2,1,28,0,0,0,0
org.odpi.openmetadata.adapters.connectors.organizationinsight.karmapoints,org.odpi.openmetadata.frameworks.openmetadata.types,1,0,0,0,0,0,0,0,0,2,0,0,0,0
org.odpi.openmetadata.adapters.connectors.organizationinsight.karmapoints,org.odpi.openmetadata.frameworks.openmetadata.search,0,0,0,1,0,0,0,0,0,0,0,0,0,0
org.odpi.openmetadata.adapters.connectors.organizationinsight.karmapoints,org.odpi.openmetadata.frameworks.openmetadata.properties.actors,2,2,0,5,0,0,0,0,2,0,2,0,0,0
org.odpi.openmetadata.adapters.connectors.organizationinsight.karmapoints,org.odpi.openmetadata.frameworks.openmetadata.ffdc,1,0,0,0,0,1,0,0,0,0,0,0,0,0
org.odpi.openmetadata.adapters.connectors.organizationinsight.karmapoints,org.odpi.openmetadata.frameworks.openmetadata.events,2,0,1,9,0,0,0,0,0,2,0,0,0,0
org.odpi.openmetadata.adapters.connectors.organizationinsight.karmapoints,org.odpi.openmetadata.frameworks.openmetadata.connectorcontext,3,4,0,11,0,0,0,0,0,0,0,0,0,0
org.odpi.openmetadata.adapters.connectors.organizationinsight.karmapoints,org.odpi.openmetadata.frameworks.openmetadata.properties,1,1,0,3,0,0,0,0,0,0,0,0,0,0
org.odpi.openmetadata.adapters.connectors.organizationinsight.karmapoints,org.odpi.openmetadata.frameworks.openmetadata.metadataelements,1,1,0,29,0,0,0,0,0,0,0,0,0,0
org.odpi.openmetadata.adapters.connectors.organizationinsight.karmapoints,org.odpi.openmetadata.frameworks.opengovernance.ffdc,1,0,0,1,0,0,0,0,1,0,0,0,0,0
org.odpi.openmetadata.adapters.connectors.organizationinsight.karmapoints,org.odpi.openmetadata.frameworks.connectors.ffdc,1,0,0,0,0,1,0,0,0,0,0,0,0,0
org.odpi.openmetadata.adapters.connectors.organizationinsight.karmapoints,org.odpi.openmetadata.frameworks.auditlog.messagesets,1,1,0,0,0,0,0,0,0,0,0,0,0,0
org.odpi.openmetadata.adapters.connectors.organizationinsight.karmapoints,org.odpi.openmetadata.frameworks.auditlog,0,0,0,6,0,0,0,0,0,0,0,0,0,0
org.odpi.openmetadata.adapters.connectors.integration.jdbc.transfer,org.odpi.openmetadata.frameworks.auditlog,7,7,7,31,0,0,0,0,0,7,0,0,0,0
org.odpi.openmetadata.adapters.connectors.integration.jdbc.transfer,org.odpi.openmetadata.frameworks.openmetadata.properties.schema,3,3,1,5,2,0,0,0,2,1,0,0,0,0
org.odpi.openmetadata.adapters.connectors.integration.jdbc.transfer,org.odpi.openmetadata.frameworks.openmetadata.properties.schema.databases,3,6,0,3,3,0,0,0,3,0,0,0,0,0
org.odpi.openmetadata.adapters.connectors.integration.jdbc.transfer,org.odpi.openmetadata.frameworks.openmetadata.properties.assets.databases,3,4,0,4,2,0,0,0,2,0,1,0,0,0
org.odpi.openmetadata.adapters.connectors.integration.jdbc.transfer,org.odpi.openmetadata.adapters.connectors.integration.jdbc.transfer.requests,13,9,7,73,0,0,0,0,2,46,0,0,0,0
org.odpi.openmetadata.adapters.connectors.integration.jdbc.transfer,org.odpi.openmetadata.adapters.connectors.integration.jdbc.transfer.model,8,0,26,47,0,0,0,0,0,22,0,0,0,0
org.odpi.openmetadata.adapters.connectors.integration.jdbc.transfer,org.odpi.openmetadata.adapters.connectors.integration.jdbc.ffdc,7,0,0,0,0,0,0,0,0,10,0,0,0,0
org.odpi.openmetadata.adapters.connectors.integration.jdbc.transfer,org.odpi.openmetadata.frameworks.openmetadata.metadataelements,7,9,42,21,6,0,0,0,0,32,0,0,0,0
org.odpi.openmetadata.adapters.connectors.integration.jdbc.transfer,org.odpi.openmetadata.frameworks.openmetadata.properties.assets,1,0,0,1,0,0,0,0,0,0,2,0,0,0
org.odpi.openmetadata.adapters.connectors.integration.jdbc.transfer,org.odpi.openmetadata.adapters.connectors.integration.jdbc.transfer.customization,1,1,1,25,0,0,0,0,0,1,0,0,0,0
org.odpi.openmetadata.adapters.connectors.integration.jdbc.transfer,org.odpi.openmetadata.frameworks.openmetadata.properties,0,0,0,40,0,0,0,0,0,0,0,0,0,0
org.odpi.openmetadata.adapters.connectors.integration.jdbc.transfer,org.odpi.openmetadata.frameworks.integration.context,1,0,1,1,0,0,0,0,0,0,0,0,0,0
org.odpi.openmetadata.viewservices.assetcatalog.ffdc,org.odpi.openmetadata.frameworks.auditlog.messagesets,2,1,0,3,2,0,0,0,2,0,0,0,0,0
org.odpi.openmetadata.viewservices.assetcatalog.ffdc,org.odpi.openmetadata.frameworks.auditlog,1,1,1,0,0,0,0,0,0,13,0,0,0,0
org.odpi.openmetadata.accessservices.governanceserver.fvt.duplicates,org.odpi.openmetadata.frameworkservices.gaf.client.rest,1,1,0,1,0,0,0,0,1,0,0,0,0,0
org.odpi.openmetadata.accessservices.governanceserver.fvt.duplicates,org.odpi.openmetadata.frameworks.openmetadata.search,4,8,0,54,0,0,0,0,17,21,0,0,0,0
org.odpi.openmetadata.accessservices.governanceserver.fvt.duplicates,org.odpi.openmetadata.frameworks.openmetadata.types,2,0,0,0,0,0,0,0,0,100,0,0,0,0
org.odpi.openmetadata.accessservices.governanceserver.fvt.duplicates,org.odpi.openmetadata.fvt.utilities.exceptions,1,0,0,33,0,11,0,0,33,0,0,0,0,0
org.odpi.openmetadata.accessservices.governanceserver.fvt.duplicates,org.odpi.openmetadata.fvt.utilities,1,1,0,5,1,0,0,0,1,0,0,0,0,0
org.odpi.openmetadata.accessservices.governanceserver.fvt.duplicates,org.odpi.openmetadata.fvt.utilities.auditlog,1,0,1,0,0,0,0,0,0,0,0,0,0,0
org.odpi.openmetadata.accessservices.governanceserver.fvt.duplicates,org.odpi.openmetadata.frameworks.openmetadata.metadataelements,0,0,0,3,0,0,0,0,0,0,0,0,0,0
org.odpi.openmetadata.accessservices.governanceserver.fvt.duplicates,org.odpi.openmetadata.frameworks.openmetadata.properties,2,10,3,27,3,0,0,0,0,3,0,0,0,0
org.odpi.openmetadata.accessservices.governanceserver.fvt.duplicates,org.odpi.openmetadata.frameworks.openmetadata.ffdc,3,0,0,0,0,21,0,0,0,0,0,0,0,0
org.odpi.openmetadata.accessservices.governanceserver.fvt.duplicates,org.odpi.openmetadata.adminservices.configuration.registration,1,0,0,0,0,0,0,0,0,5,0,0,0,0
org.odpi.openmetadata.accessservices.governanceserver.fvt.duplicates,org.odpi.openmetadata.frameworks.auditlog,1,1,0,1,0,0,0,0,1,0,0,0,0,0
org.odpi.openmetadata.viewservices.projectmanager.server,org.odpi.openmetadata.adminservices.configuration.registration,5,3,0,3,0,0,0,0,1,8,0,0,0,0
org.odpi.openmetadata.viewservices.projectmanager.server,org.odpi.openmetadata.commonservices.multitenant,2,0,0,48,0,0,0,2,0,0,0,0,0,0
org.odpi.openmetadata.viewservices.projectmanager.server,org.odpi.openmetadata.frameworks.auditlog,2,22,1,0,0,0,0,0,0,22,0,0,0,0
org.odpi.openmetadata.viewservices.projectmanager.server,org.odpi.openmetadata.frameworks.openmetadata.search,2,1,1,9,0,0,0,0,1,0,0,0,0,0
org.odpi.openmetadata.viewservices.projectmanager.server,org.odpi.openmetadata.frameworks.openmetadata.types,1,0,0,0,0,0,0,0,0,6,0,0,0,0
org.odpi.openmetadata.viewservices.projectmanager.server,org.odpi.openmetadata.frameworks.openmetadata.client,1,1,0,0,0,0,0,0,0,0,0,0,0,0
org.odpi.openmetadata.viewservices.projectmanager.server,org.odpi.openmetadata.frameworks.openmetadata.ffdc,4,0,0,0,0,4,0,0,0,0,0,0,0,0
org.odpi.openmetadata.viewservices.projectmanager.server,org.odpi.openmetadata.frameworks.openmetadata.handlers,3,23,0,35,2,0,0,0,1,1,0,0,0,0
org.odpi.openmetadata.viewservices.projectmanager.server,org.odpi.openmetadata.frameworks.openmetadata.properties.projects,0,0,0,0,0,0,0,0,0,6,6,0,0,0
org.odpi.openmetadata.viewservices.projectmanager.server,org.odpi.openmetadata.frameworks.openmetadata.properties.actors,1,0,0,0,0,0,0,0,0,1,1,0,0,0
org.odpi.openmetadata.viewservices.projectmanager.server,org.odpi.openmetadata.tokencontroller,1,0,0,22,0,0,0,1,0,22,0,0,0,0
org.odpi.openmetadata.viewservices.projectmanager.server,org.odpi.openmetadata.commonservices.ffdc,3,24,0,101,0,0,0,0,2,0,0,0,0,0
org.odpi.openmetadata.viewservices.projectmanager.server,org.odpi.openmetadata.commonservices.ffdc.rest,0,22,21,63,22,0,0,0,22,0,0,0,0,0
org.odpi.openmetadata.viewservices.projectmanager.server,org.odpi.openmetadata.frameworkservices.omf.client,1,0,0,1,0,0,0,0,1,0,0,0,0,0
org.odpi.openmetadata.viewservices.projectmanager.server,org.odpi.openmetadata.adminservices.registration,1,0,0,1,0,0,0,0,0,1,0,0,0,0
org.odpi.openmetadata.viewservices.projectmanager.server,org.odpi.openmetadata.viewservices.projectmanager.admin,1,0,0,0,0,0,0,0,0,1,0,0,0,0
org.odpi.openmetadata.samples.archiveutilities.organization,org.odpi.openmetadata.frameworks.openmetadata.mapper,1,0,0,1,0,0,0,0,0,0,0,0,0,0
org.odpi.openmetadata.samples.archiveutilities.organization,org.odpi.openmetadata.frameworks.openmetadata.enums,1,0,0,0,0,0,0,0,0,2,0,0,0,0
org.odpi.openmetadata.samples.archiveutilities.organization,org.odpi.openmetadata.frameworks.openmetadata.types,3,0,0,0,0,0,0,0,0,22,0,0,0,0
org.odpi.openmetadata.samples.archiveutilities.organization,org.odpi.openmetadata.samples.archiveutilities,1,0,0,26,0,0,0,1,0,19,0,0,0,0
org.odpi.openmetadata.samples.archiveutilities.organization,org.odpi.openmetadata.frameworks.openmetadata.refdata,2,1,1,1,1,0,0,0,0,95,0,0,0,0
org.odpi.openmetadata.viewservices.automatedcuration.server.spring,org.odpi.openmetadata.commonservices.ffdc.rest,0,0,8,0,8,0,0,0,0,0,0,0,0,0
org.odpi.openmetadata.viewservices.automatedcuration.server.spring,org.odpi.openmetadata.viewservices.automatedcuration.server,1,1,0,14,0,0,0,0,1,0,0,0,0,0
org.odpi.openmetadata.viewservices.automatedcuration.server.spring,org.odpi.openmetadata.viewservices.automatedcuration.rest,3,0,0,0,4,0,0,0,0,0,0,0,0,0
org.odpi.openmetadata.viewservices.automatedcuration.server.spring,org.odpi.openmetadata.frameworkservices.gaf.rest,4,0,3,0,1,0,0,0,0,0,0,0,0,0
org.odpi.openmetadata.adminservices.registration,org.odpi.openmetadata.adminservices.configuration.registration,2,4,6,4,2,0,0,0,0,4,0,0,0,0
org.odpi.openmetadata.adminservices.registration,org.odpi.openmetadata.repositoryservices.connectors.stores.metadatacollectionstore.repositoryconnector,1,0,1,0,0,0,0,0,0,0,0,0,0,0
org.odpi.openmetadata.adminservices.registration,org.odpi.openmetadata.repositoryservices.connectors.openmetadatatopic,2,0,0,0,1,0,0,0,0,5,0,0,0,0
org.odpi.openmetadata.adminservices.registration,org.odpi.openmetadata.repositoryservices.connectors.omrstopic,2,0,3,1,0,0,0,0,0,0,0,0,0,0
org.odpi.openmetadata.adminservices.registration,org.odpi.openmetadata.adminservices.ffdc,6,0,0,0,0,0,0,0,0,48,0,0,0,0
org.odpi.openmetadata.adminservices.registration,org.odpi.openmetadata.adminservices.ffdc.exception,3,0,0,11,0,18,0,0,11,0,0,0,0,0
org.odpi.openmetadata.adminservices.registration,org.odpi.openmetadata.adminservices.configuration.properties,3,0,3,0,0,0,0,0,0,0,0,0,0,0
org.odpi.openmetadata.adminservices.registration,org.odpi.openmetadata.frameworks.auditlog,3,0,15,13,0,0,0,0,0,0,0,0,0,0
org.odpi.openmetadata.adminservices.registration,org.odpi.openmetadata.frameworks.connectors.properties.beans,0,3,4,20,2,0,0,0,3,3,0,0,0,0
org.odpi.openmetadata.adminservices.registration,org.odpi.openmetadata.frameworks.connectors,3,3,0,4,0,0,0,0,1,0,1,0,0,0
org.odpi.openmetadata.samples.governanceactions.ffdc,org.odpi.openmetadata.frameworks.auditlog.messagesets,4,2,0,6,4,0,0,0,4,0,0,0,0,0
org.odpi.openmetadata.samples.governanceactions.ffdc,org.odpi.openmetadata.frameworks.auditlog,1,1,1,0,0,0,0,0,0,11,0,0,0,0
org.odpi.openmetadata.commonservices.ffdc,org.odpi.openmetadata.repositoryservices.connectors.stores.metadatacollectionstore.repositoryconnector,1,0,2,3,0,0,0,0,0,0,0,0,0,0
org.odpi.openmetadata.commonservices.ffdc,org.odpi.openmetadata.repositoryservices.connectors.stores.metadatacollectionstore.properties.instances,1,0,1,2,0,0,0,0,0,0,0,0,0,0
org.odpi.openmetadata.commonservices.ffdc,org.odpi.openmetadata.repositoryservices.connectors.stores.metadatacollectionstore.properties.typedefs,1,2,0,2,1,0,0,0,0,2,0,0,0,0
org.odpi.openmetadata.commonservices.ffdc,org.odpi.openmetadata.frameworks.auditlog.requestid,2,1,3,13,0,0,0,0,1,0,0,0,0,0
org.odpi.openmetadata.commonservices.ffdc,org.odpi.openmetadata.frameworks.auditlog.messagesets,5,3,0,11,4,0,0,0,4,0,0,0,0,0
org.odpi.openmetadata.commonservices.ffdc,org.odpi.openmetadata.frameworks.auditlog,3,2,3,3,0,0,0,0,1,5,0,0,0,0
org.odpi.openmetadata.commonservices.ffdc,org.odpi.openmetadata.frameworks.connectors.properties.beans,1,0,1,1,0,0,0,0,0,0,0,0,0,0
org.odpi.openmetadata.commonservices.ffdc,org.odpi.openmetadata.frameworks.openmetadata.ffdc,5,9,5,50,0,42,0,0,37,12,3,0,0,0
org.odpi.openmetadata.commonservices.ffdc,org.odpi.openmetadata.commonservices.ffdc.rest,2,0,18,57,0,0,0,0,0,0,0,0,0,0
org.odpi.openmetadata.frameworks.opengovernance.controls,org.odpi.openmetadata.frameworks.openmetadata.specificationproperties,4,6,4,24,4,0,0,0,6,4,0,0,0,0
org.odpi.openmetadata.frameworks.opengovernance.controls,org.odpi.openmetadata.frameworks.openmetadata.refdata,2,1,1,0,1,0,0,0,0,19,0,0,0,0
org.odpi.openmetadata.frameworks.opengovernance.controls,org.odpi.openmetadata.frameworks.openmetadata.types,1,0,0,0,0,0,0,0,0,28,0,0,0,0
org.odpi.openmetadata.governanceservers.integrationdaemonservices.handlers,org.odpi.openmetadata.frameworks.connectors.properties.beans,2,2,3,10,1,0,0,0,0,3,0,0,0,0
org.odpi.openmetadata.governanceservers.integrationdaemonservices.handlers,org.odpi.openmetadata.frameworks.opengovernance.properties,3,3,4,53,0,0,0,0,0,2,0,0,0,0
org.odpi.openmetadata.governanceservers.integrationdaemonservices.handlers,org.odpi.openmetadata.frameworks.connectors.ffdc,0,0,0,0,0,2,0,0,0,0,0,0,0,0
org.odpi.openmetadata.governanceservers.integrationdaemonservices.handlers,org.odpi.openmetadata.frameworks.openmetadata.connectorcontext,0,0,0,1,0,0,0,0,0,0,0,0,0,0
org.odpi.openmetadata.governanceservers.integrationdaemonservices.handlers,org.odpi.openmetadata.frameworks.integration.contextmanager,2,2,2,1,1,0,0,0,0,2,0,0,0,0
org.odpi.openmetadata.governanceservers.integrationdaemonservices.handlers,org.odpi.openmetadata.frameworks.integration.context,2,2,0,3,0,0,0,0,1,2,0,0,0,0
org.odpi.openmetadata.governanceservers.integrationdaemonservices.handlers,org.odpi.openmetadata.frameworks.integration.connectors,2,1,0,5,0,0,0,0,0,2,2,0,0,0
org.odpi.openmetadata.governanceservers.integrationdaemonservices.handlers,org.odpi.openmetadata.frameworks.auditlog,2,2,2,20,0,0,0,0,0,2,0,0,0,0
org.odpi.openmetadata.governanceservers.integrationdaemonservices.handlers,org.odpi.openmetadata.frameworks.connectors,2,2,0,4,1,0,0,0,1,1,0,0,0,0
org.odpi.openmetadata.governanceservers.integrationdaemonservices.handlers,org.odpi.openmetadata.frameworks.auditlog.requestid,1,1,0,3,0,0,0,0,1,0,0,0,0,0
org.odpi.openmetadata.governanceservers.integrationdaemonservices.handlers,org.odpi.openmetadata.frameworks.openmetadata.properties.softwarecapabilities,1,1,0,0,0,0,0,0,0,1,0,0,0,0
org.odpi.openmetadata.governanceservers.integrationdaemonservices.handlers,org.odpi.openmetadata.frameworks.openmetadata.properties.assets.processes.connectors,0,0,0,16,0,0,0,0,0,0,0,0,0,0
org.odpi.openmetadata.governanceservers.integrationdaemonservices.handlers,org.odpi.openmetadata.frameworks.openmetadata.ffdc,7,0,0,1,0,16,0,0,1,0,3,0,0,0
org.odpi.openmetadata.governanceservers.integrationdaemonservices.handlers,org.odpi.openmetadata.frameworks.openmetadata.enums,2,2,1,0,0,0,0,0,0,4,0,0,0,0
org.odpi.openmetadata.governanceservers.integrationdaemonservices.handlers,org.odpi.openmetadata.frameworks.openmetadata.metadataelements,0,0,0,5,0,0,0,0,0,0,0,0,0,0
org.odpi.openmetadata.governanceservers.integrationdaemonservices.handlers,org.odpi.openmetadata.governanceservers.integrationdaemonservices.properties,5,4,3,31,3,0,0,0,3,44,0,0,0,0
org.odpi.openmetadata.governanceservers.integrationdaemonservices.handlers,org.odpi.openmetadata.governanceservers.integrationdaemonservices.ffdc,3,0,0,0,0,0,0,0,0,42,0,0,0,0
org.odpi.openmetadata.governanceservers.integrationdaemonservices.handlers,org.odpi.openmetadata.governanceservers.integrationdaemonservices.threads,2,2,0,8,0,0,0,0,2,2,0,0,0,0
org.odpi.openmetadata.governanceservers.integrationdaemonservices.handlers,org.odpi.openmetadata.frameworkservices.gaf.client,1,1,1,4,0,0,0,0,0,1,0,0,0,0
org.odpi.openmetadata.governanceservers.integrationdaemonservices.handlers,org.odpi.openmetadata.frameworks.openmetadata.properties,0,0,0,1,0,0,0,0,0,0,0,0,0,0
org.odpi.openmetadata.platformchassis.springboot,org.odpi.openmetadata.http,1,0,0,1,0,0,0,0,0,1,0,0,0,0
org.odpi.openmetadata.platformchassis.springboot,org.odpi.openmetadata.tokenmanager.http,1,0,1,1,0,0,0,0,1,1,0,0,0,0
org.odpi.openmetadata.platformchassis.springboot,org.odpi.openmetadata.serveroperations.rest,1,1,0,1,0,0,0,0,0,0,0,0,0,0
org.odpi.openmetadata.platformchassis.springboot,org.odpi.openmetadata.serveroperations.server,1,1,0,3,0,0,0,0,1,0,0,0,0,0
org.odpi.openmetadata.platformchassis.springboot,org.odpi.openmetadata.metadatasecurity.server,1,0,0,1,0,0,0,0,0,1,0,0,0,0
org.odpi.openmetadata.platformchassis.springboot,org.odpi.openmetadata.commonservices.multitenant,1,1,0,2,0,0,0,0,1,0,0,0,0,0
org.odpi.openmetadata.platformchassis.springboot,org.odpi.openmetadata.commonservices.ffdc.rest,0,0,0,2,0,0,0,0,0,0,0,0,0,0
org.odpi.openmetadata.platformchassis.springboot,org.odpi.openmetadata.adminservices.server,1,1,0,4,0,0,0,0,1,0,0,0,0,0
org.odpi.openmetadata.platformchassis.springboot,org.odpi.openmetadata.adminservices.configuration.properties,1,1,0,0,1,0,0,0,0,1,0,0,0,0
org.odpi.openmetadata.platformchassis.springboot,org.odpi.openmetadata.frameworks.connectors.properties.beans,0,10,1,24,0,0,0,0,10,3,0,0,0,0
org.odpi.openmetadata.platformchassis.springboot,org.odpi.openmetadata.frameworks.connectors.controls,2,0,0,0,0,0,0,0,0,4,0,0,0,0
org.odpi.openmetadata.adapters.connectors.datastore.basicfile,org.odpi.openmetadata.frameworks.openmetadata.ffdc,1,0,0,0,0,1,0,0,0,0,0,0,0,0
org.odpi.openmetadata.adapters.connectors.datastore.basicfile,org.odpi.openmetadata.frameworks.connectors.properties.beans,3,2,1,14,0,0,0,0,0,0,0,0,0,0
org.odpi.openmetadata.adapters.connectors.datastore.basicfile,org.odpi.openmetadata.frameworks.connectors.ffdc,2,0,0,0,0,2,0,0,0,0,0,0,0,0
org.odpi.openmetadata.adapters.connectors.datastore.basicfile,org.odpi.openmetadata.frameworks.auditlog.messagesets,2,2,0,0,0,0,0,0,0,4,0,0,0,0
org.odpi.openmetadata.adapters.connectors.datastore.basicfile,org.odpi.openmetadata.frameworks.connectors,4,0,0,6,0,0,0,4,0,15,0,0,0,0
org.odpi.openmetadata.adapters.connectors.datastore.basicfile,org.odpi.openmetadata.adapters.connectors.datastore.basicfile.ffdc.exception,6,0,0,9,0,34,0,0,9,0,0,0,0,0
org.odpi.openmetadata.adapters.connectors.datastore.basicfile,org.odpi.openmetadata.frameworks.openmetadata.refdata,2,0,0,0,0,0,0,0,0,4,0,0,0,0
org.odpi.openmetadata.adapters.connectors.datastore.basicfile,org.odpi.openmetadata.adapters.connectors,2,0,0,0,0,0,0,0,0,4,0,0,0,0
org.odpi.openmetadata.adapters.connectors.datastore.basicfile,org.odpi.openmetadata.adapters.connectors.datastore.basicfile.ffdc,2,0,2,4,0,0,0,0,0,39,0,0,0,0
org.odpi.openmetadata.adapters.connectors.datastore.basicfile,org.odpi.openmetadata.frameworks.openmetadata.definitions,2,0,0,2,0,0,0,0,2,0,0,0,0,0
org.odpi.openmetadata.adapters.connectors.datastore.basicfile,org.odpi.openmetadata.frameworks.connectors.controls,2,0,0,2,0,0,0,0,0,2,0,0,0,0
org.odpi.openmetadata.viewservices.actionauthor.ffdc,org.odpi.openmetadata.frameworks.auditlog.messagesets,2,1,0,3,2,0,0,0,2,0,0,0,0,0
org.odpi.openmetadata.viewservices.actionauthor.ffdc,org.odpi.openmetadata.frameworks.auditlog,1,1,1,0,0,0,0,0,0,13,0,0,0,0
org.odpi.openmetadata.frameworks.openmetadata.properties.lineage,org.odpi.openmetadata.frameworks.openmetadata.properties,4,0,0,5,0,0,0,1,0,12,0,0,0,0
org.odpi.openmetadata.frameworks.openmetadata.properties.lineage,org.odpi.openmetadata.frameworks.openmetadata.types,8,0,0,0,0,0,0,0,0,16,0,0,0,0
org.odpi.openmetadata.frameworks.openmetadata.properties.lineage,org.odpi.openmetadata.frameworks.openmetadata.properties.actors,3,0,0,0,0,0,0,0,0,0,0,0,0,0
org.odpi.openmetadata.frameworks.openmetadata.properties.lineage,org.odpi.openmetadata.frameworks.openmetadata.properties.digitalbusiness,1,0,0,0,0,0,0,0,0,1,0,0,0,0
org.odpi.openmetadata.governanceservers.integrationdaemonservices.server,org.odpi.openmetadata.frameworks.openmetadata.ffdc,7,1,0,10,0,51,0,0,10,0,0,0,0,0
org.odpi.openmetadata.governanceservers.integrationdaemonservices.server,org.odpi.openmetadata.frameworks.auditlog,3,13,2,8,0,0,0,0,0,13,0,0,0,0
org.odpi.openmetadata.governanceservers.integrationdaemonservices.server,org.odpi.openmetadata.commonservices.multitenant,2,0,0,40,0,0,0,2,0,28,0,0,0,0
org.odpi.openmetadata.governanceservers.integrationdaemonservices.server,org.odpi.openmetadata.frameworks.connectors.properties.beans,3,0,3,0,0,0,0,0,0,0,0,0,0,0
org.odpi.openmetadata.governanceservers.integrationdaemonservices.server,org.odpi.openmetadata.commonservices.ffdc,3,14,0,59,0,0,0,0,2,0,0,0,0,0
org.odpi.openmetadata.governanceservers.integrationdaemonservices.server,org.odpi.openmetadata.frameworks.integration.contextmanager,3,3,2,3,0,0,0,0,0,2,0,0,0,0
org.odpi.openmetadata.governanceservers.integrationdaemonservices.server,org.odpi.openmetadata.adminservices.configuration.registration,3,0,0,0,0,0,0,0,0,8,0,0,0,0
org.odpi.openmetadata.governanceservers.integrationdaemonservices.server,org.odpi.openmetadata.tokencontroller,1,0,0,12,0,0,0,1,0,12,0,0,0,0
org.odpi.openmetadata.governanceservers.integrationdaemonservices.server,org.odpi.openmetadata.governanceservers.integrationdaemonservices.threads,1,2,1,2,0,0,0,0,1,1,0,0,0,0
org.odpi.openmetadata.governanceservers.integrationdaemonservices.server,org.odpi.openmetadata.governanceservers.integrationdaemonservices.handlers,6,16,4,30,0,0,0,0,2,4,0,0,0,0
org.odpi.openmetadata.governanceservers.integrationdaemonservices.server,org.odpi.openmetadata.governanceservers.integrationdaemonservices.ffdc,3,0,0,0,0,0,0,0,0,46,0,0,0,0
org.odpi.openmetadata.governanceservers.integrationdaemonservices.server,org.odpi.openmetadata.commonservices.ffdc.properties,1,1,0,0,0,0,0,0,0,0,0,0,0,0
org.odpi.openmetadata.governanceservers.integrationdaemonservices.server,org.odpi.openmetadata.commonservices.ffdc.rest,0,9,3,14,9,0,0,0,9,0,0,0,0,0
org.odpi.openmetadata.governanceservers.integrationdaemonservices.server,org.odpi.openmetadata.frameworks.integration.connectors,1,0,0,0,0,0,0,0,0,1,0,0,0,0
org.odpi.openmetadata.governanceservers.integrationdaemonservices.server,org.odpi.openmetadata.frameworkservices.gaf.client,3,2,0,3,0,0,0,0,3,0,0,0,0,0
org.odpi.openmetadata.governanceservers.integrationdaemonservices.server,org.odpi.openmetadata.governanceservers.integrationdaemonservices.properties,5,1,2,3,2,0,0,0,1,2,0,0,0,0
org.odpi.openmetadata.governanceservers.integrationdaemonservices.server,org.odpi.openmetadata.adminservices.configuration.properties,1,1,3,15,0,0,0,0,0,0,0,0,0,0
org.odpi.openmetadata.governanceservers.integrationdaemonservices.server,org.odpi.openmetadata.adminservices.ffdc.exception,1,0,0,6,0,4,0,0,6,0,0,0,0,0
org.odpi.openmetadata.governanceservers.integrationdaemonservices.server,org.odpi.openmetadata.governanceservers.integrationdaemonservices.rest,4,3,1,9,3,0,0,0,3,0,0,0,0,0
org.odpi.openmetadata.engineservices.repositorygovernance.admin,org.odpi.openmetadata.governanceservers.enginehostservices.admin,1,0,0,1,0,0,0,1,0,6,0,0,0,0
org.odpi.openmetadata.engineservices.repositorygovernance.admin,org.odpi.openmetadata.governanceservers.enginehostservices.registration,1,0,1,0,0,0,0,0,0,0,0,0,0,0
org.odpi.openmetadata.engineservices.repositorygovernance.admin,org.odpi.openmetadata.frameworks.auditlog,1,0,1,4,0,0,0,0,0,1,0,0,0,0
org.odpi.openmetadata.engineservices.repositorygovernance.admin,org.odpi.openmetadata.engineservices.repositorygovernance.ffdc,2,0,0,0,0,0,0,0,0,10,0,0,0,0
org.odpi.openmetadata.engineservices.repositorygovernance.admin,org.odpi.openmetadata.engineservices.repositorygovernance.server,1,1,0,1,0,0,0,0,1,1,0,0,0,0
org.odpi.openmetadata.engineservices.repositorygovernance.admin,org.odpi.openmetadata.commonservices.multitenant,0,0,0,1,0,0,0,0,0,0,0,0,0,0
org.odpi.openmetadata.engineservices.repositorygovernance.admin,org.odpi.openmetadata.adminservices.configuration.registration,1,0,0,0,0,0,0,0,0,2,0,0,0,0
org.odpi.openmetadata.engineservices.repositorygovernance.admin,org.odpi.openmetadata.adminservices.ffdc.exception,1,0,0,1,0,1,0,0,1,0,0,0,0,0
org.odpi.openmetadata.adapters.connectors.resource.jdbc.ddl.postgres,org.odpi.openmetadata.frameworks.openmetadata.ffdc,1,0,0,1,0,1,0,0,1,0,0,0,0,0
org.odpi.openmetadata.adapters.connectors.resource.jdbc.ddl.postgres,org.odpi.openmetadata.adapters.connectors.resource.jdbc.properties,1,0,0,2,1,0,0,0,0,0,0,0,0,0
org.odpi.openmetadata.adapters.connectors.resource.jdbc.ddl.postgres,org.odpi.openmetadata.adapters.connectors.resource.jdbc.ffdc,1,0,0,0,0,0,0,0,0,2,0,0,0,0
org.odpi.openmetadata.contentpacks.core.apis,org.odpi.openmetadata.adapters.connectors.integration.openapis,1,0,0,1,0,0,0,0,1,0,0,0,0,0
org.odpi.openmetadata.contentpacks.core.apis,org.odpi.openmetadata.samples.archiveutilities,0,0,0,5,0,0,0,0,0,3,0,0,0,0
org.odpi.openmetadata.contentpacks.core.apis,org.odpi.openmetadata.contentpacks.core,2,0,0,0,0,0,0,0,0,26,0,0,0,0
org.odpi.openmetadata.contentpacks.core.apis,org.odpi.openmetadata.contentpacks.core.core,1,0,0,1,0,0,0,0,1,0,0,0,0,0
org.odpi.openmetadata.contentpacks.core.apis,org.odpi.openmetadata.contentpacks.core.egeria,1,0,0,1,0,0,0,0,1,0,0,0,0,0
org.odpi.openmetadata.contentpacks.core.apis,org.odpi.openmetadata.contentpacks.core.base,1,0,0,9,0,0,0,1,0,5,0,0,0,0
org.odpi.openmetadata.contentpacks.core.apis,org.odpi.openmetadata.repositoryservices.connectors.stores.archivestore.properties,1,0,0,1,0,0,0,0,1,0,0,0,0,0
org.odpi.openmetadata.viewservices.governanceofficer.server.spring,org.odpi.openmetadata.viewservices.governanceofficer.server,1,1,0,27,0,0,0,0,1,0,0,0,0,0
org.odpi.openmetadata.viewservices.governanceofficer.server.spring,org.odpi.openmetadata.commonservices.ffdc.rest,1,0,26,0,25,0,0,0,0,0,0,0,0,0
org.odpi.openmetadata.viewservices.governanceofficer.server.spring,org.odpi.openmetadata.frameworkservices.gaf.rest,0,0,0,0,1,0,0,0,0,0,0,0,0,0
org.odpi.openmetadata.viewservices.automatedcuration.properties,org.odpi.openmetadata.frameworks.openmetadata.metadataelements,2,1,2,0,1,0,0,0,0,2,0,0,0,0
org.odpi.openmetadata.viewservices.automatedcuration.properties,org.odpi.openmetadata.frameworks.openmetadata.properties.resources,1,0,1,4,0,0,0,0,0,0,0,0,0,0
org.odpi.openmetadata.viewservices.automatedcuration.properties,org.odpi.openmetadata.frameworks.openmetadata.specificationproperties,1,0,1,0,0,0,0,0,0,1,0,0,0,0
org.odpi.openmetadata.viewservices.automatedcuration.properties,org.odpi.openmetadata.frameworks.openmetadata.properties.templates,1,0,1,4,0,0,0,0,0,0,0,0,0,0
org.odpi.openmetadata.repositoryservices.rest.services,org.odpi.openmetadata.repositoryservices.connectors.stores.metadatacollectionstore,1,2,0,0,2,0,0,0,0,2,0,0,0,0
org.odpi.openmetadata.repositoryservices.rest.services,org.odpi.openmetadata.repositoryservices.connectors.stores.metadatacollectionstore.repositoryconnector,1,0,2,2,0,0,0,0,0,0,0,0,0,0
org.odpi.openmetadata.repositoryservices.rest.services,org.odpi.openmetadata.commonservices.multitenant,3,0,0,5,0,0,0,2,0,6,0,0,0,0
org.odpi.openmetadata.repositoryservices.rest.services,org.odpi.openmetadata.metadataobservability.ffdc,1,0,0,0,0,0,0,0,0,6,0,0,0,0
org.odpi.openmetadata.repositoryservices.rest.services,org.odpi.openmetadata.frameworks.auditlog,2,4,2,3,4,0,0,0,0,2,0,0,0,0
org.odpi.openmetadata.repositoryservices.rest.services,org.odpi.openmetadata.frameworks.openmetadata.ffdc,3,0,0,0,0,7,0,0,0,0,0,0,0,0
org.odpi.openmetadata.repositoryservices.rest.services,org.odpi.openmetadata.frameworks.connectors.properties.beans,1,1,1,0,1,0,0,0,0,1,0,0,0,0
org.odpi.openmetadata.repositoryservices.rest.services,org.odpi.openmetadata.repositoryservices.metadatahighway,1,1,1,0,1,0,0,0,0,1,0,0,0,0
org.odpi.openmetadata.repositoryservices.rest.services,org.odpi.openmetadata.repositoryservices.ffdc.exception,1,0,0,1,0,2,0,0,1,0,0,0,0,0
org.odpi.openmetadata.archiveutilities.designmodels.base,org.odpi.openmetadata.archiveutilities.designmodels.base.properties,1,0,1,0,0,0,0,0,0,0,0,0,0,0
org.odpi.openmetadata.archiveutilities.designmodels.base,org.odpi.openmetadata.opentypes,1,0,0,2,0,0,0,0,1,0,0,0,0,0
org.odpi.openmetadata.archiveutilities.designmodels.base,org.odpi.openmetadata.repositoryservices.archiveutilities,3,3,0,150,0,0,0,0,3,3,0,0,0,0
org.odpi.openmetadata.archiveutilities.designmodels.base,org.odpi.openmetadata.repositoryservices.connectors.stores.metadatacollectionstore.properties.instances,0,49,3,15,0,0,0,0,0,97,0,0,0,0
org.odpi.openmetadata.archiveutilities.designmodels.base,org.odpi.openmetadata.repositoryservices.connectors.stores.archivestore.properties,2,0,3,0,1,0,0,0,0,1,0,0,0,0
org.odpi.openmetadata.archiveutilities.designmodels.base,org.odpi.openmetadata.repositoryservices.connectors.stores.metadatacollectionstore.utilities,0,0,0,47,0,0,0,0,0,0,0,0,0,0
org.odpi.openmetadata.adminservices.configuration.registration,org.odpi.openmetadata.frameworks.openmetadata.refdata,1,0,0,0,0,0,0,0,0,32,0,0,0,0
org.odpi.openmetadata.adminservices.configuration.registration,org.odpi.openmetadata.frameworks.auditlog,8,8,11,0,8,0,0,0,0,123,0,0,0,0
org.odpi.openmetadata.commonservices.ffdc.properties,org.odpi.openmetadata.frameworks.openmetadata.specificationproperties,7,0,9,0,0,0,0,0,0,9,0,0,0,0
org.odpi.openmetadata.commonservices.ffdc.properties,org.odpi.openmetadata.frameworks.connectors.properties.beans,1,1,1,0,1,0,0,0,0,1,0,0,0,0
org.odpi.openmetadata.commonservices.ffdc.properties,org.odpi.openmetadata.frameworks.auditlog,1,1,1,0,1,0,0,0,0,1,0,0,0,0
org.odpi.openmetadata.samples.archiveutilities.governanceengines,org.odpi.openmetadata.frameworks.openmetadata.refdata,6,3,4,4,2,0,0,0,0,129,0,0,0,0
org.odpi.openmetadata.samples.archiveutilities.governanceengines,org.odpi.openmetadata.frameworks.opensurvey,1,0,0,0,0,0,0,0,0,0,1,0,0,0
org.odpi.openmetadata.samples.archiveutilities.governanceengines,org.odpi.openmetadata.frameworks.openmetadata.properties,2,2,2,30,0,0,0,0,10,11,0,0,0,0
org.odpi.openmetadata.samples.archiveutilities.governanceengines,org.odpi.openmetadata.frameworks.openmetadata.definitions,11,1,1,6,6,0,0,0,6,9,0,0,0,0
org.odpi.openmetadata.samples.archiveutilities.governanceengines,org.odpi.openmetadata.samples.governanceactions.clinicaltrials,3,1,0,6,0,0,0,0,6,33,0,0,0,0
org.odpi.openmetadata.samples.archiveutilities.governanceengines,org.odpi.openmetadata.samples.archiveutilities.governanceprogram,2,0,0,1,0,0,0,0,1,20,0,0,0,0
org.odpi.openmetadata.samples.archiveutilities.governanceengines,org.odpi.openmetadata.contentpacks.core.unitycatalog,1,0,0,1,0,0,0,0,1,0,0,0,0,0
org.odpi.openmetadata.samples.archiveutilities.governanceengines,org.odpi.openmetadata.contentpacks.core.postgres,1,0,0,1,0,0,0,0,1,0,0,0,0,0
org.odpi.openmetadata.samples.archiveutilities.governanceengines,org.odpi.openmetadata.contentpacks.core.egeria,1,0,0,1,0,0,0,0,1,0,0,0,0,0
org.odpi.openmetadata.samples.archiveutilities.governanceengines,org.odpi.openmetadata.contentpacks.core.files,1,0,0,1,0,0,0,0,1,0,0,0,0,0
org.odpi.openmetadata.samples.archiveutilities.governanceengines,org.odpi.openmetadata.contentpacks.core.core,1,0,0,1,0,0,0,0,1,0,0,0,0,0
org.odpi.openmetadata.samples.archiveutilities.governanceengines,org.odpi.openmetadata.contentpacks.core,3,0,0,0,0,0,0,0,0,14,0,0,0,0
org.odpi.openmetadata.samples.archiveutilities.governanceengines,org.odpi.openmetadata.samples.archiveutilities,3,1,1,43,1,0,0,1,1,42,0,0,0,0
org.odpi.openmetadata.samples.archiveutilities.governanceengines,org.odpi.openmetadata.samples.governanceactions.clinicaltrials.metadata,1,0,0,0,0,0,0,0,0,20,0,0,0,0
org.odpi.openmetadata.samples.archiveutilities.governanceengines,org.odpi.openmetadata.frameworks.openmetadata.types,5,0,0,0,0,0,0,0,0,18,0,0,0,0
org.odpi.openmetadata.samples.archiveutilities.governanceengines,org.odpi.openmetadata.adapters.connectors.governanceactions.provisioning,3,0,0,1,0,0,0,0,1,1,0,0,0,0
org.odpi.openmetadata.samples.archiveutilities.governanceengines,org.odpi.openmetadata.frameworks.connectors.properties.beans,0,0,0,1,0,0,0,0,0,0,0,0,0,0
org.odpi.openmetadata.samples.archiveutilities.governanceengines,org.odpi.openmetadata.frameworks.opengovernance,1,1,1,6,0,0,0,0,0,1,0,0,0,0
org.odpi.openmetadata.samples.archiveutilities.governanceengines,org.odpi.openmetadata.frameworks.connectors,0,0,0,2,0,0,0,0,0,0,0,0,0,0
org.odpi.openmetadata.samples.archiveutilities.governanceengines,org.odpi.openmetadata.repositoryservices.connectors.stores.archivestore.properties,1,0,0,1,0,0,0,0,1,0,0,0,0,0
org.odpi.openmetadata.samples.archiveutilities.governanceengines,org.odpi.openmetadata.frameworks.opensurvey.controls,1,0,0,0,0,0,0,0,0,0,0,0,0,0
org.odpi.openmetadata.samples.archiveutilities.governanceengines,org.odpi.openmetadata.frameworks.openmetadata.controls,1,0,0,0,0,0,0,0,0,6,0,0,0,0
org.odpi.openmetadata.samples.archiveutilities.governanceengines,org.odpi.openmetadata.adapters.connectors.governanceactions.watchdog,1,0,0,0,0,0,0,0,0,1,0,0,0,0
org.odpi.openmetadata.samples.archiveutilities.governanceengines,org.odpi.openmetadata.adapters.connectors.governanceactions.remediation,4,0,0,0,0,0,0,0,0,2,0,0,0,0
org.odpi.openmetadata.samples.archiveutilities.governanceengines,org.odpi.openmetadata.adapters.connectors.governanceactions.stewardship,1,0,0,0,0,0,0,0,0,0,0,0,0,0
org.odpi.openmetadata.governanceservers.integrationdaemonservices.threads,org.odpi.openmetadata.frameworkservices.gaf.client,1,1,0,1,0,0,0,0,1,1,0,0,0,0
org.odpi.openmetadata.governanceservers.integrationdaemonservices.threads,org.odpi.openmetadata.frameworks.auditlog,3,3,3,11,0,0,0,0,0,3,0,0,0,0
org.odpi.openmetadata.governanceservers.integrationdaemonservices.threads,org.odpi.openmetadata.governanceservers.integrationdaemonservices.listener,1,0,0,1,0,0,0,0,1,0,0,0,0,0
org.odpi.openmetadata.governanceservers.integrationdaemonservices.threads,org.odpi.openmetadata.governanceservers.integrationdaemonservices.handlers,3,3,3,24,0,0,0,0,0,3,0,0,0,0
org.odpi.openmetadata.governanceservers.integrationdaemonservices.threads,org.odpi.openmetadata.governanceservers.integrationdaemonservices.ffdc,3,0,0,0,0,0,0,0,0,22,0,0,0,0
org.odpi.openmetadata.governanceservers.integrationdaemonservices.threads,org.odpi.openmetadata.frameworks.openmetadata.ffdc,2,0,0,0,0,1,0,0,0,0,0,0,0,0
org.odpi.openmetadata.governanceservers.integrationdaemonservices.threads,org.odpi.openmetadata.frameworks.openmetadata.events,1,1,1,1,0,0,0,0,0,1,0,0,0,0
org.odpi.openmetadata.governanceservers.integrationdaemonservices.threads,org.odpi.openmetadata.adminservices.configuration.properties,1,1,1,6,0,0,0,0,0,1,0,0,0,0
org.odpi.openmetadata.viewservices.externallinks.ffdc,org.odpi.openmetadata.frameworks.auditlog.messagesets,4,2,0,6,4,0,0,0,4,0,0,0,0,0
org.odpi.openmetadata.viewservices.externallinks.ffdc,org.odpi.openmetadata.frameworks.auditlog,1,1,1,0,0,0,0,0,0,13,0,0,0,0
org.odpi.openmetadata.adapters.connectors.datastore.csvfile,org.odpi.openmetadata.frameworks.connectors,5,1,0,8,0,0,0,4,0,20,0,0,0,0
org.odpi.openmetadata.adapters.connectors.datastore.csvfile,org.odpi.openmetadata.frameworks.connectors.controls,3,0,0,3,0,0,0,0,0,3,0,0,0,0
org.odpi.openmetadata.adapters.connectors.datastore.csvfile,org.odpi.openmetadata.adapters.connectors.datastore.basicfile.ffdc.exception,6,0,0,8,0,19,0,0,8,0,0,0,0,0
org.odpi.openmetadata.adapters.connectors.datastore.csvfile,org.odpi.openmetadata.adapters.connectors.datastore.basicfile,2,0,0,13,0,0,0,2,0,10,0,0,0,0
org.odpi.openmetadata.adapters.connectors.datastore.csvfile,org.odpi.openmetadata.frameworks.openmetadata.controls,5,0,0,6,0,0,0,0,0,18,0,0,0,0
org.odpi.openmetadata.adapters.connectors.datastore.csvfile,org.odpi.openmetadata.adapters.connectors,3,0,0,0,0,0,0,0,0,6,0,0,0,0
org.odpi.openmetadata.adapters.connectors.datastore.csvfile,org.odpi.openmetadata.adapters.connectors.datastore.csvfile.ffdc,3,0,0,0,0,0,0,0,0,22,0,0,0,0
org.odpi.openmetadata.adapters.connectors.datastore.csvfile,org.odpi.openmetadata.frameworks.openmetadata.definitions,3,0,0,3,0,0,0,0,3,0,0,0,0,0
org.odpi.openmetadata.adapters.connectors.datastore.csvfile,org.odpi.openmetadata.frameworks.openmetadata.refdata,3,0,0,0,0,0,0,0,0,6,0,0,0,0
org.odpi.openmetadata.adapters.connectors.datastore.csvfile,org.odpi.openmetadata.frameworks.connectors.tabulardatasets,8,0,0,0,0,0,3,0,0,5,0,0,0,0
org.odpi.openmetadata.adapters.connectors.datastore.csvfile,org.odpi.openmetadata.frameworks.connectors.ffdc,3,0,0,2,0,12,0,0,2,0,0,0,0,0
org.odpi.openmetadata.adapters.connectors.datastore.csvfile,org.odpi.openmetadata.frameworks.connectors.properties.beans,0,0,0,5,0,0,0,0,0,0,0,0,0,0
org.odpi.openmetadata.adapters.connectors.datastore.csvfile,org.odpi.openmetadata.frameworks.openmetadata.ffdc,2,0,0,0,0,2,0,0,0,0,0,0,0,0
org.odpi.openmetadata.adapters.connectors.datastore.csvfile,org.odpi.openmetadata.frameworks.openmetadata.types,1,0,0,0,0,0,0,0,0,2,0,0,0,0
org.odpi.openmetadata.adapters.connectors.datastore.csvfile,org.odpi.openmetadata.frameworks.auditlog,0,0,0,1,0,0,0,0,0,0,0,0,0,0
org.odpi.openmetadata.viewservices.referencedata.admin,org.odpi.openmetadata.adminservices.registration,1,0,0,1,0,0,0,1,0,1,0,0,0,0
org.odpi.openmetadata.viewservices.referencedata.admin,org.odpi.openmetadata.adminservices.configuration.registration,1,0,0,0,0,0,0,0,0,2,0,0,0,0
org.odpi.openmetadata.viewservices.referencedata.admin,org.odpi.openmetadata.adminservices.ffdc.exception,1,0,0,0,0,1,0,0,0,0,0,0,0,0
org.odpi.openmetadata.viewservices.referencedata.admin,org.odpi.openmetadata.adminservices.configuration.properties,1,0,1,7,0,0,0,0,0,0,0,0,0,0
org.odpi.openmetadata.viewservices.referencedata.admin,org.odpi.openmetadata.viewservices.referencedata.server,1,1,0,1,0,0,0,0,1,1,0,0,0,0
org.odpi.openmetadata.viewservices.referencedata.admin,org.odpi.openmetadata.viewservices.referencedata.ffdc,1,0,0,0,0,0,0,0,0,10,0,0,0,0
org.odpi.openmetadata.viewservices.referencedata.admin,org.odpi.openmetadata.frameworks.auditlog,1,1,1,5,0,0,0,0,0,1,0,0,0,0
org.odpi.openmetadata.viewservices.referencedata.admin,org.odpi.openmetadata.commonservices.multitenant,0,0,0,1,0,0,0,0,0,0,0,0,0,0
org.odpi.openmetadata.viewservices.productmanager.admin,org.odpi.openmetadata.frameworks.auditlog,1,1,1,5,0,0,0,0,0,1,0,0,0,0
org.odpi.openmetadata.viewservices.productmanager.admin,org.odpi.openmetadata.commonservices.multitenant,0,0,0,1,0,0,0,0,0,0,0,0,0,0
org.odpi.openmetadata.viewservices.productmanager.admin,org.odpi.openmetadata.viewservices.productmanager.server,1,1,0,1,0,0,0,0,1,1,0,0,0,0
org.odpi.openmetadata.viewservices.productmanager.admin,org.odpi.openmetadata.viewservices.productmanager.ffdc,1,0,0,0,0,0,0,0,0,10,0,0,0,0
org.odpi.openmetadata.viewservices.productmanager.admin,org.odpi.openmetadata.adminservices.configuration.properties,1,0,1,7,0,0,0,0,0,0,0,0,0,0
org.odpi.openmetadata.viewservices.productmanager.admin,org.odpi.openmetadata.adminservices.ffdc.exception,1,0,0,0,0,1,0,0,0,0,0,0,0,0
org.odpi.openmetadata.viewservices.productmanager.admin,org.odpi.openmetadata.adminservices.configuration.registration,1,0,0,0,0,0,0,0,0,2,0,0,0,0
org.odpi.openmetadata.viewservices.productmanager.admin,org.odpi.openmetadata.adminservices.registration,1,0,0,1,0,0,0,1,0,1,0,0,0,0
org.odpi.openmetadata.frameworks.openmetadata.properties.solutions,org.odpi.openmetadata.frameworks.openmetadata.types,9,0,0,0,0,0,0,0,0,18,0,0,0,0
org.odpi.openmetadata.frameworks.openmetadata.properties.solutions,org.odpi.openmetadata.frameworks.openmetadata.properties,6,0,0,20,0,0,0,6,0,23,0,0,0,0
org.odpi.openmetadata.frameworks.openmetadata.properties.solutions,org.odpi.openmetadata.frameworks.openmetadata.enums,1,1,1,0,1,0,0,0,0,1,0,0,0,0
org.odpi.openmetadata.frameworks.openmetadata.properties.solutions,org.odpi.openmetadata.frameworks.openmetadata.properties.designmodels,3,0,0,13,0,0,0,3,0,10,0,0,0,0
org.odpi.openmetadata.accessservices.assetmanager.fvt.errorhandling,org.odpi.openmetadata.fvt.utilities.exceptions,1,0,0,32,0,21,0,0,32,0,0,0,0,0
org.odpi.openmetadata.accessservices.assetmanager.fvt.errorhandling,org.odpi.openmetadata.fvt.utilities,1,1,0,5,1,0,0,0,1,0,0,0,0,0
org.odpi.openmetadata.accessservices.assetmanager.fvt.errorhandling,org.odpi.openmetadata.fvt.utilities.auditlog,1,0,1,0,0,0,0,0,0,0,0,0,0,0
org.odpi.openmetadata.accessservices.assetmanager.fvt.errorhandling,org.odpi.openmetadata.frameworks.openmetadata.properties.glossaries,1,2,0,2,0,0,0,0,2,0,0,0,0,0
org.odpi.openmetadata.accessservices.assetmanager.fvt.errorhandling,org.odpi.openmetadata.frameworks.auditlog,1,1,3,1,0,0,0,0,1,0,0,0,0,0
org.odpi.openmetadata.accessservices.assetmanager.fvt.errorhandling,org.odpi.openmetadata.frameworks.openmetadata.ffdc,1,0,0,0,0,0,0,0,0,0,0,0,0,0
org.odpi.openmetadata.accessservices.assetmanager.fvt.errorhandling,org.odpi.openmetadata.adminservices.configuration.registration,1,0,0,0,0,0,0,0,0,5,0,0,0,0
org.odpi.openmetadata.frameworks.openmetadata.properties.translations,org.odpi.openmetadata.frameworks.openmetadata.properties,2,0,0,8,0,0,0,2,0,8,0,0,0,0
org.odpi.openmetadata.frameworks.openmetadata.properties.translations,org.odpi.openmetadata.frameworks.openmetadata.types,2,0,0,0,0,0,0,0,0,4,0,0,0,0
org.odpi.openmetadata.viewservices.devopspipeline.server,org.odpi.openmetadata.commonservices.multitenant,2,0,0,3,0,0,0,2,0,0,0,0,0,0
org.odpi.openmetadata.viewservices.devopspipeline.server,org.odpi.openmetadata.adminservices.configuration.registration,5,3,0,2,0,0,0,0,1,8,0,0,0,0
org.odpi.openmetadata.viewservices.devopspipeline.server,org.odpi.openmetadata.frameworkservices.omf.client,1,0,0,1,0,0,0,0,1,0,0,0,0,0
org.odpi.openmetadata.viewservices.devopspipeline.server,org.odpi.openmetadata.commonservices.ffdc,2,2,0,2,0,0,0,0,2,0,0,0,0,0
org.odpi.openmetadata.viewservices.devopspipeline.server,org.odpi.openmetadata.adminservices.registration,1,0,0,1,0,0,0,0,0,1,0,0,0,0
org.odpi.openmetadata.viewservices.devopspipeline.server,org.odpi.openmetadata.viewservices.devopspipeline.admin,1,0,0,0,0,0,0,0,0,1,0,0,0,0
org.odpi.openmetadata.viewservices.devopspipeline.server,org.odpi.openmetadata.frameworks.openmetadata.ffdc,1,0,0,0,0,1,0,0,0,0,0,0,0,0
org.odpi.openmetadata.viewservices.devopspipeline.server,org.odpi.openmetadata.frameworks.openmetadata.client,1,1,0,0,0,0,0,0,0,0,0,0,0,0
org.odpi.openmetadata.viewservices.devopspipeline.server,org.odpi.openmetadata.tokencontroller,1,0,0,0,0,0,0,1,0,0,0,0,0,0
org.odpi.openmetadata.viewservices.devopspipeline.server,org.odpi.openmetadata.frameworks.auditlog,1,0,1,0,0,0,0,0,0,0,0,0,0,0
org.odpi.openmetadata.accessservices.assetmanager.samples.glossaryworkflow,org.odpi.openmetadata.http,1,0,0,1,0,0,0,0,0,1,0,0,0,0
org.odpi.openmetadata.accessservices.assetmanager.samples.glossaryworkflow,org.odpi.openmetadata.frameworks.openmetadata.properties.glossaries,2,2,0,8,0,0,0,0,5,3,0,0,0,0
org.odpi.openmetadata.accessservices.assetmanager.samples.glossaryworkflow,org.odpi.openmetadata.frameworks.openmetadata.properties,0,0,0,14,0,0,0,0,0,0,0,0,0,0
org.odpi.openmetadata.accessservices.assetmanager.samples.glossaryworkflow,org.odpi.openmetadata.frameworks.openmetadata.metadataelements,1,1,0,2,0,0,0,0,0,0,0,0,0,0
org.odpi.openmetadata.frameworks.integration.context,org.odpi.openmetadata.frameworks.openmetadata.metadataelements,1,0,1,2,0,0,0,0,0,0,0,0,0,0
org.odpi.openmetadata.frameworks.integration.context,org.odpi.openmetadata.frameworks.openmetadata.enums,4,1,4,0,1,0,0,0,0,1,0,0,0,0
org.odpi.openmetadata.frameworks.integration.context,org.odpi.openmetadata.frameworks.openmetadata.events,3,1,3,1,0,0,0,0,0,1,0,0,0,0
org.odpi.openmetadata.frameworks.integration.context,org.odpi.openmetadata.frameworks.openmetadata.ffdc,9,0,0,0,0,15,0,0,0,0,0,0,0,0
org.odpi.openmetadata.frameworks.integration.context,org.odpi.openmetadata.frameworks.auditlog,3,0,3,0,0,0,0,0,0,0,0,0,0,0
org.odpi.openmetadata.frameworks.integration.context,org.odpi.openmetadata.frameworks.connectors.client,3,2,3,1,0,0,0,0,0,2,0,0,0,0
org.odpi.openmetadata.frameworks.integration.context,org.odpi.openmetadata.frameworks.openmetadata.client,2,0,2,0,0,0,0,0,0,0,0,0,0,0
org.odpi.openmetadata.frameworks.integration.context,org.odpi.openmetadata.frameworks.integration.openlineage,4,1,4,3,0,0,0,0,0,1,0,0,0,0
org.odpi.openmetadata.frameworks.integration.context,org.odpi.openmetadata.frameworks.opengovernance.client,4,2,4,0,1,0,0,0,0,2,0,0,0,0
org.odpi.openmetadata.frameworks.integration.context,org.odpi.openmetadata.frameworks.openmetadata.connectorcontext,2,1,0,5,0,0,0,1,0,20,0,0,0,0
org.odpi.openmetadata.frameworks.integration.context,org.odpi.openmetadata.frameworks.opengovernance.connectorcontext,2,2,0,2,2,0,0,0,2,2,0,0,0,0
org.odpi.openmetadata.frameworks.integration.context,org.odpi.openmetadata.frameworks.opengovernance.properties,1,0,1,1,0,0,0,0,0,0,0,0,0,0
org.odpi.openmetadata.frameworks.integration.context,org.odpi.openmetadata.frameworks.openmetadata.properties.assets.processes.connectors,0,0,0,3,0,0,0,0,0,0,0,0,0,0
org.odpi.openmetadata.frameworks.integration.context,org.odpi.openmetadata.frameworks.connectors.properties.beans,1,0,0,0,0,0,0,0,0,0,0,0,0,0
org.odpi.openmetadata.frameworks.integration.context,org.odpi.openmetadata.frameworks.connectors.ffdc,0,0,0,0,0,2,0,0,0,0,0,0,0,0
org.odpi.openmetadata.frameworks.integration.context,org.odpi.openmetadata.frameworks.openmetadata.types,1,0,0,0,0,0,0,0,0,2,0,0,0,0
org.odpi.openmetadata.frameworks.integration.context,org.odpi.openmetadata.frameworks.connectors,1,0,0,0,1,0,0,0,0,0,0,0,0,0
org.odpi.openmetadata.frameworks.integration.context,org.odpi.openmetadata.frameworks.openmetadata.reports,0,0,0,2,0,0,0,0,0,0,0,0,0,0
org.odpi.openmetadata.frameworks.integration.context,org.odpi.openmetadata.frameworks.openmetadata.search,1,0,0,0,0,0,0,0,0,2,0,0,0,0
org.odpi.openmetadata.repositoryservices.localrepository.repositoryconnector,org.odpi.openmetadata.frameworks.auditlog,4,3,3,19,0,0,0,0,1,2,0,0,0,0
org.odpi.openmetadata.repositoryservices.localrepository.repositoryconnector,org.odpi.openmetadata.frameworks.auditlog.messagesets,1,2,0,0,0,0,0,0,0,0,0,0,0,0
org.odpi.openmetadata.repositoryservices.localrepository.repositoryconnector,org.odpi.openmetadata.repositoryservices.localrepository.repositorycontentmanager,2,3,5,8,0,0,0,0,0,4,0,0,0,0
org.odpi.openmetadata.repositoryservices.localrepository.repositoryconnector,org.odpi.openmetadata.repositoryservices.eventmanagement,3,6,6,44,1,0,0,0,0,6,0,0,0,0
org.odpi.openmetadata.repositoryservices.localrepository.repositoryconnector,org.odpi.openmetadata.frameworks.openmetadata.ffdc,6,2,0,13,0,191,0,0,13,0,4,0,0,0
org.odpi.openmetadata.repositoryservices.localrepository.repositoryconnector,org.odpi.openmetadata.metadatasecurity,2,1,1,48,0,0,1,0,0,1,0,0,0,0
org.odpi.openmetadata.repositoryservices.localrepository.repositoryconnector,org.odpi.openmetadata.frameworks.connectors,3,2,0,6,1,0,0,1,1,1,0,0,0,0
org.odpi.openmetadata.repositoryservices.localrepository.repositoryconnector,org.odpi.openmetadata.frameworks.connectors.ffdc,3,0,0,1,0,4,0,0,1,0,0,0,0,0
org.odpi.openmetadata.repositoryservices.localrepository.repositoryconnector,org.odpi.openmetadata.frameworks.connectors.properties.beans,3,2,2,7,2,0,0,0,2,1,0,0,0,0
org.odpi.openmetadata.repositoryservices.localrepository.repositoryconnector,org.odpi.openmetadata.metadatasecurity.server,1,0,1,0,0,0,0,0,0,0,0,0,0,0
org.odpi.openmetadata.repositoryservices.localrepository.repositoryconnector,org.odpi.openmetadata.adminservices.configuration.properties,2,1,2,1,0,0,0,0,0,3,0,0,0,0
org.odpi.openmetadata.repositoryservices.localrepository.repositoryconnector,org.odpi.openmetadata.repositoryservices.connectors.stores.metadatacollectionstore.properties.instances,3,93,158,136,41,0,0,0,2,59,0,0,0,0
org.odpi.openmetadata.repositoryservices.localrepository.repositoryconnector,org.odpi.openmetadata.repositoryservices.localrepository,2,1,0,1,0,0,1,0,0,0,0,0,0,0
org.odpi.openmetadata.repositoryservices.localrepository.repositoryconnector,org.odpi.openmetadata.repositoryservices.connectors.stores.metadatacollectionstore,4,1,0,119,1,0,0,1,0,280,0,0,0,0
org.odpi.openmetadata.repositoryservices.localrepository.repositoryconnector,org.odpi.openmetadata.repositoryservices.connectors.stores.metadatacollectionstore.properties.typedefs,7,22,33,35,9,0,0,0,0,10,0,0,0,0
org.odpi.openmetadata.repositoryservices.localrepository.repositoryconnector,org.odpi.openmetadata.repositoryservices.connectors.stores.metadatacollectionstore.repositoryconnector,8,4,5,97,1,0,0,1,0,56,1,0,0,0
org.odpi.openmetadata.repositoryservices.localrepository.repositoryconnector,org.odpi.openmetadata.repositoryservices.ffdc,7,0,0,0,0,0,0,0,0,96,0,0,0,0
org.odpi.openmetadata.repositoryservices.localrepository.repositoryconnector,org.odpi.openmetadata.repositoryservices.ffdc.exception,5,0,0,69,0,356,0,0,69,2,2,0,0,0
org.odpi.openmetadata.repositoryservices.localrepository.repositoryconnector,org.odpi.openmetadata.repositoryservices.connectors.stores.metadatacollectionstore.repositoryeventmapper,3,3,3,11,0,0,0,0,0,3,0,0,0,0
org.odpi.openmetadata.repositoryservices.localrepository.repositoryconnector,org.odpi.openmetadata.repositoryservices.events,1,4,10,268,1,0,0,1,0,44,0,0,0,0
org.odpi.openmetadata.repositoryservices.localrepository.repositoryconnector,org.odpi.openmetadata.repositoryservices.connectors.stores.metadatacollectionstore.properties.search,3,0,4,0,0,0,0,0,0,0,0,0,0,0
org.odpi.openmetadata.repositoryservices.localrepository.repositoryconnector,org.odpi.openmetadata.repositoryservices.connectors.stores.metadatacollectionstore.properties,3,0,14,6,0,0,0,0,0,0,0,0,0,0
org.odpi.openmetadata.repositoryservices.localrepository.repositoryconnector,org.odpi.openmetadata.repositoryservices.auditlog,1,0,0,0,0,0,0,0,0,2,0,0,0,0
org.odpi.openmetadata.serveroperations.rest,org.odpi.openmetadata.serveroperations.properties,2,1,2,0,1,0,0,0,0,2,0,0,0,0
org.odpi.openmetadata.serveroperations.rest,org.odpi.openmetadata.commonservices.ffdc.rest,4,0,0,50,0,0,0,4,0,6,0,0,0,0
org.odpi.openmetadata.commonservices.multitenant,org.odpi.openmetadata.frameworks.connectors.properties.beans,9,7,7,24,5,0,0,0,6,6,0,0,0,0
org.odpi.openmetadata.commonservices.multitenant,org.odpi.openmetadata.frameworks.auditlog,10,4,13,5,3,0,0,0,0,3,0,0,0,0
org.odpi.openmetadata.commonservices.multitenant,org.odpi.openmetadata.commonservices.ffdc,6,5,0,12,3,0,0,0,5,0,0,0,0,0
org.odpi.openmetadata.commonservices.multitenant,org.odpi.openmetadata.adminservices.registration,4,0,0,4,0,0,0,0,0,4,0,0,0,0
org.odpi.openmetadata.commonservices.multitenant,org.odpi.openmetadata.adminservices.configuration.registration,6,10,5,55,0,0,0,0,0,28,0,0,0,0
org.odpi.openmetadata.commonservices.multitenant,org.odpi.openmetadata.frameworks.openmetadata.ffdc,20,0,0,10,0,168,0,0,10,0,0,0,0,0
org.odpi.openmetadata.commonservices.multitenant,org.odpi.openmetadata.commonservices.ffdc.properties,1,1,0,14,1,0,0,0,1,0,0,0,0,0
org.odpi.openmetadata.commonservices.multitenant,org.odpi.openmetadata.metadatasecurity.server,5,4,1,24,7,0,0,0,2,10,0,0,0,0
org.odpi.openmetadata.commonservices.multitenant,org.odpi.openmetadata.commonservices.multitenant.ffdc,7,0,0,0,0,0,0,0,0,32,0,0,0,0
org.odpi.openmetadata.commonservices.multitenant,org.odpi.openmetadata.frameworks.integration.connectors,1,0,0,0,0,0,0,0,0,0,1,0,0,0
org.odpi.openmetadata.commonservices.multitenant,org.odpi.openmetadata.serveroperations.properties,4,2,2,8,3,0,0,0,2,4,0,0,0,0
org.odpi.openmetadata.commonservices.multitenant,org.odpi.openmetadata.frameworks.connectors.ffdc,2,0,0,0,0,2,0,0,0,0,0,0,0,0
org.odpi.openmetadata.commonservices.multitenant,org.odpi.openmetadata.frameworkservices.gaf.client,1,1,0,1,0,0,0,0,1,0,0,0,0,0
org.odpi.openmetadata.commonservices.multitenant,org.odpi.openmetadata.frameworks.opengovernance,1,0,0,0,0,0,0,0,0,0,1,0,0,0
org.odpi.openmetadata.commonservices.multitenant,org.odpi.openmetadata.frameworks.connectors,4,3,0,6,0,0,0,0,0,0,3,0,0,0
org.odpi.openmetadata.commonservices.multitenant,org.odpi.openmetadata.frameworkservices.omf.client,1,1,0,1,0,0,0,0,1,0,0,0,0,0
org.odpi.openmetadata.commonservices.multitenant,org.odpi.openmetadata.frameworkservices.ocf.metadatamanagement.client,1,1,0,1,0,0,0,0,1,0,0,0,0,0
org.odpi.openmetadata.commonservices.multitenant,org.odpi.openmetadata.frameworks.openmetadata.client,1,0,0,0,0,0,0,0,0,1,0,0,0,0
org.odpi.openmetadata.commonservices.multitenant,org.odpi.openmetadata.commonservices.ffdc.rest,2,2,7,18,2,0,0,0,2,7,0,0,0,0
org.odpi.openmetadata.commonservices.multitenant,org.odpi.openmetadata.adminservices.configuration.properties,1,1,2,17,0,0,0,0,0,1,0,0,0,0
org.odpi.openmetadata.commonservices.multitenant,org.odpi.openmetadata.commonservices.repositoryhandler,2,2,0,2,2,0,0,0,2,2,0,0,0,0
org.odpi.openmetadata.commonservices.multitenant,org.odpi.openmetadata.commonservices.multitenant.ffdc.exceptions,2,0,0,4,0,4,0,0,4,0,0,0,0,0
org.odpi.openmetadata.commonservices.multitenant,org.odpi.openmetadata.repositoryservices.connectors.stores.metadatacollectionstore.repositoryconnector,3,2,2,3,3,0,0,0,0,2,0,0,0,0
org.odpi.openmetadata.commonservices.multitenant,org.odpi.openmetadata.repositoryservices.connectors.stores.metadatacollectionstore,2,1,0,0,2,0,0,0,0,1,0,0,0,0
org.odpi.openmetadata.commonservices.multitenant,org.odpi.openmetadata.frameworks.opensurvey,1,0,0,0,0,0,0,0,0,0,1,0,0,0
org.odpi.openmetadata.commonservices.multitenant,org.odpi.openmetadata.repositoryservices.connectors.openmetadatatopic,1,0,0,0,0,0,0,0,0,4,0,0,0,0
org.odpi.openmetadata.commonservices.multitenant,org.odpi.openmetadata.governanceservers.enginehostservices.registration,1,0,0,1,0,0,0,0,0,1,0,0,0,0
org.odpi.openmetadata.commonservices.multitenant,org.odpi.openmetadata.metadataobservability.ffdc,1,0,0,0,0,0,0,0,0,6,0,0,0,0
org.odpi.openmetadata.viewservices.validmetadata.server.spring,org.odpi.openmetadata.frameworks.openmetadata.specificationproperties,1,0,1,0,0,0,0,0,0,0,0,0,0,0
org.odpi.openmetadata.viewservices.validmetadata.server.spring,org.odpi.openmetadata.frameworks.openmetadata.refdata,1,0,1,0,0,0,0,0,0,0,0,0,0,0
org.odpi.openmetadata.viewservices.validmetadata.server.spring,org.odpi.openmetadata.frameworkservices.omf.rest,0,0,0,0,9,0,0,0,0,0,0,0,0,0
org.odpi.openmetadata.viewservices.validmetadata.server.spring,org.odpi.openmetadata.commonservices.ffdc.rest,0,0,9,0,22,0,0,0,0,0,0,0,0,0
org.odpi.openmetadata.viewservices.validmetadata.server.spring,org.odpi.openmetadata.viewservices.validmetadata.server,1,1,0,32,0,0,0,0,1,0,0,0,0,0
org.odpi.openmetadata.viewservices.validmetadata.server.spring,org.odpi.openmetadata.frameworks.openmetadata.properties,3,0,4,0,0,0,0,0,0,6,0,0,0,0
org.odpi.openmetadata.viewservices.datadiscovery.server,org.odpi.openmetadata.frameworks.openmetadata.ffdc,4,0,0,0,0,4,0,0,0,0,0,0,0,0
org.odpi.openmetadata.viewservices.datadiscovery.server,org.odpi.openmetadata.frameworks.openmetadata.handlers,4,26,0,39,2,0,0,0,1,1,0,0,0,0
org.odpi.openmetadata.viewservices.datadiscovery.server,org.odpi.openmetadata.frameworks.openmetadata.properties.surveyreports,0,0,0,0,0,0,0,0,0,8,8,0,0,0
org.odpi.openmetadata.viewservices.datadiscovery.server,org.odpi.openmetadata.frameworkservices.omf.client,1,0,0,1,0,0,0,0,1,0,0,0,0,0
org.odpi.openmetadata.viewservices.datadiscovery.server,org.odpi.openmetadata.frameworks.auditlog,2,25,1,0,0,0,0,0,0,25,0,0,0,0
org.odpi.openmetadata.viewservices.datadiscovery.server,org.odpi.openmetadata.frameworks.openmetadata.client,1,1,0,0,0,0,0,0,0,0,0,0,0,0
org.odpi.openmetadata.viewservices.datadiscovery.server,org.odpi.openmetadata.adminservices.configuration.registration,5,3,0,3,0,0,0,0,1,8,0,0,0,0
org.odpi.openmetadata.viewservices.datadiscovery.server,org.odpi.openmetadata.commonservices.multitenant,2,0,0,54,0,0,0,2,0,0,0,0,0,0
org.odpi.openmetadata.viewservices.datadiscovery.server,org.odpi.openmetadata.tokencontroller,1,0,0,25,0,0,0,1,0,25,0,0,0,0
org.odpi.openmetadata.viewservices.datadiscovery.server,org.odpi.openmetadata.commonservices.ffdc,3,27,0,120,0,0,0,0,2,0,0,0,0,0
org.odpi.openmetadata.viewservices.datadiscovery.server,org.odpi.openmetadata.commonservices.ffdc.rest,0,25,25,63,25,0,0,0,25,0,0,0,0,0
org.odpi.openmetadata.viewservices.datadiscovery.server,org.odpi.openmetadata.adminservices.registration,1,0,0,1,0,0,0,0,0,1,0,0,0,0
org.odpi.openmetadata.viewservices.datadiscovery.server,org.odpi.openmetadata.viewservices.datadiscovery.admin,1,0,0,0,0,0,0,0,0,1,0,0,0,0
org.odpi.openmetadata.adapters.connectors.jacquard.productcatalog,org.odpi.openmetadata.frameworks.openmetadata.types,7,1,2,0,1,0,0,0,0,592,0,0,0,0
org.odpi.openmetadata.adapters.connectors.jacquard.productcatalog,org.odpi.openmetadata.frameworks.openmetadata.refdata,2,1,1,0,1,0,0,0,0,35,0,0,0,0
org.odpi.openmetadata.adapters.connectors.jacquard.productcatalog,org.odpi.openmetadata.frameworks.connectors,3,2,2,0,3,0,0,0,0,2,0,0,0,0
org.odpi.openmetadata.adapters.connectors.jacquard.productcatalog,org.odpi.openmetadata.adapters.connectors.jacquard.solutionblueprint,3,6,0,0,0,0,0,0,0,12,0,0,0,0
org.odpi.openmetadata.adapters.connectors.jacquard.productcatalog,org.odpi.openmetadata.adapters.connectors.jacquard.tabulardatasets.openmetadatatypes,1,0,0,1,0,0,0,0,1,0,0,0,0,0
org.odpi.openmetadata.adapters.connectors.jacquard.productcatalog,org.odpi.openmetadata.adapters.connectors.jacquard.tabulardatasets.validmetadatavalues,1,0,0,1,0,0,0,0,1,0,0,0,0,0
org.odpi.openmetadata.adapters.connectors.jacquard.productcatalog,org.odpi.openmetadata.adapters.connectors.jacquard.tabulardatasets.referencedata,1,0,0,1,0,0,0,0,1,0,0,0,0,0
org.odpi.openmetadata.adapters.connectors.jacquard.productcatalog,org.odpi.openmetadata.frameworks.openmetadata.enums,2,0,0,0,0,0,0,0,0,4,0,0,0,0
org.odpi.openmetadata.adapters.connectors.jacquard.productcatalog,org.odpi.openmetadata.frameworks.opensurvey.measurements,0,0,0,0,0,0,0,0,0,118,0,0,0,0
org.odpi.openmetadata.adapters.connectors.jacquard.productcatalog,org.odpi.openmetadata.frameworks.openmetadata.mapper,1,0,0,1,0,0,0,0,0,0,0,0,0,0
org.odpi.openmetadata.adapters.connectors.jacquard.tabulardatasets.ffdc,org.odpi.openmetadata.frameworks.auditlog.messagesets,4,2,0,6,4,0,0,0,4,0,0,0,0,0
org.odpi.openmetadata.adapters.connectors.jacquard.tabulardatasets.ffdc,org.odpi.openmetadata.frameworks.auditlog,1,1,1,0,0,0,0,0,0,3,0,0,0,0
org.odpi.openmetadata.contentpacks.core.apachekafka,org.odpi.openmetadata.adapters.connectors.controls,1,1,0,0,0,0,0,0,0,7,0,0,0,0
org.odpi.openmetadata.contentpacks.core.apachekafka,org.odpi.openmetadata.adapters.connectors.apacheatlas.survey.controls,1,0,0,0,0,0,0,0,0,0,0,0,0,0
org.odpi.openmetadata.contentpacks.core.apachekafka,org.odpi.openmetadata.contentpacks.core,4,0,0,0,0,0,0,0,0,42,0,0,0,0
org.odpi.openmetadata.contentpacks.core.apachekafka,org.odpi.openmetadata.adapters.connectors.apachekafka.integration,1,0,0,1,0,0,0,0,1,0,0,0,0,0
org.odpi.openmetadata.contentpacks.core.apachekafka,org.odpi.openmetadata.samples.archiveutilities,0,0,0,7,0,0,0,0,0,5,0,0,0,0
org.odpi.openmetadata.contentpacks.core.apachekafka,org.odpi.openmetadata.adapters.connectors.apachekafka.survey.controls,1,1,0,0,0,0,0,0,0,1,0,0,0,0
org.odpi.openmetadata.contentpacks.core.apachekafka,org.odpi.openmetadata.adapters.connectors.apachekafka.survey,1,0,0,1,0,0,0,0,1,0,0,0,0,0
org.odpi.openmetadata.contentpacks.core.apachekafka,org.odpi.openmetadata.adapters.connectors.apachekafka.resource,1,0,0,1,0,0,0,0,1,0,0,0,0,0
org.odpi.openmetadata.contentpacks.core.apachekafka,org.odpi.openmetadata.contentpacks.core.base,1,0,0,14,0,0,0,1,0,5,0,0,0,0
org.odpi.openmetadata.contentpacks.core.apachekafka,org.odpi.openmetadata.contentpacks.core.core,1,0,0,1,0,0,0,0,1,0,0,0,0,0
org.odpi.openmetadata.contentpacks.core.apachekafka,org.odpi.openmetadata.repositoryservices.connectors.stores.archivestore.properties,1,0,0,1,0,0,0,0,1,0,0,0,0,0
org.odpi.openmetadata.accessservices.assetowner.fvt.connections,org.odpi.openmetadata.frameworks.openmetadata.properties.connections,3,5,0,4,0,0,0,0,2,0,0,0,0,0
org.odpi.openmetadata.accessservices.assetowner.fvt.connections,org.odpi.openmetadata.fvt.utilities.exceptions,1,0,0,62,0,10,0,0,62,0,0,0,0,0
org.odpi.openmetadata.accessservices.assetowner.fvt.connections,org.odpi.openmetadata.fvt.utilities,1,1,0,5,1,0,0,0,1,0,0,0,0,0
org.odpi.openmetadata.accessservices.assetowner.fvt.connections,org.odpi.openmetadata.fvt.utilities.auditlog,1,0,1,0,0,0,0,0,0,0,0,0,0,0
org.odpi.openmetadata.accessservices.assetowner.fvt.connections,org.odpi.openmetadata.frameworks.openmetadata.metadataelements,0,3,0,8,0,0,0,0,0,0,0,0,0,0
org.odpi.openmetadata.accessservices.assetowner.fvt.connections,org.odpi.openmetadata.frameworks.openmetadata.properties,0,0,0,21,0,0,0,0,0,0,0,0,0,0
org.odpi.openmetadata.accessservices.assetowner.fvt.connections,org.odpi.openmetadata.frameworks.openmetadata.ffdc,1,0,0,0,0,0,0,0,0,0,0,0,0,0
org.odpi.openmetadata.accessservices.assetowner.fvt.connections,org.odpi.openmetadata.frameworks.auditlog,1,1,1,1,0,0,0,0,1,0,0,0,0,0
org.odpi.openmetadata.accessservices.assetowner.fvt.connections,org.odpi.openmetadata.adminservices.configuration.registration,1,0,0,0,0,0,0,0,0,5,0,0,0,0
org.odpi.openmetadata.governanceservers.enginehostservices.listener,org.odpi.openmetadata.frameworks.openmetadata.types,2,0,0,0,0,0,0,0,0,8,0,0,0,0
org.odpi.openmetadata.governanceservers.enginehostservices.listener,org.odpi.openmetadata.governanceservers.enginehostservices.ffdc,2,0,0,0,0,0,0,0,0,8,0,0,0,0
org.odpi.openmetadata.governanceservers.enginehostservices.listener,org.odpi.openmetadata.governanceservers.enginehostservices.admin,2,2,0,5,0,0,0,0,0,0,0,0,0,0
org.odpi.openmetadata.governanceservers.enginehostservices.listener,org.odpi.openmetadata.governanceservers.enginehostservices.enginemap,2,2,2,2,0,0,0,0,0,2,0,0,0,0
org.odpi.openmetadata.governanceservers.enginehostservices.listener,org.odpi.openmetadata.frameworks.openmetadata.search,1,1,0,6,0,0,0,0,1,0,0,0,0,0
org.odpi.openmetadata.governanceservers.enginehostservices.listener,org.odpi.openmetadata.governanceservers.enginehostservices.api,1,0,0,0,0,0,0,0,0,0,1,0,0,0
org.odpi.openmetadata.governanceservers.enginehostservices.listener,org.odpi.openmetadata.adminservices.configuration.properties,2,2,2,1,0,0,0,0,0,2,0,0,0,0
org.odpi.openmetadata.governanceservers.enginehostservices.listener,org.odpi.openmetadata.frameworks.auditlog,2,2,2,4,0,0,0,0,0,2,0,0,0,0
org.odpi.openmetadata.governanceservers.enginehostservices.listener,org.odpi.openmetadata.adminservices.configuration.registration,1,0,0,0,0,0,0,0,0,2,0,0,0,0
org.odpi.openmetadata.governanceservers.enginehostservices.listener,org.odpi.openmetadata.frameworks.openmetadata.events,4,0,2,18,0,0,2,0,0,0,0,0,0,0
org.odpi.openmetadata.governanceservers.enginehostservices.listener,org.odpi.openmetadata.frameworks.openmetadata.metadataelements,0,0,0,6,0,0,0,0,0,0,0,0,0,0
org.odpi.openmetadata.governanceservers.enginehostservices.server,org.odpi.openmetadata.commonservices.ffdc,4,7,0,23,0,0,0,0,3,0,0,0,0,0
org.odpi.openmetadata.governanceservers.enginehostservices.server,org.odpi.openmetadata.governanceservers.enginehostservices.rest,2,2,0,4,2,0,0,0,2,0,0,0,0,0
org.odpi.openmetadata.governanceservers.enginehostservices.server,org.odpi.openmetadata.tokencontroller,1,0,0,4,0,0,0,1,0,4,0,0,0,0
org.odpi.openmetadata.governanceservers.enginehostservices.server,org.odpi.openmetadata.governanceservers.enginehostservices.ffdc,4,0,0,0,0,0,0,0,0,60,0,0,0,0
org.odpi.openmetadata.governanceservers.enginehostservices.server,org.odpi.openmetadata.governanceservers.enginehostservices.registration,2,2,3,25,0,0,0,0,1,3,0,0,0,0
org.odpi.openmetadata.governanceservers.enginehostservices.server,org.odpi.openmetadata.governanceservers.enginehostservices.threads,1,1,0,1,0,0,0,0,1,0,0,0,0,0
org.odpi.openmetadata.governanceservers.enginehostservices.server,org.odpi.openmetadata.governanceservers.enginehostservices.enginemap,2,2,1,10,0,0,0,0,1,1,0,0,0,0
org.odpi.openmetadata.governanceservers.enginehostservices.server,org.odpi.openmetadata.governanceservers.enginehostservices.admin,2,5,1,7,1,0,0,0,0,1,1,0,0,0
org.odpi.openmetadata.governanceservers.enginehostservices.server,org.odpi.openmetadata.governanceservers.enginehostservices.properties,3,1,2,3,2,0,0,0,1,4,0,0,0,0
org.odpi.openmetadata.governanceservers.enginehostservices.server,org.odpi.openmetadata.frameworks.openmetadata.ffdc,7,0,0,7,0,21,0,0,7,0,0,0,0,0
org.odpi.openmetadata.governanceservers.enginehostservices.server,org.odpi.openmetadata.adminservices.configuration.registration,1,2,0,2,0,0,0,0,0,7,0,0,0,0
org.odpi.openmetadata.governanceservers.enginehostservices.server,org.odpi.openmetadata.commonservices.multitenant,2,0,0,16,0,0,0,2,0,18,0,0,0,0
org.odpi.openmetadata.governanceservers.enginehostservices.server,org.odpi.openmetadata.serveroperations.properties,2,1,3,3,0,0,0,0,1,6,0,0,0,0
org.odpi.openmetadata.governanceservers.enginehostservices.server,org.odpi.openmetadata.commonservices.ffdc.rest,1,2,0,2,2,0,0,0,2,0,0,0,0,0
org.odpi.openmetadata.governanceservers.enginehostservices.server,org.odpi.openmetadata.frameworks.auditlog,3,6,2,18,0,0,0,0,0,5,0,0,0,0
org.odpi.openmetadata.governanceservers.enginehostservices.server,org.odpi.openmetadata.frameworkservices.omf.client,1,0,0,1,0,0,0,0,1,0,0,0,0,0
org.odpi.openmetadata.governanceservers.enginehostservices.server,org.odpi.openmetadata.frameworkservices.gaf.client,1,1,0,1,0,0,0,0,1,0,0,0,0,0
org.odpi.openmetadata.governanceservers.enginehostservices.server,org.odpi.openmetadata.frameworks.openmetadata.events,1,1,0,0,0,0,0,0,0,0,0,0,0,0
org.odpi.openmetadata.governanceservers.enginehostservices.server,org.odpi.openmetadata.adminservices.ffdc.exception,1,0,0,7,0,3,0,0,7,0,0,0,0,0
org.odpi.openmetadata.governanceservers.enginehostservices.server,org.odpi.openmetadata.adminservices.configuration.properties,1,1,0,14,0,0,0,0,0,0,0,0,0,0
org.odpi.openmetadata.repositoryservices.auditlog,org.odpi.openmetadata.frameworks.auditlog.messagesets,1,0,1,3,0,0,1,0,0,0,0,0,0,0
org.odpi.openmetadata.repositoryservices.auditlog,org.odpi.openmetadata.frameworks.auditlog,8,1,4,14,1,0,0,3,0,59,0,0,0,0
org.odpi.openmetadata.repositoryservices.auditlog,org.odpi.openmetadata.repositoryservices.connectors.stores.auditlogstore,5,3,2,10,1,0,0,0,3,9,0,0,0,0
org.odpi.openmetadata.viewservices.myprofile.server,org.odpi.openmetadata.adminservices.configuration.registration,5,3,0,6,0,0,0,0,1,8,0,0,0,0
org.odpi.openmetadata.viewservices.myprofile.server,org.odpi.openmetadata.adminservices.registration,1,0,0,1,0,0,0,0,0,1,0,0,0,0
org.odpi.openmetadata.viewservices.myprofile.server,org.odpi.openmetadata.viewservices.myprofile.admin,1,0,0,0,0,0,0,0,0,1,0,0,0,0
org.odpi.openmetadata.viewservices.myprofile.server,org.odpi.openmetadata.viewservices.myprofile.ffdc,1,0,0,0,0,0,0,0,0,8,0,0,0,0
org.odpi.openmetadata.viewservices.myprofile.server,org.odpi.openmetadata.commonservices.multitenant,2,0,0,31,0,0,0,2,0,0,0,0,0,0
org.odpi.openmetadata.viewservices.myprofile.server,org.odpi.openmetadata.commonservices.ffdc.rest,0,12,12,36,12,0,0,0,12,0,0,0,0,0
org.odpi.openmetadata.viewservices.myprofile.server,org.odpi.openmetadata.commonservices.ffdc,3,14,0,58,0,0,0,0,2,0,0,0,0,0
org.odpi.openmetadata.viewservices.myprofile.server,org.odpi.openmetadata.frameworks.auditlog,2,12,1,0,0,0,0,0,0,12,0,0,0,0
org.odpi.openmetadata.viewservices.myprofile.server,org.odpi.openmetadata.frameworks.openmetadata.handlers,12,21,0,27,8,0,0,0,4,4,0,0,0,0
org.odpi.openmetadata.viewservices.myprofile.server,org.odpi.openmetadata.frameworks.openmetadata.client,1,1,0,0,0,0,0,0,0,0,0,0,0,0
org.odpi.openmetadata.viewservices.myprofile.server,org.odpi.openmetadata.frameworks.openmetadata.ffdc,7,0,0,4,0,16,0,0,4,0,0,0,0,0
org.odpi.openmetadata.viewservices.myprofile.server,org.odpi.openmetadata.tokencontroller,1,0,0,12,0,0,0,1,0,12,0,0,0,0
org.odpi.openmetadata.viewservices.myprofile.server,org.odpi.openmetadata.frameworks.openmetadata.metadataelements,2,6,1,19,0,0,0,0,0,0,0,0,0,0
org.odpi.openmetadata.viewservices.myprofile.server,org.odpi.openmetadata.frameworks.openmetadata.properties.actors,2,1,0,2,0,0,0,0,1,4,1,0,0,0
org.odpi.openmetadata.viewservices.myprofile.server,org.odpi.openmetadata.frameworks.openmetadata.properties,1,0,3,3,0,0,0,0,0,3,0,0,0,0
org.odpi.openmetadata.viewservices.myprofile.server,org.odpi.openmetadata.frameworks.openmetadata.properties.assets.processes.actions,1,0,0,0,0,0,0,0,0,0,3,0,0,0
org.odpi.openmetadata.viewservices.myprofile.server,org.odpi.openmetadata.frameworks.openmetadata.properties.feedback,1,1,0,1,0,0,0,0,1,0,1,0,0,0
org.odpi.openmetadata.viewservices.myprofile.server,org.odpi.openmetadata.frameworks.openmetadata.properties.security,1,3,0,6,0,0,0,0,3,0,0,0,0,0
org.odpi.openmetadata.viewservices.myprofile.server,org.odpi.openmetadata.frameworks.openmetadata.refdata,1,0,0,0,0,0,0,0,0,2,0,0,0,0
org.odpi.openmetadata.viewservices.myprofile.server,org.odpi.openmetadata.frameworks.openmetadata.search,2,2,0,7,0,0,0,0,2,0,0,0,0,0
org.odpi.openmetadata.viewservices.myprofile.server,org.odpi.openmetadata.frameworks.openmetadata.types,2,0,0,0,0,0,0,0,0,18,0,0,0,0
org.odpi.openmetadata.viewservices.myprofile.server,org.odpi.openmetadata.frameworkservices.omf.client,1,0,0,1,0,0,0,0,1,0,0,0,0,0
org.odpi.openmetadata.adapters.connectors.apacheatlas.survey,org.odpi.openmetadata.frameworks.openmetadata.specificationproperties,1,1,0,5,0,0,0,0,1,0,0,0,0,0
org.odpi.openmetadata.adapters.connectors.apacheatlas.survey,org.odpi.openmetadata.frameworks.opensurvey,4,2,0,38,0,0,0,2,0,65,0,0,0,0
org.odpi.openmetadata.adapters.connectors.apacheatlas.survey,org.odpi.openmetadata.frameworks.opensurvey.controls,2,0,0,2,0,0,0,0,1,29,0,0,0,0
org.odpi.openmetadata.adapters.connectors.apacheatlas.survey,org.odpi.openmetadata.frameworks.openmetadata.properties.surveyreports,3,6,0,25,0,0,0,0,12,6,0,0,0,0
org.odpi.openmetadata.adapters.connectors.apacheatlas.survey,org.odpi.openmetadata.frameworks.openmetadata.search,3,10,2,53,0,0,0,0,9,23,0,0,0,0
org.odpi.openmetadata.adapters.connectors.apacheatlas.survey,org.odpi.openmetadata.frameworks.openmetadata.types,2,0,0,0,0,0,0,0,0,98,0,0,0,0
org.odpi.openmetadata.adapters.connectors.apacheatlas.survey,org.odpi.openmetadata.frameworks.openmetadata.properties.schema,1,0,0,0,0,0,0,0,0,1,1,0,0,0
org.odpi.openmetadata.adapters.connectors.apacheatlas.survey,org.odpi.openmetadata.adapters.connectors.apacheatlas.resource.properties,0,17,11,84,0,0,0,0,0,4,0,0,0,0
org.odpi.openmetadata.adapters.connectors.apacheatlas.survey,org.odpi.openmetadata.adapters.connectors.apacheatlas.resource,1,1,1,8,0,0,0,0,0,1,1,0,0,0
org.odpi.openmetadata.adapters.connectors.apacheatlas.survey,org.odpi.openmetadata.frameworks.openmetadata.metadataelements,2,3,6,35,0,0,0,0,0,1,0,0,0,0
org.odpi.openmetadata.adapters.connectors.apacheatlas.survey,org.odpi.openmetadata.frameworks.openmetadata.properties,0,0,0,10,0,0,0,0,0,0,0,0,0,0
org.odpi.openmetadata.adapters.connectors.apacheatlas.survey,org.odpi.openmetadata.frameworks.openmetadata.properties.assets,1,0,0,0,0,0,0,0,0,0,2,0,0,0
org.odpi.openmetadata.adapters.connectors.apacheatlas.survey,org.odpi.openmetadata.frameworks.openmetadata.connectorcontext,1,1,9,8,0,0,0,0,0,0,0,0,0,0
org.odpi.openmetadata.adapters.connectors.apacheatlas.survey,org.odpi.openmetadata.frameworks.openmetadata.ffdc,3,0,0,0,0,29,0,0,0,0,0,0,0,0
org.odpi.openmetadata.adapters.connectors.apacheatlas.survey,org.odpi.openmetadata.adapters.connectors.apacheatlas.survey.controls,5,0,0,2,0,0,0,0,0,50,0,0,0,0
org.odpi.openmetadata.adapters.connectors.apacheatlas.survey,org.odpi.openmetadata.frameworks.opengovernance,0,0,0,0,0,0,0,0,0,2,0,0,0,0
org.odpi.openmetadata.adapters.connectors.apacheatlas.survey,org.odpi.openmetadata.frameworks.connectors.controls,1,0,0,1,0,0,0,0,0,1,0,0,0,0
org.odpi.openmetadata.adapters.connectors.apacheatlas.survey,org.odpi.openmetadata.frameworks.auditlog,0,0,0,2,0,0,0,0,0,0,0,0,0,0
org.odpi.openmetadata.adapters.connectors.apacheatlas.survey,org.odpi.openmetadata.frameworks.connectors,0,0,0,0,0,0,0,0,0,2,0,0,0,0
org.odpi.openmetadata.adapters.connectors.apacheatlas.survey,org.odpi.openmetadata.frameworks.openmetadata.definitions,1,0,0,1,0,0,0,0,1,0,0,0,0,0
org.odpi.openmetadata.adapters.connectors.apacheatlas.survey,org.odpi.openmetadata.frameworks.connectors.ffdc,1,0,0,3,0,2,0,0,3,0,0,0,0,0
org.odpi.openmetadata.adapters.connectors.apacheatlas.survey,org.odpi.openmetadata.frameworks.connectors.properties.beans,0,0,0,2,0,0,0,0,0,0,0,0,0,0
org.odpi.openmetadata.adapters.connectors.apacheatlas.survey,org.odpi.openmetadata.adapters.connectors.apacheatlas.survey.ffdc,2,0,0,0,0,0,0,0,0,10,0,0,0,0
org.odpi.openmetadata.adapters.connectors.apacheatlas.survey,org.odpi.openmetadata.adapters.connectors.controls,1,0,0,0,0,0,0,0,0,6,0,0,0,0
org.odpi.openmetadata.adapters.connectors.apacheatlas.survey,org.odpi.openmetadata.adapters.connectors,1,0,0,0,0,0,0,0,0,2,0,0,0,0
org.odpi.openmetadata.adapters.connectors.governanceactions.watchdog,org.odpi.openmetadata.frameworks.openmetadata.specificationproperties,6,9,5,35,5,0,0,0,9,5,0,0,0,0
org.odpi.openmetadata.adapters.connectors.governanceactions.watchdog,org.odpi.openmetadata.frameworks.connectors.properties.beans,2,2,0,19,0,0,0,0,2,2,0,0,0,0
org.odpi.openmetadata.adapters.connectors.governanceactions.watchdog,org.odpi.openmetadata.frameworks.connectors,0,0,0,4,0,0,0,0,0,3,0,0,0,0
org.odpi.openmetadata.adapters.connectors.governanceactions.watchdog,org.odpi.openmetadata.frameworks.openmetadata.types,3,0,0,0,0,0,0,0,0,12,0,0,0,0
org.odpi.openmetadata.adapters.connectors.governanceactions.watchdog,org.odpi.openmetadata.frameworks.opengovernance,5,0,0,38,0,0,0,5,0,76,0,0,0,0
org.odpi.openmetadata.adapters.connectors.governanceactions.watchdog,org.odpi.openmetadata.adapters.connectors.governanceactions.ffdc,5,0,0,0,0,0,0,0,0,22,0,0,0,0
org.odpi.openmetadata.adapters.connectors.governanceactions.watchdog,org.odpi.openmetadata.frameworks.openmetadata.definitions,1,0,0,1,0,0,0,0,1,0,0,0,0,0
org.odpi.openmetadata.adapters.connectors.governanceactions.watchdog,org.odpi.openmetadata.frameworks.openmetadata.properties,6,5,3,20,0,0,0,0,4,7,0,0,0,0
org.odpi.openmetadata.adapters.connectors.governanceactions.watchdog,org.odpi.openmetadata.frameworks.openmetadata.events,7,0,5,37,0,0,0,0,0,51,0,0,0,0
org.odpi.openmetadata.adapters.connectors.governanceactions.watchdog,org.odpi.openmetadata.frameworks.openmetadata.ffdc,7,0,0,1,0,6,0,0,1,0,0,0,0,0
org.odpi.openmetadata.adapters.connectors.governanceactions.watchdog,org.odpi.openmetadata.frameworks.opengovernance.properties,2,2,2,0,0,0,0,0,0,2,0,0,0,0
org.odpi.openmetadata.adapters.connectors.governanceactions.watchdog,org.odpi.openmetadata.frameworks.connectors.controls,1,0,0,1,0,0,0,0,0,1,0,0,0,0
org.odpi.openmetadata.adapters.connectors.governanceactions.watchdog,org.odpi.openmetadata.frameworks.opengovernance.ffdc,4,0,0,3,0,6,0,0,3,0,0,0,0,0
org.odpi.openmetadata.adapters.connectors.governanceactions.watchdog,org.odpi.openmetadata.frameworks.connectors.ffdc,2,0,0,1,0,6,0,0,1,0,0,0,0,0
org.odpi.openmetadata.adapters.connectors.governanceactions.watchdog,org.odpi.openmetadata.frameworks.auditlog,0,0,0,9,0,0,0,0,0,0,0,0,0,0
org.odpi.openmetadata.adapters.connectors.governanceactions.watchdog,org.odpi.openmetadata.frameworks.openmetadata.search,2,2,3,8,0,0,0,0,0,1,0,0,0,0
org.odpi.openmetadata.adapters.connectors.governanceactions.watchdog,org.odpi.openmetadata.frameworks.openmetadata.metadataelements,0,0,0,9,0,0,0,0,0,0,0,0,0,0
org.odpi.openmetadata.adapters.connectors.governanceactions.watchdog,org.odpi.openmetadata.frameworks.openmetadata.connectorcontext,0,0,0,6,0,0,0,0,0,0,0,0,0,0
org.odpi.openmetadata.adapters.connectors.governanceactions.watchdog,org.odpi.openmetadata.frameworks.openwatchdog.controls,2,0,0,2,0,0,0,0,0,2,0,0,0,0
org.odpi.openmetadata.adapters.connectors.governanceactions.watchdog,org.odpi.openmetadata.frameworks.openmetadata.refdata,2,1,1,0,1,0,0,0,0,15,0,0,0,0
org.odpi.openmetadata.accessservices.digitalarchitecture.fvt.validvalues,org.odpi.openmetadata.fvt.utilities,1,1,0,5,1,0,0,0,1,0,0,0,0,0
org.odpi.openmetadata.accessservices.digitalarchitecture.fvt.validvalues,org.odpi.openmetadata.fvt.utilities.exceptions,1,0,0,117,0,5,0,0,117,0,0,0,0,0
org.odpi.openmetadata.accessservices.digitalarchitecture.fvt.validvalues,org.odpi.openmetadata.fvt.utilities.auditlog,1,0,1,0,0,0,0,0,0,0,0,0,0,0
org.odpi.openmetadata.accessservices.digitalarchitecture.fvt.validvalues,org.odpi.openmetadata.frameworks.openmetadata.properties.validvalues,1,2,0,33,0,0,0,0,0,0,0,0,0,0
org.odpi.openmetadata.accessservices.digitalarchitecture.fvt.validvalues,org.odpi.openmetadata.frameworks.auditlog,1,1,1,1,0,0,0,0,1,0,0,0,0,0
org.odpi.openmetadata.accessservices.digitalarchitecture.fvt.validvalues,org.odpi.openmetadata.adminservices.configuration.registration,1,0,0,0,0,0,0,0,0,5,0,0,0,0
org.odpi.openmetadata.accessservices.digitalarchitecture.fvt.validvalues,org.odpi.openmetadata.frameworks.openmetadata.properties,0,0,0,35,0,0,0,0,0,0,0,0,0,0
org.odpi.openmetadata.accessservices.digitalarchitecture.fvt.validvalues,org.odpi.openmetadata.frameworks.openmetadata.ffdc,1,0,0,0,0,0,0,0,0,0,0,0,0,0
org.odpi.openmetadata.samples.archiveutilities,org.odpi.openmetadata.samples.archiveutilities.governanceengines,1,1,0,1,0,0,0,0,1,0,0,0,0,0
org.odpi.openmetadata.samples.archiveutilities,org.odpi.openmetadata.samples.archiveutilities.combo,1,1,0,1,0,0,0,0,1,0,0,0,0,0
org.odpi.openmetadata.samples.archiveutilities,org.odpi.openmetadata.samples.archiveutilities.governanceprogram,1,1,0,1,0,0,0,0,1,0,0,0,0,0
org.odpi.openmetadata.samples.archiveutilities,org.odpi.openmetadata.samples.archiveutilities.businesssystems,1,1,0,1,0,0,0,0,1,0,0,0,0,0
org.odpi.openmetadata.samples.archiveutilities,org.odpi.openmetadata.samples.archiveutilities.clinicaltrialtemplates,1,1,0,1,0,0,0,0,1,0,0,0,0,0
org.odpi.openmetadata.samples.archiveutilities,org.odpi.openmetadata.samples.archiveutilities.types,1,1,0,2,0,0,0,0,1,0,0,0,0,0
org.odpi.openmetadata.samples.archiveutilities,org.odpi.openmetadata.frameworks.connectors.controls,2,0,1,0,0,0,0,0,0,3,0,0,0,0
org.odpi.openmetadata.samples.archiveutilities,org.odpi.openmetadata.samples.archiveutilities.organization,1,1,0,1,0,0,0,0,1,0,0,0,0,0
org.odpi.openmetadata.samples.archiveutilities,org.odpi.openmetadata.samples.archiveutilities.sustainability,1,1,0,1,0,0,0,0,1,0,0,0,0,0
org.odpi.openmetadata.samples.archiveutilities,org.odpi.openmetadata.repositoryservices.archiveutilities,4,3,1,617,0,0,0,1,3,5,0,0,0,0
org.odpi.openmetadata.samples.archiveutilities,org.odpi.openmetadata.opentypes,1,0,0,2,0,0,0,0,1,0,0,0,0,0
org.odpi.openmetadata.samples.archiveutilities,org.odpi.openmetadata.frameworks.connectors,2,1,1,9,0,0,0,0,0,0,1,0,0,0
org.odpi.openmetadata.samples.archiveutilities,org.odpi.openmetadata.repositoryservices.connectors.stores.archivestore,3,1,6,347,0,0,0,0,0,1,0,0,0,0
org.odpi.openmetadata.samples.archiveutilities,org.odpi.openmetadata.frameworks.openmetadata.mapper,2,0,0,4,0,0,0,0,0,6,0,0,0,0
org.odpi.openmetadata.samples.archiveutilities,org.odpi.openmetadata.frameworks.openmetadata.properties,1,0,1,3,0,0,0,0,0,0,0,0,0,0
org.odpi.openmetadata.samples.archiveutilities,org.odpi.openmetadata.repositoryservices.connectors.stores.metadatacollectionstore.utilities,0,0,0,642,0,0,0,0,0,0,0,0,0,0
org.odpi.openmetadata.samples.archiveutilities,org.odpi.openmetadata.repositoryservices.connectors.stores.metadatacollectionstore.properties.instances,0,479,48,73,11,0,0,0,0,923,2,0,0,0
org.odpi.openmetadata.samples.archiveutilities,org.odpi.openmetadata.repositoryservices.connectors.stores.metadatacollectionstore.properties.typedefs,1,8,0,24,0,0,0,0,0,0,0,0,0,0
org.odpi.openmetadata.samples.archiveutilities,org.odpi.openmetadata.frameworks.integration.connectors,2,1,1,2,0,0,0,0,0,0,1,0,0,0
org.odpi.openmetadata.samples.archiveutilities,org.odpi.openmetadata.frameworks.opengovernance,1,0,0,0,0,0,0,0,0,0,1,0,0,0
org.odpi.openmetadata.samples.archiveutilities,org.odpi.openmetadata.frameworks.connectors.properties.beans,2,3,1,64,0,0,0,0,0,0,0,0,0,0
org.odpi.openmetadata.samples.archiveutilities,org.odpi.openmetadata.frameworks.openmetadata.types,8,0,0,0,0,0,0,0,0,1806,0,0,0,0
org.odpi.openmetadata.samples.archiveutilities,org.odpi.openmetadata.frameworks.openmetadata.refdata,8,3,0,5,0,0,0,0,0,166,0,0,0,0
org.odpi.openmetadata.samples.archiveutilities,org.odpi.openmetadata.frameworks.openmetadata.enums,1,0,2,36,0,0,0,0,0,44,0,0,0,0
org.odpi.openmetadata.samples.archiveutilities,org.odpi.openmetadata.frameworks.openmetadata.specificationproperties,6,12,8,91,0,0,0,0,0,8,0,0,0,0
org.odpi.openmetadata.samples.archiveutilities,org.odpi.openmetadata.repositoryservices.connectors.stores.archivestore.properties,2,1,2,0,1,0,0,0,0,3,0,0,0,0
org.odpi.openmetadata.samples.archiveutilities,org.odpi.openmetadata.frameworks.opensurvey.controls,1,0,1,12,0,0,0,0,0,0,0,0,0,0
org.odpi.openmetadata.samples.archiveutilities,org.odpi.openmetadata.frameworks.opensurvey,1,0,0,0,0,0,0,0,0,0,1,0,0,0
org.odpi.openmetadata.samples.archiveutilities,org.odpi.openmetadata.frameworks.openmetadata.definitions,0,8,0,57,0,0,0,0,0,0,0,0,0,0
org.odpi.openmetadata.samples.archiveutilities,org.odpi.openmetadata.frameworks.integration.controls,1,1,0,1,0,0,0,0,0,0,0,0,0,0
org.odpi.openmetadata.samples.archiveutilities,org.odpi.openmetadata.frameworks.connectors.mapper,1,0,0,0,0,0,0,0,0,4,0,0,0,0
org.odpi.openmetadata.governanceservers.integrationdaemonservices.ffdc,org.odpi.openmetadata.frameworks.auditlog,1,1,1,0,0,0,0,0,0,101,0,0,0,0
org.odpi.openmetadata.governanceservers.integrationdaemonservices.ffdc,org.odpi.openmetadata.frameworks.auditlog.messagesets,4,2,0,6,4,0,0,0,4,0,0,0,0,0
org.odpi.openmetadata.viewservices.automatedcuration.rest,org.odpi.openmetadata.viewservices.automatedcuration.properties,3,2,3,0,2,0,0,0,0,3,0,0,0,0
org.odpi.openmetadata.viewservices.automatedcuration.rest,org.odpi.openmetadata.commonservices.ffdc.rest,3,0,0,6,0,0,0,3,0,3,0,0,0,0
org.odpi.openmetadata.adapters.connectors.egeriainfrastructure.platform.survey,org.odpi.openmetadata.adapters.connectors.egeriainfrastructure.control,2,0,0,2,0,0,0,0,0,2,0,0,0,0
org.odpi.openmetadata.adapters.connectors.egeriainfrastructure.platform.survey,org.odpi.openmetadata.frameworks.opensurvey.controls,1,0,0,2,0,0,0,0,1,7,0,0,0,0
org.odpi.openmetadata.adapters.connectors.egeriainfrastructure.platform.survey,org.odpi.openmetadata.frameworks.opensurvey,1,0,0,1,0,0,0,1,0,6,0,0,0,0
org.odpi.openmetadata.adapters.connectors.egeriainfrastructure.platform.survey,org.odpi.openmetadata.adapters.connectors.controls,1,0,0,0,0,0,0,0,0,4,0,0,0,0
org.odpi.openmetadata.adapters.connectors.egeriainfrastructure.platform.survey,org.odpi.openmetadata.frameworks.auditlog,2,1,0,6,0,0,0,0,1,2,0,0,0,0
org.odpi.openmetadata.adapters.connectors.egeriainfrastructure.platform.survey,org.odpi.openmetadata.frameworks.connectors,0,0,0,2,0,0,0,0,0,1,0,0,0,0
org.odpi.openmetadata.adapters.connectors.egeriainfrastructure.platform.survey,org.odpi.openmetadata.frameworks.connectors.properties.beans,1,1,0,8,0,0,0,0,1,1,0,0,0,0
org.odpi.openmetadata.samples.archiveutilities.sustainability,org.odpi.openmetadata.frameworks.openmetadata.refdata,8,3,3,2,3,0,0,0,0,121,0,0,0,0
org.odpi.openmetadata.samples.archiveutilities.sustainability,org.odpi.openmetadata.samples.archiveutilities.organization,9,9,8,10,6,0,0,0,1,186,0,0,0,0
org.odpi.openmetadata.samples.archiveutilities.sustainability,org.odpi.openmetadata.frameworks.openmetadata.types,6,0,0,0,0,0,0,0,0,74,0,0,0,0
org.odpi.openmetadata.samples.archiveutilities.sustainability,org.odpi.openmetadata.samples.archiveutilities,1,0,0,45,0,0,0,1,0,41,0,0,0,0
org.odpi.openmetadata.samples.archiveutilities.sustainability,org.odpi.openmetadata.contentpacks.core.core,1,0,0,1,0,0,0,0,1,0,0,0,0,0
org.odpi.openmetadata.samples.archiveutilities.sustainability,org.odpi.openmetadata.samples.archiveutilities.governanceprogram,2,1,1,2,1,0,0,0,1,3,0,0,0,0
org.odpi.openmetadata.samples.archiveutilities.sustainability,org.odpi.openmetadata.frameworks.openmetadata.mapper,1,0,0,1,0,0,0,0,0,0,0,0,0,0
org.odpi.openmetadata.samples.archiveutilities.sustainability,org.odpi.openmetadata.repositoryservices.connectors.stores.archivestore.properties,1,0,0,1,0,0,0,0,1,0,0,0,0,0
org.odpi.openmetadata.adapters.connectors.resource.jdbc,org.odpi.openmetadata.frameworks.connectors,2,0,0,4,0,0,0,2,0,9,0,0,0,0
org.odpi.openmetadata.adapters.connectors.resource.jdbc,org.odpi.openmetadata.adapters.connectors,1,0,0,0,0,0,0,0,0,2,0,0,0,0
org.odpi.openmetadata.adapters.connectors.resource.jdbc,org.odpi.openmetadata.frameworks.connectors.ffdc,1,0,0,2,0,1,0,0,2,0,0,0,0,0
org.odpi.openmetadata.adapters.connectors.resource.jdbc,org.odpi.openmetadata.frameworks.auditlog,3,2,2,8,1,0,1,0,0,2,0,0,0,0
org.odpi.openmetadata.adapters.connectors.resource.jdbc,org.odpi.openmetadata.frameworks.connectors.properties.beans,1,1,0,5,0,0,0,0,0,0,0,0,0,0
org.odpi.openmetadata.adapters.connectors.resource.jdbc,org.odpi.openmetadata.frameworks.openmetadata.ffdc,2,0,0,9,0,11,0,0,9,0,0,0,0,0
org.odpi.openmetadata.adapters.connectors.resource.jdbc,org.odpi.openmetadata.frameworks.openmetadata.refdata,1,0,0,0,0,0,0,0,0,4,0,0,0,0
org.odpi.openmetadata.adapters.connectors.resource.jdbc,org.odpi.openmetadata.adapters.connectors.resource.jdbc.controls,2,0,0,2,0,0,0,0,0,12,0,0,0,0
org.odpi.openmetadata.adapters.connectors.resource.jdbc,org.odpi.openmetadata.adapters.connectors.resource.jdbc.ffdc,2,0,0,0,0,0,0,0,0,36,0,0,0,0
org.odpi.openmetadata.adapters.connectors.resource.jdbc,org.odpi.openmetadata.adapters.connectors.resource.jdbc.properties,1,1,6,8,0,0,0,0,7,13,0,0,0,0
org.odpi.openmetadata.adapters.connectors.resource.jdbc,org.odpi.openmetadata.frameworks.openmetadata.definitions,1,0,0,1,0,0,0,0,1,0,0,0,0,0
org.odpi.openmetadata.adapters.connectors.resource.jdbc,org.odpi.openmetadata.frameworks.connectors.controls,1,0,0,1,0,0,0,0,0,1,0,0,0,0
org.odpi.openmetadata.repositoryservices.connectors.stores.auditlogstore,org.odpi.openmetadata.repositoryservices.ffdc.exception,6,0,0,1,0,26,0,0,1,0,0,0,0,0
org.odpi.openmetadata.repositoryservices.connectors.stores.auditlogstore,org.odpi.openmetadata.frameworks.auditlog,4,1,4,32,1,0,1,1,1,6,0,0,0,0
org.odpi.openmetadata.repositoryservices.connectors.stores.auditlogstore,org.odpi.openmetadata.frameworks.connectors,3,0,2,3,0,0,0,2,0,1,0,0,0,0
org.odpi.openmetadata.repositoryservices.connectors.stores.auditlogstore,org.odpi.openmetadata.repositoryservices.ffdc,1,0,0,0,0,0,0,0,0,10,0,0,0,0
org.odpi.openmetadata.repositoryservices.connectors.stores.auditlogstore,org.odpi.openmetadata.frameworks.openmetadata.ffdc,2,0,0,4,0,13,0,0,4,0,0,0,0,0
org.odpi.openmetadata.repositoryservices.connectors.stores.auditlogstore,org.odpi.openmetadata.frameworks.connectors.properties.beans,2,1,1,7,0,0,0,0,0,0,0,0,0,0
org.odpi.openmetadata.repositoryservices.connectors.stores.auditlogstore,org.odpi.openmetadata.frameworks.connectors.ffdc,1,0,0,0,0,1,0,0,0,0,0,0,0,0
org.odpi.openmetadata.adapters.connectors.secretsstore.yaml,org.odpi.openmetadata.frameworks.openmetadata.ffdc,2,0,0,0,0,2,0,0,0,0,0,0,0,0
org.odpi.openmetadata.adapters.connectors.secretsstore.yaml,org.odpi.openmetadata.frameworks.connectors.controls,3,0,0,2,0,0,0,0,0,8,0,0,0,0
org.odpi.openmetadata.adapters.connectors.secretsstore.yaml,org.odpi.openmetadata.frameworks.connectors,3,0,0,22,0,0,0,3,0,35,0,0,0,0
org.odpi.openmetadata.adapters.connectors.secretsstore.yaml,org.odpi.openmetadata.frameworks.connectors.ffdc,2,0,0,1,0,17,0,0,1,0,0,0,0,0
org.odpi.openmetadata.adapters.connectors.secretsstore.yaml,org.odpi.openmetadata.frameworks.connectors.properties.beans,1,0,1,10,0,0,0,0,0,0,0,0,0,0
org.odpi.openmetadata.adapters.connectors.secretsstore.yaml,org.odpi.openmetadata.frameworks.connectors.properties.users,0,24,9,94,6,0,0,0,7,5,0,0,0,0
org.odpi.openmetadata.adapters.connectors.secretsstore.yaml,org.odpi.openmetadata.adapters.connectors.secretsstore.yaml.ffdc,3,0,0,0,0,0,0,0,0,16,0,0,0,0
org.odpi.openmetadata.adapters.connectors.secretsstore.yaml,org.odpi.openmetadata.frameworks.openmetadata.types,1,0,0,0,0,0,0,0,0,12,0,0,0,0
org.odpi.openmetadata.adapters.connectors.secretsstore.yaml,org.odpi.openmetadata.adapters.connectors,2,0,0,0,0,0,0,0,0,4,0,0,0,0
org.odpi.openmetadata.frameworks.openmetadata.properties.schema.tabular,org.odpi.openmetadata.frameworks.openmetadata.properties.schema,2,0,0,7,0,0,0,2,0,5,0,0,0,0
org.odpi.openmetadata.frameworks.openmetadata.properties.schema.tabular,org.odpi.openmetadata.frameworks.openmetadata.properties.schema.databases,1,0,0,0,0,0,0,0,0,1,0,0,0,0
org.odpi.openmetadata.frameworks.openmetadata.properties.schema.tabular,org.odpi.openmetadata.frameworks.openmetadata.types,3,0,0,0,0,0,0,0,0,8,0,0,0,0
org.odpi.openmetadata.frameworks.openmetadata.properties.schema.tabular,org.odpi.openmetadata.frameworks.openmetadata.properties,0,0,0,0,0,0,0,0,0,4,0,0,0,0
org.odpi.openmetadata.frameworkservices.omf.ffdc,org.odpi.openmetadata.frameworks.auditlog.messagesets,4,2,0,6,4,0,0,0,4,0,0,0,0,0
org.odpi.openmetadata.frameworkservices.omf.ffdc,org.odpi.openmetadata.frameworks.auditlog,1,1,1,0,0,0,0,0,0,29,0,0,0,0
org.odpi.openmetadata.viewservices.collectionmanager.server,org.odpi.openmetadata.tokencontroller,1,0,0,34,0,0,0,1,0,34,0,0,0,0
org.odpi.openmetadata.viewservices.collectionmanager.server,org.odpi.openmetadata.frameworks.openmetadata.properties.digitalbusiness,0,0,0,0,0,0,0,0,0,4,4,0,0,0
org.odpi.openmetadata.viewservices.collectionmanager.server,org.odpi.openmetadata.frameworks.openmetadata.properties.resources,1,0,0,0,0,0,0,0,0,2,1,0,0,0
org.odpi.openmetadata.viewservices.collectionmanager.server,org.odpi.openmetadata.viewservices.collectionmanager.admin,1,0,0,0,0,0,0,0,0,1,0,0,0,0
org.odpi.openmetadata.viewservices.collectionmanager.server,org.odpi.openmetadata.frameworks.openmetadata.search,2,0,0,3,0,0,0,0,3,0,0,0,0,0
org.odpi.openmetadata.viewservices.collectionmanager.server,org.odpi.openmetadata.adminservices.configuration.registration,5,3,0,4,0,0,0,0,1,8,0,0,0,0
org.odpi.openmetadata.viewservices.collectionmanager.server,org.odpi.openmetadata.adminservices.registration,1,0,0,1,0,0,0,0,0,1,0,0,0,0
org.odpi.openmetadata.viewservices.collectionmanager.server,org.odpi.openmetadata.frameworks.openmetadata.ffdc,5,0,0,0,0,5,0,0,0,0,0,0,0,0
org.odpi.openmetadata.viewservices.collectionmanager.server,org.odpi.openmetadata.frameworks.openmetadata.handlers,3,34,1,60,2,0,0,0,0,2,0,0,0,0
org.odpi.openmetadata.viewservices.collectionmanager.server,org.odpi.openmetadata.commonservices.multitenant,3,1,0,74,0,0,0,2,1,1,0,0,0,0
org.odpi.openmetadata.viewservices.collectionmanager.server,org.odpi.openmetadata.frameworks.openmetadata.properties.collections,0,0,0,0,0,0,0,0,0,7,7,0,0,0
org.odpi.openmetadata.viewservices.collectionmanager.server,org.odpi.openmetadata.frameworks.openmetadata.properties.datadictionaries,1,0,0,0,0,0,0,0,0,0,1,0,0,0
org.odpi.openmetadata.viewservices.collectionmanager.server,org.odpi.openmetadata.frameworks.auditlog,2,34,1,0,0,0,0,0,0,34,0,0,0,0
org.odpi.openmetadata.viewservices.collectionmanager.server,org.odpi.openmetadata.adminservices.configuration.properties,1,0,0,0,0,0,0,0,0,0,0,0,0,0
org.odpi.openmetadata.viewservices.collectionmanager.server,org.odpi.openmetadata.commonservices.ffdc,3,36,0,155,0,0,0,0,2,0,0,0,0,0
org.odpi.openmetadata.viewservices.collectionmanager.server,org.odpi.openmetadata.commonservices.ffdc.rest,1,34,34,91,34,0,0,0,34,0,0,0,0,0
org.odpi.openmetadata.viewservices.dataengineer.server,org.odpi.openmetadata.frameworks.openmetadata.ffdc,4,0,0,0,0,4,0,0,0,0,0,0,0,0
org.odpi.openmetadata.viewservices.dataengineer.server,org.odpi.openmetadata.commonservices.multitenant,2,0,0,7,0,0,0,2,0,0,0,0,0,0
org.odpi.openmetadata.viewservices.dataengineer.server,org.odpi.openmetadata.frameworks.auditlog,2,1,1,0,0,0,0,0,0,1,0,0,0,0
org.odpi.openmetadata.viewservices.dataengineer.server,org.odpi.openmetadata.frameworks.connectors.client,3,2,0,1,2,0,0,0,0,0,0,0,0,0
org.odpi.openmetadata.viewservices.dataengineer.server,org.odpi.openmetadata.adminservices.configuration.registration,5,3,0,2,0,0,0,0,1,8,0,0,0,0
org.odpi.openmetadata.viewservices.dataengineer.server,org.odpi.openmetadata.frameworkservices.omf.client,1,0,0,0,0,0,0,0,0,0,0,0,0,0
org.odpi.openmetadata.viewservices.dataengineer.server,org.odpi.openmetadata.frameworkservices.ocf.metadatamanagement.client,1,0,0,1,0,0,0,0,1,1,0,0,0,0
org.odpi.openmetadata.viewservices.dataengineer.server,org.odpi.openmetadata.frameworks.openmetadata.client,1,0,0,0,0,0,0,0,0,0,0,0,0,0
org.odpi.openmetadata.viewservices.dataengineer.server,org.odpi.openmetadata.adapters.connectors.jacquard.tabulardatasets,1,0,0,0,0,0,0,0,0,0,1,0,0,0
org.odpi.openmetadata.viewservices.dataengineer.server,org.odpi.openmetadata.frameworks.connectors,1,1,0,2,0,0,0,0,0,0,0,0,0,0
org.odpi.openmetadata.viewservices.dataengineer.server,org.odpi.openmetadata.frameworks.connectors.tabulardatasets,2,1,0,7,0,0,0,0,1,0,1,0,0,0
org.odpi.openmetadata.viewservices.dataengineer.server,org.odpi.openmetadata.commonservices.ffdc,3,3,0,6,0,0,0,0,2,0,0,0,0,0
org.odpi.openmetadata.viewservices.dataengineer.server,org.odpi.openmetadata.commonservices.ffdc.rest,1,1,0,2,1,0,0,0,1,0,0,0,0,0
org.odpi.openmetadata.viewservices.dataengineer.server,org.odpi.openmetadata.tokencontroller,1,0,0,1,0,0,0,1,0,1,0,0,0,0
org.odpi.openmetadata.viewservices.dataengineer.server,org.odpi.openmetadata.viewservices.dataengineer.admin,1,0,0,0,0,0,0,0,0,1,0,0,0,0
org.odpi.openmetadata.viewservices.dataengineer.server,org.odpi.openmetadata.adminservices.registration,1,0,0,1,0,0,0,0,0,1,0,0,0,0
org.odpi.openmetadata.adapters.connectors.apachekafka.survey,org.odpi.openmetadata.frameworks.openmetadata.definitions,1,0,0,1,0,0,0,0,1,0,0,0,0,0
org.odpi.openmetadata.adapters.connectors.apachekafka.survey,org.odpi.openmetadata.frameworks.opengovernance,0,0,0,0,0,0,0,0,0,2,0,0,0,0
org.odpi.openmetadata.adapters.connectors.apachekafka.survey,org.odpi.openmetadata.frameworks.connectors.controls,1,0,0,1,0,0,0,0,0,1,0,0,0,0
org.odpi.openmetadata.adapters.connectors.apachekafka.survey,org.odpi.openmetadata.adapters.connectors.apachekafka.survey.controls,2,0,1,5,0,0,0,0,0,5,0,0,0,0
org.odpi.openmetadata.adapters.connectors.apachekafka.survey,org.odpi.openmetadata.adapters.connectors.controls,2,0,0,0,0,0,0,0,0,10,0,0,0,0
org.odpi.openmetadata.adapters.connectors.apachekafka.survey,org.odpi.openmetadata.frameworks.opensurvey,3,1,0,13,0,0,0,2,0,14,0,0,0,0
org.odpi.openmetadata.adapters.connectors.apachekafka.survey,org.odpi.openmetadata.frameworks.opensurvey.controls,2,0,0,2,0,0,0,0,1,13,0,0,0,0
org.odpi.openmetadata.adapters.connectors.apachekafka.survey,org.odpi.openmetadata.frameworks.openmetadata.properties.surveyreports,2,1,1,6,0,0,0,0,1,0,0,0,0,0
org.odpi.openmetadata.adapters.connectors.apachekafka.survey,org.odpi.openmetadata.adapters.connectors,1,0,0,0,0,0,0,0,0,2,0,0,0,0
org.odpi.openmetadata.adapters.connectors.apachekafka.survey,org.odpi.openmetadata.frameworks.openmetadata.specificationproperties,1,1,0,5,0,0,0,0,1,0,0,0,0,0
org.odpi.openmetadata.adapters.connectors.apachekafka.survey,org.odpi.openmetadata.frameworks.connectors.ffdc,1,0,0,1,0,1,0,0,1,0,0,0,0,0
org.odpi.openmetadata.adapters.connectors.apachekafka.survey,org.odpi.openmetadata.frameworks.openmetadata.refdata,1,0,0,0,0,0,0,0,0,2,0,0,0,0
org.odpi.openmetadata.adapters.connectors.apachekafka.survey,org.odpi.openmetadata.frameworks.openmetadata.ffdc,1,0,0,0,0,1,0,0,0,0,0,0,0,0
org.odpi.openmetadata.adapters.connectors.apachekafka.survey,org.odpi.openmetadata.adapters.connectors.apachekafka.survey.ffdc,1,0,0,0,0,0,0,0,0,2,0,0,0,0
org.odpi.openmetadata.adapters.connectors.apachekafka.survey,org.odpi.openmetadata.adapters.connectors.apachekafka.resource,1,1,0,1,0,0,0,0,0,1,1,0,0,0
org.odpi.openmetadata.adapters.repositoryservices.archiveconnector.file,org.odpi.openmetadata.repositoryservices.ffdc.exception,1,0,0,1,0,1,0,0,1,0,0,0,0,0
org.odpi.openmetadata.adapters.repositoryservices.archiveconnector.file,org.odpi.openmetadata.repositoryservices.connectors.stores.archivestore,2,0,0,1,0,0,0,2,0,7,0,0,0,0
org.odpi.openmetadata.adapters.repositoryservices.archiveconnector.file,org.odpi.openmetadata.repositoryservices.connectors.stores.archivestore.properties,1,1,1,0,1,0,0,0,0,1,0,0,0,0
org.odpi.openmetadata.adapters.repositoryservices.archiveconnector.file,org.odpi.openmetadata.adapters.connectors,1,0,0,0,0,0,0,0,0,2,0,0,0,0
org.odpi.openmetadata.adapters.repositoryservices.archiveconnector.file,org.odpi.openmetadata.adapters.repositoryservices.archiveconnector.file.ffdc,2,0,0,0,0,0,0,0,0,6,0,0,0,0
org.odpi.openmetadata.adapters.repositoryservices.archiveconnector.file,org.odpi.openmetadata.frameworks.openmetadata.ffdc,1,0,0,0,0,1,0,0,0,0,0,0,0,0
org.odpi.openmetadata.adapters.repositoryservices.archiveconnector.file,org.odpi.openmetadata.frameworks.connectors.properties.beans,2,1,1,2,0,0,0,0,0,0,0,0,0,0
org.odpi.openmetadata.adapters.repositoryservices.archiveconnector.file,org.odpi.openmetadata.frameworks.connectors.ffdc,1,0,0,0,0,3,0,0,0,0,0,0,0,0
org.odpi.openmetadata.adapters.repositoryservices.archiveconnector.file,org.odpi.openmetadata.frameworks.connectors,0,0,0,3,0,0,0,0,0,0,0,0,0,0
org.odpi.openmetadata.adapters.repositoryservices.archiveconnector.file,org.odpi.openmetadata.frameworks.auditlog,0,0,0,2,0,0,0,0,0,0,0,0,0,0
org.odpi.openmetadata.adapters.connectors.integration.kafkaaudit,org.odpi.openmetadata.frameworks.openmetadata.definitions,1,0,0,1,0,0,0,0,1,0,0,0,0,0
org.odpi.openmetadata.adapters.connectors.integration.kafkaaudit,org.odpi.openmetadata.frameworks.integration.connectors,4,0,0,4,0,0,0,4,0,14,0,0,0,0
org.odpi.openmetadata.adapters.connectors.integration.kafkaaudit,org.odpi.openmetadata.frameworks.connectors.controls,1,0,0,1,0,0,0,0,0,1,0,0,0,0
org.odpi.openmetadata.adapters.connectors.integration.kafkaaudit,org.odpi.openmetadata.frameworks.integration.context,3,0,3,0,0,0,0,0,0,0,0,0,0,0
org.odpi.openmetadata.adapters.connectors.integration.kafkaaudit,org.odpi.openmetadata.frameworks.opengovernance.properties,3,0,3,2,0,0,0,0,0,0,0,0,0,0
org.odpi.openmetadata.adapters.connectors.integration.kafkaaudit,org.odpi.openmetadata.frameworks.connectors.ffdc,2,0,0,0,0,2,0,0,0,0,0,0,0,0
org.odpi.openmetadata.adapters.connectors.integration.kafkaaudit,org.odpi.openmetadata.frameworks.connectors,4,1,4,6,0,0,0,0,1,0,0,0,0,0
org.odpi.openmetadata.adapters.connectors.integration.kafkaaudit,org.odpi.openmetadata.frameworks.auditlog,2,0,2,3,0,0,0,0,0,0,0,0,0,0
org.odpi.openmetadata.adapters.connectors.integration.kafkaaudit,org.odpi.openmetadata.frameworks.openmetadata.metadataelements,0,0,0,2,0,0,0,0,0,0,0,0,0,0
org.odpi.openmetadata.adapters.connectors.integration.kafkaaudit,org.odpi.openmetadata.repositoryservices.connectors.stores.auditlogstore,3,2,1,1,0,0,0,0,0,2,1,0,0,0
org.odpi.openmetadata.adapters.connectors.integration.kafkaaudit,org.odpi.openmetadata.frameworks.openmetadata.ffdc,2,0,0,0,0,2,0,0,0,0,0,0,0,0
org.odpi.openmetadata.adapters.connectors.integration.kafkaaudit,org.odpi.openmetadata.frameworks.integration.properties,1,1,0,2,1,0,0,0,1,0,0,0,0,0
org.odpi.openmetadata.adapters.connectors.integration.kafkaaudit,org.odpi.openmetadata.adapters.connectors.integration.kafkaaudit.ffdc,2,0,0,0,0,0,0,0,0,6,0,0,0,0
org.odpi.openmetadata.adapters.connectors.integration.kafkaaudit,org.odpi.openmetadata.adapters.connectors.integration.kafkaaudit.controls,2,0,0,1,0,0,0,0,0,5,0,0,0,0
org.odpi.openmetadata.adapters.connectors.integration.kafkaaudit,org.odpi.openmetadata.frameworks.openmetadata.properties.assets.processes.connectors,0,0,0,2,0,0,0,0,0,0,0,0,0,0
org.odpi.openmetadata.adapters.connectors.integration.kafkaaudit,org.odpi.openmetadata.repositoryservices.connectors.openmetadatatopic,3,0,1,0,0,0,1,0,0,0,1,0,0,0
org.odpi.openmetadata.adapters.connectors.integration.kafkaaudit,org.odpi.openmetadata.frameworks.connectors.properties.beans,2,2,1,2,1,0,0,0,1,3,0,0,0,0
org.odpi.openmetadata.adapters.connectors.integration.kafkaaudit,org.odpi.openmetadata.frameworks.openmetadata.refdata,1,0,0,0,0,0,0,0,0,4,0,0,0,0
org.odpi.openmetadata.adapters.connectors.integration.kafkaaudit,org.odpi.openmetadata.frameworks.openmetadata.types,1,0,0,0,0,0,0,0,0,4,0,0,0,0
org.odpi.openmetadata.adapters.connectors.integration.kafkaaudit,org.odpi.openmetadata.frameworks.openmetadata.search,0,0,0,2,0,0,0,0,0,0,0,0,0,0
org.odpi.openmetadata.adapters.connectors.integration.kafkaaudit,org.odpi.openmetadata.adapters.repositoryservices.auditlogstore.console,1,0,0,1,0,0,0,0,1,0,0,0,0,0
org.odpi.openmetadata.adapters.connectors.integration.kafkaaudit,org.odpi.openmetadata.adapters.repositoryservices.auditlogstore.file,1,0,0,1,0,0,0,0,1,0,0,0,0,0
org.odpi.openmetadata.adapters.connectors.integration.kafkaaudit,org.odpi.openmetadata.adapters.repositoryservices.auditlogstore.postgres,1,0,0,1,0,0,0,0,1,0,0,0,0,0
org.odpi.openmetadata.adapters.connectors.integration.kafkaaudit,org.odpi.openmetadata.adapters.connectors.resource.jdbc,1,0,0,0,0,0,0,0,0,0,1,0,0,0
org.odpi.openmetadata.adapters.connectors.integration.kafkaaudit,org.odpi.openmetadata.adapters.connectors.datastore.basicfile,1,0,0,0,0,0,0,0,0,0,1,0,0,0
org.odpi.openmetadata.adapters.connectors.integration.kafkaaudit,org.odpi.openmetadata.adapters.connectors,1,0,0,0,0,0,0,0,0,2,0,0,0,0
org.odpi.openmetadata.frameworks.openmetadata.properties.externalidentifiers,org.odpi.openmetadata.frameworks.openmetadata.types,2,0,0,0,0,0,0,0,0,4,0,0,0,0
org.odpi.openmetadata.frameworks.openmetadata.properties.externalidentifiers,org.odpi.openmetadata.frameworks.openmetadata.properties,2,0,0,10,0,0,0,2,0,10,0,0,0,0
org.odpi.openmetadata.frameworks.openmetadata.properties.externalidentifiers,org.odpi.openmetadata.frameworks.openmetadata.enums,2,2,2,0,2,0,0,0,0,2,0,0,0,0
org.odpi.openmetadata.viewservices.productcatalog.admin,org.odpi.openmetadata.frameworks.auditlog,1,1,1,5,0,0,0,0,0,1,0,0,0,0
org.odpi.openmetadata.viewservices.productcatalog.admin,org.odpi.openmetadata.commonservices.multitenant,0,0,0,1,0,0,0,0,0,0,0,0,0,0
org.odpi.openmetadata.viewservices.productcatalog.admin,org.odpi.openmetadata.adminservices.ffdc.exception,1,0,0,0,0,1,0,0,0,0,0,0,0,0
org.odpi.openmetadata.viewservices.productcatalog.admin,org.odpi.openmetadata.adminservices.configuration.registration,1,0,0,0,0,0,0,0,0,2,0,0,0,0
org.odpi.openmetadata.viewservices.productcatalog.admin,org.odpi.openmetadata.adminservices.configuration.properties,1,0,1,7,0,0,0,0,0,0,0,0,0,0
org.odpi.openmetadata.viewservices.productcatalog.admin,org.odpi.openmetadata.adminservices.registration,1,0,0,1,0,0,0,1,0,1,0,0,0,0
org.odpi.openmetadata.viewservices.productcatalog.admin,org.odpi.openmetadata.viewservices.productcatalog.server,1,1,0,1,0,0,0,0,1,1,0,0,0,0
org.odpi.openmetadata.viewservices.productcatalog.admin,org.odpi.openmetadata.viewservices.productcatalog.ffdc,1,0,0,0,0,0,0,0,0,10,0,0,0,0
org.odpi.openmetadata.viewservices.digitalbusiness.admin,org.odpi.openmetadata.viewservices.digitalbusiness.server,1,1,0,1,0,0,0,0,1,1,0,0,0,0
org.odpi.openmetadata.viewservices.digitalbusiness.admin,org.odpi.openmetadata.viewservices.digitalbusiness.ffdc,1,0,0,0,0,0,0,0,0,10,0,0,0,0
org.odpi.openmetadata.viewservices.digitalbusiness.admin,org.odpi.openmetadata.adminservices.registration,1,0,0,1,0,0,0,1,0,1,0,0,0,0
org.odpi.openmetadata.viewservices.digitalbusiness.admin,org.odpi.openmetadata.commonservices.multitenant,0,0,0,1,0,0,0,0,0,0,0,0,0,0
org.odpi.openmetadata.viewservices.digitalbusiness.admin,org.odpi.openmetadata.adminservices.configuration.properties,1,0,1,7,0,0,0,0,0,0,0,0,0,0
org.odpi.openmetadata.viewservices.digitalbusiness.admin,org.odpi.openmetadata.adminservices.configuration.registration,1,0,0,0,0,0,0,0,0,2,0,0,0,0
org.odpi.openmetadata.viewservices.digitalbusiness.admin,org.odpi.openmetadata.adminservices.ffdc.exception,1,0,0,0,0,1,0,0,0,0,0,0,0,0
org.odpi.openmetadata.viewservices.digitalbusiness.admin,org.odpi.openmetadata.frameworks.auditlog,1,1,1,5,0,0,0,0,0,1,0,0,0,0
org.odpi.openmetadata.viewservices.feedbackmanager.ffdc,org.odpi.openmetadata.frameworks.auditlog,1,1,1,0,0,0,0,0,0,13,0,0,0,0
org.odpi.openmetadata.viewservices.feedbackmanager.ffdc,org.odpi.openmetadata.frameworks.auditlog.messagesets,4,2,0,6,4,0,0,0,4,0,0,0,0,0
org.odpi.openmetadata.adapters.connectors.restclients.factory,org.odpi.openmetadata.frameworks.connectors.properties.beans,4,10,3,28,2,0,0,0,7,11,0,0,0,0
org.odpi.openmetadata.adapters.connectors.restclients.factory,org.odpi.openmetadata.frameworks.connectors,3,3,0,4,0,0,0,0,1,0,0,0,0,0
org.odpi.openmetadata.adapters.connectors.restclients.factory,org.odpi.openmetadata.frameworks.auditlog,1,1,2,0,0,0,0,0,0,2,0,0,0,0
org.odpi.openmetadata.adapters.connectors.restclients.factory,org.odpi.openmetadata.adapters.connectors.restclients.spring,1,0,0,0,0,0,0,0,0,2,0,0,0,0
org.odpi.openmetadata.adapters.connectors.restclients.factory,org.odpi.openmetadata.adapters.connectors.restclients,1,0,0,0,1,0,0,0,0,0,1,0,0,0
org.odpi.openmetadata.engineservices.watchdogaction.server,org.odpi.openmetadata.adminservices.configuration.registration,5,2,0,1,0,0,0,0,1,8,0,0,0,0
org.odpi.openmetadata.engineservices.watchdogaction.server,org.odpi.openmetadata.commonservices.multitenant,2,0,0,6,0,0,0,2,0,0,0,0,0,0
org.odpi.openmetadata.engineservices.watchdogaction.server,org.odpi.openmetadata.engineservices.watchdogaction.admin,1,0,0,0,0,0,0,0,0,1,0,0,0,0
org.odpi.openmetadata.engineservices.watchdogaction.server,org.odpi.openmetadata.engineservices.watchdogaction.handlers,1,0,0,1,0,0,0,0,1,0,0,0,0,0
org.odpi.openmetadata.engineservices.watchdogaction.server,org.odpi.openmetadata.frameworks.openwatchdog,1,0,0,0,0,0,0,0,0,1,0,0,0,0
org.odpi.openmetadata.engineservices.watchdogaction.server,org.odpi.openmetadata.frameworks.auditlog,2,1,1,0,0,0,0,0,0,1,0,0,0,0
org.odpi.openmetadata.engineservices.watchdogaction.server,org.odpi.openmetadata.governanceservers.enginehostservices.registration,1,0,0,1,0,0,0,0,0,1,0,0,0,0
org.odpi.openmetadata.engineservices.watchdogaction.server,org.odpi.openmetadata.tokencontroller,1,0,0,1,0,0,0,1,0,1,0,0,0,0
org.odpi.openmetadata.engineservices.watchdogaction.server,org.odpi.openmetadata.commonservices.ffdc.properties,1,1,0,0,0,0,0,0,0,0,0,0,0,0
org.odpi.openmetadata.engineservices.watchdogaction.server,org.odpi.openmetadata.commonservices.ffdc.rest,1,1,0,2,1,0,0,0,1,0,0,0,0,0
org.odpi.openmetadata.engineservices.watchdogaction.server,org.odpi.openmetadata.commonservices.ffdc,3,3,0,6,0,0,0,0,2,0,0,0,0,0
org.odpi.openmetadata.accessservices.assetmanager.fvt,org.odpi.openmetadata.fvt.utilities,2,1,0,17,0,0,0,1,0,7,0,0,0,0
org.odpi.openmetadata.accessservices.assetmanager.fvt,org.odpi.openmetadata.http,1,0,0,1,0,0,0,0,0,1,0,0,0,0
org.odpi.openmetadata.accessservices.assetmanager.fvt,org.odpi.openmetadata.accessservices.assetmanager.fvt.glossaries,1,0,0,1,0,0,0,0,0,1,0,0,0,0
org.odpi.openmetadata.accessservices.assetmanager.fvt,org.odpi.openmetadata.accessservices.assetmanager.fvt.connections,1,0,0,1,0,0,0,0,0,1,0,0,0,0
org.odpi.openmetadata.accessservices.assetmanager.fvt,org.odpi.openmetadata.accessservices.assetmanager.fvt.dataassets,2,0,0,2,0,0,0,0,0,2,0,0,0,0
org.odpi.openmetadata.accessservices.assetmanager.fvt,org.odpi.openmetadata.accessservices.assetmanager.fvt.errorhandling,1,0,0,1,0,0,0,0,0,1,0,0,0,0
org.odpi.openmetadata.accessservices.assetmanager.fvt,org.odpi.openmetadata.accessservices.assetmanager.fvt.externalidentifiers,1,0,0,1,0,0,0,0,0,1,0,0,0,0
org.odpi.openmetadata.accessservices.assetmanager.fvt,org.odpi.openmetadata.accessservices.assetmanager.fvt.clientconstructors,1,0,0,1,0,0,0,0,0,1,0,0,0,0
org.odpi.openmetadata.metadatasecurity.accessconnector,org.odpi.openmetadata.metadatasecurity.accessconnector.controls,1,0,0,0,0,0,0,0,0,61,0,0,0,0
org.odpi.openmetadata.metadatasecurity.accessconnector,org.odpi.openmetadata.metadatasecurity.accessconnector.ffdc,1,0,0,0,0,0,0,0,0,4,0,0,0,0
org.odpi.openmetadata.metadatasecurity.accessconnector,org.odpi.openmetadata.frameworks.openmetadata.types,2,0,0,0,0,0,0,0,0,12,0,0,0,0
org.odpi.openmetadata.metadatasecurity.accessconnector,org.odpi.openmetadata.repositoryservices.connectors.stores.metadatacollectionstore.properties.typedefs,4,0,12,0,0,0,0,0,0,0,0,0,0,0
org.odpi.openmetadata.metadatasecurity.accessconnector,org.odpi.openmetadata.repositoryservices.connectors.stores.metadatacollectionstore.properties.instances,0,3,68,7,3,0,0,0,0,1,0,0,0,0
org.odpi.openmetadata.metadatasecurity.accessconnector,org.odpi.openmetadata.repositoryservices.connectors.stores.metadatacollectionstore.repositoryconnector,1,0,26,2,0,0,0,0,0,0,0,0,0,0
org.odpi.openmetadata.metadatasecurity.accessconnector,org.odpi.openmetadata.repositoryservices.connectors.stores.metadatacollectionstore.utilities,0,0,0,2,0,0,0,0,0,0,0,0,0,0
org.odpi.openmetadata.metadatasecurity.accessconnector,org.odpi.openmetadata.frameworks.auditlog,2,1,0,6,0,0,0,0,1,2,0,0,0,0
org.odpi.openmetadata.metadatasecurity.accessconnector,org.odpi.openmetadata.frameworks.connectors,1,7,0,29,0,0,0,0,0,26,0,0,0,0
org.odpi.openmetadata.metadatasecurity.accessconnector,org.odpi.openmetadata.frameworks.connectors.properties.beans,1,1,0,17,0,0,0,0,1,1,0,0,0,0
org.odpi.openmetadata.metadatasecurity.accessconnector,org.odpi.openmetadata.metadatasecurity.connectors,2,0,0,21,0,0,0,2,0,30,0,0,0,0
org.odpi.openmetadata.metadatasecurity.accessconnector,org.odpi.openmetadata.metadatasecurity.properties,2,24,2,10,2,0,0,0,2,0,0,0,0,0
org.odpi.openmetadata.metadatasecurity.accessconnector,org.odpi.openmetadata.metadatasecurity,1,0,0,0,0,0,6,0,0,0,0,0,0,0
org.odpi.openmetadata.metadatasecurity.accessconnector,org.odpi.openmetadata.metadatasecurity.ffdc,1,0,0,0,0,0,0,0,0,10,0,0,0,0
org.odpi.openmetadata.metadatasecurity.accessconnector,org.odpi.openmetadata.frameworks.connectors.properties.users,0,13,3,22,1,0,0,0,0,40,0,0,0,0
org.odpi.openmetadata.metadatasecurity.accessconnector,org.odpi.openmetadata.frameworks.connectors.ffdc,1,0,0,0,0,1,0,0,0,0,0,0,0,0
org.odpi.openmetadata.metadatasecurity.accessconnector,org.odpi.openmetadata.frameworks.openmetadata.ffdc,3,1,0,0,0,225,0,0,0,0,0,0,0,0
org.odpi.openmetadata.archiveutilities.designmodels.owlcanonicalglossarymodel,org.odpi.openmetadata.repositoryservices.connectors.stores.archivestore.properties,2,1,0,0,1,0,0,0,0,2,0,0,0,0
org.odpi.openmetadata.archiveutilities.designmodels.owlcanonicalglossarymodel,org.odpi.openmetadata.archiveutilities.designmodels.base,1,0,0,14,0,0,0,1,0,13,0,0,0,0
org.odpi.openmetadata.archiveutilities.designmodels.owlcanonicalglossarymodel,org.odpi.openmetadata.archiveutilities.designmodels.owlcanonicalglossarymodel.properties,2,2,0,77,1,0,0,0,1,1,0,0,0,0
org.odpi.openmetadata.archiveutilities.designmodels.owlcanonicalglossarymodel,org.odpi.openmetadata.repositoryservices.archiveutilities,1,0,0,1,0,0,0,1,0,1,0,0,0,0
org.odpi.openmetadata.adapters.connectors.apachekafka.integration.ffdc,org.odpi.openmetadata.frameworks.auditlog.messagesets,4,2,0,6,4,0,0,0,4,0,0,0,0,0
org.odpi.openmetadata.adapters.connectors.apachekafka.integration.ffdc,org.odpi.openmetadata.frameworks.auditlog,1,1,1,0,0,0,0,0,0,25,0,0,0,0
org.odpi.openmetadata.frameworkservices.omf.connectors.outtopic,org.odpi.openmetadata.adapters.connectors,2,0,0,0,0,0,0,0,0,4,0,0,0,0
org.odpi.openmetadata.frameworkservices.omf.connectors.outtopic,org.odpi.openmetadata.frameworks.openmetadata.events,4,2,3,4,0,0,1,0,0,2,0,0,0,0
org.odpi.openmetadata.frameworkservices.omf.connectors.outtopic,org.odpi.openmetadata.frameworks.openmetadata.ffdc,2,0,0,1,0,2,0,0,1,0,2,0,0,0
org.odpi.openmetadata.frameworkservices.omf.connectors.outtopic,org.odpi.openmetadata.frameworks.auditlog,0,0,0,1,0,0,0,0,0,0,0,0,0,0
org.odpi.openmetadata.frameworkservices.omf.connectors.outtopic,org.odpi.openmetadata.frameworks.connectors.ffdc,1,0,0,1,0,1,0,0,1,0,2,0,0,0
org.odpi.openmetadata.frameworkservices.omf.connectors.outtopic,org.odpi.openmetadata.frameworks.connectors,2,0,0,2,0,0,0,2,0,0,0,0,0,0
org.odpi.openmetadata.frameworkservices.omf.connectors.outtopic,org.odpi.openmetadata.frameworkservices.omf.ffdc,3,0,0,0,0,0,0,0,0,6,0,0,0,0
org.odpi.openmetadata.frameworkservices.omf.connectors.outtopic,org.odpi.openmetadata.repositoryservices.connectors.openmetadatatopic,2,0,0,1,0,0,0,2,0,7,0,0,0,0
org.odpi.openmetadata.frameworks.openmetadata.properties.communities,org.odpi.openmetadata.frameworks.openmetadata.properties,2,0,0,10,0,0,0,2,0,14,0,0,0,0
org.odpi.openmetadata.frameworks.openmetadata.properties.communities,org.odpi.openmetadata.frameworks.openmetadata.types,4,0,0,0,0,0,0,0,0,12,0,0,0,0
org.odpi.openmetadata.frameworks.openmetadata.properties.communities,org.odpi.openmetadata.frameworks.openmetadata.properties.actors,2,0,0,8,0,0,0,2,0,6,0,0,0,0
org.odpi.openmetadata.frameworks.openmetadata.properties.communities,org.odpi.openmetadata.frameworks.openmetadata.enums,1,1,1,0,1,0,0,0,0,1,0,0,0,0
org.odpi.openmetadata.accessservices.governanceprogram.samples.subjectareas,org.odpi.openmetadata.frameworks.openmetadata.metadataelements,0,1,1,2,0,0,0,0,0,1,0,0,0,0
org.odpi.openmetadata.accessservices.governanceprogram.samples.subjectareas,org.odpi.openmetadata.frameworks.openmetadata.properties,0,0,0,15,0,0,0,0,0,0,0,0,0,0
org.odpi.openmetadata.accessservices.governanceprogram.samples.subjectareas,org.odpi.openmetadata.frameworks.openmetadata.ffdc,3,0,0,0,0,9,0,0,0,0,0,0,0,0
org.odpi.openmetadata.accessservices.governanceprogram.samples.subjectareas,org.odpi.openmetadata.frameworks.openmetadata.handlers,1,1,0,8,0,0,0,0,0,0,0,0,0,0
org.odpi.openmetadata.accessservices.governanceprogram.samples.subjectareas,org.odpi.openmetadata.frameworks.openmetadata.search,3,0,0,3,0,0,0,0,3,0,0,0,0,0
org.odpi.openmetadata.accessservices.governanceprogram.samples.subjectareas,org.odpi.openmetadata.frameworks.openmetadata.types,1,0,0,0,0,0,0,0,0,12,0,0,0,0
org.odpi.openmetadata.accessservices.governanceprogram.samples.subjectareas,org.odpi.openmetadata.http,1,0,0,1,0,0,0,0,0,1,0,0,0,0
org.odpi.openmetadata.accessservices.governanceprogram.samples.subjectareas,org.odpi.openmetadata.frameworks.openmetadata.properties.governance,3,3,0,12,0,0,0,0,6,3,0,0,0,0
org.odpi.openmetadata.conformance.workbenches.repository,org.odpi.openmetadata.conformance.beans,2,10,13,93,2,0,0,1,4,88,0,0,0,0
org.odpi.openmetadata.conformance.workbenches.repository,org.odpi.openmetadata.frameworks.auditlog,2,3,1,5,1,0,0,0,0,1,0,0,0,0
org.odpi.openmetadata.conformance.workbenches.repository,org.odpi.openmetadata.conformance.ffdc,1,0,0,0,0,0,0,0,0,10,0,0,0,0
org.odpi.openmetadata.conformance.workbenches.repository,org.odpi.openmetadata.conformance.tests.repository.connector,2,2,0,2,0,0,0,0,2,0,0,0,0,0
org.odpi.openmetadata.conformance.workbenches.repository,org.odpi.openmetadata.conformance.tests.repository.types,0,8,2,11,0,0,0,0,6,2,0,0,0,0
org.odpi.openmetadata.conformance.workbenches.repository,org.odpi.openmetadata.conformance.tests.repository.instances,0,29,12,14,0,0,0,0,13,12,0,0,0,0
org.odpi.openmetadata.conformance.workbenches.repository,org.odpi.openmetadata.conformance.workbenches,1,0,0,3,0,0,0,1,0,4,0,0,0,0
org.odpi.openmetadata.conformance.workbenches.repository,org.odpi.openmetadata.repositoryservices.connectors.stores.metadatacollectionstore.properties.instances,2,0,4,0,0,0,0,0,0,4,0,0,0,0
org.odpi.openmetadata.conformance.workbenches.repository,org.odpi.openmetadata.repositoryservices.connectors.stores.metadatacollectionstore.properties.typedefs,2,14,14,23,6,0,0,0,0,18,4,0,0,0
org.odpi.openmetadata.conformance.workbenches.repository,org.odpi.openmetadata.repositoryservices.connectors.stores.metadatacollectionstore.repositoryconnector,3,5,2,5,2,0,0,0,0,2,0,0,0,0
org.odpi.openmetadata.conformance.workbenches.repository,org.odpi.openmetadata.adminservices.configuration.properties,1,0,1,3,0,0,0,0,0,0,0,0,0,0
org.odpi.openmetadata.engineservices.watchdogaction.admin,org.odpi.openmetadata.governanceservers.enginehostservices.registration,1,0,1,0,0,0,0,0,0,0,0,0,0,0
org.odpi.openmetadata.engineservices.watchdogaction.admin,org.odpi.openmetadata.governanceservers.enginehostservices.admin,1,0,0,1,0,0,0,1,0,6,0,0,0,0
org.odpi.openmetadata.engineservices.watchdogaction.admin,org.odpi.openmetadata.adminservices.configuration.registration,1,0,0,0,0,0,0,0,0,2,0,0,0,0
org.odpi.openmetadata.engineservices.watchdogaction.admin,org.odpi.openmetadata.adminservices.ffdc.exception,1,0,0,1,0,1,0,0,1,0,0,0,0,0
org.odpi.openmetadata.engineservices.watchdogaction.admin,org.odpi.openmetadata.engineservices.watchdogaction.ffdc,2,0,0,0,0,0,0,0,0,10,0,0,0,0
org.odpi.openmetadata.engineservices.watchdogaction.admin,org.odpi.openmetadata.frameworks.auditlog,1,0,1,4,0,0,0,0,0,1,0,0,0,0
org.odpi.openmetadata.engineservices.watchdogaction.admin,org.odpi.openmetadata.engineservices.watchdogaction.server,1,1,0,1,0,0,0,0,1,1,0,0,0,0
org.odpi.openmetadata.engineservices.watchdogaction.admin,org.odpi.openmetadata.commonservices.multitenant,0,0,0,1,0,0,0,0,0,0,0,0,0,0
org.odpi.openmetadata.adapters.connectors.controls,org.odpi.openmetadata.frameworks.openmetadata.definitions,7,10,7,7,14,0,0,0,7,10,0,0,0,0
org.odpi.openmetadata.adapters.connectors.controls,org.odpi.openmetadata.frameworks.openmetadata.specificationproperties,5,3,5,18,3,0,0,0,3,5,0,0,0,0
org.odpi.openmetadata.adapters.connectors.controls,org.odpi.openmetadata.frameworks.openmetadata.types,6,0,0,0,0,0,0,0,0,50,0,0,0,0
org.odpi.openmetadata.adapters.connectors.controls,org.odpi.openmetadata.frameworks.openmetadata.refdata,11,0,0,0,0,0,0,0,0,102,0,0,0,0
org.odpi.openmetadata.adapters.connectors.controls,org.odpi.openmetadata.frameworks.openmetadata.controls,3,0,0,0,0,0,0,0,0,22,0,0,0,0
org.odpi.openmetadata.frameworks.connectors.tabulardatasets,org.odpi.openmetadata.frameworks.connectors.ffdc,3,0,0,0,0,12,0,0,0,0,0,0,0,0
org.odpi.openmetadata.frameworks.connectors.tabulardatasets,org.odpi.openmetadata.frameworks.openmetadata.types,1,0,0,0,0,0,0,0,0,0,0,0,0,0
org.odpi.openmetadata.adapters.connectors.baudot.ffdc,org.odpi.openmetadata.frameworks.auditlog.messagesets,2,1,0,3,2,0,0,0,2,0,0,0,0,0
org.odpi.openmetadata.adapters.connectors.baudot.ffdc,org.odpi.openmetadata.frameworks.auditlog,1,1,1,0,0,0,0,0,0,19,0,0,0,0
org.odpi.openmetadata.accessservices.communityprofile.fvt.profiles,org.odpi.openmetadata.fvt.utilities,1,1,0,5,1,0,0,0,1,0,0,0,0,0
org.odpi.openmetadata.accessservices.communityprofile.fvt.profiles,org.odpi.openmetadata.fvt.utilities.exceptions,1,0,0,3,0,4,0,0,3,0,0,0,0,0
org.odpi.openmetadata.accessservices.communityprofile.fvt.profiles,org.odpi.openmetadata.fvt.utilities.auditlog,1,0,1,0,0,0,0,0,0,0,0,0,0,0
org.odpi.openmetadata.accessservices.communityprofile.fvt.profiles,org.odpi.openmetadata.frameworks.openmetadata.search,2,2,0,13,0,0,0,0,5,3,0,0,0,0
org.odpi.openmetadata.accessservices.communityprofile.fvt.profiles,org.odpi.openmetadata.frameworks.openmetadata.types,2,0,0,0,0,0,0,0,0,19,0,0,0,0
org.odpi.openmetadata.accessservices.communityprofile.fvt.profiles,org.odpi.openmetadata.adminservices.configuration.registration,2,0,0,0,0,0,0,0,0,9,0,0,0,0
org.odpi.openmetadata.accessservices.communityprofile.fvt.profiles,org.odpi.openmetadata.frameworks.auditlog,1,1,2,1,0,0,0,0,1,0,0,0,0,0
org.odpi.openmetadata.accessservices.communityprofile.fvt.profiles,org.odpi.openmetadata.frameworks.openmetadata.client,1,2,0,0,0,0,0,0,0,0,0,0,0,0
org.odpi.openmetadata.accessservices.communityprofile.fvt.profiles,org.odpi.openmetadata.frameworks.openmetadata.metadataelements,1,0,1,0,0,0,0,0,0,1,0,0,0,0
org.odpi.openmetadata.accessservices.communityprofile.fvt.profiles,org.odpi.openmetadata.frameworks.openmetadata.handlers,2,2,2,12,2,0,0,0,2,0,0,0,0,0
org.odpi.openmetadata.accessservices.communityprofile.fvt.profiles,org.odpi.openmetadata.frameworks.openmetadata.properties.actors,0,6,0,10,0,0,0,0,7,1,0,0,0,0
org.odpi.openmetadata.accessservices.communityprofile.fvt.profiles,org.odpi.openmetadata.frameworks.openmetadata.properties,0,0,0,27,0,0,0,0,0,0,0,0,0,0
org.odpi.openmetadata.adapters.connectors.resource.jdbc.ffdc,org.odpi.openmetadata.frameworks.auditlog,1,1,1,0,0,0,0,0,0,11,0,0,0,0
org.odpi.openmetadata.adapters.connectors.resource.jdbc.ffdc,org.odpi.openmetadata.frameworks.auditlog.messagesets,4,2,0,6,4,0,0,0,4,0,0,0,0,0
org.odpi.openmetadata.adapters.connectors.integration.kafkaaudit.ffdc,org.odpi.openmetadata.frameworks.auditlog.messagesets,4,2,0,6,4,0,0,0,4,0,0,0,0,0
org.odpi.openmetadata.adapters.connectors.integration.kafkaaudit.ffdc,org.odpi.openmetadata.frameworks.auditlog,1,1,1,0,0,0,0,0,0,3,0,0,0,0
org.odpi.openmetadata.frameworks.openmetadata.properties.propertyfacets,org.odpi.openmetadata.frameworks.openmetadata.properties,2,0,0,10,0,0,0,2,0,10,0,0,0,0
org.odpi.openmetadata.frameworks.openmetadata.properties.propertyfacets,org.odpi.openmetadata.frameworks.openmetadata.types,2,0,0,0,0,0,0,0,0,4,0,0,0,0
org.odpi.openmetadata.viewservices.actormanager.server,org.odpi.openmetadata.frameworks.openmetadata.handlers,0,51,6,71,12,0,0,0,0,12,0,0,0,0
org.odpi.openmetadata.viewservices.actormanager.server,org.odpi.openmetadata.frameworks.openmetadata.properties.actors,0,0,0,0,0,0,0,0,0,19,18,0,0,0
org.odpi.openmetadata.viewservices.actormanager.server,org.odpi.openmetadata.commonservices.ffdc,3,53,0,245,0,0,0,0,2,0,0,0,0,0
org.odpi.openmetadata.viewservices.actormanager.server,org.odpi.openmetadata.commonservices.ffdc.rest,1,51,51,155,51,0,0,0,51,1,0,0,0,0
org.odpi.openmetadata.viewservices.actormanager.server,org.odpi.openmetadata.commonservices.multitenant,3,6,0,123,0,0,0,2,6,6,0,0,0,0
org.odpi.openmetadata.viewservices.actormanager.server,org.odpi.openmetadata.frameworks.auditlog,2,51,1,0,0,0,0,0,0,51,0,0,0,0
org.odpi.openmetadata.viewservices.actormanager.server,org.odpi.openmetadata.adminservices.configuration.registration,5,3,0,14,0,0,0,0,1,8,0,0,0,0
org.odpi.openmetadata.viewservices.actormanager.server,org.odpi.openmetadata.frameworks.openmetadata.ffdc,5,0,0,0,0,30,0,0,0,0,0,0,0,0
org.odpi.openmetadata.viewservices.actormanager.server,org.odpi.openmetadata.frameworks.openmetadata.properties.security,1,0,0,0,0,0,0,0,0,2,2,0,0,0
org.odpi.openmetadata.viewservices.actormanager.server,org.odpi.openmetadata.adminservices.registration,1,0,0,1,0,0,0,0,0,1,0,0,0,0
org.odpi.openmetadata.viewservices.actormanager.server,org.odpi.openmetadata.viewservices.actormanager.admin,1,0,0,0,0,0,0,0,0,1,0,0,0,0
org.odpi.openmetadata.viewservices.actormanager.server,org.odpi.openmetadata.tokencontroller,1,0,0,51,0,0,0,1,0,51,0,0,0,0
org.odpi.openmetadata.viewservices.actormanager.server,org.odpi.openmetadata.adminservices.configuration.properties,1,0,0,0,0,0,0,0,0,0,0,0,0,0
org.odpi.openmetadata.frameworks.openmetadata.properties.assets.metadatarepositories,org.odpi.openmetadata.frameworks.openmetadata.properties,0,0,0,0,0,0,0,0,0,5,0,0,0,0
org.odpi.openmetadata.frameworks.openmetadata.properties.assets.metadatarepositories,org.odpi.openmetadata.frameworks.openmetadata.types,3,0,0,0,0,0,0,0,0,10,0,0,0,0
org.odpi.openmetadata.frameworks.openmetadata.properties.assets.metadatarepositories,org.odpi.openmetadata.frameworks.openmetadata.properties.assets,3,0,0,13,0,0,0,3,0,10,0,0,0,0
org.odpi.openmetadata.frameworks.connectors,org.odpi.openmetadata.frameworks.connectors.properties.beans,11,8,13,81,6,0,0,1,3,6,2,0,0,0
org.odpi.openmetadata.frameworks.connectors,org.odpi.openmetadata.frameworks.connectors.ffdc,13,0,0,20,0,40,0,0,20,80,0,0,0,0
org.odpi.openmetadata.frameworks.connectors,org.odpi.openmetadata.frameworks.auditlog,13,6,4,27,4,0,2,0,2,8,5,0,0,0
org.odpi.openmetadata.frameworks.connectors,org.odpi.openmetadata.frameworks.connectors.controls,3,0,1,0,0,0,0,0,0,23,0,0,0,0
org.odpi.openmetadata.frameworks.connectors,org.odpi.openmetadata.frameworks.openmetadata.ffdc,11,0,0,20,0,21,0,0,20,0,0,0,0,0
org.odpi.openmetadata.frameworks.connectors,org.odpi.openmetadata.frameworks.connectors.properties.users,3,0,2,0,3,0,0,0,0,0,0,0,0,0
org.odpi.openmetadata.frameworks.connectors,org.odpi.openmetadata.frameworks.auditlog.messagesets,1,0,3,6,0,0,0,0,0,0,0,0,0,0
org.odpi.openmetadata.frameworks.connectors,org.odpi.openmetadata.frameworks.openmetadata.specificationproperties,2,0,2,0,0,0,0,0,0,2,0,0,0,0
org.odpi.openmetadata.frameworks.opengovernance.mermaid,org.odpi.openmetadata.frameworks.openmetadata.types,2,0,0,0,0,0,0,0,0,8,0,0,0,0
org.odpi.openmetadata.frameworks.opengovernance.mermaid,org.odpi.openmetadata.frameworks.openmetadata.properties,0,0,0,9,0,0,0,0,0,0,0,0,0,0
org.odpi.openmetadata.frameworks.opengovernance.mermaid,org.odpi.openmetadata.frameworks.openmetadata.mermaid,2,0,0,14,0,0,0,1,0,30,0,0,0,0
org.odpi.openmetadata.frameworks.opengovernance.mermaid,org.odpi.openmetadata.frameworks.openmetadata.metadataelements,0,0,0,15,0,0,0,0,0,0,0,0,0,0
org.odpi.openmetadata.frameworks.opengovernance.mermaid,org.odpi.openmetadata.frameworks.openmetadata.enums,1,0,0,0,0,0,0,0,0,4,0,0,0,0
org.odpi.openmetadata.frameworks.opengovernance.mermaid,org.odpi.openmetadata.frameworks.opengovernance.properties,0,3,3,88,0,0,0,0,0,0,0,0,0,0
org.odpi.openmetadata.frameworkservices.ocf.metadatamanagement.server,org.odpi.openmetadata.commonservices.ffdc.rest,2,3,0,6,3,0,0,0,3,0,0,0,0,0
org.odpi.openmetadata.frameworkservices.ocf.metadatamanagement.server,org.odpi.openmetadata.commonservices.ffdc,3,5,0,11,0,0,0,0,2,0,0,0,0,0
org.odpi.openmetadata.frameworkservices.ocf.metadatamanagement.server,org.odpi.openmetadata.frameworks.openmetadata.types,2,0,0,0,0,0,0,0,0,8,0,0,0,0
org.odpi.openmetadata.frameworkservices.ocf.metadatamanagement.server,org.odpi.openmetadata.commonservices.generichandlers,3,4,0,5,2,0,0,0,2,1,0,0,0,0
org.odpi.openmetadata.frameworkservices.ocf.metadatamanagement.server,org.odpi.openmetadata.commonservices.multitenant,2,0,0,8,0,0,0,2,0,11,0,0,0,0
org.odpi.openmetadata.frameworkservices.ocf.metadatamanagement.server,org.odpi.openmetadata.commonservices.multitenant.ffdc.exceptions,1,0,0,1,0,1,0,0,1,0,0,0,0,0
org.odpi.openmetadata.frameworkservices.ocf.metadatamanagement.server,org.odpi.openmetadata.frameworkservices.ocf.metadatamanagement.ffdc,1,0,0,0,0,0,0,0,0,2,0,0,0,0
org.odpi.openmetadata.frameworkservices.ocf.metadatamanagement.server,org.odpi.openmetadata.repositoryservices.connectors.stores.metadatacollectionstore.properties,1,0,0,0,0,0,0,0,0,2,0,0,0,0
org.odpi.openmetadata.frameworkservices.ocf.metadatamanagement.server,org.odpi.openmetadata.repositoryservices.connectors.stores.metadatacollectionstore.properties.instances,1,0,0,0,0,0,0,0,0,0,0,0,0,0
org.odpi.openmetadata.frameworkservices.ocf.metadatamanagement.server,org.odpi.openmetadata.adminservices.configuration.registration,5,2,0,1,0,0,0,0,1,8,0,0,0,0
org.odpi.openmetadata.frameworkservices.ocf.metadatamanagement.server,org.odpi.openmetadata.frameworkservices.ocf.metadatamanagement.admin,1,0,0,0,0,0,0,0,0,1,0,0,0,0
org.odpi.openmetadata.frameworkservices.ocf.metadatamanagement.server,org.odpi.openmetadata.frameworks.openmetadata.ffdc,4,0,0,0,0,4,0,0,0,0,0,0,0,0
org.odpi.openmetadata.frameworkservices.ocf.metadatamanagement.server,org.odpi.openmetadata.frameworks.auditlog,2,3,1,0,0,0,0,0,0,3,0,0,0,0
org.odpi.openmetadata.frameworkservices.ocf.metadatamanagement.server,org.odpi.openmetadata.frameworks.connectors.properties.beans,2,0,4,0,0,0,0,0,0,5,0,0,0,0
org.odpi.openmetadata.frameworkservices.ocf.metadatamanagement.server,org.odpi.openmetadata.adminservices.registration,1,0,0,1,0,0,0,0,0,1,0,0,0,0
org.odpi.openmetadata.frameworkservices.ocf.metadatamanagement.server,org.odpi.openmetadata.repositoryservices.connectors.stores.metadatacollectionstore.repositoryconnector,1,0,1,0,0,0,0,0,0,0,0,0,0,0
org.odpi.openmetadata.conformance.workbenches.platform,org.odpi.openmetadata.conformance.workbenches,1,0,0,2,0,0,0,1,0,2,0,0,0,0
org.odpi.openmetadata.conformance.workbenches.platform,org.odpi.openmetadata.conformance.ffdc,1,0,0,0,0,0,0,0,0,8,0,0,0,0
org.odpi.openmetadata.conformance.workbenches.platform,org.odpi.openmetadata.conformance.beans,1,10,13,54,2,0,0,1,4,34,0,0,0,0
org.odpi.openmetadata.conformance.workbenches.platform,org.odpi.openmetadata.conformance.tests.platform,1,1,2,0,0,0,0,0,0,2,0,0,0,0
org.odpi.openmetadata.conformance.workbenches.platform,org.odpi.openmetadata.conformance.tests.platform.origin,1,0,0,1,0,0,0,0,1,0,0,0,0,0
org.odpi.openmetadata.conformance.workbenches.platform,org.odpi.openmetadata.frameworks.auditlog,2,3,1,4,1,0,0,0,0,1,0,0,0,0
org.odpi.openmetadata.conformance.workbenches.platform,org.odpi.openmetadata.adminservices.configuration.properties,1,0,1,1,0,0,0,0,0,0,0,0,0,0
org.odpi.openmetadata.conformance.beans,org.odpi.openmetadata.conformance.ffdc,2,0,0,0,0,0,0,0,0,12,0,0,0,0
org.odpi.openmetadata.conformance.beans,org.odpi.openmetadata.frameworks.openmetadata.ffdc,2,0,0,5,0,5,0,0,5,0,0,0,0,0
org.odpi.openmetadata.conformance.beans,org.odpi.openmetadata.conformance.ffdc.exception,2,0,0,3,0,3,0,0,3,0,0,0,0,0
org.odpi.openmetadata.viewservices.multilanguage.server,org.odpi.openmetadata.commonservices.multitenant,2,0,0,3,0,0,0,2,0,0,0,0,0,0
org.odpi.openmetadata.viewservices.multilanguage.server,org.odpi.openmetadata.commonservices.ffdc,2,2,0,2,0,0,0,0,2,0,0,0,0,0
org.odpi.openmetadata.viewservices.multilanguage.server,org.odpi.openmetadata.tokencontroller,1,0,0,0,0,0,0,1,0,0,0,0,0,0
org.odpi.openmetadata.viewservices.multilanguage.server,org.odpi.openmetadata.adminservices.configuration.registration,5,3,0,2,0,0,0,0,1,8,0,0,0,0
org.odpi.openmetadata.viewservices.multilanguage.server,org.odpi.openmetadata.adminservices.registration,1,0,0,1,0,0,0,0,0,1,0,0,0,0
org.odpi.openmetadata.viewservices.multilanguage.server,org.odpi.openmetadata.viewservices.multilanguage.admin,1,0,0,0,0,0,0,0,0,1,0,0,0,0
org.odpi.openmetadata.viewservices.multilanguage.server,org.odpi.openmetadata.frameworks.auditlog,1,0,1,0,0,0,0,0,0,0,0,0,0,0
org.odpi.openmetadata.viewservices.multilanguage.server,org.odpi.openmetadata.frameworks.openmetadata.ffdc,1,0,0,0,0,1,0,0,0,0,0,0,0,0
org.odpi.openmetadata.accessservices.governanceserver.fvt,org.odpi.openmetadata.accessservices.governanceserver.fvt.clientconstructors,1,0,0,1,0,0,0,0,0,1,0,0,0,0
org.odpi.openmetadata.accessservices.governanceserver.fvt,org.odpi.openmetadata.accessservices.governanceserver.fvt.engines,1,0,0,1,0,0,0,0,0,1,0,0,0,0
org.odpi.openmetadata.accessservices.governanceserver.fvt,org.odpi.openmetadata.accessservices.governanceserver.fvt.errorhandling,1,0,0,1,0,0,0,0,0,1,0,0,0,0
org.odpi.openmetadata.accessservices.governanceserver.fvt,org.odpi.openmetadata.accessservices.governanceserver.fvt.duplicates,1,0,0,1,0,0,0,0,0,1,0,0,0,0
org.odpi.openmetadata.accessservices.governanceserver.fvt,org.odpi.openmetadata.fvt.utilities,2,1,0,11,0,0,0,1,0,4,0,0,0,0
org.odpi.openmetadata.accessservices.governanceserver.fvt,org.odpi.openmetadata.http,1,0,0,1,0,0,0,0,0,1,0,0,0,0
org.odpi.openmetadata.accessservices.assetconsumer.fvt,org.odpi.openmetadata.fvt.utilities,6,5,0,31,4,0,0,1,4,4,0,0,0,0
org.odpi.openmetadata.accessservices.assetconsumer.fvt,org.odpi.openmetadata.fvt.utilities.auditlog,4,0,4,0,0,0,0,0,0,0,0,0,0,0
org.odpi.openmetadata.accessservices.assetconsumer.fvt,org.odpi.openmetadata.fvt.utilities.exceptions,4,0,0,38,0,20,0,0,38,0,0,0,0,0
org.odpi.openmetadata.accessservices.assetconsumer.fvt,org.odpi.openmetadata.frameworks.openmetadata.properties,0,0,0,14,0,0,0,0,0,0,0,0,0,0
org.odpi.openmetadata.accessservices.assetconsumer.fvt,org.odpi.openmetadata.frameworks.openmetadata.properties.assets,1,1,0,1,0,0,0,0,1,0,0,0,0,0
org.odpi.openmetadata.accessservices.assetconsumer.fvt,org.odpi.openmetadata.frameworks.auditlog,5,4,6,4,0,0,0,0,4,0,0,0,0,0
org.odpi.openmetadata.accessservices.assetconsumer.fvt,org.odpi.openmetadata.frameworks.openmetadata.properties.feedback,1,1,0,0,0,0,0,0,0,0,0,0,0,0
org.odpi.openmetadata.accessservices.assetconsumer.fvt,org.odpi.openmetadata.frameworks.openmetadata.ffdc,3,0,0,0,0,2,0,0,0,0,0,0,0,0
org.odpi.openmetadata.accessservices.assetconsumer.fvt,org.odpi.openmetadata.frameworks.openmetadata.enums,1,0,3,0,0,0,0,0,0,12,0,0,0,0
org.odpi.openmetadata.accessservices.assetconsumer.fvt,org.odpi.openmetadata.adminservices.configuration.registration,4,0,0,0,0,0,0,0,0,20,0,0,0,0
org.odpi.openmetadata.accessservices.assetconsumer.fvt,org.odpi.openmetadata.http,1,0,0,1,0,0,0,0,0,1,0,0,0,0
org.odpi.openmetadata.accessservices.assetconsumer.fvt,org.odpi.openmetadata.frameworks.openmetadata.properties.schema,1,1,0,1,0,0,0,0,1,0,0,0,0,0
org.odpi.openmetadata.adapters.connectors.externalharvesters.harvestopenmetadata.schema,org.odpi.openmetadata.adapters.connectors.resource.jdbc.properties,1,1,1,2,1,0,0,0,0,299,0,0,0,0
org.odpi.openmetadata.adapters.connectors.externalharvesters.harvestopenmetadata.schema,org.odpi.openmetadata.adapters.connectors.resource.jdbc.ddl.postgres,4,0,0,0,0,0,0,0,0,0,0,0,0,0
org.odpi.openmetadata.frameworks.openmetadata.ffdc,org.odpi.openmetadata.frameworks.auditlog.messagesets,9,2,20,26,4,0,0,0,4,0,0,0,0,0
org.odpi.openmetadata.frameworks.openmetadata.ffdc,org.odpi.openmetadata.frameworks.auditlog,4,3,1,10,0,0,0,0,2,37,0,0,0,0
org.odpi.openmetadata.engineservices.surveyaction.client.rest,org.odpi.openmetadata.frameworks.connectors,1,0,0,0,0,0,0,0,0,0,0,0,0,0
org.odpi.openmetadata.engineservices.surveyaction.client.rest,org.odpi.openmetadata.frameworks.auditlog,1,0,2,0,0,0,0,0,0,0,0,0,0,0
org.odpi.openmetadata.engineservices.surveyaction.client.rest,org.odpi.openmetadata.frameworks.openmetadata.ffdc,1,0,0,0,0,2,0,0,0,0,0,0,0,0
org.odpi.openmetadata.engineservices.surveyaction.client.rest,org.odpi.openmetadata.frameworkservices.ocf.metadatamanagement.client,1,0,0,2,0,0,0,1,0,0,0,0,0,0
org.odpi.openmetadata.archiveutilities.bigglossaries,org.odpi.openmetadata.repositoryservices.connectors.stores.archivestore.properties,1,1,1,0,0,0,0,0,0,2,0,0,0,0
org.odpi.openmetadata.archiveutilities.bigglossaries,org.odpi.openmetadata.repositoryservices.archiveutilities,1,0,0,1,0,0,0,1,0,1,0,0,0,0
org.odpi.openmetadata.archiveutilities.bigglossaries,org.odpi.openmetadata.archiveutilities.bigglossaries.catalogcontent,1,1,0,2,0,0,0,0,1,0,0,0,0,0
org.odpi.openmetadata.archiveutilities.bigglossaries,org.odpi.openmetadata.opentypes,1,0,0,2,0,0,0,0,1,0,0,0,0,0
org.odpi.openmetadata.contentpacks.core.organizationinsight,org.odpi.openmetadata.repositoryservices.connectors.stores.archivestore.properties,1,0,0,1,0,0,0,0,1,0,0,0,0,0
org.odpi.openmetadata.contentpacks.core.organizationinsight,org.odpi.openmetadata.samples.archiveutilities,0,0,0,3,0,0,0,0,0,2,0,0,0,0
org.odpi.openmetadata.contentpacks.core.organizationinsight,org.odpi.openmetadata.contentpacks.core,1,0,0,0,0,0,0,0,0,20,0,0,0,0
org.odpi.openmetadata.contentpacks.core.organizationinsight,org.odpi.openmetadata.contentpacks.core.core,1,0,0,1,0,0,0,0,1,0,0,0,0,0
org.odpi.openmetadata.contentpacks.core.organizationinsight,org.odpi.openmetadata.contentpacks.core.base,1,0,0,7,0,0,0,1,0,4,0,0,0,0
org.odpi.openmetadata.platformservices.server,org.odpi.openmetadata.commonservices.multitenant,3,3,0,27,0,0,0,0,3,8,0,0,0,0
org.odpi.openmetadata.platformservices.server,org.odpi.openmetadata.frameworks.openmetadata.ffdc,1,0,0,0,0,1,0,0,0,0,0,0,0,0
org.odpi.openmetadata.platformservices.server,org.odpi.openmetadata.commonservices.ffdc.rest,1,21,2,39,21,0,0,0,21,0,0,0,0,0
org.odpi.openmetadata.platformservices.server,org.odpi.openmetadata.metadatasecurity.properties,0,0,0,2,0,0,0,0,0,0,0,0,0,0
org.odpi.openmetadata.platformservices.server,org.odpi.openmetadata.metadatasecurity.server,1,0,0,9,0,0,0,0,0,9,0,0,0,0
org.odpi.openmetadata.platformservices.server,org.odpi.openmetadata.adminservices.configuration.registration,3,0,0,0,0,0,0,0,0,60,0,0,0,0
org.odpi.openmetadata.platformservices.server,org.odpi.openmetadata.commonservices.ffdc,9,32,0,113,0,0,0,0,6,0,0,0,0,0
org.odpi.openmetadata.platformservices.server,org.odpi.openmetadata.adminservices.rest,2,1,1,5,1,0,0,0,1,0,0,0,0,0
org.odpi.openmetadata.platformservices.server,org.odpi.openmetadata.adminservices.server,1,1,0,6,0,0,0,0,1,0,0,0,0,0
org.odpi.openmetadata.platformservices.server,org.odpi.openmetadata.tokencontroller,4,0,0,26,0,0,0,4,0,26,0,0,0,0
org.odpi.openmetadata.platformservices.server,org.odpi.openmetadata.serveroperations.server,2,2,0,6,0,0,0,0,2,0,0,0,0,0
org.odpi.openmetadata.platformservices.server,org.odpi.openmetadata.platformservices.rest,1,2,0,4,2,0,0,0,2,0,0,0,0,0
org.odpi.openmetadata.platformservices.server,org.odpi.openmetadata.serveroperations.properties,1,1,0,5,0,0,0,0,0,0,0,0,0,0
org.odpi.openmetadata.platformservices.server,org.odpi.openmetadata.serveroperations.rest,2,2,0,10,2,0,0,0,2,0,0,0,0,0
org.odpi.openmetadata.platformservices.server,org.odpi.openmetadata.frameworks.connectors,1,1,0,1,0,0,0,0,0,0,1,0,0,0
org.odpi.openmetadata.platformservices.server,org.odpi.openmetadata.frameworks.connectors.properties.beans,1,1,0,2,0,0,0,0,1,1,0,0,0,0
org.odpi.openmetadata.frameworks.integration.iterator,org.odpi.openmetadata.frameworks.openmetadata.types,2,0,0,0,0,0,0,0,0,8,0,0,0,0
org.odpi.openmetadata.frameworks.integration.iterator,org.odpi.openmetadata.frameworks.openmetadata.metadataelements,3,6,3,36,3,0,0,0,0,5,0,0,0,0
org.odpi.openmetadata.frameworks.integration.iterator,org.odpi.openmetadata.frameworks.auditlog,4,2,4,2,0,0,0,0,0,2,0,0,0,0
org.odpi.openmetadata.frameworks.integration.iterator,org.odpi.openmetadata.frameworks.integration.ffdc,1,0,0,0,0,0,0,0,0,4,0,0,0,0
org.odpi.openmetadata.frameworks.integration.iterator,org.odpi.openmetadata.frameworks.openmetadata.connectorcontext,3,3,0,13,0,0,0,0,0,0,0,0,0,0
org.odpi.openmetadata.frameworks.integration.iterator,org.odpi.openmetadata.frameworks.integration.context,3,1,3,0,0,0,0,0,0,1,0,0,0,0
org.odpi.openmetadata.frameworks.integration.iterator,org.odpi.openmetadata.frameworks.openmetadata.ffdc,9,0,0,0,0,21,0,0,0,0,0,0,0,0
org.odpi.openmetadata.frameworks.integration.iterator,org.odpi.openmetadata.frameworks.openmetadata.enums,4,3,4,0,0,0,0,0,0,35,0,0,0,0
org.odpi.openmetadata.frameworks.integration.iterator,org.odpi.openmetadata.frameworks.openmetadata.search,1,1,0,1,0,0,0,0,1,0,0,0,0,0
org.odpi.openmetadata.frameworks.integration.iterator,org.odpi.openmetadata.frameworks.openmetadata.properties.externalidentifiers,1,0,0,0,0,0,0,0,0,2,3,0,0,0
org.odpi.openmetadata.frameworks.integration.iterator,org.odpi.openmetadata.frameworks.openmetadata.properties.propertyfacets,2,0,0,0,0,0,0,0,0,1,2,0,0,0
org.odpi.openmetadata.frameworks.openmetadata.properties.schema.databases,org.odpi.openmetadata.frameworks.openmetadata.properties,0,0,0,0,0,0,0,0,0,6,0,0,0,0
org.odpi.openmetadata.frameworks.openmetadata.properties.schema.databases,org.odpi.openmetadata.frameworks.openmetadata.types,3,0,0,0,0,0,0,0,0,12,0,0,0,0
org.odpi.openmetadata.frameworks.openmetadata.properties.schema.databases,org.odpi.openmetadata.frameworks.openmetadata.properties.schema,3,0,1,7,0,0,0,2,0,5,0,0,0,0
org.odpi.openmetadata.frameworks.openmetadata.properties.schema.databases,org.odpi.openmetadata.frameworks.openmetadata.properties.schema.tabular,1,0,0,5,0,0,0,1,0,4,0,0,0,0
org.odpi.openmetadata.adapters.repositoryservices.postgres.repositoryconnector.ffdc,org.odpi.openmetadata.frameworks.auditlog.messagesets,4,2,0,6,4,0,0,0,4,0,0,0,0,0
org.odpi.openmetadata.adapters.repositoryservices.postgres.repositoryconnector.ffdc,org.odpi.openmetadata.frameworks.auditlog,1,1,1,0,0,0,0,0,0,17,0,0,0,0
org.odpi.openmetadata.accessservices.governanceprogram.fvt.errorhandling,org.odpi.openmetadata.frameworks.openmetadata.properties.externalreferences,1,2,0,2,0,0,0,0,2,0,0,0,0,0
org.odpi.openmetadata.accessservices.governanceprogram.fvt.errorhandling,org.odpi.openmetadata.frameworks.openmetadata.ffdc,8,0,0,0,0,0,0,0,0,0,0,0,0,0
org.odpi.openmetadata.accessservices.governanceprogram.fvt.errorhandling,org.odpi.openmetadata.fvt.utilities.auditlog,1,0,1,0,0,0,0,0,0,0,0,0,0,0
org.odpi.openmetadata.accessservices.governanceprogram.fvt.errorhandling,org.odpi.openmetadata.fvt.utilities.exceptions,9,0,0,62,0,40,0,0,62,0,0,0,0,0
org.odpi.openmetadata.accessservices.governanceprogram.fvt.errorhandling,org.odpi.openmetadata.fvt.utilities,1,1,0,5,1,0,0,0,1,0,0,0,0,0
org.odpi.openmetadata.accessservices.governanceprogram.fvt.errorhandling,org.odpi.openmetadata.frameworks.openmetadata.properties.governance,3,6,0,6,0,0,0,0,6,0,0,0,0,0
org.odpi.openmetadata.accessservices.governanceprogram.fvt.errorhandling,org.odpi.openmetadata.frameworks.auditlog,1,1,8,1,0,0,0,0,1,0,0,0,0,0
org.odpi.openmetadata.accessservices.governanceprogram.fvt.errorhandling,org.odpi.openmetadata.adminservices.configuration.registration,1,0,0,0,0,0,0,0,0,5,0,0,0,0
org.odpi.openmetadata.engineservices.surveyaction.server,org.odpi.openmetadata.frameworks.opensurvey,1,0,0,0,0,0,0,0,0,1,0,0,0,0
org.odpi.openmetadata.engineservices.surveyaction.server,org.odpi.openmetadata.commonservices.multitenant,2,0,0,6,0,0,0,2,0,0,0,0,0,0
org.odpi.openmetadata.engineservices.surveyaction.server,org.odpi.openmetadata.frameworks.auditlog,2,1,1,0,0,0,0,0,0,1,0,0,0,0
org.odpi.openmetadata.engineservices.surveyaction.server,org.odpi.openmetadata.adminservices.configuration.registration,5,2,0,1,0,0,0,0,1,8,0,0,0,0
org.odpi.openmetadata.engineservices.surveyaction.server,org.odpi.openmetadata.engineservices.surveyaction.handlers,1,0,0,1,0,0,0,0,1,0,0,0,0,0
org.odpi.openmetadata.engineservices.surveyaction.server,org.odpi.openmetadata.engineservices.surveyaction.admin,1,0,0,0,0,0,0,0,0,1,0,0,0,0
org.odpi.openmetadata.engineservices.surveyaction.server,org.odpi.openmetadata.tokencontroller,1,0,0,1,0,0,0,1,0,1,0,0,0,0
org.odpi.openmetadata.engineservices.surveyaction.server,org.odpi.openmetadata.commonservices.ffdc.rest,1,1,0,2,1,0,0,0,1,0,0,0,0,0
org.odpi.openmetadata.engineservices.surveyaction.server,org.odpi.openmetadata.commonservices.ffdc.properties,1,1,0,0,0,0,0,0,0,0,0,0,0,0
org.odpi.openmetadata.engineservices.surveyaction.server,org.odpi.openmetadata.commonservices.ffdc,3,3,0,6,0,0,0,0,2,0,0,0,0,0
org.odpi.openmetadata.engineservices.surveyaction.server,org.odpi.openmetadata.governanceservers.enginehostservices.registration,1,0,0,1,0,0,0,0,0,1,0,0,0,0
org.odpi.openmetadata.engineservices.surveyaction.handlers,org.odpi.openmetadata.governanceservers.enginehostservices.admin,4,1,1,23,1,0,0,2,0,41,0,0,0,0
org.odpi.openmetadata.engineservices.surveyaction.handlers,org.odpi.openmetadata.governanceservers.enginehostservices.registration,1,0,0,0,0,0,0,1,0,0,0,0,0,0
org.odpi.openmetadata.engineservices.surveyaction.handlers,org.odpi.openmetadata.frameworkservices.omf.client,1,0,0,1,0,0,0,0,1,0,0,0,0,0
org.odpi.openmetadata.engineservices.surveyaction.handlers,org.odpi.openmetadata.frameworks.openmetadata.search,1,1,0,2,0,0,0,0,1,0,0,0,0,0
org.odpi.openmetadata.engineservices.surveyaction.handlers,org.odpi.openmetadata.frameworks.opensurvey,5,5,1,26,0,0,0,0,3,2,1,0,0,0
org.odpi.openmetadata.engineservices.surveyaction.handlers,org.odpi.openmetadata.frameworks.openmetadata.types,1,0,0,0,0,0,0,0,0,4,0,0,0,0
org.odpi.openmetadata.engineservices.surveyaction.handlers,org.odpi.openmetadata.frameworkservices.gaf.client,5,0,5,1,0,0,0,0,0,0,0,0,0,0
org.odpi.openmetadata.engineservices.surveyaction.handlers,org.odpi.openmetadata.frameworkservices.ocf.metadatamanagement.client,1,0,0,1,0,0,0,0,1,0,0,0,0,0
org.odpi.openmetadata.engineservices.surveyaction.handlers,org.odpi.openmetadata.frameworks.opensurvey.controls,2,0,0,0,0,0,0,0,0,10,0,0,0,0
org.odpi.openmetadata.engineservices.surveyaction.handlers,org.odpi.openmetadata.frameworks.openmetadata.refdata,1,1,0,0,0,0,0,0,0,2,0,0,0,0
org.odpi.openmetadata.engineservices.surveyaction.handlers,org.odpi.openmetadata.frameworks.openmetadata.properties.softwarecapabilities,1,0,1,0,0,0,0,0,0,0,0,0,0,0
org.odpi.openmetadata.engineservices.surveyaction.handlers,org.odpi.openmetadata.frameworks.openmetadata.ffdc,5,0,0,4,0,11,0,0,4,0,0,0,0,0
org.odpi.openmetadata.engineservices.surveyaction.handlers,org.odpi.openmetadata.frameworks.openmetadata.client,2,2,1,0,0,0,0,0,0,1,0,0,0,0
org.odpi.openmetadata.engineservices.surveyaction.handlers,org.odpi.openmetadata.frameworks.auditlog,4,1,3,6,0,0,0,0,1,0,0,0,0,0
org.odpi.openmetadata.engineservices.surveyaction.handlers,org.odpi.openmetadata.frameworks.connectors.client,2,2,1,0,0,0,0,0,0,1,0,0,0,0
org.odpi.openmetadata.engineservices.surveyaction.handlers,org.odpi.openmetadata.frameworks.opengovernance.properties,2,2,1,4,0,0,0,0,0,1,0,0,0,0
org.odpi.openmetadata.engineservices.surveyaction.handlers,org.odpi.openmetadata.frameworks.opengovernance.controls,1,0,0,0,0,0,0,0,0,2,0,0,0,0
org.odpi.openmetadata.engineservices.surveyaction.handlers,org.odpi.openmetadata.engineservices.surveyaction.ffdc,4,0,0,0,0,0,0,0,0,18,0,0,0,0
org.odpi.openmetadata.engineservices.surveyaction.handlers,org.odpi.openmetadata.frameworks.openmetadata.enums,1,0,0,0,0,0,0,0,0,2,0,0,0,0
org.odpi.openmetadata.engineservices.surveyaction.handlers,org.odpi.openmetadata.adminservices.configuration.properties,2,0,2,10,0,0,0,0,0,0,0,0,0,0
org.odpi.openmetadata.engineservices.surveyaction.handlers,org.odpi.openmetadata.adminservices.configuration.registration,1,0,0,0,0,0,0,0,0,4,0,0,0,0
org.odpi.openmetadata.engineservices.surveyaction.handlers,org.odpi.openmetadata.frameworks.openmetadata.properties,1,1,1,9,0,0,0,0,1,1,0,0,0,0
org.odpi.openmetadata.engineservices.surveyaction.handlers,org.odpi.openmetadata.frameworks.openmetadata.handlers,2,1,0,2,0,0,0,0,2,1,0,0,0,0
org.odpi.openmetadata.engineservices.surveyaction.handlers,org.odpi.openmetadata.adapters.connectors.datastore.csvfile,1,0,0,1,0,0,0,0,1,0,0,0,0,0
org.odpi.openmetadata.engineservices.surveyaction.handlers,org.odpi.openmetadata.frameworks.connectors.properties.beans,0,0,0,1,0,0,0,0,0,0,0,0,0,0
org.odpi.openmetadata.engineservices.surveyaction.handlers,org.odpi.openmetadata.frameworks.connectors,1,0,1,1,0,0,0,0,0,0,0,0,0,0
org.odpi.openmetadata.engineservices.surveyaction.handlers,org.odpi.openmetadata.frameworks.auditlog.messagesets,1,1,0,0,0,0,0,0,0,2,0,0,0,0
org.odpi.openmetadata.viewservices.glossarymanager.server.spring,org.odpi.openmetadata.viewservices.glossarymanager.rest,3,0,0,0,3,0,0,0,0,0,0,0,0,0
org.odpi.openmetadata.viewservices.glossarymanager.server.spring,org.odpi.openmetadata.viewservices.glossarymanager.server,1,1,0,29,0,0,0,0,1,0,0,0,0,0
org.odpi.openmetadata.viewservices.glossarymanager.server.spring,org.odpi.openmetadata.commonservices.ffdc.rest,0,0,24,0,25,0,0,0,0,0,0,0,0,0
org.odpi.openmetadata.accessservices.assetconsumer.samples.assetlookup,org.odpi.openmetadata.frameworks.openmetadata.metadataelements,1,1,1,2,0,0,0,0,0,1,0,0,0,0
org.odpi.openmetadata.accessservices.assetconsumer.samples.assetlookup,org.odpi.openmetadata.platformservices.client,1,1,0,2,0,0,0,0,1,0,0,0,0,0
org.odpi.openmetadata.accessservices.assetconsumer.samples.assetlookup,org.odpi.openmetadata.http,1,0,0,1,0,0,0,0,0,1,0,0,0,0
org.odpi.openmetadata.accessservices.assetconsumer.samples.assetlookup,org.odpi.openmetadata.frameworks.connectors.properties.beans,1,1,0,6,0,0,0,0,0,0,0,0,0,0
org.odpi.openmetadata.conformance.tests.repository.connector,org.odpi.openmetadata.conformance.workbenches.repository,4,0,2,3,0,0,0,0,0,12,0,0,0,0
org.odpi.openmetadata.conformance.tests.repository.connector,org.odpi.openmetadata.conformance.beans,0,0,0,21,0,0,0,0,0,33,0,0,0,0
org.odpi.openmetadata.conformance.tests.repository.connector,org.odpi.openmetadata.conformance.tests.repository,2,0,0,4,0,0,0,2,0,9,0,0,0,0
org.odpi.openmetadata.conformance.tests.repository.connector,org.odpi.openmetadata.repositoryservices.ffdc.exception,1,0,0,0,0,0,0,0,0,0,0,0,0,0
org.odpi.openmetadata.conformance.tests.repository.connector,org.odpi.openmetadata.repositoryservices.connectors.stores.metadatacollectionstore.repositoryconnector,2,2,0,10,0,0,0,0,0,0,0,0,0,0
org.odpi.openmetadata.conformance.tests.repository.connector,org.odpi.openmetadata.repositoryservices.connectors.stores.metadatacollectionstore,1,1,0,1,0,0,0,0,0,0,0,0,0,0
org.odpi.openmetadata.serveroperations.ffdc,org.odpi.openmetadata.frameworks.auditlog,1,1,1,0,0,0,0,0,0,79,0,0,0,0
org.odpi.openmetadata.serveroperations.ffdc,org.odpi.openmetadata.frameworks.auditlog.messagesets,4,2,0,6,4,0,0,0,4,0,0,0,0,0
org.odpi.openmetadata.viewservices.metadataexpert.admin,org.odpi.openmetadata.commonservices.multitenant,0,0,0,1,0,0,0,0,0,0,0,0,0,0
org.odpi.openmetadata.viewservices.metadataexpert.admin,org.odpi.openmetadata.adminservices.configuration.properties,1,0,1,4,0,0,0,0,0,0,0,0,0,0
org.odpi.openmetadata.viewservices.metadataexpert.admin,org.odpi.openmetadata.adminservices.configuration.registration,1,0,0,0,0,0,0,0,0,2,0,0,0,0
org.odpi.openmetadata.viewservices.metadataexpert.admin,org.odpi.openmetadata.adminservices.ffdc.exception,1,0,0,0,0,1,0,0,0,0,0,0,0,0
org.odpi.openmetadata.viewservices.metadataexpert.admin,org.odpi.openmetadata.adminservices.registration,1,0,0,1,0,0,0,1,0,1,0,0,0,0
org.odpi.openmetadata.viewservices.metadataexpert.admin,org.odpi.openmetadata.frameworks.auditlog,1,1,1,5,0,0,0,0,0,1,0,0,0,0
org.odpi.openmetadata.viewservices.metadataexpert.admin,org.odpi.openmetadata.viewservices.metadataexpert.ffdc,1,0,0,0,0,0,0,0,0,10,0,0,0,0
org.odpi.openmetadata.viewservices.metadataexpert.admin,org.odpi.openmetadata.viewservices.metadataexpert.server,1,1,0,1,0,0,0,0,1,1,0,0,0,0
org.odpi.openmetadata.adapters.connectors.apachekafka.survey.ffdc,org.odpi.openmetadata.frameworks.auditlog.messagesets,4,2,0,6,4,0,0,0,4,0,0,0,0,0
org.odpi.openmetadata.adapters.connectors.apachekafka.survey.ffdc,org.odpi.openmetadata.frameworks.auditlog,1,1,1,0,0,0,0,0,0,3,0,0,0,0
org.odpi.openmetadata.viewservices.securityofficer.server.spring,org.odpi.openmetadata.commonservices.ffdc.rest,7,0,4,0,8,0,0,0,0,0,0,0,0,0
org.odpi.openmetadata.viewservices.securityofficer.server.spring,org.odpi.openmetadata.viewservices.securityofficer.server,1,1,0,9,0,0,0,0,1,0,0,0,0,0
org.odpi.openmetadata.frameworks.openmetadata.properties.operatingplatforms,org.odpi.openmetadata.frameworks.openmetadata.properties,4,0,0,20,0,0,0,4,0,20,0,0,0,0
org.odpi.openmetadata.frameworks.openmetadata.properties.operatingplatforms,org.odpi.openmetadata.frameworks.openmetadata.types,4,0,0,0,0,0,0,0,0,8,0,0,0,0
org.odpi.openmetadata.frameworks.openmetadata.builders,org.odpi.openmetadata.frameworks.openmetadata.properties.governance,0,0,0,0,0,0,0,0,0,0,29,0,0,0
org.odpi.openmetadata.frameworks.openmetadata.builders,org.odpi.openmetadata.frameworks.openmetadata.properties.projects,3,0,0,0,0,0,0,0,0,0,3,0,0,0
org.odpi.openmetadata.frameworks.openmetadata.builders,org.odpi.openmetadata.frameworks.openmetadata.properties.operatingplatforms,4,0,0,0,0,0,0,0,0,0,4,0,0,0
org.odpi.openmetadata.frameworks.openmetadata.builders,org.odpi.openmetadata.frameworks.openmetadata.properties.locations,3,0,0,0,0,0,0,0,0,0,3,0,0,0
org.odpi.openmetadata.frameworks.openmetadata.builders,org.odpi.openmetadata.frameworks.openmetadata.properties.schema,6,0,0,0,0,0,0,0,0,0,12,0,0,0
org.odpi.openmetadata.frameworks.openmetadata.builders,org.odpi.openmetadata.frameworks.openmetadata.properties.security,5,0,0,0,0,0,0,0,0,0,9,0,0,0
org.odpi.openmetadata.frameworks.openmetadata.builders,org.odpi.openmetadata.frameworks.openmetadata.properties.collections,5,0,0,0,0,0,0,0,0,0,5,0,0,0
org.odpi.openmetadata.frameworks.openmetadata.builders,org.odpi.openmetadata.frameworks.openmetadata.properties.glossaries,3,0,0,0,0,0,0,0,0,0,7,0,0,0
org.odpi.openmetadata.frameworks.openmetadata.builders,org.odpi.openmetadata.frameworks.openmetadata.properties.digitalbusiness,9,0,0,0,0,0,0,0,0,0,9,0,0,0
org.odpi.openmetadata.frameworks.openmetadata.builders,org.odpi.openmetadata.frameworks.openmetadata.properties.assets,5,0,0,0,0,0,0,0,0,0,11,0,0,0
org.odpi.openmetadata.frameworks.openmetadata.builders,org.odpi.openmetadata.frameworks.openmetadata.properties.assets.filesandfolders,1,0,0,0,0,0,0,0,0,0,7,0,0,0
org.odpi.openmetadata.frameworks.openmetadata.builders,org.odpi.openmetadata.frameworks.openmetadata.properties.templates,1,0,0,0,0,0,0,0,0,0,1,0,0,0
org.odpi.openmetadata.frameworks.openmetadata.builders,org.odpi.openmetadata.frameworks.openmetadata.search,9,11,1,842,6,0,0,0,10,823,0,0,0,0
org.odpi.openmetadata.frameworks.openmetadata.builders,org.odpi.openmetadata.frameworks.openmetadata.types,3,0,0,0,0,0,0,0,0,1636,0,0,0,0
org.odpi.openmetadata.frameworks.openmetadata.builders,org.odpi.openmetadata.frameworks.openmetadata.properties.assets.processes.actions,1,0,0,0,0,0,0,0,0,0,5,0,0,0
org.odpi.openmetadata.frameworks.openmetadata.builders,org.odpi.openmetadata.frameworks.openmetadata.properties.assets.processes.connectors,4,0,0,0,0,0,0,0,0,0,4,0,0,0
org.odpi.openmetadata.frameworks.openmetadata.builders,org.odpi.openmetadata.frameworks.openmetadata.properties.assets.reports,1,0,0,0,0,0,0,0,0,0,6,0,0,0
org.odpi.openmetadata.frameworks.openmetadata.builders,org.odpi.openmetadata.frameworks.openmetadata.properties.communities,2,0,0,0,0,0,0,0,0,0,2,0,0,0
org.odpi.openmetadata.frameworks.openmetadata.builders,org.odpi.openmetadata.frameworks.openmetadata.properties.contextevents,3,0,0,0,0,0,0,0,0,0,3,0,0,0
org.odpi.openmetadata.frameworks.openmetadata.builders,org.odpi.openmetadata.frameworks.openmetadata.properties.connections,4,0,0,0,0,0,0,0,0,0,4,0,0,0
org.odpi.openmetadata.frameworks.openmetadata.builders,org.odpi.openmetadata.frameworks.openmetadata.properties.designmodels,3,0,0,0,0,0,0,0,0,0,3,0,0,0
org.odpi.openmetadata.frameworks.openmetadata.builders,org.odpi.openmetadata.frameworks.openmetadata.properties.datadictionaries,2,0,0,0,0,0,0,0,0,0,7,0,0,0
org.odpi.openmetadata.frameworks.openmetadata.builders,org.odpi.openmetadata.frameworks.openmetadata.properties.externalreferences,5,0,0,0,0,0,0,0,0,0,5,0,0,0
org.odpi.openmetadata.frameworks.openmetadata.builders,org.odpi.openmetadata.frameworks.openmetadata.properties.externalidentifiers,2,0,0,0,0,0,0,0,0,0,2,0,0,0
org.odpi.openmetadata.frameworks.openmetadata.builders,org.odpi.openmetadata.frameworks.openmetadata.properties.softwarecapabilities,2,0,0,0,0,0,0,0,0,0,9,0,0,0
org.odpi.openmetadata.frameworks.openmetadata.builders,org.odpi.openmetadata.frameworks.openmetadata.properties.surveyreports,2,0,0,0,0,0,0,0,0,0,17,0,0,0
org.odpi.openmetadata.frameworks.openmetadata.builders,org.odpi.openmetadata.frameworks.openmetadata.properties.solutions,3,0,0,0,0,0,0,0,0,0,3,0,0,0
org.odpi.openmetadata.frameworks.openmetadata.builders,org.odpi.openmetadata.frameworks.openmetadata.properties.validvalues,1,0,0,0,0,0,0,0,0,0,7,0,0,0
org.odpi.openmetadata.frameworks.openmetadata.builders,org.odpi.openmetadata.frameworks.openmetadata.properties.governance.governanceactions,7,0,0,0,0,0,0,0,0,0,7,0,0,0
org.odpi.openmetadata.frameworks.openmetadata.builders,org.odpi.openmetadata.frameworks.openmetadata.properties.lineage,0,0,0,0,0,0,0,0,0,0,6,0,0,0
org.odpi.openmetadata.frameworks.openmetadata.builders,org.odpi.openmetadata.frameworks.openmetadata.properties.implementations,1,0,0,0,0,0,0,0,0,0,1,0,0,0
org.odpi.openmetadata.frameworks.openmetadata.builders,org.odpi.openmetadata.frameworks.openmetadata.properties.propertyfacets,2,0,0,0,0,0,0,0,0,0,2,0,0,0
org.odpi.openmetadata.frameworks.openmetadata.builders,org.odpi.openmetadata.frameworks.openmetadata.properties.resources,1,0,0,0,0,0,0,0,0,0,1,0,0,0
org.odpi.openmetadata.frameworks.openmetadata.builders,org.odpi.openmetadata.frameworks.openmetadata.enums,2,0,0,36,0,0,0,0,0,36,0,0,0,0
org.odpi.openmetadata.frameworks.openmetadata.builders,org.odpi.openmetadata.frameworks.openmetadata.properties,0,0,6,6,0,0,0,0,0,0,13,0,0,0
org.odpi.openmetadata.frameworks.openmetadata.builders,org.odpi.openmetadata.frameworks.openmetadata.properties.actors,1,0,0,0,0,0,0,0,0,0,16,0,0,0
org.odpi.openmetadata.frameworks.openmetadata.builders,org.odpi.openmetadata.frameworks.openmetadata.properties.assets.databases,1,0,0,0,0,0,0,0,0,0,1,0,0,0
org.odpi.openmetadata.frameworks.openmetadata.builders,org.odpi.openmetadata.frameworks.openmetadata.properties.assets.processes,3,0,0,0,0,0,0,0,0,0,3,0,0,0
org.odpi.openmetadata.frameworks.openmetadata.builders,org.odpi.openmetadata.frameworks.openmetadata.properties.assets.metadatarepositories,1,0,0,0,0,0,0,0,0,0,1,0,0,0
org.odpi.openmetadata.frameworks.openmetadata.builders,org.odpi.openmetadata.frameworks.openmetadata.properties.assets.topics,1,0,0,0,0,0,0,0,0,0,1,0,0,0
org.odpi.openmetadata.frameworks.openmetadata.builders,org.odpi.openmetadata.frameworks.openmetadata.properties.feedback,0,0,0,0,0,0,0,0,0,0,4,0,0,0
org.odpi.openmetadata.frameworks.openmetadata.builders,org.odpi.openmetadata.frameworks.openmetadata.properties.informationsupplychains,1,0,0,0,0,0,0,0,0,0,1,0,0,0
org.odpi.openmetadata.frameworks.openmetadata.builders,org.odpi.openmetadata.frameworks.openmetadata.properties.schema.apis,3,0,0,0,0,0,0,0,0,0,3,0,0,0
org.odpi.openmetadata.frameworks.openmetadata.builders,org.odpi.openmetadata.frameworks.openmetadata.properties.translations,1,0,0,0,0,0,0,0,0,0,1,0,0,0
org.odpi.openmetadata.engineservices.repositorygovernance.client,org.odpi.openmetadata.commonservices.ffdc.rest,1,1,0,2,0,0,0,0,0,0,0,0,0,0
org.odpi.openmetadata.engineservices.repositorygovernance.client,org.odpi.openmetadata.commonservices.ffdc.properties,1,0,0,0,1,0,0,0,0,0,0,0,0,0
org.odpi.openmetadata.engineservices.repositorygovernance.client,org.odpi.openmetadata.commonservices.ffdc,1,1,0,2,0,0,0,0,1,0,0,0,0,0
org.odpi.openmetadata.engineservices.repositorygovernance.client,org.odpi.openmetadata.frameworks.openmetadata.ffdc,3,0,0,0,0,5,0,0,0,0,0,0,0,0
org.odpi.openmetadata.engineservices.repositorygovernance.client,org.odpi.openmetadata.frameworks.connectors,1,0,0,0,0,0,0,0,0,0,0,0,0,0
org.odpi.openmetadata.engineservices.repositorygovernance.client,org.odpi.openmetadata.frameworks.auditlog,1,0,2,0,0,0,0,0,0,0,0,0,0,0
org.odpi.openmetadata.engineservices.repositorygovernance.client,org.odpi.openmetadata.engineservices.repositorygovernance.api,1,0,0,0,0,0,1,0,0,0,0,0,0,0
org.odpi.openmetadata.engineservices.repositorygovernance.client,org.odpi.openmetadata.engineservices.repositorygovernance.client.rest,1,1,0,2,0,0,0,0,2,2,0,0,0,0
org.odpi.openmetadata.accessservices.communityprofile.fvt.errorhandling,org.odpi.openmetadata.adminservices.configuration.registration,1,0,0,0,0,0,0,0,0,5,0,0,0,0
org.odpi.openmetadata.accessservices.communityprofile.fvt.errorhandling,org.odpi.openmetadata.frameworks.auditlog,1,1,1,1,0,0,0,0,1,0,0,0,0,0
org.odpi.openmetadata.accessservices.communityprofile.fvt.errorhandling,org.odpi.openmetadata.frameworks.openmetadata.properties,0,0,0,1,0,0,0,0,0,0,0,0,0,0
org.odpi.openmetadata.accessservices.communityprofile.fvt.errorhandling,org.odpi.openmetadata.frameworks.openmetadata.ffdc,1,0,0,0,0,0,0,0,0,0,0,0,0,0
org.odpi.openmetadata.accessservices.communityprofile.fvt.errorhandling,org.odpi.openmetadata.fvt.utilities.exceptions,1,0,0,8,0,6,0,0,8,0,0,0,0,0
org.odpi.openmetadata.accessservices.communityprofile.fvt.errorhandling,org.odpi.openmetadata.fvt.utilities.auditlog,1,0,1,0,0,0,0,0,0,0,0,0,0,0
org.odpi.openmetadata.accessservices.communityprofile.fvt.errorhandling,org.odpi.openmetadata.fvt.utilities,1,1,0,5,1,0,0,0,1,0,0,0,0,0
org.odpi.openmetadata.accessservices.communityprofile.fvt.errorhandling,org.odpi.openmetadata.frameworks.openmetadata.properties.communities,1,1,0,2,0,0,0,0,2,0,0,0,0,0
org.odpi.openmetadata.adapters.repositoryservices.inmemory.repositoryconnector,org.odpi.openmetadata.repositoryservices.connectors.stores.metadatacollectionstore.properties.search,3,0,4,0,0,0,0,0,0,0,0,0,0,0
org.odpi.openmetadata.adapters.repositoryservices.inmemory.repositoryconnector,org.odpi.openmetadata.repositoryservices.connectors.stores.metadatacollectionstore.properties.instances,0,125,96,233,54,0,0,0,23,109,9,0,0,0
org.odpi.openmetadata.adapters.repositoryservices.inmemory.repositoryconnector,org.odpi.openmetadata.repositoryservices.connectors.stores.metadatacollectionstore.properties.typedefs,0,8,4,9,0,0,0,0,0,4,0,0,0,0
org.odpi.openmetadata.adapters.repositoryservices.inmemory.repositoryconnector,org.odpi.openmetadata.repositoryservices.connectors.stores.metadatacollectionstore.repositoryconnector,5,1,3,226,0,0,0,2,0,13,0,0,0,0
org.odpi.openmetadata.adapters.repositoryservices.inmemory.repositoryconnector,org.odpi.openmetadata.repositoryservices.connectors.stores.metadatacollectionstore,1,0,0,62,0,0,0,1,0,442,0,0,0,0
org.odpi.openmetadata.adapters.repositoryservices.inmemory.repositoryconnector,org.odpi.openmetadata.repositoryservices.connectors.stores.metadatacollectionstore.properties,3,0,14,0,0,0,0,0,0,6,0,0,0,0
org.odpi.openmetadata.adapters.repositoryservices.inmemory.repositoryconnector,org.odpi.openmetadata.adapters.connectors,1,0,0,0,0,0,0,0,0,2,0,0,0,0
org.odpi.openmetadata.adapters.repositoryservices.inmemory.repositoryconnector,org.odpi.openmetadata.frameworks.openmetadata.ffdc,2,0,0,0,0,108,0,0,0,0,0,0,0,0
org.odpi.openmetadata.adapters.repositoryservices.inmemory.repositoryconnector,org.odpi.openmetadata.repositoryservices.ffdc.exception,1,0,0,5,0,225,0,0,5,0,0,0,0,0
org.odpi.openmetadata.adapters.repositoryservices.inmemory.repositoryconnector,org.odpi.openmetadata.repositoryservices.ffdc,1,0,0,0,0,0,0,0,0,8,0,0,0,0
org.odpi.openmetadata.viewservices.timekeeper.admin,org.odpi.openmetadata.viewservices.timekeeper.server,1,1,0,1,0,0,0,0,1,1,0,0,0,0
org.odpi.openmetadata.viewservices.timekeeper.admin,org.odpi.openmetadata.viewservices.timekeeper.ffdc,1,0,0,0,0,0,0,0,0,10,0,0,0,0
org.odpi.openmetadata.viewservices.timekeeper.admin,org.odpi.openmetadata.adminservices.configuration.properties,1,0,1,4,0,0,0,0,0,0,0,0,0,0
org.odpi.openmetadata.viewservices.timekeeper.admin,org.odpi.openmetadata.adminservices.ffdc.exception,1,0,0,0,0,1,0,0,0,0,0,0,0,0
org.odpi.openmetadata.viewservices.timekeeper.admin,org.odpi.openmetadata.adminservices.configuration.registration,1,0,0,0,0,0,0,0,0,2,0,0,0,0
org.odpi.openmetadata.viewservices.timekeeper.admin,org.odpi.openmetadata.adminservices.registration,1,0,0,1,0,0,0,1,0,1,0,0,0,0
org.odpi.openmetadata.viewservices.timekeeper.admin,org.odpi.openmetadata.commonservices.multitenant,0,0,0,1,0,0,0,0,0,0,0,0,0,0
org.odpi.openmetadata.viewservices.timekeeper.admin,org.odpi.openmetadata.frameworks.auditlog,1,1,1,5,0,0,0,0,0,1,0,0,0,0
org.odpi.openmetadata.frameworks.openmetadata.properties.schema.events,org.odpi.openmetadata.frameworks.openmetadata.properties.schema,3,0,0,9,0,0,0,3,0,6,0,0,0,0
org.odpi.openmetadata.frameworks.openmetadata.properties.schema.events,org.odpi.openmetadata.frameworks.openmetadata.types,3,0,0,0,0,0,0,0,0,6,0,0,0,0
org.odpi.openmetadata.frameworks.openmetadata.properties.schema.events,org.odpi.openmetadata.frameworks.openmetadata.properties,0,0,0,0,0,0,0,0,0,3,0,0,0,0
org.odpi.openmetadata.adapters.connectors.externalharvesters.harvestsurveys.ffdc,org.odpi.openmetadata.frameworks.auditlog,1,1,1,0,0,0,0,0,0,11,0,0,0,0
org.odpi.openmetadata.adapters.connectors.externalharvesters.harvestsurveys.ffdc,org.odpi.openmetadata.frameworks.auditlog.messagesets,4,2,0,5,4,0,0,0,3,1,0,0,0,0
org.odpi.openmetadata.repositoryservices.connectors.stores.metadatacollectionstore,org.odpi.openmetadata.repositoryservices.connectors.stores.metadatacollectionstore.repositoryconnector,12,3,12,129,0,0,0,0,0,3,0,0,0,0
org.odpi.openmetadata.repositoryservices.connectors.stores.metadatacollectionstore,org.odpi.openmetadata.repositoryservices.ffdc.exception,26,0,0,29,0,829,0,0,29,0,0,0,0,0
org.odpi.openmetadata.repositoryservices.connectors.stores.metadatacollectionstore,org.odpi.openmetadata.frameworks.openmetadata.ffdc,8,0,0,2,0,412,0,0,2,0,0,0,0,0
org.odpi.openmetadata.repositoryservices.connectors.stores.metadatacollectionstore,org.odpi.openmetadata.repositoryservices.connectors.stores.metadatacollectionstore.properties.typedefs,14,35,62,60,39,0,0,0,1,17,0,0,0,0
org.odpi.openmetadata.repositoryservices.connectors.stores.metadatacollectionstore,org.odpi.openmetadata.repositoryservices.connectors.stores.metadatacollectionstore.properties.instances,2,7,90,23,63,0,0,0,1,0,0,0,0,0
org.odpi.openmetadata.repositoryservices.connectors.stores.metadatacollectionstore,org.odpi.openmetadata.frameworks.auditlog,3,1,1,5,1,0,1,0,0,1,0,0,0,0
org.odpi.openmetadata.repositoryservices.connectors.stores.metadatacollectionstore,org.odpi.openmetadata.repositoryservices.connectors.stores.metadatacollectionstore.properties,6,0,39,0,0,0,0,0,0,0,0,0,0,0
org.odpi.openmetadata.repositoryservices.connectors.stores.metadatacollectionstore,org.odpi.openmetadata.repositoryservices.connectors.stores.metadatacollectionstore.properties.search,6,0,12,1,0,0,0,0,0,0,0,0,0,0
org.odpi.openmetadata.repositoryservices.connectors.stores.metadatacollectionstore,org.odpi.openmetadata.repositoryservices.ffdc,3,0,0,0,0,0,0,0,0,66,0,0,0,0
org.odpi.openmetadata.repositoryservices.connectors.stores.metadatacollectionstore,org.odpi.openmetadata.repositoryservices.connectors.omrstopic,1,0,0,0,0,0,0,0,0,0,0,0,0,0
org.odpi.openmetadata.frameworkservices.ocf.metadatamanagement.admin,org.odpi.openmetadata.repositoryservices.connectors.omrstopic,1,0,1,0,0,0,0,0,0,0,0,0,0,0
org.odpi.openmetadata.frameworkservices.ocf.metadatamanagement.admin,org.odpi.openmetadata.repositoryservices.connectors.stores.metadatacollectionstore.repositoryconnector,1,0,1,0,0,0,0,0,0,0,0,0,0,0
org.odpi.openmetadata.frameworkservices.ocf.metadatamanagement.admin,org.odpi.openmetadata.frameworkservices.ocf.metadatamanagement.ffdc,1,0,0,0,0,0,0,0,0,8,0,0,0,0
org.odpi.openmetadata.frameworkservices.ocf.metadatamanagement.admin,org.odpi.openmetadata.frameworkservices.ocf.metadatamanagement.server,2,0,0,2,0,0,0,0,2,0,0,0,0,0
org.odpi.openmetadata.frameworkservices.ocf.metadatamanagement.admin,org.odpi.openmetadata.frameworks.auditlog,1,1,1,4,0,0,0,0,0,1,0,0,0,0
org.odpi.openmetadata.frameworkservices.ocf.metadatamanagement.admin,org.odpi.openmetadata.commonservices.multitenant,0,0,0,1,0,0,0,0,0,0,0,0,0,0
org.odpi.openmetadata.frameworkservices.ocf.metadatamanagement.admin,org.odpi.openmetadata.adminservices.configuration.properties,1,0,1,0,0,0,0,0,0,0,0,0,0,0
org.odpi.openmetadata.frameworkservices.ocf.metadatamanagement.admin,org.odpi.openmetadata.adminservices.configuration.registration,1,0,0,0,0,0,0,0,0,2,0,0,0,0
org.odpi.openmetadata.frameworkservices.ocf.metadatamanagement.admin,org.odpi.openmetadata.adminservices.ffdc.exception,1,0,0,0,0,1,0,0,0,0,0,0,0,0
org.odpi.openmetadata.frameworkservices.ocf.metadatamanagement.admin,org.odpi.openmetadata.adminservices.registration,1,0,0,1,0,0,0,1,0,1,0,0,0,0
org.odpi.openmetadata.viewservices.collectionmanager.ffdc,org.odpi.openmetadata.frameworks.auditlog.messagesets,2,1,0,3,2,0,0,0,2,0,0,0,0,0
org.odpi.openmetadata.viewservices.collectionmanager.ffdc,org.odpi.openmetadata.frameworks.auditlog,1,1,1,0,0,0,0,0,0,13,0,0,0,0
org.odpi.openmetadata.adapters.connectors.dynamicarchivers.glossary,org.odpi.openmetadata.adapters.connectors.dynamicarchivers,2,0,0,2,0,0,0,2,0,2,0,0,0,0
org.odpi.openmetadata.adapters.connectors.dynamicarchivers.glossary,org.odpi.openmetadata.frameworks.opengovernance,0,0,0,0,0,0,0,0,0,2,0,0,0,0
org.odpi.openmetadata.adapters.connectors.dynamicarchivers.glossary,org.odpi.openmetadata.frameworks.connectors,0,0,0,0,0,0,0,0,0,1,0,0,0,0
org.odpi.openmetadata.adapters.connectors.dynamicarchivers.glossary,org.odpi.openmetadata.frameworks.connectors.properties.beans,0,0,0,1,0,0,0,0,0,0,0,0,0,0
org.odpi.openmetadata.adapters.connectors.dynamicarchivers.glossary,org.odpi.openmetadata.frameworks.connectors.ffdc,0,0,0,0,0,1,0,0,0,0,0,0,0,0
org.odpi.openmetadata.adapters.connectors.dynamicarchivers.glossary,org.odpi.openmetadata.frameworks.openmetadata.ffdc,1,0,0,0,0,1,0,0,0,0,0,0,0,0
org.odpi.openmetadata.adapters.connectors.dynamicarchivers.glossary,org.odpi.openmetadata.frameworks.openmetadata.specificationproperties,2,2,1,9,1,0,0,0,2,1,0,0,0,0
org.odpi.openmetadata.adapters.connectors.dynamicarchivers.glossary,org.odpi.openmetadata.frameworks.openmetadata.types,1,0,0,0,0,0,0,0,0,2,0,0,0,0
org.odpi.openmetadata.adapters.connectors.dynamicarchivers.glossary,org.odpi.openmetadata.adapters.connectors,1,0,0,0,0,0,0,0,0,2,0,0,0,0
org.odpi.openmetadata.accessservices.assetmanager.fvt.glossaries,org.odpi.openmetadata.frameworks.openmetadata.enums,1,3,0,0,0,0,0,0,0,4,0,0,0,0
org.odpi.openmetadata.accessservices.assetmanager.fvt.glossaries,org.odpi.openmetadata.frameworks.openmetadata.ffdc,1,0,0,0,0,0,0,0,0,0,0,0,0,0
org.odpi.openmetadata.accessservices.assetmanager.fvt.glossaries,org.odpi.openmetadata.frameworks.openmetadata.properties,0,0,0,10,0,0,0,0,0,0,0,0,0,0
org.odpi.openmetadata.accessservices.assetmanager.fvt.glossaries,org.odpi.openmetadata.adminservices.configuration.registration,1,0,0,0,0,0,0,0,0,5,0,0,0,0
org.odpi.openmetadata.accessservices.assetmanager.fvt.glossaries,org.odpi.openmetadata.accessservices.assetmanager.fvt.common,1,0,0,8,0,0,0,1,0,0,0,0,0,0
org.odpi.openmetadata.accessservices.assetmanager.fvt.glossaries,org.odpi.openmetadata.frameworks.auditlog,1,1,0,1,0,0,0,0,1,0,0,0,0,0
org.odpi.openmetadata.accessservices.assetmanager.fvt.glossaries,org.odpi.openmetadata.frameworks.openmetadata.properties.glossaries,1,3,0,3,0,0,0,0,3,0,0,0,0,0
org.odpi.openmetadata.accessservices.assetmanager.fvt.glossaries,org.odpi.openmetadata.fvt.utilities.exceptions,1,0,0,33,0,6,0,0,33,0,0,0,0,0
org.odpi.openmetadata.accessservices.assetmanager.fvt.glossaries,org.odpi.openmetadata.fvt.utilities.auditlog,1,0,1,0,0,0,0,0,0,0,0,0,0,0
org.odpi.openmetadata.accessservices.assetmanager.fvt.glossaries,org.odpi.openmetadata.fvt.utilities,1,1,0,5,1,0,0,0,1,0,0,0,0,0
org.odpi.openmetadata.adapters.connectors.integration.jdbc.controls,org.odpi.openmetadata.frameworks.openmetadata.specificationproperties,1,1,1,5,1,0,0,0,1,1,0,0,0,0
org.odpi.openmetadata.adapters.connectors.integration.jdbc.controls,org.odpi.openmetadata.frameworks.openmetadata.refdata,1,0,0,0,0,0,0,0,0,4,0,0,0,0
org.odpi.openmetadata.adapters.connectors.integration.jdbc.controls,org.odpi.openmetadata.frameworks.integration.controls,1,1,1,5,1,0,0,0,1,1,0,0,0,0
org.odpi.openmetadata.viewservices.glossarymanager.server,org.odpi.openmetadata.adminservices.configuration.registration,5,3,0,4,0,0,0,0,1,8,0,0,0,0
org.odpi.openmetadata.viewservices.glossarymanager.server,org.odpi.openmetadata.adminservices.registration,1,0,0,1,0,0,0,0,0,1,0,0,0,0
org.odpi.openmetadata.viewservices.glossarymanager.server,org.odpi.openmetadata.viewservices.glossarymanager.admin,1,0,0,0,0,0,0,0,0,1,0,0,0,0
org.odpi.openmetadata.viewservices.glossarymanager.server,org.odpi.openmetadata.frameworks.openmetadata.ffdc,4,0,0,0,0,7,0,0,0,0,0,0,0,0
org.odpi.openmetadata.viewservices.glossarymanager.server,org.odpi.openmetadata.frameworks.openmetadata.handlers,6,27,0,40,4,0,0,0,2,2,0,0,0,0
org.odpi.openmetadata.viewservices.glossarymanager.server,org.odpi.openmetadata.frameworkservices.omf.client,1,0,0,1,0,0,0,0,1,0,0,0,0,0
org.odpi.openmetadata.viewservices.glossarymanager.server,org.odpi.openmetadata.frameworks.openmetadata.properties.glossaries,0,0,0,0,0,0,0,0,0,10,10,0,0,0
org.odpi.openmetadata.viewservices.glossarymanager.server,org.odpi.openmetadata.commonservices.multitenant,2,0,0,61,0,0,0,2,0,0,0,0,0,0
org.odpi.openmetadata.viewservices.glossarymanager.server,org.odpi.openmetadata.frameworks.openmetadata.types,1,0,0,0,0,0,0,0,0,2,0,0,0,0
org.odpi.openmetadata.viewservices.glossarymanager.server,org.odpi.openmetadata.commonservices.ffdc.rest,0,25,24,57,25,0,0,0,25,1,0,0,0,0
org.odpi.openmetadata.viewservices.glossarymanager.server,org.odpi.openmetadata.commonservices.ffdc,3,30,0,132,0,0,0,0,2,0,0,0,0,0
org.odpi.openmetadata.viewservices.glossarymanager.server,org.odpi.openmetadata.frameworks.auditlog,2,28,1,0,0,0,0,0,0,28,0,0,0,0
org.odpi.openmetadata.viewservices.glossarymanager.server,org.odpi.openmetadata.frameworks.openmetadata.enums,3,0,0,0,0,0,0,0,0,3,0,0,0,0
org.odpi.openmetadata.viewservices.glossarymanager.server,org.odpi.openmetadata.tokencontroller,1,0,0,28,0,0,0,1,0,28,0,0,0,0
org.odpi.openmetadata.viewservices.glossarymanager.server,org.odpi.openmetadata.viewservices.glossarymanager.rest,3,3,0,6,3,0,0,0,3,0,0,0,0,0
org.odpi.openmetadata.viewservices.glossarymanager.server,org.odpi.openmetadata.frameworks.openmetadata.client,1,1,0,0,0,0,0,0,0,0,0,0,0,0
org.odpi.openmetadata.repositoryservices.archiveutilities,org.odpi.openmetadata.frameworks.openmetadata.types,3,0,6,0,0,0,0,0,0,163,0,0,0,0
org.odpi.openmetadata.repositoryservices.archiveutilities,org.odpi.openmetadata.repositoryservices.connectors.stores.metadatacollectionstore.properties.instances,3,20,41,105,15,0,0,0,8,55,0,0,0,0
org.odpi.openmetadata.repositoryservices.archiveutilities,org.odpi.openmetadata.repositoryservices.connectors.stores.metadatacollectionstore.properties,0,0,0,32,0,0,0,0,0,0,0,0,0,0
org.odpi.openmetadata.repositoryservices.archiveutilities,org.odpi.openmetadata.repositoryservices.connectors.stores.metadatacollectionstore.properties.typedefs,0,67,56,505,47,0,0,0,29,245,8,0,0,0
org.odpi.openmetadata.repositoryservices.archiveutilities,org.odpi.openmetadata.repositoryservices.connectors.stores.archivestore,4,4,2,29,1,0,2,0,0,3,1,0,0,0
org.odpi.openmetadata.repositoryservices.archiveutilities,org.odpi.openmetadata.repositoryservices.ffdc.exception,2,0,0,56,0,1,0,0,56,0,0,0,0,0
org.odpi.openmetadata.repositoryservices.archiveutilities,org.odpi.openmetadata.repositoryservices.ffdc,2,0,0,0,0,0,0,0,0,112,0,0,0,0
org.odpi.openmetadata.repositoryservices.archiveutilities,org.odpi.openmetadata.repositoryservices.connectors.stores.metadatacollectionstore.utilities,2,1,0,4,0,0,0,1,1,0,0,0,0,0
org.odpi.openmetadata.repositoryservices.archiveutilities,org.odpi.openmetadata.frameworks.connectors,3,3,0,3,0,0,0,0,1,0,1,0,0,0
org.odpi.openmetadata.repositoryservices.archiveutilities,org.odpi.openmetadata.frameworks.auditlog,1,0,2,0,0,0,0,0,0,0,0,0,0,0
org.odpi.openmetadata.repositoryservices.archiveutilities,org.odpi.openmetadata.frameworks.connectors.properties.beans,0,5,1,12,2,0,0,0,3,2,0,0,0,0
org.odpi.openmetadata.repositoryservices.archiveutilities,org.odpi.openmetadata.adapters.repositoryservices.archiveconnector.file,1,0,0,0,0,0,0,0,0,1,0,0,0,0
org.odpi.openmetadata.repositoryservices.archiveutilities,org.odpi.openmetadata.repositoryservices.connectors.stores.archivestore.properties,1,8,7,38,2,0,0,0,4,2,0,0,0,0
org.odpi.openmetadata.viewservices.communitymatters.admin,org.odpi.openmetadata.frameworks.auditlog,1,1,1,5,0,0,0,0,0,1,0,0,0,0
org.odpi.openmetadata.viewservices.communitymatters.admin,org.odpi.openmetadata.commonservices.multitenant,0,0,0,1,0,0,0,0,0,0,0,0,0,0
org.odpi.openmetadata.viewservices.communitymatters.admin,org.odpi.openmetadata.adminservices.configuration.properties,1,0,1,7,0,0,0,0,0,0,0,0,0,0
org.odpi.openmetadata.viewservices.communitymatters.admin,org.odpi.openmetadata.adminservices.registration,1,0,0,1,0,0,0,1,0,1,0,0,0,0
org.odpi.openmetadata.viewservices.communitymatters.admin,org.odpi.openmetadata.adminservices.configuration.registration,1,0,0,0,0,0,0,0,0,2,0,0,0,0
org.odpi.openmetadata.viewservices.communitymatters.admin,org.odpi.openmetadata.adminservices.ffdc.exception,1,0,0,0,0,1,0,0,0,0,0,0,0,0
org.odpi.openmetadata.viewservices.communitymatters.admin,org.odpi.openmetadata.viewservices.communitymatters.server,1,1,0,1,0,0,0,0,1,1,0,0,0,0
org.odpi.openmetadata.viewservices.communitymatters.admin,org.odpi.openmetadata.viewservices.communitymatters.ffdc,1,0,0,0,0,0,0,0,0,10,0,0,0,0
org.odpi.openmetadata.viewservices.productcatalog.server.spring,org.odpi.openmetadata.viewservices.productcatalog.server,1,1,0,1,0,0,0,0,1,0,0,0,0,0
org.odpi.openmetadata.adapters.connectors.egeriainfrastructure.properties,org.odpi.openmetadata.serveroperations.properties,3,1,3,0,1,0,0,0,0,5,0,0,0,0
org.odpi.openmetadata.adapters.connectors.egeriainfrastructure.properties,org.odpi.openmetadata.platformservices.properties,2,2,2,0,2,0,0,0,0,2,0,0,0,0
org.odpi.openmetadata.adapters.connectors.egeriainfrastructure.properties,org.odpi.openmetadata.frameworks.connectors.properties.beans,2,2,2,0,2,0,0,0,0,2,0,0,0,0
org.odpi.openmetadata.adapters.connectors.egeriainfrastructure.properties,org.odpi.openmetadata.repositoryservices.connectors.stores.cohortregistrystore.properties,1,1,2,0,1,0,0,0,0,2,0,0,0,0
org.odpi.openmetadata.adapters.connectors.egeriainfrastructure.properties,org.odpi.openmetadata.repositoryservices.properties,1,1,1,0,1,0,0,0,0,1,0,0,0,0
org.odpi.openmetadata.adapters.connectors.egeriainfrastructure.properties,org.odpi.openmetadata.governanceservers.integrationdaemonservices.properties,5,1,2,0,1,0,0,0,0,2,0,0,0,0
org.odpi.openmetadata.adapters.connectors.egeriainfrastructure.properties,org.odpi.openmetadata.commonservices.ffdc.rest,1,0,1,0,0,0,0,0,0,1,0,0,0,0
org.odpi.openmetadata.adapters.connectors.egeriainfrastructure.properties,org.odpi.openmetadata.governanceservers.enginehostservices.properties,1,0,1,0,0,0,0,0,0,1,0,0,0,0
org.odpi.openmetadata.serveroperations.server,org.odpi.openmetadata.conformance.server,2,2,1,3,1,0,0,0,1,1,0,0,0,0
org.odpi.openmetadata.serveroperations.server,org.odpi.openmetadata.repositoryservices.connectors.omrstopic,1,0,1,1,0,0,0,0,0,0,0,0,0,0
org.odpi.openmetadata.serveroperations.server,org.odpi.openmetadata.repositoryservices.connectors.stores.archivestore.properties,2,1,2,0,1,0,0,0,0,1,0,0,0,0
org.odpi.openmetadata.serveroperations.server,org.odpi.openmetadata.governanceservers.enginehostservices.server,2,2,1,4,1,0,0,0,1,1,0,0,0,0
org.odpi.openmetadata.serveroperations.server,org.odpi.openmetadata.governanceservers.integrationdaemonservices.server,2,2,1,3,1,0,0,0,1,1,0,0,0,0
org.odpi.openmetadata.serveroperations.server,org.odpi.openmetadata.commonservices.multitenant,3,1,0,19,0,0,0,2,1,9,0,0,0,0
org.odpi.openmetadata.serveroperations.server,org.odpi.openmetadata.adapters.repositoryservices,1,1,0,2,0,0,0,0,1,0,0,0,0,0
org.odpi.openmetadata.serveroperations.server,org.odpi.openmetadata.frameworks.openmetadata.ffdc,5,0,0,0,0,8,0,0,0,0,0,0,0,0
org.odpi.openmetadata.serveroperations.server,org.odpi.openmetadata.repositoryservices.connectors.stores.archivestore,1,0,0,0,0,0,1,0,0,0,0,0,0,0
org.odpi.openmetadata.serveroperations.server,org.odpi.openmetadata.frameworks.auditlog,2,6,7,31,1,0,0,0,0,1,0,0,0,0
org.odpi.openmetadata.serveroperations.server,org.odpi.openmetadata.frameworks.connectors.properties.beans,1,1,1,0,0,0,0,0,0,0,0,0,0,0
org.odpi.openmetadata.serveroperations.server,org.odpi.openmetadata.repositoryservices.ffdc.exception,1,0,0,0,0,1,0,0,0,0,0,0,0,0
org.odpi.openmetadata.serveroperations.server,org.odpi.openmetadata.adminservices.configuration.properties,4,7,9,136,1,0,0,0,1,4,0,0,0,0
org.odpi.openmetadata.serveroperations.server,org.odpi.openmetadata.adminservices.configuration.registration,1,7,5,30,0,0,0,0,0,172,0,0,0,0
org.odpi.openmetadata.serveroperations.server,org.odpi.openmetadata.adminservices.registration,3,5,6,18,1,0,0,0,0,10,5,0,0,0
org.odpi.openmetadata.serveroperations.server,org.odpi.openmetadata.serveroperations.ffdc,2,0,0,0,0,0,0,0,0,78,0,0,0,0
org.odpi.openmetadata.serveroperations.server,org.odpi.openmetadata.serveroperations.properties,4,3,5,8,1,0,0,0,2,72,0,0,0,0
org.odpi.openmetadata.serveroperations.server,org.odpi.openmetadata.serveroperations.rest,3,7,0,13,7,0,0,0,7,3,0,0,0,0
org.odpi.openmetadata.serveroperations.server,org.odpi.openmetadata.tokencontroller,1,0,0,11,0,0,0,1,0,11,0,0,0,0
org.odpi.openmetadata.serveroperations.server,org.odpi.openmetadata.commonservices.ffdc,3,12,0,43,0,0,0,0,2,0,0,0,0,0
org.odpi.openmetadata.serveroperations.server,org.odpi.openmetadata.commonservices.ffdc.rest,1,5,0,8,5,0,0,0,5,0,0,0,0,0
org.odpi.openmetadata.serveroperations.server,org.odpi.openmetadata.metadatasecurity.server,1,1,0,0,0,0,0,0,0,0,0,0,0,0
org.odpi.openmetadata.serveroperations.server,org.odpi.openmetadata.adminservices.classifier,1,1,0,6,0,0,0,0,1,0,0,0,0,0
org.odpi.openmetadata.serveroperations.server,org.odpi.openmetadata.repositoryservices.admin,2,5,4,27,1,0,0,0,1,2,0,0,0,0
org.odpi.openmetadata.serveroperations.server,org.odpi.openmetadata.adminservices.ffdc.exception,1,0,0,10,0,6,0,0,10,0,0,0,0,0
org.odpi.openmetadata.serveroperations.server,org.odpi.openmetadata.adminservices.ffdc,1,0,0,0,0,0,0,0,0,4,0,0,0,0
org.odpi.openmetadata.serveroperations.server,org.odpi.openmetadata.adminservices.rest,1,1,0,2,1,0,0,0,1,0,0,0,0,0
org.odpi.openmetadata.serveroperations.server,org.odpi.openmetadata.adminservices.server,2,2,0,19,0,0,0,0,2,0,0,0,0,0
org.odpi.openmetadata.frameworkservices.omf.client,org.odpi.openmetadata.frameworks.openmetadata.properties,0,9,2,20,17,0,0,0,1,5,0,0,0,0
org.odpi.openmetadata.frameworkservices.omf.client,org.odpi.openmetadata.frameworkservices.omf.client.rest,1,1,0,31,0,0,0,0,2,2,0,0,0,0
org.odpi.openmetadata.frameworkservices.omf.client,org.odpi.openmetadata.frameworkservices.omf.rest,0,42,0,75,0,0,0,0,17,6,0,0,0,0
org.odpi.openmetadata.frameworkservices.omf.client,org.odpi.openmetadata.frameworkservices.omf.ffdc,3,0,0,0,0,0,0,0,0,10,0,0,0,0
org.odpi.openmetadata.frameworkservices.omf.client,org.odpi.openmetadata.frameworkservices.ocf.metadatamanagement.client,1,1,0,2,0,0,0,0,1,1,0,0,0,0
org.odpi.openmetadata.frameworkservices.omf.client,org.odpi.openmetadata.frameworkservices.omf.connectors.outtopic,1,1,0,1,0,0,0,0,0,2,2,0,0,0
org.odpi.openmetadata.frameworkservices.omf.client,org.odpi.openmetadata.frameworks.openmetadata.properties.translations,1,0,1,0,1,0,0,0,0,0,0,0,0,0
org.odpi.openmetadata.frameworkservices.omf.client,org.odpi.openmetadata.repositoryservices.connectors.openmetadatatopic,0,0,0,2,0,0,0,0,0,0,0,0,0,0
org.odpi.openmetadata.frameworkservices.omf.client,org.odpi.openmetadata.frameworks.openmetadata.search,0,4,48,26,0,0,0,0,5,0,0,0,0,0
org.odpi.openmetadata.frameworkservices.omf.client,org.odpi.openmetadata.frameworks.openmetadata.specificationproperties,1,0,1,0,0,0,0,0,0,1,0,0,0,0
org.odpi.openmetadata.frameworkservices.omf.client,org.odpi.openmetadata.frameworks.openmetadata.types,1,0,0,0,0,0,0,0,0,2,0,0,0,0
org.odpi.openmetadata.frameworkservices.omf.client,org.odpi.openmetadata.frameworks.openmetadata.ffdc,7,0,0,4,0,149,0,0,4,0,0,0,0,0
org.odpi.openmetadata.frameworkservices.omf.client,org.odpi.openmetadata.frameworks.connectors,4,2,0,2,0,0,0,0,1,0,0,0,0,0
org.odpi.openmetadata.frameworkservices.omf.client,org.odpi.openmetadata.frameworks.auditlog,3,0,5,1,0,0,0,0,0,0,0,0,0,0
org.odpi.openmetadata.frameworkservices.omf.client,org.odpi.openmetadata.commonservices.ffdc.rest,1,16,0,45,0,0,0,0,15,0,0,0,0,0
org.odpi.openmetadata.frameworkservices.omf.client,org.odpi.openmetadata.commonservices.ffdc,2,2,0,112,0,0,0,0,2,0,0,0,0,0
org.odpi.openmetadata.frameworkservices.omf.client,org.odpi.openmetadata.frameworks.connectors.properties.beans,1,1,0,2,0,0,0,0,0,0,0,0,0,0
org.odpi.openmetadata.frameworkservices.omf.client,org.odpi.openmetadata.frameworks.connectors.ffdc,1,0,0,0,0,0,0,0,0,0,0,0,0,0
org.odpi.openmetadata.frameworkservices.omf.client,org.odpi.openmetadata.frameworks.openmetadata.client,1,0,0,2,0,0,0,1,0,95,0,0,0,0
org.odpi.openmetadata.frameworkservices.omf.client,org.odpi.openmetadata.frameworks.openmetadata.builders,2,2,0,2,0,0,0,0,2,0,0,0,0,0
org.odpi.openmetadata.frameworkservices.omf.client,org.odpi.openmetadata.frameworks.openmetadata.converters,1,1,0,2,0,0,0,0,1,0,0,0,0,0
org.odpi.openmetadata.frameworkservices.omf.client,org.odpi.openmetadata.frameworks.openmetadata.enums,1,0,0,0,0,0,0,0,0,2,0,0,0,0
org.odpi.openmetadata.frameworkservices.omf.client,org.odpi.openmetadata.adminservices.configuration.registration,1,0,0,0,0,0,0,0,0,2,0,0,0,0
org.odpi.openmetadata.frameworkservices.omf.client,org.odpi.openmetadata.frameworks.openmetadata.events,2,0,1,1,0,0,0,1,0,11,0,0,0,0
org.odpi.openmetadata.adapters.connectors.postgres.tabulardatasource,org.odpi.openmetadata.frameworks.openmetadata.definitions,2,0,0,2,0,0,0,0,2,0,0,0,0,0
org.odpi.openmetadata.adapters.connectors.postgres.tabulardatasource,org.odpi.openmetadata.frameworks.connectors.tabulardatasets,6,0,0,0,0,0,2,0,0,4,0,0,0,0
org.odpi.openmetadata.adapters.connectors.postgres.tabulardatasource,org.odpi.openmetadata.frameworks.connectors.controls,2,0,0,2,0,0,0,0,0,2,0,0,0,0
org.odpi.openmetadata.adapters.connectors.postgres.tabulardatasource,org.odpi.openmetadata.frameworks.connectors,2,1,0,9,0,0,0,3,0,24,0,0,0,0
org.odpi.openmetadata.adapters.connectors.postgres.tabulardatasource,org.odpi.openmetadata.adapters.connectors.resource.jdbc.properties,1,0,0,0,1,0,0,0,0,8,0,0,0,0
org.odpi.openmetadata.adapters.connectors.postgres.tabulardatasource,org.odpi.openmetadata.adapters.connectors.resource.jdbc.ddl.postgres,6,2,2,2,0,0,2,0,1,2,0,0,0,0
org.odpi.openmetadata.adapters.connectors.postgres.tabulardatasource,org.odpi.openmetadata.adapters.connectors.postgres.controls,3,0,0,4,0,0,0,0,0,14,0,0,0,0
org.odpi.openmetadata.adapters.connectors.postgres.tabulardatasource,org.odpi.openmetadata.adapters.connectors,2,0,0,0,0,0,0,0,0,4,0,0,0,0
org.odpi.openmetadata.adapters.connectors.postgres.tabulardatasource,org.odpi.openmetadata.frameworks.connectors.properties.beans,0,0,0,5,0,0,0,0,0,0,0,0,0,0
org.odpi.openmetadata.adapters.connectors.postgres.tabulardatasource,org.odpi.openmetadata.frameworks.connectors.ffdc,1,0,0,7,0,7,0,0,7,0,0,0,0,0
org.odpi.openmetadata.adapters.connectors.postgres.tabulardatasource,org.odpi.openmetadata.frameworks.auditlog,0,0,0,6,0,0,0,0,0,0,0,0,0,0
org.odpi.openmetadata.adapters.connectors.postgres.tabulardatasource,org.odpi.openmetadata.adapters.connectors.controls,2,0,0,0,0,0,0,0,0,4,0,0,0,0
org.odpi.openmetadata.adapters.connectors.postgres.tabulardatasource,org.odpi.openmetadata.frameworks.openmetadata.ffdc,1,0,0,0,0,1,0,0,0,0,0,0,0,0
org.odpi.openmetadata.adapters.connectors.postgres.tabulardatasource,org.odpi.openmetadata.adapters.connectors.resource.jdbc,1,1,0,5,1,0,0,0,0,1,1,0,0,0
org.odpi.openmetadata.adapters.connectors.postgres.tabulardatasource,org.odpi.openmetadata.adapters.connectors.postgres.ffdc,2,0,0,0,0,0,0,0,0,26,0,0,0,0
org.odpi.openmetadata.adapters.connectors.postgres.tabulardatasource,org.odpi.openmetadata.frameworks.openmetadata.search,1,1,0,2,0,0,0,0,1,0,0,0,0,0
org.odpi.openmetadata.viewservices.subjectarea.server,org.odpi.openmetadata.adminservices.registration,1,0,0,1,0,0,0,0,0,1,0,0,0,0
org.odpi.openmetadata.viewservices.subjectarea.server,org.odpi.openmetadata.adminservices.configuration.registration,5,3,0,3,0,0,0,0,1,8,0,0,0,0
org.odpi.openmetadata.viewservices.subjectarea.server,org.odpi.openmetadata.viewservices.subjectarea.admin,1,0,0,0,0,0,0,0,0,1,0,0,0,0
org.odpi.openmetadata.viewservices.subjectarea.server,org.odpi.openmetadata.frameworks.openmetadata.properties.governance,1,0,0,0,0,0,0,0,0,1,1,0,0,0
org.odpi.openmetadata.viewservices.subjectarea.server,org.odpi.openmetadata.frameworks.openmetadata.handlers,3,3,0,5,2,0,0,0,1,1,0,0,0,0
org.odpi.openmetadata.viewservices.subjectarea.server,org.odpi.openmetadata.frameworks.openmetadata.ffdc,4,0,0,0,0,4,0,0,0,0,0,0,0,0
org.odpi.openmetadata.viewservices.subjectarea.server,org.odpi.openmetadata.commonservices.multitenant,2,0,0,8,0,0,0,2,0,0,0,0,0,0
org.odpi.openmetadata.viewservices.subjectarea.server,org.odpi.openmetadata.frameworks.auditlog,2,2,1,0,0,0,0,0,0,2,0,0,0,0
org.odpi.openmetadata.viewservices.subjectarea.server,org.odpi.openmetadata.frameworkservices.omf.client,1,0,0,1,0,0,0,0,1,0,0,0,0,0
org.odpi.openmetadata.viewservices.subjectarea.server,org.odpi.openmetadata.tokencontroller,1,0,0,2,0,0,0,1,0,2,0,0,0,0
org.odpi.openmetadata.viewservices.subjectarea.server,org.odpi.openmetadata.commonservices.ffdc.rest,0,2,2,4,2,0,0,0,2,0,0,0,0,0
org.odpi.openmetadata.viewservices.subjectarea.server,org.odpi.openmetadata.commonservices.ffdc,3,4,0,11,0,0,0,0,2,0,0,0,0,0
org.odpi.openmetadata.viewservices.subjectarea.server,org.odpi.openmetadata.frameworks.openmetadata.client,1,1,0,0,0,0,0,0,0,0,0,0,0,0
org.odpi.openmetadata.serveroperations.client,org.odpi.openmetadata.serveroperations.rest,3,3,0,7,0,0,0,0,0,0,0,0,0,0
org.odpi.openmetadata.serveroperations.client,org.odpi.openmetadata.serveroperations.client.rest,1,1,0,6,0,0,0,0,2,2,0,0,0,0
org.odpi.openmetadata.serveroperations.client,org.odpi.openmetadata.serveroperations.properties,2,1,0,6,2,0,0,0,1,0,0,0,0,0
org.odpi.openmetadata.serveroperations.client,org.odpi.openmetadata.repositoryservices.connectors.stores.archivestore.properties,1,0,1,0,0,0,0,0,0,0,0,0,0,0
org.odpi.openmetadata.serveroperations.client,org.odpi.openmetadata.frameworks.auditlog,1,1,2,0,0,0,0,0,0,2,0,0,0,0
org.odpi.openmetadata.serveroperations.client,org.odpi.openmetadata.frameworks.connectors,1,0,0,0,0,0,0,0,0,0,0,0,0,0
org.odpi.openmetadata.serveroperations.client,org.odpi.openmetadata.frameworks.connectors.properties.beans,1,0,1,0,0,0,0,0,0,0,0,0,0,0
org.odpi.openmetadata.serveroperations.client,org.odpi.openmetadata.adminservices.configuration.properties,1,0,0,0,1,0,0,0,0,0,0,0,0,0
org.odpi.openmetadata.serveroperations.client,org.odpi.openmetadata.adminservices.rest,1,1,0,1,0,0,0,0,0,0,0,0,0,0
org.odpi.openmetadata.serveroperations.client,org.odpi.openmetadata.commonservices.ffdc,1,1,0,11,0,0,0,0,1,0,0,0,0,0
org.odpi.openmetadata.serveroperations.client,org.odpi.openmetadata.commonservices.ffdc.rest,0,0,0,3,0,0,0,0,0,0,0,0,0,0
org.odpi.openmetadata.serveroperations.client,org.odpi.openmetadata.frameworks.openmetadata.ffdc,3,0,0,0,0,23,0,0,0,0,0,0,0,0
org.odpi.openmetadata.engineservices.governanceaction.handlers,org.odpi.openmetadata.frameworks.openmetadata.refdata,1,3,0,1,0,0,0,0,0,0,0,0,0,0
org.odpi.openmetadata.engineservices.governanceaction.handlers,org.odpi.openmetadata.frameworks.openmetadata.properties.softwarecapabilities,1,0,1,0,0,0,0,0,0,0,0,0,0,0
org.odpi.openmetadata.engineservices.governanceaction.handlers,org.odpi.openmetadata.governanceservers.enginehostservices.admin,4,1,0,18,1,0,0,2,0,42,0,0,0,0
org.odpi.openmetadata.engineservices.governanceaction.handlers,org.odpi.openmetadata.governanceservers.enginehostservices.registration,1,0,0,0,0,0,0,1,0,0,0,0,0,0
org.odpi.openmetadata.engineservices.governanceaction.handlers,org.odpi.openmetadata.frameworks.openmetadata.ffdc,5,0,0,3,0,6,0,0,3,0,0,0,0,0
org.odpi.openmetadata.engineservices.governanceaction.handlers,org.odpi.openmetadata.frameworks.openmetadata.events,1,0,1,0,0,0,0,0,0,0,0,0,0,0
org.odpi.openmetadata.engineservices.governanceaction.handlers,org.odpi.openmetadata.adminservices.configuration.registration,2,0,0,0,0,0,0,0,0,4,0,0,0,0
org.odpi.openmetadata.engineservices.governanceaction.handlers,org.odpi.openmetadata.frameworkservices.ocf.metadatamanagement.client,1,0,0,1,0,0,0,0,1,0,0,0,0,0
org.odpi.openmetadata.engineservices.governanceaction.handlers,org.odpi.openmetadata.frameworkservices.omf.client,1,0,0,1,0,0,0,0,1,0,0,0,0,0
org.odpi.openmetadata.engineservices.governanceaction.handlers,org.odpi.openmetadata.adminservices.configuration.properties,2,0,2,16,0,0,0,0,0,0,0,0,0,0
org.odpi.openmetadata.engineservices.governanceaction.handlers,org.odpi.openmetadata.frameworkservices.gaf.client,6,3,7,4,0,0,0,0,2,2,0,0,0,0
org.odpi.openmetadata.engineservices.governanceaction.handlers,org.odpi.openmetadata.frameworks.opengovernance.properties,4,0,0,0,0,0,0,0,0,0,0,0,0,0
org.odpi.openmetadata.engineservices.governanceaction.handlers,org.odpi.openmetadata.frameworks.opengovernance.client,2,0,1,0,0,0,0,0,0,0,0,0,0,0
org.odpi.openmetadata.engineservices.governanceaction.handlers,org.odpi.openmetadata.frameworks.openmetadata.client,3,2,2,0,0,0,0,0,0,1,0,0,0,0
org.odpi.openmetadata.engineservices.governanceaction.handlers,org.odpi.openmetadata.frameworks.connectors.client,3,2,2,0,0,0,0,0,0,1,0,0,0,0
org.odpi.openmetadata.engineservices.governanceaction.handlers,org.odpi.openmetadata.frameworks.auditlog,3,0,3,11,0,0,0,0,0,0,0,0,0,0
org.odpi.openmetadata.engineservices.governanceaction.handlers,org.odpi.openmetadata.frameworks.openmetadata.properties,0,0,0,5,0,0,0,0,0,0,0,0,0,0
org.odpi.openmetadata.engineservices.governanceaction.handlers,org.odpi.openmetadata.frameworks.openmetadata.enums,1,0,1,0,0,0,0,0,0,0,0,0,0,0
org.odpi.openmetadata.engineservices.governanceaction.handlers,org.odpi.openmetadata.frameworks.opengovernance,0,3,0,6,0,0,0,0,1,1,2,0,0,0
org.odpi.openmetadata.engineservices.governanceaction.handlers,org.odpi.openmetadata.frameworks.opengovernance.connectorcontext,1,0,0,0,0,0,0,0,0,0,0,0,0,0
org.odpi.openmetadata.engineservices.governanceaction.handlers,org.odpi.openmetadata.frameworks.opengovernance.controls,1,0,0,0,0,0,0,0,0,8,0,0,0,0
org.odpi.openmetadata.engineservices.governanceaction.handlers,org.odpi.openmetadata.frameworks.connectors,1,0,1,1,0,0,0,0,0,0,0,0,0,0
org.odpi.openmetadata.engineservices.governanceaction.handlers,org.odpi.openmetadata.frameworks.auditlog.messagesets,1,1,0,0,0,0,0,0,0,0,0,0,0,0
org.odpi.openmetadata.engineservices.governanceaction.handlers,org.odpi.openmetadata.engineservices.governanceaction.ffdc,2,0,0,0,0,0,0,0,0,28,0,0,0,0
org.odpi.openmetadata.engineservices.governanceaction.handlers,org.odpi.openmetadata.governanceservers.enginehostservices.api,1,0,0,0,0,0,1,0,0,0,0,0,0,0
org.odpi.openmetadata.engineservices.governanceaction.handlers,org.odpi.openmetadata.frameworks.openmetadata.types,1,0,0,0,0,0,0,0,0,2,0,0,0,0
org.odpi.openmetadata.viewservices.subjectarea.server.spring,org.odpi.openmetadata.viewservices.subjectarea.server,1,1,0,3,0,0,0,0,1,0,0,0,0,0
org.odpi.openmetadata.viewservices.subjectarea.server.spring,org.odpi.openmetadata.commonservices.ffdc.rest,0,0,2,0,2,0,0,0,0,0,0,0,0,0
org.odpi.openmetadata.adapters.connectors.jacquard.tabulardatasets.referencedata,org.odpi.openmetadata.adapters.connectors.jacquard.tabulardatasets.ffdc,2,0,0,0,0,0,0,0,0,6,0,0,0,0
org.odpi.openmetadata.adapters.connectors.jacquard.tabulardatasets.referencedata,org.odpi.openmetadata.adapters.connectors.jacquard.tabulardatasets,3,0,0,5,0,0,0,3,0,17,0,0,0,0
org.odpi.openmetadata.adapters.connectors.jacquard.tabulardatasets.referencedata,org.odpi.openmetadata.adapters.connectors.jacquard.tabulardatasets.controls,3,0,0,0,0,0,0,0,0,28,0,0,0,0
org.odpi.openmetadata.adapters.connectors.jacquard.tabulardatasets.referencedata,org.odpi.openmetadata.adapters.connectors.jacquard.productcatalog,1,0,0,5,1,0,0,0,5,47,0,0,0,0
org.odpi.openmetadata.adapters.connectors.jacquard.tabulardatasets.referencedata,org.odpi.openmetadata.frameworks.openmetadata.types,3,0,0,0,0,0,0,0,0,10,0,0,0,0
org.odpi.openmetadata.adapters.connectors.jacquard.tabulardatasets.referencedata,org.odpi.openmetadata.frameworks.connectors.ffdc,2,0,0,1,0,3,0,0,1,0,0,0,0,0
org.odpi.openmetadata.adapters.connectors.jacquard.tabulardatasets.referencedata,org.odpi.openmetadata.adapters.connectors,2,0,0,0,0,0,0,0,0,4,0,0,0,0
org.odpi.openmetadata.adapters.connectors.jacquard.tabulardatasets.referencedata,org.odpi.openmetadata.adapters.connectors.jacquard.tabulardatasets.validmetadatavalues,1,0,0,1,0,0,0,0,1,0,0,0,0,0
org.odpi.openmetadata.adapters.connectors.jacquard.tabulardatasets.referencedata,org.odpi.openmetadata.frameworks.connectors,1,0,0,5,0,0,0,1,0,1,0,0,0,0
org.odpi.openmetadata.adapters.connectors.jacquard.tabulardatasets.referencedata,org.odpi.openmetadata.frameworks.openmetadata.connectorcontext,2,2,0,6,0,0,0,0,0,0,0,0,0,0
org.odpi.openmetadata.adapters.connectors.jacquard.tabulardatasets.referencedata,org.odpi.openmetadata.frameworks.openmetadata.metadataelements,2,3,1,9,0,0,0,0,0,0,0,0,0,0
org.odpi.openmetadata.adapters.connectors.jacquard.tabulardatasets.referencedata,org.odpi.openmetadata.frameworks.connectors.properties.beans,1,0,1,1,0,0,0,0,0,0,0,0,0,0
org.odpi.openmetadata.tokencontroller,org.odpi.openmetadata.frameworks.openmetadata.ffdc,1,0,0,1,0,1,0,0,1,0,0,0,0,0
org.odpi.openmetadata.tokencontroller,org.odpi.openmetadata.tokencontroller.ffdc,1,0,0,0,0,0,0,0,0,2,0,0,0,0
org.odpi.openmetadata.samples.governanceactions.clinicaltrials.metadata,org.odpi.openmetadata.frameworks.openmetadata.refdata,1,0,0,0,0,0,0,0,0,24,0,0,0,0
org.odpi.openmetadata.samples.governanceactions.clinicaltrials.metadata,org.odpi.openmetadata.frameworks.auditlog,2,1,1,1,2,0,0,0,1,13,0,0,0,0
org.odpi.openmetadata.samples.governanceactions.clinicaltrials.metadata,org.odpi.openmetadata.frameworks.connectors,1,0,0,0,0,0,0,0,0,0,0,0,0,0
org.odpi.openmetadata.accessservices.digitalarchitecture.fvt.connections,org.odpi.openmetadata.frameworks.openmetadata.ffdc,1,0,0,0,0,0,0,0,0,0,0,0,0,0
org.odpi.openmetadata.accessservices.digitalarchitecture.fvt.connections,org.odpi.openmetadata.frameworks.auditlog,1,1,1,1,0,0,0,0,1,0,0,0,0,0
org.odpi.openmetadata.accessservices.digitalarchitecture.fvt.connections,org.odpi.openmetadata.frameworks.openmetadata.metadataelements,0,4,0,8,0,0,0,0,0,0,0,0,0,0
org.odpi.openmetadata.accessservices.digitalarchitecture.fvt.connections,org.odpi.openmetadata.frameworks.openmetadata.properties,0,0,0,28,0,0,0,0,0,0,0,0,0,0
org.odpi.openmetadata.accessservices.digitalarchitecture.fvt.connections,org.odpi.openmetadata.frameworks.openmetadata.properties.connections,0,7,0,6,0,0,0,0,4,0,0,0,0,0
org.odpi.openmetadata.accessservices.digitalarchitecture.fvt.connections,org.odpi.openmetadata.fvt.utilities.exceptions,1,0,0,70,0,11,0,0,70,0,0,0,0,0
org.odpi.openmetadata.accessservices.digitalarchitecture.fvt.connections,org.odpi.openmetadata.fvt.utilities.auditlog,1,0,1,0,0,0,0,0,0,0,0,0,0,0
org.odpi.openmetadata.accessservices.digitalarchitecture.fvt.connections,org.odpi.openmetadata.fvt.utilities,1,1,0,5,1,0,0,0,1,0,0,0,0,0
org.odpi.openmetadata.accessservices.digitalarchitecture.fvt.connections,org.odpi.openmetadata.adminservices.configuration.registration,1,0,0,0,0,0,0,0,0,5,0,0,0,0
org.odpi.openmetadata.viewservices.governanceofficer.admin,org.odpi.openmetadata.viewservices.governanceofficer.ffdc,1,0,0,0,0,0,0,0,0,10,0,0,0,0
org.odpi.openmetadata.viewservices.governanceofficer.admin,org.odpi.openmetadata.viewservices.governanceofficer.server,1,1,0,1,0,0,0,0,1,1,0,0,0,0
org.odpi.openmetadata.viewservices.governanceofficer.admin,org.odpi.openmetadata.commonservices.multitenant,0,0,0,1,0,0,0,0,0,0,0,0,0,0
org.odpi.openmetadata.viewservices.governanceofficer.admin,org.odpi.openmetadata.frameworks.auditlog,1,1,1,5,0,0,0,0,0,1,0,0,0,0
org.odpi.openmetadata.viewservices.governanceofficer.admin,org.odpi.openmetadata.adminservices.configuration.properties,1,0,1,4,0,0,0,0,0,0,0,0,0,0
org.odpi.openmetadata.viewservices.governanceofficer.admin,org.odpi.openmetadata.adminservices.ffdc.exception,1,0,0,0,0,1,0,0,0,0,0,0,0,0
org.odpi.openmetadata.viewservices.governanceofficer.admin,org.odpi.openmetadata.adminservices.configuration.registration,1,0,0,0,0,0,0,0,0,2,0,0,0,0
org.odpi.openmetadata.viewservices.governanceofficer.admin,org.odpi.openmetadata.adminservices.registration,1,0,0,1,0,0,0,1,0,1,0,0,0,0
org.odpi.openmetadata.adapters.adminservices.configurationstore.file,org.odpi.openmetadata.adminservices.store,3,0,0,2,0,0,1,2,0,3,0,0,0,0
org.odpi.openmetadata.adapters.adminservices.configurationstore.file,org.odpi.openmetadata.adapters.connectors,1,0,0,0,0,0,0,0,0,2,0,0,0,0
org.odpi.openmetadata.adapters.adminservices.configurationstore.file,org.odpi.openmetadata.frameworks.auditlog.messagesets,2,1,0,3,2,0,0,0,2,0,0,0,0,0
org.odpi.openmetadata.adapters.adminservices.configurationstore.file,org.odpi.openmetadata.frameworks.openmetadata.ffdc,2,0,0,2,0,1,0,0,2,0,0,0,0,0
org.odpi.openmetadata.adapters.adminservices.configurationstore.file,org.odpi.openmetadata.frameworks.connectors.properties.beans,1,1,0,2,0,0,0,0,0,0,0,0,0,0
org.odpi.openmetadata.adapters.adminservices.configurationstore.file,org.odpi.openmetadata.frameworks.connectors.ffdc,1,0,0,0,0,1,0,0,0,0,0,0,0,0
org.odpi.openmetadata.adapters.adminservices.configurationstore.file,org.odpi.openmetadata.frameworks.connectors,0,0,0,1,0,0,0,0,0,1,0,0,0,0
org.odpi.openmetadata.adapters.adminservices.configurationstore.file,org.odpi.openmetadata.adminservices.configuration.properties,1,2,2,0,1,0,0,0,0,2,0,0,0,0
org.odpi.openmetadata.repositoryservices.connectors.stores.metadatacollectionstore.properties.instances,org.odpi.openmetadata.repositoryservices.connectors.stores.metadatacollectionstore.properties.typedefs,2,2,4,7,2,0,0,0,0,21,0,0,0,0
org.odpi.openmetadata.repositoryservices.connectors.stores.metadatacollectionstore.properties.instances,org.odpi.openmetadata.repositoryservices.ffdc,4,0,0,0,0,0,0,0,0,16,0,0,0,0
org.odpi.openmetadata.repositoryservices.connectors.stores.metadatacollectionstore.properties.instances,org.odpi.openmetadata.repositoryservices.ffdc.exception,4,0,0,8,0,0,0,0,8,0,0,0,0,0
org.odpi.openmetadata.repositoryservices.connectors.stores.metadatacollectionstore.properties.instances,org.odpi.openmetadata.repositoryservices.connectors.stores.metadatacollectionstore.properties,1,0,0,14,0,0,0,1,0,0,0,0,0,0
org.odpi.openmetadata.engineservices.watchdogaction.client.rest,org.odpi.openmetadata.frameworkservices.ocf.metadatamanagement.client,1,0,0,2,0,0,0,1,0,0,0,0,0,0
org.odpi.openmetadata.engineservices.watchdogaction.client.rest,org.odpi.openmetadata.frameworks.openmetadata.ffdc,1,0,0,0,0,2,0,0,0,0,0,0,0,0
org.odpi.openmetadata.engineservices.watchdogaction.client.rest,org.odpi.openmetadata.frameworks.connectors,1,0,0,0,0,0,0,0,0,0,0,0,0,0
org.odpi.openmetadata.engineservices.watchdogaction.client.rest,org.odpi.openmetadata.frameworks.auditlog,1,0,2,0,0,0,0,0,0,0,0,0,0,0
org.odpi.openmetadata.accessservices.assetconsumer.samples.readcsvfile,org.odpi.openmetadata.adapters.connectors.datastore.csvfile,2,3,1,3,3,0,0,0,0,4,3,0,0,0
org.odpi.openmetadata.accessservices.assetconsumer.samples.readcsvfile,org.odpi.openmetadata.adapters.connectors.datastore.basicfile.ffdc.exception,1,0,0,0,0,0,0,0,0,0,0,0,0,0
org.odpi.openmetadata.accessservices.assetconsumer.samples.readcsvfile,org.odpi.openmetadata.http,1,0,0,1,0,0,0,0,0,1,0,0,0,0
org.odpi.openmetadata.accessservices.assetconsumer.samples.readcsvfile,org.odpi.openmetadata.frameworks.connectors.properties.beans,3,3,0,21,1,0,0,0,3,3,0,0,0,0
org.odpi.openmetadata.accessservices.assetconsumer.samples.readcsvfile,org.odpi.openmetadata.frameworks.connectors,1,1,0,2,0,0,0,0,1,0,0,0,0,0
org.odpi.openmetadata.adapters.connectors.surveyaction.extractors,org.odpi.openmetadata.frameworks.openmetadata.properties.surveyreports,2,1,0,12,1,0,0,0,1,0,0,0,0,0
org.odpi.openmetadata.adapters.connectors.surveyaction.extractors,org.odpi.openmetadata.frameworks.opensurvey,1,1,1,1,0,0,0,0,0,1,0,0,0,0
org.odpi.openmetadata.adapters.connectors.surveyaction.extractors,org.odpi.openmetadata.frameworks.opensurvey.controls,1,0,0,0,0,0,0,0,0,10,0,0,0,0
org.odpi.openmetadata.adapters.connectors.surveyaction.extractors,org.odpi.openmetadata.frameworks.opensurvey.measurements,2,1,0,18,0,0,0,0,1,32,0,0,0,0
org.odpi.openmetadata.adapters.connectors.surveyaction.extractors,org.odpi.openmetadata.frameworks.openmetadata.ffdc,3,0,0,0,0,3,0,0,0,0,0,0,0,0
org.odpi.openmetadata.adapters.connectors.surveyaction.extractors,org.odpi.openmetadata.frameworks.openmetadata.fileclassifier,2,2,1,41,0,0,0,0,0,1,0,0,0,0
org.odpi.openmetadata.frameworkservices.gaf.listener,org.odpi.openmetadata.frameworkservices.gaf.outtopic,1,1,1,19,0,0,0,0,0,1,0,0,0,0
org.odpi.openmetadata.frameworkservices.gaf.listener,org.odpi.openmetadata.frameworks.auditlog,1,0,1,0,0,0,0,0,0,0,0,0,0,0
org.odpi.openmetadata.frameworkservices.gaf.listener,org.odpi.openmetadata.frameworks.opengovernance.properties,1,0,1,0,0,0,0,0,0,1,0,0,0,0
org.odpi.openmetadata.frameworkservices.gaf.listener,org.odpi.openmetadata.commonservices.generichandlers,1,1,1,1,0,0,0,0,0,1,0,0,0,0
org.odpi.openmetadata.frameworkservices.gaf.listener,org.odpi.openmetadata.frameworks.openmetadata.events,1,0,1,1,0,0,0,0,0,52,0,0,0,0
org.odpi.openmetadata.frameworkservices.gaf.listener,org.odpi.openmetadata.repositoryservices.connectors.omrstopic,1,0,0,1,0,0,0,1,0,9,0,0,0,0
org.odpi.openmetadata.frameworkservices.gaf.listener,org.odpi.openmetadata.repositoryservices.connectors.stores.metadatacollectionstore.properties.typedefs,1,0,2,0,0,0,0,0,0,0,0,0,0,0
org.odpi.openmetadata.frameworkservices.gaf.listener,org.odpi.openmetadata.repositoryservices.connectors.stores.metadatacollectionstore.properties.instances,0,20,42,25,1,0,0,0,0,0,0,0,0,0
org.odpi.openmetadata.frameworkservices.gaf.listener,org.odpi.openmetadata.frameworks.openmetadata.types,1,0,0,0,0,0,0,0,0,18,0,0,0,0
org.odpi.openmetadata.frameworkservices.gaf.listener,org.odpi.openmetadata.repositoryservices.connectors.stores.metadatacollectionstore.repositoryconnector,1,1,1,9,0,0,0,0,0,1,0,0,0,0
org.odpi.openmetadata.contentpacks.core.base,org.odpi.openmetadata.adapters.connectors.controls,1,1,0,2,0,0,0,0,0,5,0,0,0,0
org.odpi.openmetadata.contentpacks.core.base,org.odpi.openmetadata.adapters.connectors,2,1,0,17,0,0,0,0,0,7,0,0,0,0
org.odpi.openmetadata.contentpacks.core.base,org.odpi.openmetadata.adapters.connectors.governanceactions.stewardship,1,0,0,0,0,0,0,0,0,4,0,0,0,0
org.odpi.openmetadata.contentpacks.core.base,org.odpi.openmetadata.frameworks.connectors.controls,1,0,0,0,0,0,0,0,0,4,0,0,0,0
org.odpi.openmetadata.contentpacks.core.base,org.odpi.openmetadata.contentpacks.core,0,16,31,257,0,0,0,0,0,24,0,0,0,0
org.odpi.openmetadata.contentpacks.core.base,org.odpi.openmetadata.samples.archiveutilities,2,0,2,174,0,0,0,1,0,186,0,0,0,0
org.odpi.openmetadata.contentpacks.core.base,org.odpi.openmetadata.frameworks.openmetadata.controls,2,0,5,3,0,0,0,0,0,41,0,0,0,0
org.odpi.openmetadata.contentpacks.core.base,org.odpi.openmetadata.frameworks.openmetadata.definitions,2,5,15,107,0,0,0,0,0,0,0,0,0,0
org.odpi.openmetadata.contentpacks.core.base,org.odpi.openmetadata.frameworks.openmetadata.mapper,2,0,0,1,0,0,0,0,0,4,0,0,0,0
org.odpi.openmetadata.contentpacks.core.base,org.odpi.openmetadata.frameworks.openmetadata.properties,1,2,0,0,0,0,0,0,0,0,0,0,0,0
org.odpi.openmetadata.contentpacks.core.base,org.odpi.openmetadata.frameworks.openmetadata.refdata,0,1,4,37,0,0,0,0,0,31,0,0,0,0
org.odpi.openmetadata.contentpacks.core.base,org.odpi.openmetadata.frameworks.openmetadata.specificationproperties,4,3,3,15,0,0,0,0,1,3,0,0,0,0
org.odpi.openmetadata.contentpacks.core.base,org.odpi.openmetadata.frameworks.openmetadata.types,3,0,0,0,0,0,0,0,0,218,0,0,0,0
org.odpi.openmetadata.contentpacks.core.base,org.odpi.openmetadata.frameworks.opensurvey.controls,1,0,0,0,0,0,0,0,0,2,0,0,0,0
org.odpi.openmetadata.contentpacks.core.base,org.odpi.openmetadata.repositoryservices.connectors.stores.archivestore.properties,1,0,1,0,0,0,0,0,0,0,0,0,0,0
org.odpi.openmetadata.contentpacks.core.base,org.odpi.openmetadata.repositoryservices.connectors.stores.metadatacollectionstore.properties.instances,1,1,8,0,0,0,0,0,0,6,1,0,0,0
org.odpi.openmetadata.frameworks.openmetadata.properties.assets.databases,org.odpi.openmetadata.frameworks.openmetadata.types,4,0,0,0,0,0,0,0,0,12,0,0,0,0
org.odpi.openmetadata.frameworks.openmetadata.properties.assets.databases,org.odpi.openmetadata.frameworks.openmetadata.properties,0,0,0,0,0,0,0,0,0,6,0,0,0,0
org.odpi.openmetadata.frameworks.openmetadata.properties.assets.databases,org.odpi.openmetadata.frameworks.openmetadata.properties.assets,3,0,0,12,0,0,0,3,0,9,0,0,0,0
org.odpi.openmetadata.adapters.connectors.wedgwood,org.odpi.openmetadata.frameworks.openmetadata.refdata,3,2,1,0,1,0,0,0,0,19,0,0,0,0
org.odpi.openmetadata.adapters.connectors.wedgwood,org.odpi.openmetadata.frameworks.openmetadata.properties,1,2,0,4,0,0,0,0,0,2,0,0,0,0
org.odpi.openmetadata.adapters.connectors.wedgwood,org.odpi.openmetadata.frameworks.openmetadata.ffdc,2,0,0,0,0,1,0,0,0,0,0,0,0,0
org.odpi.openmetadata.adapters.connectors.wedgwood,org.odpi.openmetadata.frameworks.connectors,0,0,0,2,0,0,0,0,0,0,0,0,0,0
org.odpi.openmetadata.adapters.connectors.wedgwood,org.odpi.openmetadata.frameworks.auditlog.messagesets,1,1,0,0,0,0,0,0,0,0,0,0,0,0
org.odpi.openmetadata.adapters.connectors.wedgwood,org.odpi.openmetadata.frameworks.connectors.tabulardatasets,3,2,0,13,0,0,0,0,0,0,3,0,0,0
org.odpi.openmetadata.adapters.connectors.wedgwood,org.odpi.openmetadata.frameworks.connectors.ffdc,1,0,0,1,0,1,0,0,1,0,0,0,0,0
org.odpi.openmetadata.adapters.connectors.wedgwood,org.odpi.openmetadata.frameworks.opengovernance.properties,1,1,0,2,0,0,0,0,0,0,0,0,0,0
org.odpi.openmetadata.adapters.connectors.wedgwood,org.odpi.openmetadata.frameworks.opengovernance,2,0,0,9,0,0,0,2,0,15,0,0,0,0
org.odpi.openmetadata.adapters.connectors.wedgwood,org.odpi.openmetadata.adapters.connectors,1,0,0,0,0,0,0,0,0,2,0,0,0,0
org.odpi.openmetadata.adapters.connectors.wedgwood,org.odpi.openmetadata.frameworks.openmetadata.specificationproperties,3,4,3,18,3,0,0,0,4,3,0,0,0,0
org.odpi.openmetadata.adapters.connectors.wedgwood,org.odpi.openmetadata.frameworks.openmetadata.types,1,0,0,0,0,0,0,0,0,2,0,0,0,0
org.odpi.openmetadata.adapters.connectors.wedgwood,org.odpi.openmetadata.adapters.connectors.governanceactions.ffdc,1,0,0,0,0,0,0,0,0,4,0,0,0,0
org.odpi.openmetadata.frameworks.openmetadata.properties.assets.referencedata,org.odpi.openmetadata.frameworks.openmetadata.properties.assets,4,0,2,8,0,0,0,2,0,6,0,0,0,0
org.odpi.openmetadata.frameworks.openmetadata.properties.assets.referencedata,org.odpi.openmetadata.frameworks.openmetadata.types,3,0,0,0,0,0,0,0,0,10,0,0,0,0
org.odpi.openmetadata.frameworks.openmetadata.properties.assets.referencedata,org.odpi.openmetadata.frameworks.openmetadata.properties,1,0,0,3,0,0,0,1,0,7,0,0,0,0
org.odpi.openmetadata.viewservices.actormanager.ffdc,org.odpi.openmetadata.frameworks.auditlog.messagesets,4,2,0,6,4,0,0,0,4,0,0,0,0,0
org.odpi.openmetadata.viewservices.actormanager.ffdc,org.odpi.openmetadata.frameworks.auditlog,1,1,1,0,0,0,0,0,0,13,0,0,0,0
org.odpi.openmetadata.frameworks.openmetadata.types,org.odpi.openmetadata.frameworks.openmetadata.mapper,2,0,0,1,0,0,0,0,0,2,0,0,0,0
org.odpi.openmetadata.frameworks.openmetadata.types,org.odpi.openmetadata.frameworks.openmetadata.enums,1,0,0,46,0,0,0,0,0,90,0,0,0,0
org.odpi.openmetadata.frameworks.openmetadata.types,org.odpi.openmetadata.frameworks.openmetadata.properties,0,0,0,0,0,0,0,0,0,9,0,0,0,0
org.odpi.openmetadata.frameworks.openmetadata.types,org.odpi.openmetadata.frameworks.openmetadata.properties.actors,1,0,0,0,0,0,0,0,0,38,0,0,0,0
org.odpi.openmetadata.frameworks.openmetadata.types,org.odpi.openmetadata.frameworks.openmetadata.properties.assets,0,0,0,0,0,0,0,0,0,13,0,0,0,0
org.odpi.openmetadata.frameworks.openmetadata.types,org.odpi.openmetadata.frameworks.openmetadata.refdata,0,0,0,0,0,0,0,0,0,12,0,0,0,0
org.odpi.openmetadata.frameworks.openmetadata.types,org.odpi.openmetadata.frameworks.openmetadata.search,0,0,0,0,0,0,0,0,0,14,0,0,0,0
org.odpi.openmetadata.frameworks.openmetadata.types,org.odpi.openmetadata.frameworks.openmetadata.properties.softwarecapabilities,0,0,0,0,0,0,0,0,0,43,0,0,0,0
org.odpi.openmetadata.frameworks.openmetadata.types,org.odpi.openmetadata.frameworks.openmetadata.properties.solutions,0,0,0,0,0,0,0,0,0,9,0,0,0,0
org.odpi.openmetadata.frameworks.openmetadata.types,org.odpi.openmetadata.frameworks.openmetadata.properties.surveyreports,0,0,0,0,0,0,0,0,0,22,0,0,0,0
org.odpi.openmetadata.frameworks.openmetadata.types,org.odpi.openmetadata.frameworks.openmetadata.properties.validvalues,0,0,0,0,0,0,0,0,0,14,0,0,0,0
org.odpi.openmetadata.frameworks.openmetadata.types,org.odpi.openmetadata.frameworks.openmetadata.properties.templates,3,0,0,0,0,0,0,0,0,3,0,0,0,0
org.odpi.openmetadata.frameworks.openmetadata.types,org.odpi.openmetadata.frameworks.openmetadata.properties.translations,2,0,0,0,0,0,0,0,0,2,0,0,0,0
org.odpi.openmetadata.frameworks.openmetadata.types,org.odpi.openmetadata.frameworks.openmetadata.properties.projects,0,0,0,0,0,0,0,0,0,12,0,0,0,0
org.odpi.openmetadata.frameworks.openmetadata.types,org.odpi.openmetadata.frameworks.openmetadata.properties.resources,2,0,0,0,0,0,0,0,0,2,0,0,0,0
org.odpi.openmetadata.frameworks.openmetadata.types,org.odpi.openmetadata.frameworks.openmetadata.properties.propertyfacets,2,0,0,0,0,0,0,0,0,2,0,0,0,0
org.odpi.openmetadata.frameworks.openmetadata.types,org.odpi.openmetadata.frameworks.openmetadata.properties.operatingplatforms,0,0,0,0,0,0,0,0,0,4,0,0,0,0
org.odpi.openmetadata.frameworks.openmetadata.types,org.odpi.openmetadata.frameworks.openmetadata.properties.schema,0,0,0,0,0,0,0,0,0,26,0,0,0,0
org.odpi.openmetadata.frameworks.openmetadata.types,org.odpi.openmetadata.frameworks.openmetadata.properties.security,0,0,0,0,0,0,0,0,0,15,0,0,0,0
org.odpi.openmetadata.frameworks.openmetadata.types,org.odpi.openmetadata.frameworks.openmetadata.properties.schema.apis,0,0,0,0,0,0,0,0,0,8,0,0,0,0
org.odpi.openmetadata.frameworks.openmetadata.types,org.odpi.openmetadata.frameworks.openmetadata.properties.schema.tabular,3,0,0,0,0,0,0,0,0,3,0,0,0,0
org.odpi.openmetadata.frameworks.openmetadata.types,org.odpi.openmetadata.frameworks.openmetadata.properties.schema.events,3,0,0,0,0,0,0,0,0,3,0,0,0,0
org.odpi.openmetadata.frameworks.openmetadata.types,org.odpi.openmetadata.frameworks.openmetadata.properties.schema.databases,3,0,0,0,0,0,0,0,0,3,0,0,0,0
org.odpi.openmetadata.frameworks.openmetadata.types,org.odpi.openmetadata.frameworks.openmetadata.properties.governance,0,0,0,0,0,0,0,0,0,55,0,0,0,0
org.odpi.openmetadata.frameworks.openmetadata.types,org.odpi.openmetadata.frameworks.openmetadata.properties.glossaries,0,0,0,0,0,0,0,0,0,16,0,0,0,0
org.odpi.openmetadata.frameworks.openmetadata.types,org.odpi.openmetadata.frameworks.openmetadata.properties.feedback,0,0,0,0,0,0,0,0,0,14,0,0,0,0
org.odpi.openmetadata.frameworks.openmetadata.types,org.odpi.openmetadata.frameworks.openmetadata.properties.governance.governanceactions,0,0,0,0,0,0,0,0,0,9,0,0,0,0
org.odpi.openmetadata.frameworks.openmetadata.types,org.odpi.openmetadata.frameworks.openmetadata.properties.informationsupplychains,2,0,0,0,0,0,0,0,0,2,0,0,0,0
org.odpi.openmetadata.frameworks.openmetadata.types,org.odpi.openmetadata.frameworks.openmetadata.properties.lineage,0,0,0,0,0,0,0,0,0,8,0,0,0,0
org.odpi.openmetadata.frameworks.openmetadata.types,org.odpi.openmetadata.frameworks.openmetadata.properties.implementations,2,0,0,0,0,0,0,0,0,2,0,0,0,0
org.odpi.openmetadata.frameworks.openmetadata.types,org.odpi.openmetadata.frameworks.openmetadata.properties.locations,0,0,0,0,0,0,0,0,0,8,0,0,0,0
org.odpi.openmetadata.frameworks.openmetadata.types,org.odpi.openmetadata.frameworks.openmetadata.properties.datadictionaries,0,0,0,0,0,0,0,0,0,20,0,0,0,0
org.odpi.openmetadata.frameworks.openmetadata.types,org.odpi.openmetadata.frameworks.openmetadata.properties.contextevents,0,0,0,0,0,0,0,0,0,6,0,0,0,0
org.odpi.openmetadata.frameworks.openmetadata.types,org.odpi.openmetadata.frameworks.openmetadata.properties.dataprocessing,3,0,0,0,0,0,0,0,0,3,0,0,0,0
org.odpi.openmetadata.frameworks.openmetadata.types,org.odpi.openmetadata.frameworks.openmetadata.properties.designmodels,0,0,0,0,0,0,0,0,0,13,0,0,0,0
org.odpi.openmetadata.frameworks.openmetadata.types,org.odpi.openmetadata.frameworks.openmetadata.properties.collections,0,0,0,0,0,0,0,0,0,19,0,0,0,0
org.odpi.openmetadata.frameworks.openmetadata.types,org.odpi.openmetadata.frameworks.openmetadata.properties.assets.topics,2,0,0,0,0,0,0,0,0,2,0,0,0,0
org.odpi.openmetadata.frameworks.openmetadata.types,org.odpi.openmetadata.frameworks.openmetadata.properties.connections,0,0,0,0,0,0,0,0,0,9,0,0,0,0
org.odpi.openmetadata.frameworks.openmetadata.types,org.odpi.openmetadata.frameworks.openmetadata.properties.communities,4,0,0,0,0,0,0,0,0,4,0,0,0,0
org.odpi.openmetadata.frameworks.openmetadata.types,org.odpi.openmetadata.frameworks.openmetadata.properties.digitalbusiness,0,0,0,0,0,0,0,0,0,15,0,0,0,0
org.odpi.openmetadata.frameworks.openmetadata.types,org.odpi.openmetadata.frameworks.openmetadata.properties.externalreferences,0,0,0,0,0,0,0,0,0,9,0,0,0,0
org.odpi.openmetadata.frameworks.openmetadata.types,org.odpi.openmetadata.frameworks.openmetadata.properties.externalidentifiers,2,0,0,0,0,0,0,0,0,2,0,0,0,0
org.odpi.openmetadata.frameworks.openmetadata.types,org.odpi.openmetadata.frameworks.openmetadata.properties.assets.infrastructure,0,0,0,0,0,0,0,0,0,11,0,0,0,0
org.odpi.openmetadata.frameworks.openmetadata.types,org.odpi.openmetadata.frameworks.openmetadata.properties.assets.filesandfolders,0,0,0,0,0,0,0,0,0,35,0,0,0,0
org.odpi.openmetadata.frameworks.openmetadata.types,org.odpi.openmetadata.frameworks.openmetadata.properties.assets.processes,0,0,0,0,0,0,0,0,0,8,0,0,0,0
org.odpi.openmetadata.frameworks.openmetadata.types,org.odpi.openmetadata.frameworks.openmetadata.properties.assets.processes.actions,0,0,0,0,0,0,0,0,0,12,0,0,0,0
org.odpi.openmetadata.frameworks.openmetadata.types,org.odpi.openmetadata.frameworks.openmetadata.properties.assets.metadatarepositories,3,0,0,0,0,0,0,0,0,3,0,0,0,0
org.odpi.openmetadata.frameworks.openmetadata.types,org.odpi.openmetadata.frameworks.openmetadata.properties.assets.databases,0,0,0,0,0,0,0,0,0,4,0,0,0,0
org.odpi.openmetadata.frameworks.openmetadata.types,org.odpi.openmetadata.frameworks.openmetadata.properties.assets.apis,0,0,0,0,0,0,0,0,0,5,0,0,0,0
org.odpi.openmetadata.frameworks.openmetadata.types,org.odpi.openmetadata.frameworks.openmetadata.properties.assets.analytics,2,0,0,0,0,0,0,0,0,2,0,0,0,0
org.odpi.openmetadata.frameworks.openmetadata.types,org.odpi.openmetadata.frameworks.openmetadata.properties.assets.processes.connectors,0,0,0,0,0,0,0,0,0,10,0,0,0,0
org.odpi.openmetadata.frameworks.openmetadata.types,org.odpi.openmetadata.frameworks.openmetadata.properties.assets.reports,0,0,0,0,0,0,0,0,0,12,0,0,0,0
org.odpi.openmetadata.frameworks.openmetadata.types,org.odpi.openmetadata.frameworks.openmetadata.properties.assets.referencedata,3,0,0,0,0,0,0,0,0,3,0,0,0,0
org.odpi.openmetadata.conformance.rest,org.odpi.openmetadata.conformance.beans,7,6,7,0,6,0,0,0,0,7,0,0,0,0
org.odpi.openmetadata.repositoryservices.events.beans,org.odpi.openmetadata.repositoryservices.events.beans.v2,1,0,0,0,0,0,0,0,0,1,0,0,0,0
org.odpi.openmetadata.adapters.repositoryservices.auditlogstore.postgres,org.odpi.openmetadata.adapters.connectors,1,0,0,0,0,0,0,0,0,2,0,0,0,0
org.odpi.openmetadata.adapters.repositoryservices.auditlogstore.postgres,org.odpi.openmetadata.adapters.repositoryservices.auditlogstore.postgres.controls,1,0,0,1,0,0,0,0,0,1,0,0,0,0
org.odpi.openmetadata.adapters.repositoryservices.auditlogstore.postgres,org.odpi.openmetadata.adapters.connectors.resource.jdbc,1,1,1,3,0,0,0,0,0,0,1,0,0,0
org.odpi.openmetadata.adapters.repositoryservices.auditlogstore.postgres,org.odpi.openmetadata.adapters.connectors.resource.jdbc.controls,1,0,0,0,0,0,0,0,0,2,0,0,0,0
org.odpi.openmetadata.adapters.repositoryservices.auditlogstore.postgres,org.odpi.openmetadata.adapters.connectors.resource.jdbc.ddl.postgres,1,1,0,2,0,0,0,0,1,0,0,0,0,0
org.odpi.openmetadata.adapters.repositoryservices.auditlogstore.postgres,org.odpi.openmetadata.adapters.connectors.resource.jdbc.properties,1,0,12,54,0,0,0,0,54,12,0,0,0,0
org.odpi.openmetadata.adapters.repositoryservices.auditlogstore.postgres,org.odpi.openmetadata.adapters.repositoryservices.auditlogstore.postgres.ffdc,1,0,0,0,0,0,0,0,0,4,0,0,0,0
org.odpi.openmetadata.adapters.repositoryservices.auditlogstore.postgres,org.odpi.openmetadata.adapters.repositoryservices.auditlogstore.postgres.schema,2,0,0,1,0,0,0,0,0,229,0,0,0,0
org.odpi.openmetadata.adapters.repositoryservices.auditlogstore.postgres,org.odpi.openmetadata.frameworks.openmetadata.definitions,1,0,0,1,0,0,0,0,1,0,0,0,0,0
org.odpi.openmetadata.adapters.repositoryservices.auditlogstore.postgres,org.odpi.openmetadata.frameworks.connectors.controls,1,0,0,1,0,0,0,0,0,1,0,0,0,0
org.odpi.openmetadata.adapters.repositoryservices.auditlogstore.postgres,org.odpi.openmetadata.repositoryservices.connectors.stores.auditlogstore,3,0,1,3,1,0,0,2,0,8,0,0,0,0
org.odpi.openmetadata.adapters.repositoryservices.auditlogstore.postgres,org.odpi.openmetadata.repositoryservices.ffdc.exception,3,0,0,2,0,8,0,0,2,0,0,0,0,0
org.odpi.openmetadata.adapters.repositoryservices.auditlogstore.postgres,org.odpi.openmetadata.frameworks.openmetadata.ffdc,2,0,0,0,0,6,0,0,0,0,0,0,0,0
org.odpi.openmetadata.adapters.repositoryservices.auditlogstore.postgres,org.odpi.openmetadata.frameworks.connectors.properties.beans,0,0,0,2,0,0,0,0,0,0,0,0,0,0
org.odpi.openmetadata.adapters.repositoryservices.auditlogstore.postgres,org.odpi.openmetadata.frameworks.connectors.ffdc,1,0,0,0,0,2,0,0,0,0,0,0,0,0
org.odpi.openmetadata.adapters.repositoryservices.auditlogstore.postgres,org.odpi.openmetadata.frameworks.connectors,1,1,0,4,0,0,0,0,0,5,0,0,0,0
org.odpi.openmetadata.adapters.repositoryservices.auditlogstore.postgres,org.odpi.openmetadata.frameworks.auditlog,2,0,1,143,0,0,0,0,0,4,0,0,0,0
org.odpi.openmetadata.adapters.repositoryservices.auditlogstore.postgres,org.odpi.openmetadata.frameworks.openmetadata.refdata,1,0,0,0,0,0,0,0,0,2,0,0,0,0
org.odpi.openmetadata.adapters.repositoryservices.auditlogstore.postgres,org.odpi.openmetadata.metadataobservability.ffdc,1,0,0,0,0,0,0,0,0,20,0,0,0,0
org.odpi.openmetadata.engineservices.surveyaction.admin,org.odpi.openmetadata.engineservices.surveyaction.ffdc,2,0,0,0,0,0,0,0,0,10,0,0,0,0
org.odpi.openmetadata.engineservices.surveyaction.admin,org.odpi.openmetadata.engineservices.surveyaction.server,1,1,0,1,0,0,0,0,1,1,0,0,0,0
org.odpi.openmetadata.engineservices.surveyaction.admin,org.odpi.openmetadata.frameworks.auditlog,1,0,1,4,0,0,0,0,0,1,0,0,0,0
org.odpi.openmetadata.engineservices.surveyaction.admin,org.odpi.openmetadata.commonservices.multitenant,0,0,0,1,0,0,0,0,0,0,0,0,0,0
org.odpi.openmetadata.engineservices.surveyaction.admin,org.odpi.openmetadata.governanceservers.enginehostservices.admin,1,0,0,1,0,0,0,1,0,6,0,0,0,0
org.odpi.openmetadata.engineservices.surveyaction.admin,org.odpi.openmetadata.governanceservers.enginehostservices.registration,1,0,1,0,0,0,0,0,0,0,0,0,0,0
org.odpi.openmetadata.engineservices.surveyaction.admin,org.odpi.openmetadata.adminservices.configuration.registration,1,0,0,0,0,0,0,0,0,2,0,0,0,0
org.odpi.openmetadata.engineservices.surveyaction.admin,org.odpi.openmetadata.adminservices.ffdc.exception,1,0,0,1,0,1,0,0,1,0,0,0,0,0
org.odpi.openmetadata.adapters.connectors.datastore.csvfile.controls,org.odpi.openmetadata.frameworks.openmetadata.definitions,1,0,0,0,1,0,0,0,0,0,0,0,0,0
org.odpi.openmetadata.adapters.connectors.datastore.csvfile.controls,org.odpi.openmetadata.frameworks.openmetadata.controls,2,0,0,0,0,0,0,0,0,22,0,0,0,0
org.odpi.openmetadata.adapters.connectors.datastore.csvfile.controls,org.odpi.openmetadata.frameworks.openmetadata.refdata,1,1,1,0,0,0,0,0,0,17,0,0,0,0
org.odpi.openmetadata.adapters.connectors.datastore.csvfile.controls,org.odpi.openmetadata.frameworks.openmetadata.specificationproperties,3,1,4,7,1,0,0,0,1,4,0,0,0,0
org.odpi.openmetadata.accessservices.assetowner.fvt.validmetadatavalues,org.odpi.openmetadata.fvt.utilities.exceptions,1,0,0,7,0,2,0,0,7,0,0,0,0,0
org.odpi.openmetadata.accessservices.assetowner.fvt.validmetadatavalues,org.odpi.openmetadata.fvt.utilities.auditlog,1,0,1,0,0,0,0,0,0,0,0,0,0,0
org.odpi.openmetadata.accessservices.assetowner.fvt.validmetadatavalues,org.odpi.openmetadata.fvt.utilities,1,1,0,5,1,0,0,0,1,0,0,0,0,0
org.odpi.openmetadata.accessservices.assetowner.fvt.validmetadatavalues,org.odpi.openmetadata.frameworks.openmetadata.properties,2,2,1,14,0,0,0,0,1,1,0,0,0,0
org.odpi.openmetadata.adapters.repositoryservices.postgres.repositoryconnector.mappers,org.odpi.openmetadata.repositoryservices.connectors.stores.metadatacollectionstore.properties.instances,5,13,8,99,9,0,0,0,5,13,0,0,0,0
org.odpi.openmetadata.adapters.repositoryservices.postgres.repositoryconnector.mappers,org.odpi.openmetadata.repositoryservices.connectors.stores.metadatacollectionstore.properties.typedefs,0,2,0,1,0,0,0,0,0,1,0,0,0,0
org.odpi.openmetadata.adapters.repositoryservices.postgres.repositoryconnector.mappers,org.odpi.openmetadata.repositoryservices.ffdc.exception,6,0,0,21,0,26,0,0,21,0,0,0,0,0
org.odpi.openmetadata.adapters.repositoryservices.postgres.repositoryconnector.mappers,org.odpi.openmetadata.repositoryservices.connectors.stores.metadatacollectionstore.repositoryconnector,4,1,8,3,0,0,0,0,0,1,0,0,0,0
org.odpi.openmetadata.adapters.repositoryservices.postgres.repositoryconnector.mappers,org.odpi.openmetadata.adapters.repositoryservices.postgres.repositoryconnector.schema,5,0,0,0,0,0,0,0,0,92,0,0,0,0
org.odpi.openmetadata.adapters.repositoryservices.postgres.repositoryconnector.mappers,org.odpi.openmetadata.adapters.connectors.resource.jdbc.properties,6,0,17,0,0,0,0,0,0,17,0,0,0,0
org.odpi.openmetadata.adapters.repositoryservices.postgres.repositoryconnector.mappers,org.odpi.openmetadata.adapters.connectors.resource.jdbc.mappers,2,0,0,42,0,0,0,2,0,30,0,0,0,0
org.odpi.openmetadata.adapters.repositoryservices.postgres.repositoryconnector.mappers,org.odpi.openmetadata.adapters.repositoryservices.postgres.repositoryconnector.ffdc,4,0,0,0,0,0,0,0,0,42,0,0,0,0
org.odpi.openmetadata.adapters.eventbus.topic.kafka,org.odpi.openmetadata.repositoryservices.connectors.openmetadatatopic,6,0,3,7,0,0,0,3,0,34,0,0,0,0
org.odpi.openmetadata.adapters.eventbus.topic.kafka,org.odpi.openmetadata.frameworks.openmetadata.ffdc,1,0,0,0,0,1,0,0,0,0,0,0,0,0
org.odpi.openmetadata.adapters.eventbus.topic.kafka,org.odpi.openmetadata.frameworks.connectors.ffdc,2,0,0,4,0,4,0,0,4,0,0,0,0,0
org.odpi.openmetadata.adapters.eventbus.topic.kafka,org.odpi.openmetadata.frameworks.connectors.properties.beans,1,1,0,3,0,0,0,0,0,0,0,0,0,0
org.odpi.openmetadata.adapters.eventbus.topic.kafka,org.odpi.openmetadata.frameworks.auditlog,5,5,5,22,0,0,0,0,0,44,0,0,0,0
org.odpi.openmetadata.adapters.eventbus.topic.kafka,org.odpi.openmetadata.frameworks.connectors,0,0,0,0,0,0,0,0,0,2,0,0,0,0
org.odpi.openmetadata.adapters.eventbus.topic.kafka,org.odpi.openmetadata.frameworks.openmetadata.definitions,1,0,0,1,0,0,0,0,1,0,0,0,0,0
org.odpi.openmetadata.adapters.eventbus.topic.kafka,org.odpi.openmetadata.frameworks.connectors.controls,1,0,0,1,0,0,0,0,0,1,0,0,0,0
org.odpi.openmetadata.adapters.eventbus.topic.kafka,org.odpi.openmetadata.adapters.connectors,1,0,0,0,0,0,0,0,0,2,0,0,0,0
org.odpi.openmetadata.adapters.eventbus.topic.kafka,org.odpi.openmetadata.frameworks.auditlog.messagesets,4,2,0,6,4,0,0,0,4,0,0,0,0,0
org.odpi.openmetadata.adapters.eventbus.topic.kafka,org.odpi.openmetadata.frameworks.openmetadata.refdata,1,0,0,0,0,0,0,0,0,2,0,0,0,0
org.odpi.openmetadata.contentpacks.core.postgres,org.odpi.openmetadata.samples.archiveutilities,0,0,0,6,0,0,0,0,0,5,0,0,0,0
org.odpi.openmetadata.contentpacks.core.postgres,org.odpi.openmetadata.contentpacks.core,4,0,0,0,0,0,0,0,0,60,0,0,0,0
org.odpi.openmetadata.contentpacks.core.postgres,org.odpi.openmetadata.adapters.connectors.apachekafka.survey.controls,1,0,0,0,0,0,0,0,0,0,0,0,0,0
org.odpi.openmetadata.contentpacks.core.postgres,org.odpi.openmetadata.contentpacks.core.core,1,0,0,1,0,0,0,0,1,0,0,0,0,0
org.odpi.openmetadata.contentpacks.core.postgres,org.odpi.openmetadata.contentpacks.core.base,1,0,0,20,0,0,0,1,0,5,0,0,0,0
org.odpi.openmetadata.contentpacks.core.postgres,org.odpi.openmetadata.adapters.connectors.postgres.tabulardatasource,2,0,0,2,0,0,0,0,2,0,0,0,0,0
org.odpi.openmetadata.contentpacks.core.postgres,org.odpi.openmetadata.adapters.connectors.postgres.controls,1,0,0,0,0,0,0,0,0,6,0,0,0,0
org.odpi.openmetadata.contentpacks.core.postgres,org.odpi.openmetadata.adapters.connectors.postgres.catalog,1,0,0,1,0,0,0,0,1,0,0,0,0,0
org.odpi.openmetadata.contentpacks.core.postgres,org.odpi.openmetadata.repositoryservices.connectors.stores.archivestore.properties,1,0,0,1,0,0,0,0,1,0,0,0,0,0
org.odpi.openmetadata.contentpacks.core.postgres,org.odpi.openmetadata.adapters.connectors.controls,1,1,0,0,0,0,0,0,0,17,0,0,0,0
org.odpi.openmetadata.adapters.connectors.apachekafka.survey.controls,org.odpi.openmetadata.frameworks.openmetadata.types,1,0,0,0,0,0,0,0,0,4,0,0,0,0
org.odpi.openmetadata.adapters.connectors.apachekafka.survey.controls,org.odpi.openmetadata.frameworks.openmetadata.specificationproperties,1,1,1,7,1,0,0,0,1,1,0,0,0,0
org.odpi.openmetadata.adapters.connectors.apachekafka.survey.controls,org.odpi.openmetadata.frameworks.opensurvey.controls,2,1,1,2,0,0,0,0,0,5,0,0,0,0
org.odpi.openmetadata.viewservices.datadiscovery.server.spring,org.odpi.openmetadata.commonservices.ffdc.rest,0,0,25,0,25,0,0,0,0,0,0,0,0,0
org.odpi.openmetadata.viewservices.datadiscovery.server.spring,org.odpi.openmetadata.viewservices.datadiscovery.server,1,1,0,26,0,0,0,0,1,0,0,0,0,0
org.odpi.openmetadata.adapters.connectors.integration.openlineage.ffdc,org.odpi.openmetadata.frameworks.auditlog.messagesets,4,2,0,6,4,0,0,0,4,0,0,0,0,0
org.odpi.openmetadata.adapters.connectors.integration.openlineage.ffdc,org.odpi.openmetadata.frameworks.auditlog,1,1,1,0,0,0,0,0,0,13,0,0,0,0
org.odpi.openmetadata.adapters.eventbus.topic.inmemory,org.odpi.openmetadata.adapters.connectors,1,0,0,0,0,0,0,0,0,2,0,0,0,0
org.odpi.openmetadata.adapters.eventbus.topic.inmemory,org.odpi.openmetadata.repositoryservices.connectors.openmetadatatopic,2,0,0,4,0,0,0,2,0,2,0,0,0,0
org.odpi.openmetadata.adapters.eventbus.topic.inmemory,org.odpi.openmetadata.frameworks.openmetadata.ffdc,1,0,0,0,0,1,0,0,0,0,0,0,0,0
org.odpi.openmetadata.adapters.eventbus.topic.inmemory,org.odpi.openmetadata.frameworks.connectors.ffdc,1,0,0,0,0,2,0,0,0,0,0,0,0,0
org.odpi.openmetadata.adapters.repositoryservices.archiveconnector.file.ffdc,org.odpi.openmetadata.frameworks.auditlog.messagesets,4,2,0,6,4,0,0,0,4,0,0,0,0,0
org.odpi.openmetadata.adapters.repositoryservices.archiveconnector.file.ffdc,org.odpi.openmetadata.frameworks.auditlog,1,1,1,0,0,0,0,0,0,5,0,0,0,0
org.odpi.openmetadata.accessservices.samples.assetsetup,org.odpi.openmetadata.adminservices.configuration.registration,1,0,0,0,0,0,0,0,0,1,0,0,0,0
org.odpi.openmetadata.accessservices.samples.assetsetup,org.odpi.openmetadata.http,1,0,0,1,0,0,0,0,0,1,0,0,0,0
org.odpi.openmetadata.accessservices.samples.assetsetup,org.odpi.openmetadata.platformservices.client,1,1,0,2,0,0,0,0,1,0,0,0,0,0
org.odpi.openmetadata.accessservices.samples.assetsetup,org.odpi.openmetadata.frameworks.openmetadata.search,1,1,0,3,0,0,0,0,1,0,0,0,0,0
org.odpi.openmetadata.accessservices.samples.assetsetup,org.odpi.openmetadata.frameworks.openmetadata.properties.actors,1,1,0,1,0,0,0,0,1,0,0,0,0,0
org.odpi.openmetadata.accessservices.samples.assetsetup,org.odpi.openmetadata.frameworks.openmetadata.properties,0,0,0,3,0,0,0,0,0,0,0,0,0,0
org.odpi.openmetadata.accessservices.samples.assetsetup,org.odpi.openmetadata.frameworks.openmetadata.handlers,1,1,0,2,0,0,0,0,1,1,0,0,0,0
org.odpi.openmetadata.accessservices.samples.assetsetup,org.odpi.openmetadata.frameworks.openmetadata.ffdc,3,0,0,0,0,3,0,0,0,0,0,0,0,0
org.odpi.openmetadata.accessservices.samples.assetsetup,org.odpi.openmetadata.frameworks.openmetadata.client,1,1,0,0,0,0,0,0,0,0,0,0,0,0
org.odpi.openmetadata.frameworks.integration.properties,org.odpi.openmetadata.frameworks.connectors,1,1,1,2,1,0,0,0,0,1,0,0,0,0
org.odpi.openmetadata.frameworks.integration.properties,org.odpi.openmetadata.frameworks.opengovernance.properties,1,0,0,5,0,0,0,1,0,3,0,0,0,0
org.odpi.openmetadata.frameworks.integration.properties,org.odpi.openmetadata.frameworks.connectors.properties.beans,2,2,0,2,0,0,0,0,0,0,0,0,0,0
org.odpi.openmetadata.frameworks.integration.properties,org.odpi.openmetadata.frameworks.connectors.ffdc,1,0,0,0,0,1,0,0,0,0,0,0,0,0
org.odpi.openmetadata.frameworks.integration.properties,org.odpi.openmetadata.frameworks.integration.context,1,1,1,0,1,0,0,0,0,1,0,0,0,0
org.odpi.openmetadata.frameworks.integration.properties,org.odpi.openmetadata.frameworks.openmetadata.ffdc,1,0,0,0,0,1,0,0,0,0,0,0,0,0
org.odpi.openmetadata.frameworks.integration.properties,org.odpi.openmetadata.frameworks.openmetadata.properties.assets.processes.connectors,1,0,0,0,0,0,0,0,0,0,0,0,0,0
org.odpi.openmetadata.accessservices.datamanager.fvt.clientconstructors,org.odpi.openmetadata.fvt.utilities,1,1,0,5,1,0,0,0,1,0,0,0,0,0
org.odpi.openmetadata.accessservices.datamanager.fvt.clientconstructors,org.odpi.openmetadata.fvt.utilities.auditlog,1,0,1,0,0,0,0,0,0,0,0,0,0,0
org.odpi.openmetadata.accessservices.datamanager.fvt.clientconstructors,org.odpi.openmetadata.adminservices.configuration.registration,1,0,0,0,0,0,0,0,0,5,0,0,0,0
org.odpi.openmetadata.accessservices.datamanager.fvt.clientconstructors,org.odpi.openmetadata.frameworks.openmetadata.ffdc,1,0,0,0,0,5,0,0,0,0,0,0,0,0
org.odpi.openmetadata.accessservices.datamanager.fvt.clientconstructors,org.odpi.openmetadata.frameworks.auditlog,1,1,4,1,0,0,0,0,1,0,0,0,0,0
org.odpi.openmetadata.frameworks.integration.contextmanager,org.odpi.openmetadata.frameworks.openmetadata.search,1,0,0,0,0,0,0,0,0,2,0,0,0,0
org.odpi.openmetadata.frameworks.integration.contextmanager,org.odpi.openmetadata.frameworks.integration.connectors,1,0,1,2,0,0,0,0,0,0,0,0,0,0
org.odpi.openmetadata.frameworks.integration.contextmanager,org.odpi.openmetadata.frameworks.integration.context,1,1,0,1,1,0,0,0,1,1,0,0,0,0
org.odpi.openmetadata.frameworks.integration.contextmanager,org.odpi.openmetadata.frameworks.integration.openlineage,3,2,4,1,0,0,1,0,0,2,0,0,0,0
org.odpi.openmetadata.frameworks.integration.contextmanager,org.odpi.openmetadata.frameworks.integration.ffdc,1,0,0,0,0,0,0,0,0,8,0,0,0,0
org.odpi.openmetadata.frameworks.integration.contextmanager,org.odpi.openmetadata.frameworks.openmetadata.client,1,1,0,0,0,0,0,0,0,0,0,0,0,0
org.odpi.openmetadata.frameworks.integration.contextmanager,org.odpi.openmetadata.frameworks.opengovernance.client,2,2,0,0,0,0,0,0,0,0,0,0,0,0
org.odpi.openmetadata.frameworks.integration.contextmanager,org.odpi.openmetadata.frameworks.connectors.client,1,1,0,0,0,0,0,0,0,0,0,0,0,0
org.odpi.openmetadata.frameworks.integration.contextmanager,org.odpi.openmetadata.frameworks.auditlog,1,1,1,4,0,0,0,0,0,1,0,0,0,0
org.odpi.openmetadata.frameworks.integration.contextmanager,org.odpi.openmetadata.frameworks.openmetadata.handlers,1,1,0,1,0,0,0,0,0,0,0,0,0,0
org.odpi.openmetadata.frameworks.integration.contextmanager,org.odpi.openmetadata.frameworks.openmetadata.enums,2,0,2,0,0,0,0,0,0,0,0,0,0,0
org.odpi.openmetadata.frameworks.integration.contextmanager,org.odpi.openmetadata.frameworks.openmetadata.events,1,0,0,0,1,0,0,0,0,0,0,0,0,0
org.odpi.openmetadata.frameworks.integration.contextmanager,org.odpi.openmetadata.frameworks.openmetadata.ffdc,3,0,0,0,0,8,0,0,0,0,0,0,0,0
org.odpi.openmetadata.viewservices.securityofficer.server,org.odpi.openmetadata.tokencontroller,1,0,0,8,0,0,0,1,0,8,0,0,0,0
org.odpi.openmetadata.viewservices.securityofficer.server,org.odpi.openmetadata.commonservices.multitenant,2,0,0,22,0,0,0,2,0,0,0,0,0,0
org.odpi.openmetadata.viewservices.securityofficer.server,org.odpi.openmetadata.commonservices.ffdc.rest,0,8,4,14,8,0,0,0,8,0,0,0,0,0
org.odpi.openmetadata.viewservices.securityofficer.server,org.odpi.openmetadata.commonservices.ffdc,3,10,0,37,0,0,0,0,2,0,0,0,0,0
org.odpi.openmetadata.viewservices.securityofficer.server,org.odpi.openmetadata.adapters.connectors.egeriainfrastructure.platform,1,0,0,0,0,0,0,0,0,0,6,0,0,0
org.odpi.openmetadata.viewservices.securityofficer.server,org.odpi.openmetadata.frameworkservices.omf.client,1,0,0,1,0,0,0,0,1,0,0,0,0,0
org.odpi.openmetadata.viewservices.securityofficer.server,org.odpi.openmetadata.frameworks.connectors,1,6,0,0,0,0,0,0,0,0,0,0,0,0
org.odpi.openmetadata.viewservices.securityofficer.server,org.odpi.openmetadata.frameworks.connectors.client,3,7,0,6,2,0,0,0,0,0,0,0,0,0
org.odpi.openmetadata.viewservices.securityofficer.server,org.odpi.openmetadata.frameworks.auditlog,2,8,1,0,0,0,0,0,0,8,0,0,0,0
org.odpi.openmetadata.viewservices.securityofficer.server,org.odpi.openmetadata.frameworks.openmetadata.properties.assets,1,0,0,0,0,0,0,0,0,6,6,0,0,0
org.odpi.openmetadata.viewservices.securityofficer.server,org.odpi.openmetadata.frameworkservices.ocf.metadatamanagement.client,1,0,0,1,0,0,0,0,1,1,0,0,0,0
org.odpi.openmetadata.viewservices.securityofficer.server,org.odpi.openmetadata.frameworks.openmetadata.types,1,0,0,0,0,0,0,0,0,2,0,0,0,0
org.odpi.openmetadata.viewservices.securityofficer.server,org.odpi.openmetadata.frameworks.openmetadata.handlers,6,10,0,12,4,0,0,0,2,2,0,0,0,0
org.odpi.openmetadata.viewservices.securityofficer.server,org.odpi.openmetadata.frameworks.openmetadata.metadataelements,1,6,0,6,0,0,0,0,0,0,0,0,0,0
org.odpi.openmetadata.viewservices.securityofficer.server,org.odpi.openmetadata.frameworks.openmetadata.ffdc,4,0,0,0,0,10,0,0,0,0,0,0,0,0
org.odpi.openmetadata.viewservices.securityofficer.server,org.odpi.openmetadata.adminservices.configuration.registration,5,3,0,4,0,0,0,0,1,8,0,0,0,0
org.odpi.openmetadata.viewservices.securityofficer.server,org.odpi.openmetadata.frameworks.openmetadata.properties.security,1,0,0,0,0,0,0,0,0,1,1,0,0,0
org.odpi.openmetadata.viewservices.securityofficer.server,org.odpi.openmetadata.frameworks.openmetadata.client,1,1,0,0,0,0,0,0,0,0,0,0,0,0
org.odpi.openmetadata.viewservices.securityofficer.server,org.odpi.openmetadata.adminservices.registration,1,0,0,1,0,0,0,0,0,1,0,0,0,0
org.odpi.openmetadata.viewservices.securityofficer.server,org.odpi.openmetadata.viewservices.securityofficer.admin,1,0,0,0,0,0,0,0,0,1,0,0,0,0
org.odpi.openmetadata.samples.archiveutilities.types,org.odpi.openmetadata.repositoryservices.archiveutilities,3,2,0,30,0,0,0,1,2,4,0,0,0,0
org.odpi.openmetadata.samples.archiveutilities.types,org.odpi.openmetadata.opentypes,1,0,0,2,0,0,0,0,1,0,0,0,0,0
org.odpi.openmetadata.samples.archiveutilities.types,org.odpi.openmetadata.repositoryservices.connectors.stores.archivestore.properties,2,1,1,0,1,0,0,0,0,3,0,0,0,0
org.odpi.openmetadata.samples.archiveutilities.types,org.odpi.openmetadata.repositoryservices.connectors.stores.metadatacollectionstore.properties.typedefs,10,12,5,7,4,0,0,0,0,24,0,0,0,0
org.odpi.openmetadata.utilities.serverops,org.odpi.openmetadata.http,1,0,0,1,0,0,0,0,0,1,0,0,0,0
org.odpi.openmetadata.utilities.serverops,org.odpi.openmetadata.serveroperations.properties,1,1,0,3,0,0,0,0,0,0,0,0,0,0
org.odpi.openmetadata.utilities.serverops,org.odpi.openmetadata.governanceservers.integrationdaemonservices.properties,2,2,1,12,0,0,0,0,0,1,0,0,0,0
org.odpi.openmetadata.utilities.serverops,org.odpi.openmetadata.governanceservers.integrationdaemonservices.client,1,1,0,2,0,0,0,0,1,0,0,0,0,0
org.odpi.openmetadata.utilities.serverops,org.odpi.openmetadata.platformservices.client,1,4,0,8,0,0,0,0,4,0,0,0,0,0
org.odpi.openmetadata.utilities.serverops,org.odpi.openmetadata.adminservices.configuration.registration,1,0,0,0,0,0,0,0,0,2,0,0,0,0
org.odpi.openmetadata.utilities.serverops,org.odpi.openmetadata.adminservices.configuration.properties,1,1,1,1,0,0,0,0,0,1,0,0,0,0
org.odpi.openmetadata.utilities.serverops,org.odpi.openmetadata.adminservices.client,1,1,0,2,0,0,0,0,1,0,0,0,0,0
org.odpi.openmetadata.repositoryservices.events.beans.v2,org.odpi.openmetadata.frameworks.connectors.properties.beans,2,2,2,0,2,0,0,0,0,2,0,0,0,0
org.odpi.openmetadata.repositoryservices.events.beans.v2,org.odpi.openmetadata.repositoryservices.events,7,6,6,0,6,0,0,0,0,8,0,0,0,0
org.odpi.openmetadata.repositoryservices.events.beans.v2,org.odpi.openmetadata.repositoryservices.connectors.stores.metadatacollectionstore.properties.instances,6,9,9,0,9,0,0,0,0,9,0,0,0,0
org.odpi.openmetadata.repositoryservices.events.beans.v2,org.odpi.openmetadata.repositoryservices.connectors.stores.metadatacollectionstore.properties.typedefs,8,11,11,0,11,0,0,0,0,11,0,0,0,0
org.odpi.openmetadata.repositoryservices.events.beans.v2,org.odpi.openmetadata.repositoryservices.events.beans,1,0,0,2,0,0,0,1,0,1,0,0,0,0
org.odpi.openmetadata.frameworks.connectors.controls,org.odpi.openmetadata.frameworks.openmetadata.specificationproperties,2,2,3,13,2,0,0,0,2,3,0,0,0,0
org.odpi.openmetadata.frameworks.connectors.controls,org.odpi.openmetadata.frameworks.openmetadata.definitions,1,1,2,3,0,0,0,0,0,0,0,0,0,0
org.odpi.openmetadata.frameworks.connectors.controls,org.odpi.openmetadata.frameworks.openmetadata.types,2,0,0,0,0,0,0,0,0,14,0,0,0,0
org.odpi.openmetadata.adapters.repositoryservices.auditlogstore.postgres.controls,org.odpi.openmetadata.adapters.connectors.resource.jdbc.controls,1,0,0,2,0,0,0,0,0,2,0,0,0,0
org.odpi.openmetadata.adapters.repositoryservices.auditlogstore.postgres.controls,org.odpi.openmetadata.frameworks.openmetadata.specificationproperties,1,1,1,5,1,0,0,0,1,1,0,0,0,0
org.odpi.openmetadata.adapters.repositoryservices.auditlogstore.postgres.controls,org.odpi.openmetadata.frameworks.openmetadata.types,1,0,0,0,0,0,0,0,0,2,0,0,0,0
org.odpi.openmetadata.repositoryservices.metadatahighway.cohortregistry,org.odpi.openmetadata.repositoryservices.connectors.stores.cohortregistrystore.properties,1,7,6,57,1,0,0,0,3,3,0,0,0,0
org.odpi.openmetadata.repositoryservices.metadatahighway.cohortregistry,org.odpi.openmetadata.repositoryservices.connectors.stores.cohortregistrystore,1,1,1,15,0,0,0,0,0,1,0,0,0,0
org.odpi.openmetadata.repositoryservices.metadatahighway.cohortregistry,org.odpi.openmetadata.repositoryservices.ffdc.exception,3,0,0,4,0,0,0,0,4,0,0,0,0,0
org.odpi.openmetadata.repositoryservices.metadatahighway.cohortregistry,org.odpi.openmetadata.repositoryservices.ffdc,2,0,0,0,0,0,0,0,0,40,0,0,0,0
org.odpi.openmetadata.repositoryservices.metadatahighway.cohortregistry,org.odpi.openmetadata.repositoryservices.events,1,1,1,7,0,0,0,1,0,1,0,0,0,0
org.odpi.openmetadata.repositoryservices.metadatahighway.cohortregistry,org.odpi.openmetadata.repositoryservices.enterprise.connectormanager,1,1,1,3,0,0,0,0,0,1,0,0,0,0
org.odpi.openmetadata.repositoryservices.metadatahighway.cohortregistry,org.odpi.openmetadata.repositoryservices.localrepository,1,1,1,4,0,0,0,0,0,1,0,0,0,0
org.odpi.openmetadata.repositoryservices.metadatahighway.cohortregistry,org.odpi.openmetadata.frameworks.connectors.properties.beans,1,1,5,4,0,0,0,0,0,1,0,0,0,0
org.odpi.openmetadata.repositoryservices.metadatahighway.cohortregistry,org.odpi.openmetadata.frameworks.auditlog,1,1,1,16,0,0,0,0,0,1,0,0,0,0
org.odpi.openmetadata.repositoryservices.metadatahighway.cohortregistry,org.odpi.openmetadata.frameworks.openmetadata.ffdc,1,0,0,0,0,0,0,0,0,0,0,0,0,0
org.odpi.openmetadata.frameworkservices.omf.outtopic,org.odpi.openmetadata.repositoryservices.connectors.stores.metadatacollectionstore.properties.instances,3,0,9,16,0,0,0,0,0,0,0,0,0,0
org.odpi.openmetadata.frameworkservices.omf.outtopic,org.odpi.openmetadata.repositoryservices.connectors.openmetadatatopic,0,0,0,1,0,0,0,0,0,0,0,0,0,0
org.odpi.openmetadata.frameworkservices.omf.outtopic,org.odpi.openmetadata.repositoryservices.connectors.stores.metadatacollectionstore.repositoryconnector,1,0,1,0,0,0,0,0,0,0,0,0,0,0
org.odpi.openmetadata.frameworkservices.omf.outtopic,org.odpi.openmetadata.frameworks.auditlog,1,1,1,5,0,0,0,0,0,1,0,0,0,0
org.odpi.openmetadata.frameworkservices.omf.outtopic,org.odpi.openmetadata.frameworks.openmetadata.events,2,2,3,26,0,0,0,0,2,0,0,0,0,0
org.odpi.openmetadata.frameworkservices.omf.outtopic,org.odpi.openmetadata.frameworks.openmetadata.metadataelements,1,0,1,0,0,0,0,0,0,7,0,0,0,0
org.odpi.openmetadata.frameworkservices.omf.outtopic,org.odpi.openmetadata.frameworkservices.omf.ffdc,1,0,0,0,0,0,0,0,0,10,0,0,0,0
org.odpi.openmetadata.frameworkservices.omf.outtopic,org.odpi.openmetadata.frameworkservices.omf.connectors.outtopic,1,1,1,2,0,0,0,0,0,1,0,0,0,0
org.odpi.openmetadata.frameworkservices.omf.outtopic,org.odpi.openmetadata.frameworkservices.omf.converters,1,1,0,15,0,0,0,0,1,1,0,0,0,0
org.odpi.openmetadata.platformservices.rest,org.odpi.openmetadata.commonservices.ffdc.rest,1,0,0,10,0,0,0,1,0,2,0,0,0,0
org.odpi.openmetadata.repositoryservices.ffdc,org.odpi.openmetadata.frameworks.auditlog,1,1,1,0,0,0,0,0,0,293,0,0,0,0
org.odpi.openmetadata.repositoryservices.ffdc,org.odpi.openmetadata.frameworks.auditlog.messagesets,4,2,0,6,4,0,0,0,4,0,0,0,0,0
org.odpi.openmetadata.accessservices.assetmanager.fvt.connections,org.odpi.openmetadata.frameworks.openmetadata.properties,0,0,0,36,0,0,0,0,0,0,0,0,0,0
org.odpi.openmetadata.accessservices.assetmanager.fvt.connections,org.odpi.openmetadata.frameworks.openmetadata.metadataelements,1,4,0,8,0,0,0,0,0,0,0,0,0,0
org.odpi.openmetadata.accessservices.assetmanager.fvt.connections,org.odpi.openmetadata.frameworks.openmetadata.properties.connections,3,7,0,6,0,0,0,0,4,0,0,0,0,0
org.odpi.openmetadata.accessservices.assetmanager.fvt.connections,org.odpi.openmetadata.fvt.utilities.exceptions,1,0,0,79,0,12,0,0,79,0,0,0,0,0
org.odpi.openmetadata.accessservices.assetmanager.fvt.connections,org.odpi.openmetadata.fvt.utilities.auditlog,1,0,1,0,0,0,0,0,0,0,0,0,0,0
org.odpi.openmetadata.accessservices.assetmanager.fvt.connections,org.odpi.openmetadata.fvt.utilities,1,1,0,5,1,0,0,0,1,0,0,0,0,0
org.odpi.openmetadata.accessservices.assetmanager.fvt.connections,org.odpi.openmetadata.frameworks.auditlog,1,1,2,1,0,0,0,0,1,0,0,0,0,0
org.odpi.openmetadata.accessservices.assetmanager.fvt.connections,org.odpi.openmetadata.frameworks.openmetadata.ffdc,1,0,0,0,0,0,0,0,0,0,0,0,0,0
org.odpi.openmetadata.accessservices.assetmanager.fvt.connections,org.odpi.openmetadata.adminservices.configuration.registration,1,0,0,0,0,0,0,0,0,5,0,0,0,0
org.odpi.openmetadata.adapters.connectors.apachekafka.resource.ffdc,org.odpi.openmetadata.frameworks.auditlog.messagesets,4,2,0,6,4,0,0,0,4,0,0,0,0,0
org.odpi.openmetadata.adapters.connectors.apachekafka.resource.ffdc,org.odpi.openmetadata.frameworks.auditlog,1,1,1,0,0,0,0,0,0,3,0,0,0,0
org.odpi.openmetadata.adapters.connectors.unitycatalog.provision,org.odpi.openmetadata.frameworks.openmetadata.specificationproperties,3,4,2,15,2,0,0,0,3,2,0,0,0,0
org.odpi.openmetadata.adapters.connectors.unitycatalog.provision,org.odpi.openmetadata.frameworks.openmetadata.search,4,4,0,24,0,0,0,0,4,0,0,0,0,0
org.odpi.openmetadata.adapters.connectors.unitycatalog.provision,org.odpi.openmetadata.frameworks.openmetadata.types,3,0,0,0,0,0,0,0,0,26,0,0,0,0
org.odpi.openmetadata.adapters.connectors.unitycatalog.provision,org.odpi.openmetadata.frameworks.openmetadata.refdata,2,2,1,0,1,0,0,0,0,11,0,0,0,0
org.odpi.openmetadata.adapters.connectors.unitycatalog.provision,org.odpi.openmetadata.adapters.connectors,1,0,0,0,0,0,0,0,0,2,0,0,0,0
org.odpi.openmetadata.adapters.connectors.unitycatalog.provision,org.odpi.openmetadata.adapters.connectors.controls,2,0,0,0,0,0,0,0,0,54,0,0,0,0
org.odpi.openmetadata.adapters.connectors.unitycatalog.provision,org.odpi.openmetadata.frameworks.connectors.controls,1,0,0,1,0,0,0,0,0,1,0,0,0,0
org.odpi.openmetadata.adapters.connectors.unitycatalog.provision,org.odpi.openmetadata.frameworks.opengovernance,2,0,0,16,0,0,0,2,0,41,0,0,0,0
org.odpi.openmetadata.adapters.connectors.unitycatalog.provision,org.odpi.openmetadata.frameworks.opengovernance.controls,2,0,0,0,0,0,0,0,0,4,0,0,0,0
org.odpi.openmetadata.adapters.connectors.unitycatalog.provision,org.odpi.openmetadata.frameworks.openmetadata.definitions,1,0,0,1,0,0,0,0,1,0,0,0,0,0
org.odpi.openmetadata.adapters.connectors.unitycatalog.provision,org.odpi.openmetadata.frameworks.connectors.ffdc,1,0,0,2,0,2,0,0,2,0,0,0,0,0
org.odpi.openmetadata.adapters.connectors.unitycatalog.provision,org.odpi.openmetadata.frameworks.auditlog,0,0,0,1,0,0,0,0,0,0,0,0,0,0
org.odpi.openmetadata.adapters.connectors.unitycatalog.provision,org.odpi.openmetadata.frameworks.auditlog.messagesets,1,1,0,0,0,0,0,0,0,0,0,0,0,0
org.odpi.openmetadata.adapters.connectors.unitycatalog.provision,org.odpi.openmetadata.frameworks.openmetadata.ffdc,3,0,0,0,0,25,0,0,0,0,0,0,0,0
org.odpi.openmetadata.adapters.connectors.unitycatalog.provision,org.odpi.openmetadata.frameworks.openmetadata.enums,1,0,0,1,0,0,0,0,0,3,0,0,0,0
org.odpi.openmetadata.adapters.connectors.unitycatalog.provision,org.odpi.openmetadata.frameworks.openmetadata.controls,1,0,0,0,0,0,0,0,0,6,0,0,0,0
org.odpi.openmetadata.adapters.connectors.unitycatalog.provision,org.odpi.openmetadata.frameworks.openmetadata.connectorcontext,0,0,0,24,0,0,0,0,0,0,0,0,0,0
org.odpi.openmetadata.adapters.connectors.unitycatalog.provision,org.odpi.openmetadata.frameworks.openmetadata.properties,2,3,1,5,0,0,0,0,1,1,0,0,0,0
org.odpi.openmetadata.adapters.connectors.unitycatalog.provision,org.odpi.openmetadata.adapters.connectors.unitycatalog.ffdc,2,0,0,0,0,0,0,0,0,12,0,0,0,0
org.odpi.openmetadata.adapters.connectors.unitycatalog.provision,org.odpi.openmetadata.adapters.connectors.unitycatalog.controls,2,0,0,5,0,0,0,0,0,23,0,0,0,0
org.odpi.openmetadata.adminservices.properties,org.odpi.openmetadata.adminservices.rest,1,0,0,0,0,0,0,0,0,0,0,0,0,0
org.odpi.openmetadata.archiveutilities.simplecatalogs,org.odpi.openmetadata.archiveutilities.simplecatalogs.catalogcontent,5,5,0,10,0,0,0,0,5,0,0,0,0,0
org.odpi.openmetadata.archiveutilities.simplecatalogs,org.odpi.openmetadata.opentypes,1,0,0,2,0,0,0,0,1,0,0,0,0,0
org.odpi.openmetadata.archiveutilities.simplecatalogs,org.odpi.openmetadata.repositoryservices.archiveutilities,1,0,0,5,0,0,0,1,0,5,0,0,0,0
org.odpi.openmetadata.archiveutilities.simplecatalogs,org.odpi.openmetadata.repositoryservices.connectors.stores.archivestore.properties,1,1,1,0,0,0,0,0,0,4,0,0,0,0
org.odpi.openmetadata.repositoryservices.connectors.stores.metadatacollectionstore.utilities,org.odpi.openmetadata.frameworks.openmetadata.ffdc,2,0,0,2,0,3,0,0,2,0,0,0,0,0
org.odpi.openmetadata.repositoryservices.connectors.stores.metadatacollectionstore.utilities,org.odpi.openmetadata.frameworks.openmetadata.search,2,0,0,0,0,0,0,0,0,0,0,0,0,0
org.odpi.openmetadata.repositoryservices.connectors.stores.metadatacollectionstore.utilities,org.odpi.openmetadata.repositoryservices.connectors.stores.metadatacollectionstore.properties.typedefs,0,8,6,81,1,0,0,0,0,220,2,0,0,0
org.odpi.openmetadata.repositoryservices.connectors.stores.metadatacollectionstore.utilities,org.odpi.openmetadata.repositoryservices.connectors.stores.metadatacollectionstore.properties.instances,0,98,121,314,52,0,0,0,66,188,18,0,0,0
org.odpi.openmetadata.repositoryservices.connectors.stores.metadatacollectionstore.utilities,org.odpi.openmetadata.repositoryservices.connectors.stores.metadatacollectionstore.properties.search,4,2,1,8,2,0,0,0,2,6,0,0,0,0
org.odpi.openmetadata.repositoryservices.connectors.stores.metadatacollectionstore.utilities,org.odpi.openmetadata.repositoryservices.connectors.stores.metadatacollectionstore.properties,2,0,2,53,0,0,0,0,0,0,0,0,0,0
org.odpi.openmetadata.repositoryservices.connectors.stores.metadatacollectionstore.utilities,org.odpi.openmetadata.repositoryservices.ffdc.exception,0,0,0,6,0,3,0,0,6,0,0,0,0,0
org.odpi.openmetadata.repositoryservices.connectors.stores.metadatacollectionstore.utilities,org.odpi.openmetadata.repositoryservices.ffdc,1,0,0,0,0,0,0,0,0,16,0,0,0,0
org.odpi.openmetadata.adapters.repositoryservices.rest.repositoryconnector,org.odpi.openmetadata.frameworks.connectors,1,0,0,1,0,0,0,0,0,1,0,0,0,0
org.odpi.openmetadata.adapters.repositoryservices.rest.repositoryconnector,org.odpi.openmetadata.repositoryservices.connectors.stores.metadatacollectionstore.repositoryconnector,4,0,2,2,0,0,0,2,0,10,0,0,0,0
org.odpi.openmetadata.adapters.repositoryservices.rest.repositoryconnector,org.odpi.openmetadata.frameworks.openmetadata.ffdc,2,0,0,0,0,170,0,0,0,0,0,0,0,0
org.odpi.openmetadata.adapters.repositoryservices.rest.repositoryconnector,org.odpi.openmetadata.frameworks.auditlog,1,1,1,1,0,0,0,0,0,1,0,0,0,0
org.odpi.openmetadata.adapters.repositoryservices.rest.repositoryconnector,org.odpi.openmetadata.frameworks.connectors.properties.beans,2,2,0,2,0,0,0,0,0,0,0,0,0,0
org.odpi.openmetadata.adapters.repositoryservices.rest.repositoryconnector,org.odpi.openmetadata.repositoryservices.clients,1,1,0,87,0,0,0,0,1,1,0,0,0,0
org.odpi.openmetadata.adapters.repositoryservices.rest.repositoryconnector,org.odpi.openmetadata.repositoryservices.connectors.stores.metadatacollectionstore,2,0,0,47,1,0,0,1,0,13,0,0,0,0
org.odpi.openmetadata.adapters.repositoryservices.rest.repositoryconnector,org.odpi.openmetadata.repositoryservices.ffdc,3,0,0,0,0,0,0,0,0,14,0,0,0,0
org.odpi.openmetadata.adapters.repositoryservices.rest.repositoryconnector,org.odpi.openmetadata.repositoryservices.ffdc.exception,2,1,0,6,0,356,0,0,6,0,0,0,0,0
org.odpi.openmetadata.adapters.repositoryservices.rest.repositoryconnector,org.odpi.openmetadata.repositoryservices.connectors.stores.metadatacollectionstore.properties.typedefs,0,0,13,0,9,0,0,0,0,0,0,0,0,0
org.odpi.openmetadata.adapters.repositoryservices.rest.repositoryconnector,org.odpi.openmetadata.repositoryservices.connectors.stores.metadatacollectionstore.properties.search,3,0,4,0,0,0,0,0,0,0,0,0,0,0
org.odpi.openmetadata.adapters.repositoryservices.rest.repositoryconnector,org.odpi.openmetadata.repositoryservices.connectors.stores.metadatacollectionstore.properties.instances,0,0,41,0,33,0,0,0,0,0,0,0,0,0
org.odpi.openmetadata.adapters.repositoryservices.rest.repositoryconnector,org.odpi.openmetadata.repositoryservices.connectors.stores.metadatacollectionstore.properties,3,0,14,0,0,0,0,0,0,0,0,0,0,0
org.odpi.openmetadata.adapters.repositoryservices.rest.repositoryconnector,org.odpi.openmetadata.adapters.connectors,1,0,0,0,0,0,0,0,0,2,0,0,0,0
org.odpi.openmetadata.adapters.connectors.organizationinsight.controls,org.odpi.openmetadata.frameworks.openmetadata.specificationproperties,1,1,1,5,1,0,0,0,1,1,0,0,0,0
org.odpi.openmetadata.adapters.connectors.postgres.controls,org.odpi.openmetadata.adapters.connectors.controls,0,1,1,0,0,0,0,0,0,1,0,0,0,0
org.odpi.openmetadata.adapters.connectors.postgres.controls,org.odpi.openmetadata.frameworks.integration.controls,1,1,1,5,1,0,0,0,1,1,0,0,0,0
org.odpi.openmetadata.adapters.connectors.postgres.controls,org.odpi.openmetadata.frameworks.openmetadata.specificationproperties,6,4,12,24,4,0,0,0,4,12,0,0,0,0
org.odpi.openmetadata.adapters.connectors.postgres.controls,org.odpi.openmetadata.frameworks.openmetadata.controls,4,0,0,0,0,0,0,0,0,116,0,0,0,0
org.odpi.openmetadata.adapters.connectors.postgres.controls,org.odpi.openmetadata.frameworks.openmetadata.definitions,1,0,0,0,1,0,0,0,0,0,0,0,0,0
org.odpi.openmetadata.viewservices.privacyofficer.admin,org.odpi.openmetadata.commonservices.multitenant,0,0,0,1,0,0,0,0,0,0,0,0,0,0
org.odpi.openmetadata.viewservices.privacyofficer.admin,org.odpi.openmetadata.frameworks.auditlog,1,1,1,5,0,0,0,0,0,1,0,0,0,0
org.odpi.openmetadata.viewservices.privacyofficer.admin,org.odpi.openmetadata.viewservices.privacyofficer.server,1,1,0,1,0,0,0,0,1,1,0,0,0,0
org.odpi.openmetadata.viewservices.privacyofficer.admin,org.odpi.openmetadata.viewservices.privacyofficer.ffdc,1,0,0,0,0,0,0,0,0,10,0,0,0,0
org.odpi.openmetadata.viewservices.privacyofficer.admin,org.odpi.openmetadata.adminservices.configuration.properties,1,0,1,7,0,0,0,0,0,0,0,0,0,0
org.odpi.openmetadata.viewservices.privacyofficer.admin,org.odpi.openmetadata.adminservices.registration,1,0,0,1,0,0,0,1,0,1,0,0,0,0
org.odpi.openmetadata.viewservices.privacyofficer.admin,org.odpi.openmetadata.adminservices.ffdc.exception,1,0,0,0,0,1,0,0,0,0,0,0,0,0
org.odpi.openmetadata.viewservices.privacyofficer.admin,org.odpi.openmetadata.adminservices.configuration.registration,1,0,0,0,0,0,0,0,0,2,0,0,0,0
org.odpi.openmetadata.accessservices.stewardshipaction.fvt.duplicateprocessing,org.odpi.openmetadata.fvt.utilities,1,1,0,5,1,0,0,0,1,0,0,0,0,0
org.odpi.openmetadata.accessservices.stewardshipaction.fvt.duplicateprocessing,org.odpi.openmetadata.fvt.utilities.auditlog,1,0,1,0,0,0,0,0,0,0,0,0,0,0
org.odpi.openmetadata.accessservices.stewardshipaction.fvt.duplicateprocessing,org.odpi.openmetadata.fvt.utilities.exceptions,1,0,0,3,0,5,0,0,3,0,0,0,0,0
org.odpi.openmetadata.accessservices.stewardshipaction.fvt.duplicateprocessing,org.odpi.openmetadata.adminservices.configuration.registration,1,0,0,0,0,0,0,0,0,5,0,0,0,0
org.odpi.openmetadata.accessservices.stewardshipaction.fvt.duplicateprocessing,org.odpi.openmetadata.frameworks.auditlog,1,1,3,1,0,0,0,0,1,0,0,0,0,0
org.odpi.openmetadata.accessservices.stewardshipaction.fvt.duplicateprocessing,org.odpi.openmetadata.frameworks.openmetadata.properties.assets,1,1,0,0,0,0,0,0,0,0,0,0,0,0
org.odpi.openmetadata.frameworks.openmetadata.api,org.odpi.openmetadata.frameworks.openmetadata.ffdc,12,0,0,0,0,156,0,0,0,0,0,0,0,0
org.odpi.openmetadata.frameworks.openmetadata.api,org.odpi.openmetadata.frameworks.openmetadata.search,0,0,51,0,0,0,0,0,0,0,0,0,0,0
org.odpi.openmetadata.frameworks.openmetadata.api,org.odpi.openmetadata.frameworks.openmetadata.properties,1,0,2,0,19,0,0,0,0,0,0,0,0,0
org.odpi.openmetadata.frameworks.openmetadata.api,org.odpi.openmetadata.frameworks.openmetadata.specificationproperties,1,0,0,0,0,0,0,0,0,0,0,0,0,0
org.odpi.openmetadata.frameworks.openmetadata.api,org.odpi.openmetadata.frameworks.openmetadata.properties.translations,1,0,1,0,1,0,0,0,0,0,0,0,0,0
org.odpi.openmetadata.frameworks.openmetadata.properties.assets.analytics,org.odpi.openmetadata.frameworks.openmetadata.properties,0,0,0,0,0,0,0,0,0,4,0,0,0,0
org.odpi.openmetadata.frameworks.openmetadata.properties.assets.analytics,org.odpi.openmetadata.frameworks.openmetadata.properties.assets.processes,1,0,0,4,0,0,0,1,0,3,0,0,0,0
org.odpi.openmetadata.frameworks.openmetadata.properties.assets.analytics,org.odpi.openmetadata.frameworks.openmetadata.types,2,0,0,0,0,0,0,0,0,8,0,0,0,0
org.odpi.openmetadata.frameworks.openmetadata.properties.assets.analytics,org.odpi.openmetadata.frameworks.openmetadata.properties.assets.processes.actions,1,0,0,4,0,0,0,1,0,3,0,0,0,0
org.odpi.openmetadata.viewservices.myprofile.server.spring,org.odpi.openmetadata.viewservices.myprofile.server,1,1,0,14,0,0,0,0,1,0,0,0,0,0
org.odpi.openmetadata.viewservices.myprofile.server.spring,org.odpi.openmetadata.commonservices.ffdc.rest,0,0,12,0,13,0,0,0,0,0,0,0,0,0
org.odpi.openmetadata.adapters.repositoryservices.auditlogstore.eventtopic,org.odpi.openmetadata.repositoryservices.connectors.stores.auditlogstore,3,0,1,4,0,0,0,2,0,5,0,0,0,0
org.odpi.openmetadata.adapters.repositoryservices.auditlogstore.eventtopic,org.odpi.openmetadata.repositoryservices.connectors.openmetadatatopic,1,1,1,1,0,0,0,0,0,1,2,0,0,0
org.odpi.openmetadata.adapters.repositoryservices.auditlogstore.eventtopic,org.odpi.openmetadata.frameworks.connectors.ffdc,1,0,0,0,0,1,0,0,0,0,0,0,0,0
org.odpi.openmetadata.adapters.repositoryservices.auditlogstore.eventtopic,org.odpi.openmetadata.frameworks.connectors,1,2,0,2,0,0,0,0,0,0,0,0,0,0
org.odpi.openmetadata.adapters.repositoryservices.auditlogstore.eventtopic,org.odpi.openmetadata.frameworks.auditlog,0,0,0,1,0,0,0,0,0,0,0,0,0,0
org.odpi.openmetadata.adapters.repositoryservices.auditlogstore.eventtopic,org.odpi.openmetadata.frameworks.openmetadata.ffdc,2,0,0,0,0,2,0,0,0,0,0,0,0,0
org.odpi.openmetadata.adapters.repositoryservices.auditlogstore.eventtopic,org.odpi.openmetadata.adapters.connectors,1,0,0,0,0,0,0,0,0,2,0,0,0,0
org.odpi.openmetadata.accessservices.assetowner.fvt.assets,org.odpi.openmetadata.adminservices.configuration.registration,1,0,0,0,0,0,0,0,0,5,0,0,0,0
org.odpi.openmetadata.accessservices.assetowner.fvt.assets,org.odpi.openmetadata.frameworks.auditlog,1,1,1,1,0,0,0,0,1,0,0,0,0,0
org.odpi.openmetadata.accessservices.assetowner.fvt.assets,org.odpi.openmetadata.fvt.utilities,1,1,0,5,1,0,0,0,1,0,0,0,0,0
org.odpi.openmetadata.accessservices.assetowner.fvt.assets,org.odpi.openmetadata.fvt.utilities.auditlog,1,0,1,0,0,0,0,0,0,0,0,0,0,0
org.odpi.openmetadata.accessservices.assetowner.fvt.assets,org.odpi.openmetadata.fvt.utilities.exceptions,1,0,0,69,0,8,0,0,69,0,0,0,0,0
org.odpi.openmetadata.accessservices.assetowner.fvt.assets,org.odpi.openmetadata.frameworks.openmetadata.properties.schema,1,1,0,1,0,0,0,0,1,0,0,0,0,0
org.odpi.openmetadata.accessservices.assetowner.fvt.assets,org.odpi.openmetadata.frameworks.openmetadata.properties,0,0,0,59,0,0,0,0,0,0,0,0,0,0
org.odpi.openmetadata.accessservices.assetowner.fvt.assets,org.odpi.openmetadata.frameworks.openmetadata.properties.assets,1,4,0,4,0,0,0,0,4,2,0,0,0,0
org.odpi.openmetadata.viewservices.runtimemanager.server.spring,org.odpi.openmetadata.commonservices.ffdc.rest,0,0,21,0,37,0,0,0,0,0,0,0,0,0
org.odpi.openmetadata.viewservices.runtimemanager.server.spring,org.odpi.openmetadata.frameworks.connectors.properties.beans,1,0,1,0,0,0,0,0,0,0,0,0,0,0
org.odpi.openmetadata.viewservices.runtimemanager.server.spring,org.odpi.openmetadata.governanceservers.integrationdaemonservices.rest,1,0,1,0,0,0,0,0,0,0,0,0,0,0
org.odpi.openmetadata.viewservices.runtimemanager.server.spring,org.odpi.openmetadata.repositoryservices.connectors.stores.archivestore.properties,1,0,1,0,0,0,0,0,0,0,0,0,0,0
org.odpi.openmetadata.viewservices.runtimemanager.server.spring,org.odpi.openmetadata.viewservices.runtimemanager.server,1,1,0,41,0,0,0,0,1,0,0,0,0,0
org.odpi.openmetadata.viewservices.runtimemanager.server.spring,org.odpi.openmetadata.viewservices.runtimemanager.rest,2,0,0,0,2,0,0,0,0,0,0,0,0,0
org.odpi.openmetadata.viewservices.runtimemanager.server.spring,org.odpi.openmetadata.serveroperations.rest,1,0,0,0,1,0,0,0,0,0,0,0,0,0
org.odpi.openmetadata.engineservices.watchdogaction.listener,org.odpi.openmetadata.governanceservers.enginehostservices.admin,1,1,0,0,0,0,0,0,0,0,0,0,0,0
org.odpi.openmetadata.engineservices.watchdogaction.listener,org.odpi.openmetadata.governanceservers.enginehostservices.enginemap,1,1,1,1,0,0,0,0,0,1,0,0,0,0
org.odpi.openmetadata.engineservices.watchdogaction.listener,org.odpi.openmetadata.engineservices.watchdogaction.handlers,1,0,0,0,0,0,0,0,0,0,1,0,0,0
org.odpi.openmetadata.engineservices.watchdogaction.listener,org.odpi.openmetadata.frameworks.auditlog,1,1,1,1,0,0,0,0,0,1,0,0,0,0
org.odpi.openmetadata.engineservices.watchdogaction.listener,org.odpi.openmetadata.engineservices.watchdogaction.ffdc,1,0,0,0,0,0,0,0,0,2,0,0,0,0
org.odpi.openmetadata.engineservices.watchdogaction.listener,org.odpi.openmetadata.frameworks.openmetadata.events,2,0,1,0,0,0,1,0,0,0,0,0,0,0
org.odpi.openmetadata.frameworks.connectors.properties.beans,org.odpi.openmetadata.frameworks.openmetadata.metadataelements,4,4,0,24,4,0,0,0,4,0,0,0,0,0
org.odpi.openmetadata.frameworks.connectors.properties.beans,org.odpi.openmetadata.frameworks.openmetadata.properties,4,0,0,0,0,0,0,0,0,8,0,0,0,0
org.odpi.openmetadata.frameworks.connectors.properties.beans,org.odpi.openmetadata.frameworks.connectors.controls,1,0,0,0,0,0,0,0,0,2,0,0,0,0
org.odpi.openmetadata.frameworks.connectors.properties.beans,org.odpi.openmetadata.frameworks.connectors,1,1,0,1,0,0,0,0,0,0,1,0,0,0
org.odpi.openmetadata.frameworks.connectors.properties.beans,org.odpi.openmetadata.frameworks.openmetadata.types,1,0,0,0,0,0,0,0,0,6,0,0,0,0
org.odpi.openmetadata.frameworks.openmetadata.client,org.odpi.openmetadata.frameworks.openmetadata.properties,3,8,7,8,19,0,0,0,0,4,0,0,0,0
org.odpi.openmetadata.frameworks.openmetadata.client,org.odpi.openmetadata.frameworks.openmetadata.types,4,0,0,0,0,0,0,0,0,34,0,0,0,0
org.odpi.openmetadata.frameworks.openmetadata.client,org.odpi.openmetadata.frameworks.openmetadata.specificationproperties,1,0,0,0,0,0,0,0,0,0,0,0,0,0
org.odpi.openmetadata.frameworks.openmetadata.client,org.odpi.openmetadata.frameworks.openmetadata.search,2,34,71,143,1,0,0,0,33,69,0,0,0,0
org.odpi.openmetadata.frameworks.openmetadata.client,org.odpi.openmetadata.frameworks.openmetadata.ffdc,0,0,0,2,0,189,0,0,2,6,0,0,0,0
org.odpi.openmetadata.frameworks.openmetadata.client,org.odpi.openmetadata.frameworks.openmetadata.converters,1,1,0,2,0,0,0,0,1,1,0,0,0,0
org.odpi.openmetadata.frameworks.openmetadata.client,org.odpi.openmetadata.frameworks.openmetadata.reports,1,2,3,0,2,0,0,0,0,4,0,0,0,0
org.odpi.openmetadata.frameworks.openmetadata.client,org.odpi.openmetadata.frameworks.openmetadata.properties.assets.reports,1,0,2,8,0,0,0,0,0,0,0,0,0,0
org.odpi.openmetadata.frameworks.openmetadata.client,org.odpi.openmetadata.frameworks.openmetadata.api,0,0,0,0,0,0,4,0,0,0,0,0,0,0
org.odpi.openmetadata.frameworks.openmetadata.client,org.odpi.openmetadata.frameworks.auditlog,1,1,1,1,0,0,0,0,0,1,0,0,0,0
org.odpi.openmetadata.userauthn,org.odpi.openmetadata.frameworks.connectors.controls,1,0,0,0,0,0,0,0,0,4,0,0,0,0
org.odpi.openmetadata.userauthn,org.odpi.openmetadata.frameworks.connectors.properties.users,1,0,0,5,0,0,0,0,0,6,0,0,0,0
org.odpi.openmetadata.userauthn,org.odpi.openmetadata.metadatasecurity.properties,1,1,0,0,0,0,0,0,0,0,0,0,0,0
org.odpi.openmetadata.userauthn,org.odpi.openmetadata.metadatasecurity.server,1,0,0,2,0,0,0,0,0,2,0,0,0,0
org.odpi.openmetadata.userauthn,org.odpi.openmetadata.userauthn.auth,2,1,0,2,0,0,0,0,0,0,1,0,0,0
org.odpi.openmetadata.userauthn,org.odpi.openmetadata.commonservices.ffdc.rest,1,1,0,6,0,0,0,0,1,0,0,0,0,0
org.odpi.openmetadata.governanceservers.enginehostservices.registration,org.odpi.openmetadata.frameworks.openmetadata.ffdc,1,0,0,0,0,1,0,0,0,0,0,0,0,0
org.odpi.openmetadata.governanceservers.enginehostservices.registration,org.odpi.openmetadata.governanceservers.enginehostservices.admin,1,0,0,0,1,0,0,0,0,0,0,0,0,0
org.odpi.openmetadata.governanceservers.enginehostservices.registration,org.odpi.openmetadata.adminservices.configuration.registration,3,3,5,14,2,0,0,0,0,4,0,0,0,0
org.odpi.openmetadata.governanceservers.enginehostservices.registration,org.odpi.openmetadata.frameworkservices.gaf.client,2,0,2,0,0,0,0,0,0,0,0,0,0,0
org.odpi.openmetadata.governanceservers.enginehostservices.registration,org.odpi.openmetadata.frameworks.auditlog,2,1,2,0,1,0,0,0,0,2,0,0,0,0
org.odpi.openmetadata.governanceservers.enginehostservices.registration,org.odpi.openmetadata.adminservices.configuration.properties,1,0,1,0,0,0,0,0,0,0,0,0,0,0
org.odpi.openmetadata.viewservices.glossarymanager.rest,org.odpi.openmetadata.frameworks.openmetadata.enums,3,0,3,0,0,0,0,0,0,3,0,0,0,0
org.odpi.openmetadata.viewservices.glossarymanager.rest,org.odpi.openmetadata.commonservices.ffdc.rest,3,0,0,30,0,0,0,3,0,7,0,0,0,0
org.odpi.openmetadata.viewservices.glossarymanager.rest,org.odpi.openmetadata.frameworks.openmetadata.properties,2,2,2,0,2,0,0,0,0,2,0,0,0,0
org.odpi.openmetadata.adapters.connectors.externalharvesters.harvestopenmetadata.ffdc,org.odpi.openmetadata.frameworks.auditlog.messagesets,4,2,0,5,4,0,0,0,3,1,0,0,0,0
org.odpi.openmetadata.adapters.connectors.externalharvesters.harvestopenmetadata.ffdc,org.odpi.openmetadata.frameworks.auditlog,1,1,1,0,0,0,0,0,0,9,0,0,0,0
org.odpi.openmetadata.engineservices.assetanalysis.server.spring,org.odpi.openmetadata.commonservices.ffdc.rest,1,0,0,0,2,0,0,0,0,0,0,0,0,0
org.odpi.openmetadata.engineservices.assetanalysis.server.spring,org.odpi.openmetadata.governanceservers.enginehostservices.server,1,1,0,5,0,0,0,0,1,0,0,0,0,0
org.odpi.openmetadata.engineservices.assetanalysis.server.spring,org.odpi.openmetadata.governanceservers.enginehostservices.rest,2,0,0,0,2,0,0,0,0,0,0,0,0,0
org.odpi.openmetadata.accessservices.digitalarchitecture.fvt,org.odpi.openmetadata.fvt.utilities,2,1,0,11,0,0,0,1,0,4,0,0,0,0
org.odpi.openmetadata.accessservices.digitalarchitecture.fvt,org.odpi.openmetadata.accessservices.digitalarchitecture.fvt.validvalues,1,0,0,1,0,0,0,0,0,1,0,0,0,0
org.odpi.openmetadata.accessservices.digitalarchitecture.fvt,org.odpi.openmetadata.accessservices.digitalarchitecture.fvt.errorhandling,1,0,0,1,0,0,0,0,0,1,0,0,0,0
org.odpi.openmetadata.accessservices.digitalarchitecture.fvt,org.odpi.openmetadata.accessservices.digitalarchitecture.fvt.connections,1,0,0,1,0,0,0,0,0,1,0,0,0,0
org.odpi.openmetadata.accessservices.digitalarchitecture.fvt,org.odpi.openmetadata.accessservices.digitalarchitecture.fvt.clientconstructors,1,0,0,1,0,0,0,0,0,1,0,0,0,0
org.odpi.openmetadata.accessservices.digitalarchitecture.fvt,org.odpi.openmetadata.http,1,0,0,1,0,0,0,0,0,1,0,0,0,0
org.odpi.openmetadata.accessservices.communityprofile.fvt.clientconstructors,org.odpi.openmetadata.fvt.utilities.auditlog,1,0,1,0,0,0,0,0,0,0,0,0,0,0
org.odpi.openmetadata.accessservices.communityprofile.fvt.clientconstructors,org.odpi.openmetadata.fvt.utilities,1,1,0,5,1,0,0,0,1,0,0,0,0,0
org.odpi.openmetadata.accessservices.communityprofile.fvt.clientconstructors,org.odpi.openmetadata.frameworks.auditlog,1,1,3,1,0,0,0,0,1,0,0,0,0,0
org.odpi.openmetadata.accessservices.communityprofile.fvt.clientconstructors,org.odpi.openmetadata.adminservices.configuration.registration,1,0,0,0,0,0,0,0,0,5,0,0,0,0
org.odpi.openmetadata.accessservices.communityprofile.fvt.clientconstructors,org.odpi.openmetadata.frameworks.openmetadata.ffdc,1,0,0,0,0,4,0,0,0,0,0,0,0,0
org.odpi.openmetadata.adapters.connectors.jacquard.solutionblueprint,org.odpi.openmetadata.frameworks.openmetadata.refdata,2,0,0,0,0,0,0,0,0,30,0,0,0,0
org.odpi.openmetadata.adapters.connectors.jacquard.solutionblueprint,org.odpi.openmetadata.adapters.connectors.controls,1,0,0,0,0,0,0,0,0,2,0,0,0,0
org.odpi.openmetadata.adapters.connectors.jacquard.solutionblueprint,org.odpi.openmetadata.adapters.connectors,1,0,0,0,0,0,0,0,0,0,0,0,0,0
org.odpi.openmetadata.adapters.connectors.jacquard.solutionblueprint,org.odpi.openmetadata.frameworks.openmetadata.types,1,0,0,0,0,0,0,0,0,14,0,0,0,0
org.odpi.openmetadata.adapters.connectors.integration.jdbc.transfer.customization,org.odpi.openmetadata.adapters.connectors.integration.jdbc.controls,1,0,0,0,0,0,0,0,0,16,0,0,0,0
org.odpi.openmetadata.adapters.repositoryservices.readonly.repositoryconnector,org.odpi.openmetadata.repositoryservices.connectors.stores.metadatacollectionstore.repositoryconnector,3,0,2,1,0,0,0,1,0,6,0,0,0,0
org.odpi.openmetadata.adapters.repositoryservices.readonly.repositoryconnector,org.odpi.openmetadata.frameworks.openmetadata.ffdc,2,0,0,0,0,22,0,0,0,0,0,0,0,0
org.odpi.openmetadata.adapters.repositoryservices.readonly.repositoryconnector,org.odpi.openmetadata.adapters.connectors,1,0,0,0,0,0,0,0,0,2,0,0,0,0
org.odpi.openmetadata.adapters.repositoryservices.readonly.repositoryconnector,org.odpi.openmetadata.adapters.repositoryservices.inmemory.repositoryconnector,2,0,0,6,0,0,0,2,0,37,0,0,0,0
org.odpi.openmetadata.adapters.repositoryservices.readonly.repositoryconnector,org.odpi.openmetadata.repositoryservices.ffdc.exception,0,0,0,0,0,77,0,0,0,0,0,0,0,0
org.odpi.openmetadata.adapters.repositoryservices.readonly.repositoryconnector,org.odpi.openmetadata.repositoryservices.connectors.stores.metadatacollectionstore.properties.instances,0,2,30,18,25,0,0,0,1,22,0,0,0,0
org.odpi.openmetadata.adapters.repositoryservices.readonly.repositoryconnector,org.odpi.openmetadata.repositoryservices.connectors.stores.metadatacollectionstore,0,0,0,28,0,0,0,0,0,5,0,0,0,0
org.odpi.openmetadata.adapters.repositoryservices.readonly.repositoryconnector,org.odpi.openmetadata.repositoryservices.connectors.stores.metadatacollectionstore.properties.typedefs,0,0,4,0,0,0,0,0,0,0,0,0,0,0
org.odpi.openmetadata.viewservices.metadataexpert.server.spring,org.odpi.openmetadata.frameworkservices.omf.rest,0,0,20,0,17,0,0,0,0,0,0,0,0,0
org.odpi.openmetadata.viewservices.metadataexpert.server.spring,org.odpi.openmetadata.commonservices.ffdc.rest,0,0,15,0,18,0,0,0,0,0,0,0,0,0
org.odpi.openmetadata.viewservices.metadataexpert.server.spring,org.odpi.openmetadata.viewservices.metadataexpert.rest,2,0,0,0,2,0,0,0,0,0,0,0,0,0
org.odpi.openmetadata.viewservices.metadataexpert.server.spring,org.odpi.openmetadata.viewservices.metadataexpert.server,1,1,0,38,0,0,0,0,1,0,0,0,0,0
org.odpi.openmetadata.accessservices.datamanager.fvt.errorhandling,org.odpi.openmetadata.fvt.utilities.exceptions,1,0,0,55,0,35,0,0,55,0,0,0,0,0
org.odpi.openmetadata.accessservices.datamanager.fvt.errorhandling,org.odpi.openmetadata.fvt.utilities.auditlog,1,0,1,0,0,0,0,0,0,0,0,0,0,0
org.odpi.openmetadata.accessservices.datamanager.fvt.errorhandling,org.odpi.openmetadata.fvt.utilities,1,1,0,5,1,0,0,0,1,0,0,0,0,0
org.odpi.openmetadata.accessservices.datamanager.fvt.errorhandling,org.odpi.openmetadata.frameworks.openmetadata.properties.assets.databases,1,4,0,4,0,0,0,0,4,0,0,0,0,0
org.odpi.openmetadata.accessservices.datamanager.fvt.errorhandling,org.odpi.openmetadata.frameworks.openmetadata.properties.softwarecapabilities,0,6,0,6,0,0,0,0,6,0,0,0,0,0
org.odpi.openmetadata.accessservices.datamanager.fvt.errorhandling,org.odpi.openmetadata.frameworks.openmetadata.ffdc,1,0,0,0,0,0,0,0,0,0,0,0,0,0
org.odpi.openmetadata.accessservices.datamanager.fvt.errorhandling,org.odpi.openmetadata.adminservices.configuration.registration,1,0,0,0,0,0,0,0,0,5,0,0,0,0
org.odpi.openmetadata.accessservices.datamanager.fvt.errorhandling,org.odpi.openmetadata.frameworks.auditlog,1,1,4,1,0,0,0,0,1,0,0,0,0,0
org.odpi.openmetadata.viewservices.myprofile.admin,org.odpi.openmetadata.adminservices.configuration.properties,1,0,1,7,0,0,0,0,0,0,0,0,0,0
org.odpi.openmetadata.viewservices.myprofile.admin,org.odpi.openmetadata.adminservices.ffdc.exception,1,0,0,0,0,1,0,0,0,0,0,0,0,0
org.odpi.openmetadata.viewservices.myprofile.admin,org.odpi.openmetadata.adminservices.configuration.registration,1,0,0,0,0,0,0,0,0,2,0,0,0,0
org.odpi.openmetadata.viewservices.myprofile.admin,org.odpi.openmetadata.viewservices.myprofile.ffdc,1,0,0,0,0,0,0,0,0,10,0,0,0,0
org.odpi.openmetadata.viewservices.myprofile.admin,org.odpi.openmetadata.viewservices.myprofile.server,1,1,0,1,0,0,0,0,1,1,0,0,0,0
org.odpi.openmetadata.viewservices.myprofile.admin,org.odpi.openmetadata.commonservices.multitenant,0,0,0,1,0,0,0,0,0,0,0,0,0,0
org.odpi.openmetadata.viewservices.myprofile.admin,org.odpi.openmetadata.adminservices.registration,1,0,0,1,0,0,0,1,0,1,0,0,0,0
org.odpi.openmetadata.viewservices.myprofile.admin,org.odpi.openmetadata.frameworks.auditlog,1,1,1,5,0,0,0,0,0,1,0,0,0,0
org.odpi.openmetadata.viewservices.glossarymanager.admin,org.odpi.openmetadata.frameworks.auditlog,1,1,1,5,0,0,0,0,0,1,0,0,0,0
org.odpi.openmetadata.viewservices.glossarymanager.admin,org.odpi.openmetadata.commonservices.multitenant,0,0,0,1,0,0,0,0,0,0,0,0,0,0
org.odpi.openmetadata.viewservices.glossarymanager.admin,org.odpi.openmetadata.adminservices.configuration.properties,1,0,1,7,0,0,0,0,0,0,0,0,0,0
org.odpi.openmetadata.viewservices.glossarymanager.admin,org.odpi.openmetadata.viewservices.glossarymanager.ffdc,1,0,0,0,0,0,0,0,0,10,0,0,0,0
org.odpi.openmetadata.viewservices.glossarymanager.admin,org.odpi.openmetadata.viewservices.glossarymanager.server,1,1,0,1,0,0,0,0,1,1,0,0,0,0
org.odpi.openmetadata.viewservices.glossarymanager.admin,org.odpi.openmetadata.adminservices.configuration.registration,1,0,0,0,0,0,0,0,0,2,0,0,0,0
org.odpi.openmetadata.viewservices.glossarymanager.admin,org.odpi.openmetadata.adminservices.ffdc.exception,1,0,0,0,0,1,0,0,0,0,0,0,0,0
org.odpi.openmetadata.viewservices.glossarymanager.admin,org.odpi.openmetadata.adminservices.registration,1,0,0,1,0,0,0,1,0,1,0,0,0,0
org.odpi.openmetadata.viewservices.datadesigner.admin,org.odpi.openmetadata.adminservices.configuration.properties,1,0,1,7,0,0,0,0,0,0,0,0,0,0
org.odpi.openmetadata.viewservices.datadesigner.admin,org.odpi.openmetadata.adminservices.ffdc.exception,1,0,0,0,0,1,0,0,0,0,0,0,0,0
org.odpi.openmetadata.viewservices.datadesigner.admin,org.odpi.openmetadata.adminservices.configuration.registration,1,0,0,0,0,0,0,0,0,2,0,0,0,0
org.odpi.openmetadata.viewservices.datadesigner.admin,org.odpi.openmetadata.adminservices.registration,1,0,0,1,0,0,0,1,0,1,0,0,0,0
org.odpi.openmetadata.viewservices.datadesigner.admin,org.odpi.openmetadata.commonservices.multitenant,0,0,0,1,0,0,0,0,0,0,0,0,0,0
org.odpi.openmetadata.viewservices.datadesigner.admin,org.odpi.openmetadata.frameworks.auditlog,1,1,1,5,0,0,0,0,0,1,0,0,0,0
org.odpi.openmetadata.viewservices.datadesigner.admin,org.odpi.openmetadata.viewservices.datadesigner.ffdc,1,0,0,0,0,0,0,0,0,10,0,0,0,0
org.odpi.openmetadata.viewservices.datadesigner.admin,org.odpi.openmetadata.viewservices.datadesigner.server,1,1,0,1,0,0,0,0,1,1,0,0,0,0
org.odpi.openmetadata.engineservices.governanceaction.client.rest,org.odpi.openmetadata.frameworks.connectors,1,0,0,0,0,0,0,0,0,0,0,0,0,0
org.odpi.openmetadata.engineservices.governanceaction.client.rest,org.odpi.openmetadata.frameworks.auditlog,1,0,2,0,0,0,0,0,0,0,0,0,0,0
org.odpi.openmetadata.engineservices.governanceaction.client.rest,org.odpi.openmetadata.commonservices.ffdc.rest,1,0,0,2,0,0,0,1,0,0,0,0,0,0
org.odpi.openmetadata.engineservices.governanceaction.client.rest,org.odpi.openmetadata.frameworks.openmetadata.ffdc,1,0,0,0,0,2,0,0,0,0,0,0,0,0
org.odpi.openmetadata.adapters.connectors.jacquard.tabulardatasets.openmetadatatypes,org.odpi.openmetadata.adapters.connectors.jacquard.productcatalog,2,1,0,2,0,0,0,0,0,28,0,0,0,0
org.odpi.openmetadata.adapters.connectors.jacquard.tabulardatasets.openmetadatatypes,org.odpi.openmetadata.adapters.connectors.jacquard.tabulardatasets.ffdc,2,0,0,0,0,0,0,0,0,10,0,0,0,0
org.odpi.openmetadata.adapters.connectors.jacquard.tabulardatasets.openmetadatatypes,org.odpi.openmetadata.adapters.connectors.jacquard.tabulardatasets,1,0,0,5,0,0,0,1,0,12,0,0,0,0
org.odpi.openmetadata.adapters.connectors.jacquard.tabulardatasets.openmetadatatypes,org.odpi.openmetadata.frameworks.openmetadata.ffdc,1,0,0,0,0,1,0,0,0,0,0,0,0,0
org.odpi.openmetadata.adapters.connectors.jacquard.tabulardatasets.openmetadatatypes,org.odpi.openmetadata.frameworks.openmetadata.properties,4,5,2,31,1,0,0,0,0,1,0,0,0,0
org.odpi.openmetadata.adapters.connectors.jacquard.tabulardatasets.openmetadatatypes,org.odpi.openmetadata.frameworks.connectors.tabulardatasets,1,0,0,0,0,0,1,0,0,0,0,0,0,0
org.odpi.openmetadata.adapters.connectors.jacquard.tabulardatasets.openmetadatatypes,org.odpi.openmetadata.frameworks.openmetadata.connectorcontext,1,1,0,3,0,0,0,0,0,0,0,0,0,0
org.odpi.openmetadata.adapters.connectors.jacquard.tabulardatasets.openmetadatatypes,org.odpi.openmetadata.frameworks.auditlog,1,0,0,0,0,0,1,0,0,0,0,0,0,0
org.odpi.openmetadata.adapters.connectors.jacquard.tabulardatasets.openmetadatatypes,org.odpi.openmetadata.frameworks.connectors,1,0,0,3,0,0,0,1,0,0,0,0,0,0
org.odpi.openmetadata.adapters.connectors.jacquard.tabulardatasets.openmetadatatypes,org.odpi.openmetadata.frameworks.connectors.ffdc,1,0,0,3,0,7,0,0,3,0,0,0,0,0
org.odpi.openmetadata.adapters.connectors.jacquard.tabulardatasets.openmetadatatypes,org.odpi.openmetadata.adapters.connectors,1,0,0,0,0,0,0,0,0,2,0,0,0,0
org.odpi.openmetadata.repositoryservices.archivemanager,org.odpi.openmetadata.repositoryservices.connectors.stores.metadatacollectionstore.properties.typedefs,3,3,3,0,0,0,0,0,0,3,0,0,0,0
org.odpi.openmetadata.repositoryservices.archivemanager,org.odpi.openmetadata.repositoryservices.connectors.stores.metadatacollectionstore.properties.instances,0,5,5,30,0,0,0,0,0,15,0,0,0,0
org.odpi.openmetadata.repositoryservices.archivemanager,org.odpi.openmetadata.repositoryservices.connectors.stores.archivestore.properties,0,5,5,28,0,0,0,0,0,10,0,0,0,0
org.odpi.openmetadata.repositoryservices.archivemanager,org.odpi.openmetadata.repositoryservices.connectors.stores.archivestore,2,2,3,1,0,0,0,0,0,1,1,0,0,0
org.odpi.openmetadata.repositoryservices.archivemanager,org.odpi.openmetadata.repositoryservices.auditlog,1,0,0,0,0,0,0,0,0,2,0,0,0,0
org.odpi.openmetadata.repositoryservices.archivemanager,org.odpi.openmetadata.repositoryservices.ffdc,1,0,0,0,0,0,0,0,0,12,0,0,0,0
org.odpi.openmetadata.repositoryservices.archivemanager,org.odpi.openmetadata.repositoryservices.events,3,0,6,7,0,0,0,0,0,0,1,0,0,0
org.odpi.openmetadata.repositoryservices.archivemanager,org.odpi.openmetadata.repositoryservices.ffdc.exception,1,0,0,0,0,3,0,0,0,0,0,0,0,0
org.odpi.openmetadata.repositoryservices.archivemanager,org.odpi.openmetadata.frameworks.auditlog,1,1,1,6,0,0,0,0,0,1,0,0,0,0
org.odpi.openmetadata.repositoryservices.archivemanager,org.odpi.openmetadata.opentypes,1,1,0,3,0,0,0,0,1,0,0,0,0,0
org.odpi.openmetadata.repositoryservices.archivemanager,org.odpi.openmetadata.repositoryservices.localrepository.repositoryconnector,1,1,1,0,0,0,0,0,0,1,0,0,0,0
org.odpi.openmetadata.repositoryservices.archivemanager,org.odpi.openmetadata.repositoryservices.localrepository.repositorycontentmanager,1,1,1,1,0,0,0,0,0,1,0,0,0,0
org.odpi.openmetadata.accessservices.assetowner.fvt,org.odpi.openmetadata.fvt.utilities,2,1,0,15,0,0,0,1,0,6,0,0,0,0
org.odpi.openmetadata.accessservices.assetowner.fvt,org.odpi.openmetadata.http,1,0,0,1,0,0,0,0,0,1,0,0,0,0
org.odpi.openmetadata.accessservices.assetowner.fvt,org.odpi.openmetadata.accessservices.assetowner.fvt.validmetadatavalues,1,0,0,1,0,0,0,0,0,1,0,0,0,0
org.odpi.openmetadata.accessservices.assetowner.fvt,org.odpi.openmetadata.accessservices.assetowner.fvt.errorhandling,1,0,0,1,0,0,0,0,0,1,0,0,0,0
org.odpi.openmetadata.accessservices.assetowner.fvt,org.odpi.openmetadata.accessservices.assetowner.fvt.dataassets,1,0,0,1,0,0,0,0,0,1,0,0,0,0
org.odpi.openmetadata.accessservices.assetowner.fvt,org.odpi.openmetadata.accessservices.assetowner.fvt.connections,1,0,0,1,0,0,0,0,0,1,0,0,0,0
org.odpi.openmetadata.accessservices.assetowner.fvt,org.odpi.openmetadata.accessservices.assetowner.fvt.clientconstructors,1,0,0,1,0,0,0,0,0,1,0,0,0,0
org.odpi.openmetadata.accessservices.assetowner.fvt,org.odpi.openmetadata.accessservices.assetowner.fvt.assets,1,0,0,1,0,0,0,0,0,1,0,0,0,0
org.odpi.openmetadata.conformance.workbenches.repository.connectorconsumer,org.odpi.openmetadata.repositoryservices.connectors.stores.metadatacollectionstore.repositoryconnector,1,2,2,4,0,0,0,0,0,1,0,0,0,0
org.odpi.openmetadata.conformance.workbenches.repository.connectorconsumer,org.odpi.openmetadata.conformance.workbenches.repository,1,1,1,11,0,0,0,0,0,1,0,0,0,0
org.odpi.openmetadata.conformance.workbenches.repository.connectorconsumer,org.odpi.openmetadata.conformance.ffdc,1,0,0,0,0,0,0,0,0,10,0,0,0,0
org.odpi.openmetadata.conformance.workbenches.repository.connectorconsumer,org.odpi.openmetadata.frameworks.connectors,0,0,0,1,0,0,0,0,0,0,0,0,0,0
org.odpi.openmetadata.conformance.workbenches.repository.connectorconsumer,org.odpi.openmetadata.frameworks.auditlog,1,5,0,5,0,0,0,0,0,0,0,0,0,0
org.odpi.openmetadata.conformance.workbenches.repository.connectorconsumer,org.odpi.openmetadata.repositoryservices.localrepository.repositoryconnector,1,0,1,0,0,0,0,0,0,0,0,0,0,0
org.odpi.openmetadata.conformance.workbenches.repository.connectorconsumer,org.odpi.openmetadata.repositoryservices.enterprise.connectormanager,1,0,0,0,0,0,1,0,0,0,0,0,0,0
org.odpi.openmetadata.adapters.connectors.datastore.basicfile.ffdc.exception,org.odpi.openmetadata.frameworks.connectors.ffdc,2,0,0,12,0,0,0,2,0,4,0,0,0,0
org.odpi.openmetadata.adapters.connectors.datastore.basicfile.ffdc.exception,org.odpi.openmetadata.frameworks.auditlog.messagesets,2,0,8,0,0,0,0,0,0,0,0,0,0,0
org.odpi.openmetadata.adapters.connectors.datastore.basicfile.ffdc.exception,org.odpi.openmetadata.frameworks.openmetadata.ffdc,0,0,0,24,0,0,0,0,0,0,0,0,0,0
org.odpi.openmetadata.adapters.connectors.reports.ffdc,org.odpi.openmetadata.frameworks.auditlog.messagesets,2,1,0,3,2,0,0,0,2,0,0,0,0,0
org.odpi.openmetadata.adapters.connectors.reports.ffdc,org.odpi.openmetadata.frameworks.auditlog,1,1,1,0,0,0,0,0,0,5,0,0,0,0
org.odpi.openmetadata.samples.archiveutilities.combo,org.odpi.openmetadata.samples.archiveutilities.organization,1,1,0,2,0,0,0,0,1,0,0,0,0,0
org.odpi.openmetadata.samples.archiveutilities.combo,org.odpi.openmetadata.samples.archiveutilities.governanceprogram,1,1,0,2,0,0,0,0,1,0,0,0,0,0
org.odpi.openmetadata.samples.archiveutilities.combo,org.odpi.openmetadata.samples.archiveutilities.sustainability,1,1,0,2,0,0,0,0,1,0,0,0,0,0
org.odpi.openmetadata.samples.archiveutilities.combo,org.odpi.openmetadata.samples.archiveutilities.businesssystems,1,1,0,2,0,0,0,0,1,0,0,0,0,0
org.odpi.openmetadata.samples.archiveutilities.combo,org.odpi.openmetadata.samples.archiveutilities.governanceengines,1,1,0,2,0,0,0,0,1,0,0,0,0,0
org.odpi.openmetadata.samples.archiveutilities.combo,org.odpi.openmetadata.samples.archiveutilities.clinicaltrialtemplates,1,1,0,2,0,0,0,0,1,0,0,0,0,0
org.odpi.openmetadata.samples.archiveutilities.combo,org.odpi.openmetadata.contentpacks.core.unitycatalog,1,0,0,1,0,0,0,0,1,0,0,0,0,0
org.odpi.openmetadata.samples.archiveutilities.combo,org.odpi.openmetadata.contentpacks.core.postgres,1,0,0,1,0,0,0,0,1,0,0,0,0,0
org.odpi.openmetadata.samples.archiveutilities.combo,org.odpi.openmetadata.contentpacks.core.files,1,0,0,1,0,0,0,0,1,0,0,0,0,0
org.odpi.openmetadata.samples.archiveutilities.combo,org.odpi.openmetadata.contentpacks.core.egeria,1,0,0,1,0,0,0,0,1,0,0,0,0,0
org.odpi.openmetadata.samples.archiveutilities.combo,org.odpi.openmetadata.contentpacks.core.core,1,0,0,1,0,0,0,0,1,0,0,0,0,0
org.odpi.openmetadata.samples.archiveutilities.combo,org.odpi.openmetadata.samples.archiveutilities,1,0,0,20,0,0,0,1,0,21,0,0,0,0
org.odpi.openmetadata.samples.archiveutilities.combo,org.odpi.openmetadata.repositoryservices.archiveutilities,0,0,0,1,0,0,0,0,0,0,0,0,0,0
org.odpi.openmetadata.samples.archiveutilities.combo,org.odpi.openmetadata.repositoryservices.connectors.stores.archivestore.properties,1,0,0,1,1,0,0,0,1,0,0,0,0,0
org.odpi.openmetadata.viewservices.subjectarea.admin,org.odpi.openmetadata.commonservices.multitenant,0,0,0,1,0,0,0,0,0,0,0,0,0,0
org.odpi.openmetadata.viewservices.subjectarea.admin,org.odpi.openmetadata.frameworks.auditlog,1,1,1,5,0,0,0,0,0,1,0,0,0,0
org.odpi.openmetadata.viewservices.subjectarea.admin,org.odpi.openmetadata.adminservices.registration,1,0,0,1,0,0,0,1,0,1,0,0,0,0
org.odpi.openmetadata.viewservices.subjectarea.admin,org.odpi.openmetadata.adminservices.configuration.registration,1,0,0,0,0,0,0,0,0,2,0,0,0,0
org.odpi.openmetadata.viewservices.subjectarea.admin,org.odpi.openmetadata.adminservices.ffdc.exception,1,0,0,0,0,1,0,0,0,0,0,0,0,0
org.odpi.openmetadata.viewservices.subjectarea.admin,org.odpi.openmetadata.adminservices.configuration.properties,1,0,1,7,0,0,0,0,0,0,0,0,0,0
org.odpi.openmetadata.viewservices.subjectarea.admin,org.odpi.openmetadata.viewservices.subjectarea.server,1,1,0,1,0,0,0,0,1,1,0,0,0,0
org.odpi.openmetadata.viewservices.subjectarea.admin,org.odpi.openmetadata.viewservices.subjectarea.ffdc,1,0,0,0,0,0,0,0,0,10,0,0,0,0
org.odpi.openmetadata.viewservices.automatedcuration.handlers,org.odpi.openmetadata.frameworks.openmetadata.properties.templates,1,0,0,0,0,0,0,0,0,1,1,0,0,0
org.odpi.openmetadata.viewservices.automatedcuration.handlers,org.odpi.openmetadata.frameworks.openmetadata.properties.resources,1,0,0,0,0,0,0,0,0,0,1,0,0,0
org.odpi.openmetadata.viewservices.automatedcuration.handlers,org.odpi.openmetadata.frameworks.openmetadata.search,0,9,7,33,0,0,0,0,9,7,0,0,0,0
org.odpi.openmetadata.viewservices.automatedcuration.handlers,org.odpi.openmetadata.frameworks.openmetadata.types,2,0,0,0,0,0,0,0,0,34,0,0,0,0
org.odpi.openmetadata.viewservices.automatedcuration.handlers,org.odpi.openmetadata.commonservices.ffdc,1,1,0,6,0,0,0,0,1,0,0,0,0,0
org.odpi.openmetadata.viewservices.automatedcuration.handlers,org.odpi.openmetadata.viewservices.automatedcuration.converters,1,2,0,4,0,0,0,0,2,0,0,0,0,0
org.odpi.openmetadata.viewservices.automatedcuration.handlers,org.odpi.openmetadata.viewservices.automatedcuration.properties,0,10,9,49,3,0,0,0,7,15,0,0,0,0
org.odpi.openmetadata.viewservices.automatedcuration.handlers,org.odpi.openmetadata.viewservices.automatedcuration.mermaid,1,1,0,1,0,0,0,0,1,0,0,0,0,0
org.odpi.openmetadata.viewservices.automatedcuration.handlers,org.odpi.openmetadata.frameworks.openmetadata.properties,4,7,5,16,0,0,0,0,0,4,1,0,0,0
org.odpi.openmetadata.viewservices.automatedcuration.handlers,org.odpi.openmetadata.frameworks.openmetadata.handlers,1,0,0,2,0,0,0,1,0,14,0,0,0,0
org.odpi.openmetadata.viewservices.automatedcuration.handlers,org.odpi.openmetadata.frameworks.openmetadata.mapper,1,0,0,0,0,0,0,0,0,2,0,0,0,0
org.odpi.openmetadata.viewservices.automatedcuration.handlers,org.odpi.openmetadata.frameworks.openmetadata.mermaid,3,2,2,5,0,0,0,0,2,6,0,0,0,0
org.odpi.openmetadata.viewservices.automatedcuration.handlers,org.odpi.openmetadata.frameworks.openmetadata.metadataelements,2,2,1,17,0,0,0,0,0,1,0,0,0,0
org.odpi.openmetadata.viewservices.automatedcuration.handlers,org.odpi.openmetadata.frameworks.openmetadata.ffdc,3,0,0,0,0,20,0,0,0,0,0,0,0,0
org.odpi.openmetadata.viewservices.automatedcuration.handlers,org.odpi.openmetadata.frameworks.openmetadata.client,1,0,1,8,0,0,0,0,0,0,0,0,0,0
org.odpi.openmetadata.viewservices.automatedcuration.handlers,org.odpi.openmetadata.frameworks.auditlog,1,0,1,0,0,0,0,0,0,0,0,0,0,0
org.odpi.openmetadata.frameworkservices.omf.server.spring,org.odpi.openmetadata.commonservices.ffdc.rest,1,2,16,2,20,0,0,0,2,0,0,0,0,0
org.odpi.openmetadata.frameworkservices.omf.server.spring,org.odpi.openmetadata.frameworkservices.omf.rest,0,0,17,0,31,0,0,0,0,0,0,0,0,0
org.odpi.openmetadata.frameworkservices.omf.server.spring,org.odpi.openmetadata.frameworkservices.omf.server,1,1,0,52,0,0,0,0,1,0,0,0,0,0
org.odpi.openmetadata.frameworkservices.omf.server.spring,org.odpi.openmetadata.frameworks.openmetadata.properties,2,0,1,0,0,0,0,0,0,6,0,0,0,0
org.odpi.openmetadata.frameworkservices.omf.server.spring,org.odpi.openmetadata.frameworks.openmetadata.search,0,0,0,6,0,0,0,0,0,0,0,0,0,0
org.odpi.openmetadata.frameworkservices.omf.server.spring,org.odpi.openmetadata.frameworks.openmetadata.properties.translations,1,0,1,0,0,0,0,0,0,0,0,0,0,0
org.odpi.openmetadata.viewservices.actionauthor.admin,org.odpi.openmetadata.frameworks.auditlog,1,1,1,5,0,0,0,0,0,1,0,0,0,0
org.odpi.openmetadata.viewservices.actionauthor.admin,org.odpi.openmetadata.viewservices.actionauthor.ffdc,1,0,0,0,0,0,0,0,0,10,0,0,0,0
org.odpi.openmetadata.viewservices.actionauthor.admin,org.odpi.openmetadata.viewservices.actionauthor.server,1,1,0,1,0,0,0,0,1,1,0,0,0,0
org.odpi.openmetadata.viewservices.actionauthor.admin,org.odpi.openmetadata.adminservices.configuration.properties,1,0,1,7,0,0,0,0,0,0,0,0,0,0
org.odpi.openmetadata.viewservices.actionauthor.admin,org.odpi.openmetadata.adminservices.configuration.registration,1,0,0,0,0,0,0,0,0,2,0,0,0,0
org.odpi.openmetadata.viewservices.actionauthor.admin,org.odpi.openmetadata.adminservices.ffdc.exception,1,0,0,0,0,1,0,0,0,0,0,0,0,0
org.odpi.openmetadata.viewservices.actionauthor.admin,org.odpi.openmetadata.adminservices.registration,1,0,0,1,0,0,0,1,0,1,0,0,0,0
org.odpi.openmetadata.viewservices.actionauthor.admin,org.odpi.openmetadata.commonservices.multitenant,0,0,0,1,0,0,0,0,0,0,0,0,0,0
org.odpi.openmetadata.adminservices.store,org.odpi.openmetadata.adminservices.configuration.properties,1,0,1,0,1,0,0,0,0,0,0,0,0,0
org.odpi.openmetadata.adminservices.store,org.odpi.openmetadata.frameworks.connectors,3,0,1,2,0,0,0,2,0,0,0,0,0,0
org.odpi.openmetadata.accessservices.governanceprogram.fvt.definitions,org.odpi.openmetadata.frameworks.auditlog,1,1,0,1,0,0,0,0,1,0,0,0,0,0
org.odpi.openmetadata.accessservices.governanceprogram.fvt.definitions,org.odpi.openmetadata.adminservices.configuration.registration,1,0,0,0,0,0,0,0,0,5,0,0,0,0
org.odpi.openmetadata.accessservices.governanceprogram.fvt.definitions,org.odpi.openmetadata.fvt.utilities.exceptions,1,0,0,0,0,1,0,0,0,0,0,0,0,0
org.odpi.openmetadata.accessservices.governanceprogram.fvt.definitions,org.odpi.openmetadata.fvt.utilities.auditlog,1,0,1,0,0,0,0,0,0,0,0,0,0,0
org.odpi.openmetadata.accessservices.governanceprogram.fvt.definitions,org.odpi.openmetadata.fvt.utilities,1,1,0,5,1,0,0,0,1,0,0,0,0,0
org.odpi.openmetadata.frameworks.openmetadata.controls,org.odpi.openmetadata.frameworks.openmetadata.specificationproperties,4,2,15,12,2,0,0,0,2,15,0,0,0,0
org.odpi.openmetadata.frameworks.openmetadata.controls,org.odpi.openmetadata.frameworks.openmetadata.types,2,0,0,0,0,0,0,0,0,80,0,0,0,0
org.odpi.openmetadata.frameworks.openmetadata.controls,org.odpi.openmetadata.frameworks.openmetadata.definitions,1,0,0,0,1,0,0,0,0,0,0,0,0,0
org.odpi.openmetadata.accessservices.assetmanager.fvt.clientconstructors,org.odpi.openmetadata.fvt.utilities.auditlog,1,0,1,0,0,0,0,0,0,0,0,0,0,0
org.odpi.openmetadata.accessservices.assetmanager.fvt.clientconstructors,org.odpi.openmetadata.fvt.utilities,1,1,0,5,1,0,0,0,1,0,0,0,0,0
org.odpi.openmetadata.accessservices.assetmanager.fvt.clientconstructors,org.odpi.openmetadata.frameworks.openmetadata.ffdc,1,0,0,0,0,4,0,0,0,0,0,0,0,0
org.odpi.openmetadata.accessservices.assetmanager.fvt.clientconstructors,org.odpi.openmetadata.frameworks.auditlog,1,1,3,1,0,0,0,0,1,0,0,0,0,0
org.odpi.openmetadata.accessservices.assetmanager.fvt.clientconstructors,org.odpi.openmetadata.accessservices.assetmanager.fvt.common,1,0,0,0,0,0,0,1,0,3,0,0,0,0
org.odpi.openmetadata.accessservices.assetmanager.fvt.clientconstructors,org.odpi.openmetadata.adminservices.configuration.registration,1,0,0,0,0,0,0,0,0,5,0,0,0,0
org.odpi.openmetadata.accessservices.governanceserver.fvt.errorhandling,org.odpi.openmetadata.frameworks.auditlog,1,1,0,1,0,0,0,0,1,0,0,0,0,0
org.odpi.openmetadata.accessservices.governanceserver.fvt.errorhandling,org.odpi.openmetadata.adminservices.configuration.registration,1,0,0,0,0,0,0,0,0,5,0,0,0,0
org.odpi.openmetadata.accessservices.governanceserver.fvt.errorhandling,org.odpi.openmetadata.fvt.utilities.auditlog,1,0,1,0,0,0,0,0,0,0,0,0,0,0
org.odpi.openmetadata.accessservices.governanceserver.fvt.errorhandling,org.odpi.openmetadata.fvt.utilities,1,1,0,5,1,0,0,0,1,0,0,0,0,0
org.odpi.openmetadata.accessservices.governanceserver.fvt.errorhandling,org.odpi.openmetadata.fvt.utilities.exceptions,1,0,0,0,0,1,0,0,0,0,0,0,0,0
org.odpi.openmetadata.adapters.connectors.apachekafka.resource,org.odpi.openmetadata.frameworks.openmetadata.refdata,1,0,0,0,0,0,0,0,0,2,0,0,0,0
org.odpi.openmetadata.adapters.connectors.apachekafka.resource,org.odpi.openmetadata.adapters.connectors.apachekafka.resource.ffdc,2,0,0,0,0,0,0,0,0,6,0,0,0,0
org.odpi.openmetadata.adapters.connectors.apachekafka.resource,org.odpi.openmetadata.frameworks.connectors,2,0,0,3,0,0,0,2,0,6,0,0,0,0
org.odpi.openmetadata.adapters.connectors.apachekafka.resource,org.odpi.openmetadata.frameworks.auditlog,3,1,1,4,1,0,1,0,0,1,0,0,0,0
org.odpi.openmetadata.adapters.connectors.apachekafka.resource,org.odpi.openmetadata.frameworks.connectors.properties.beans,1,1,0,4,0,0,0,0,0,0,0,0,0,0
org.odpi.openmetadata.adapters.connectors.apachekafka.resource,org.odpi.openmetadata.frameworks.connectors.ffdc,1,0,0,2,0,4,0,0,2,0,0,0,0,0
org.odpi.openmetadata.adapters.connectors.apachekafka.resource,org.odpi.openmetadata.frameworks.openmetadata.ffdc,1,0,0,0,0,1,0,0,0,0,0,0,0,0
org.odpi.openmetadata.adapters.connectors.apachekafka.resource,org.odpi.openmetadata.adapters.connectors,1,0,0,0,0,0,0,0,0,2,0,0,0,0
org.odpi.openmetadata.adapters.connectors.apachekafka.resource,org.odpi.openmetadata.adapters.connectors.controls,1,0,0,0,0,0,0,0,0,4,0,0,0,0
org.odpi.openmetadata.adapters.connectors.apachekafka.resource,org.odpi.openmetadata.frameworks.openmetadata.definitions,1,0,0,1,0,0,0,0,1,0,0,0,0,0
org.odpi.openmetadata.adapters.connectors.apachekafka.resource,org.odpi.openmetadata.frameworks.connectors.controls,1,0,0,1,0,0,0,0,0,1,0,0,0,0
org.odpi.openmetadata.accessservices.assetmanager.fvt.externalidentifiers,org.odpi.openmetadata.accessservices.assetmanager.fvt.common,1,0,0,21,0,0,0,1,0,3,0,0,0,0
org.odpi.openmetadata.accessservices.assetmanager.fvt.externalidentifiers,org.odpi.openmetadata.frameworks.auditlog,1,1,5,1,0,0,0,0,1,0,0,0,0,0
org.odpi.openmetadata.accessservices.assetmanager.fvt.externalidentifiers,org.odpi.openmetadata.adminservices.configuration.registration,1,0,0,0,0,0,0,0,0,5,0,0,0,0
org.odpi.openmetadata.accessservices.assetmanager.fvt.externalidentifiers,org.odpi.openmetadata.frameworks.openmetadata.enums,2,2,0,0,0,0,0,0,0,10,0,0,0,0
org.odpi.openmetadata.accessservices.assetmanager.fvt.externalidentifiers,org.odpi.openmetadata.frameworks.openmetadata.ffdc,1,0,0,0,0,0,0,0,0,0,0,0,0,0
org.odpi.openmetadata.accessservices.assetmanager.fvt.externalidentifiers,org.odpi.openmetadata.fvt.utilities,1,1,0,5,1,0,0,0,1,0,0,0,0,0
org.odpi.openmetadata.accessservices.assetmanager.fvt.externalidentifiers,org.odpi.openmetadata.fvt.utilities.exceptions,1,0,0,108,0,6,0,0,108,0,0,0,0,0
org.odpi.openmetadata.accessservices.assetmanager.fvt.externalidentifiers,org.odpi.openmetadata.fvt.utilities.auditlog,1,0,1,0,0,0,0,0,0,0,0,0,0,0
org.odpi.openmetadata.viewservices.multilanguage.admin,org.odpi.openmetadata.commonservices.multitenant,0,0,0,1,0,0,0,0,0,0,0,0,0,0
org.odpi.openmetadata.viewservices.multilanguage.admin,org.odpi.openmetadata.frameworks.auditlog,1,1,1,5,0,0,0,0,0,1,0,0,0,0
org.odpi.openmetadata.viewservices.multilanguage.admin,org.odpi.openmetadata.viewservices.multilanguage.server,1,1,0,1,0,0,0,0,1,1,0,0,0,0
org.odpi.openmetadata.viewservices.multilanguage.admin,org.odpi.openmetadata.viewservices.multilanguage.ffdc,1,0,0,0,0,0,0,0,0,10,0,0,0,0
org.odpi.openmetadata.viewservices.multilanguage.admin,org.odpi.openmetadata.adminservices.configuration.properties,1,0,1,4,0,0,0,0,0,0,0,0,0,0
org.odpi.openmetadata.viewservices.multilanguage.admin,org.odpi.openmetadata.adminservices.ffdc.exception,1,0,0,0,0,1,0,0,0,0,0,0,0,0
org.odpi.openmetadata.viewservices.multilanguage.admin,org.odpi.openmetadata.adminservices.configuration.registration,1,0,0,0,0,0,0,0,0,2,0,0,0,0
org.odpi.openmetadata.viewservices.multilanguage.admin,org.odpi.openmetadata.adminservices.registration,1,0,0,1,0,0,0,1,0,1,0,0,0,0
org.odpi.openmetadata.viewservices.classificationexplorer.admin,org.odpi.openmetadata.frameworks.auditlog,1,1,1,5,0,0,0,0,0,1,0,0,0,0
org.odpi.openmetadata.viewservices.classificationexplorer.admin,org.odpi.openmetadata.commonservices.multitenant,0,0,0,1,0,0,0,0,0,0,0,0,0,0
org.odpi.openmetadata.viewservices.classificationexplorer.admin,org.odpi.openmetadata.adminservices.ffdc.exception,1,0,0,0,0,1,0,0,0,0,0,0,0,0
org.odpi.openmetadata.viewservices.classificationexplorer.admin,org.odpi.openmetadata.adminservices.configuration.registration,1,0,0,0,0,0,0,0,0,2,0,0,0,0
org.odpi.openmetadata.viewservices.classificationexplorer.admin,org.odpi.openmetadata.adminservices.configuration.properties,1,0,1,4,0,0,0,0,0,0,0,0,0,0
org.odpi.openmetadata.viewservices.classificationexplorer.admin,org.odpi.openmetadata.adminservices.registration,1,0,0,1,0,0,0,1,0,1,0,0,0,0
org.odpi.openmetadata.viewservices.classificationexplorer.admin,org.odpi.openmetadata.viewservices.classificationexplorer.ffdc,1,0,0,0,0,0,0,0,0,10,0,0,0,0
org.odpi.openmetadata.viewservices.classificationexplorer.admin,org.odpi.openmetadata.viewservices.classificationexplorer.server,1,1,0,1,0,0,0,0,1,1,0,0,0,0
org.odpi.openmetadata.reports.componentid,org.odpi.openmetadata.adapters.connectors,1,1,0,0,0,0,0,0,0,1,0,0,0,0
org.odpi.openmetadata.reports.componentid,org.odpi.openmetadata.repositoryservices.auditlog,1,1,0,5,0,0,0,0,0,1,0,0,0,0
org.odpi.openmetadata.reports.componentid,org.odpi.openmetadata.adminservices.configuration.registration,3,3,0,0,0,0,0,0,0,3,0,0,0,0
org.odpi.openmetadata.reports.componentid,org.odpi.openmetadata.frameworks.auditlog,2,13,1,28,1,0,0,0,4,1,0,0,0,0
org.odpi.openmetadata.reports.componentid,org.odpi.openmetadata.frameworks.connectors,1,0,0,0,0,0,0,0,0,0,1,0,0,0
org.odpi.openmetadata.reports.componentid,org.odpi.openmetadata.samples.governanceactions.clinicaltrials.metadata,1,1,0,2,0,0,0,0,0,1,0,0,0,0
org.odpi.openmetadata.accessservices.stewardshipaction.fvt,org.odpi.openmetadata.http,1,0,0,1,0,0,0,0,0,1,0,0,0,0
org.odpi.openmetadata.accessservices.stewardshipaction.fvt,org.odpi.openmetadata.accessservices.stewardshipaction.fvt.clientconstructors,1,0,0,1,0,0,0,0,0,1,0,0,0,0
org.odpi.openmetadata.accessservices.stewardshipaction.fvt,org.odpi.openmetadata.accessservices.stewardshipaction.fvt.duplicateprocessing,1,0,0,1,0,0,0,0,0,1,0,0,0,0
org.odpi.openmetadata.accessservices.stewardshipaction.fvt,org.odpi.openmetadata.fvt.utilities,2,1,0,7,0,0,0,1,0,2,0,0,0,0
org.odpi.openmetadata.viewservices.assetmaker.server.spring,org.odpi.openmetadata.commonservices.ffdc.rest,1,0,43,0,41,0,0,0,0,0,0,0,0,0
org.odpi.openmetadata.viewservices.assetmaker.server.spring,org.odpi.openmetadata.viewservices.assetmaker.server,1,1,0,44,0,0,0,0,1,0,0,0,0,0
org.odpi.openmetadata.viewservices.assetmaker.server.spring,org.odpi.openmetadata.frameworkservices.omf.rest,1,0,0,0,2,0,0,0,0,0,0,0,0,0
org.odpi.openmetadata.frameworks.openmetadata.properties.contextevents,org.odpi.openmetadata.frameworks.openmetadata.types,6,0,0,0,0,0,0,0,0,12,0,0,0,0
org.odpi.openmetadata.frameworks.openmetadata.properties.contextevents,org.odpi.openmetadata.frameworks.openmetadata.properties,6,0,0,24,0,0,0,6,0,24,0,0,0,0
org.odpi.openmetadata.governanceservers.integrationdaemonservices.listener,org.odpi.openmetadata.frameworkservices.gaf.client,1,1,1,1,0,0,0,0,0,1,0,0,0,0
org.odpi.openmetadata.governanceservers.integrationdaemonservices.listener,org.odpi.openmetadata.frameworks.openmetadata.events,2,0,3,10,0,0,1,0,0,0,0,0,0,0
org.odpi.openmetadata.governanceservers.integrationdaemonservices.listener,org.odpi.openmetadata.frameworks.openmetadata.ffdc,1,0,0,0,0,0,0,0,0,0,0,0,0,0
org.odpi.openmetadata.governanceservers.integrationdaemonservices.listener,org.odpi.openmetadata.frameworks.openmetadata.metadataelements,1,0,1,4,0,0,0,0,0,0,0,0,0,0
org.odpi.openmetadata.governanceservers.integrationdaemonservices.listener,org.odpi.openmetadata.frameworks.auditlog,1,1,1,3,0,0,0,0,0,1,0,0,0,0
org.odpi.openmetadata.governanceservers.integrationdaemonservices.listener,org.odpi.openmetadata.frameworks.openmetadata.types,1,0,0,0,0,0,0,0,0,6,0,0,0,0
org.odpi.openmetadata.governanceservers.integrationdaemonservices.listener,org.odpi.openmetadata.frameworks.openmetadata.search,1,1,0,4,0,0,0,0,1,0,0,0,0,0
org.odpi.openmetadata.governanceservers.integrationdaemonservices.listener,org.odpi.openmetadata.governanceservers.integrationdaemonservices.handlers,1,1,1,5,0,0,0,0,0,1,0,0,0,0
org.odpi.openmetadata.governanceservers.integrationdaemonservices.listener,org.odpi.openmetadata.governanceservers.integrationdaemonservices.ffdc,1,0,0,0,0,0,0,0,0,6,0,0,0,0
org.odpi.openmetadata.viewservices.projectmanager.server.spring,org.odpi.openmetadata.viewservices.projectmanager.server,1,1,0,23,0,0,0,0,1,0,0,0,0,0
org.odpi.openmetadata.viewservices.projectmanager.server.spring,org.odpi.openmetadata.commonservices.ffdc.rest,0,0,21,0,22,0,0,0,0,0,0,0,0,0
org.odpi.openmetadata.viewservices.projectmanager.server.spring,org.odpi.openmetadata.frameworks.openmetadata.search,1,0,1,0,0,0,0,0,0,0,0,0,0,0
org.odpi.openmetadata.engineservices.repositorygovernance.api,org.odpi.openmetadata.commonservices.ffdc.properties,1,0,0,0,1,0,0,0,0,0,0,0,0,0
org.odpi.openmetadata.engineservices.repositorygovernance.api,org.odpi.openmetadata.frameworks.openmetadata.ffdc,3,0,0,0,0,3,0,0,0,0,0,0,0,0
org.odpi.openmetadata.viewservices.solutionarchitect.ffdc,org.odpi.openmetadata.frameworks.auditlog,1,1,1,0,0,0,0,0,0,13,0,0,0,0
org.odpi.openmetadata.viewservices.solutionarchitect.ffdc,org.odpi.openmetadata.frameworks.auditlog.messagesets,2,1,0,3,2,0,0,0,2,0,0,0,0,0
org.odpi.openmetadata.viewservices.timekeeper.server.spring,org.odpi.openmetadata.viewservices.timekeeper.server,1,1,0,18,0,0,0,0,1,0,0,0,0,0
org.odpi.openmetadata.viewservices.timekeeper.server.spring,org.odpi.openmetadata.commonservices.ffdc.rest,0,0,17,0,17,0,0,0,0,0,0,0,0,0
org.odpi.openmetadata.governanceservers.enginehostservices.threads,org.odpi.openmetadata.adminservices.configuration.properties,1,1,1,8,0,0,0,0,0,1,0,0,0,0
org.odpi.openmetadata.governanceservers.enginehostservices.threads,org.odpi.openmetadata.frameworks.auditlog,1,1,1,4,0,0,0,0,0,1,0,0,0,0
org.odpi.openmetadata.governanceservers.enginehostservices.threads,org.odpi.openmetadata.frameworks.openmetadata.events,1,2,2,2,0,0,0,0,0,2,0,0,0,0
org.odpi.openmetadata.governanceservers.enginehostservices.threads,org.odpi.openmetadata.frameworks.openmetadata.ffdc,1,0,0,0,0,0,0,0,0,0,0,0,0,0
org.odpi.openmetadata.governanceservers.enginehostservices.threads,org.odpi.openmetadata.governanceservers.enginehostservices.admin,1,1,0,4,0,0,0,0,0,0,0,0,0,0
org.odpi.openmetadata.governanceservers.enginehostservices.threads,org.odpi.openmetadata.governanceservers.enginehostservices.ffdc,1,0,0,0,0,0,0,0,0,8,0,0,0,0
org.odpi.openmetadata.governanceservers.enginehostservices.threads,org.odpi.openmetadata.governanceservers.enginehostservices.enginemap,1,1,1,2,0,0,0,0,0,1,0,0,0,0
org.odpi.openmetadata.governanceservers.enginehostservices.threads,org.odpi.openmetadata.governanceservers.enginehostservices.listener,2,0,0,2,0,0,0,0,2,0,0,0,0,0
org.odpi.openmetadata.viewservices.glossarymanager.ffdc,org.odpi.openmetadata.frameworks.auditlog,1,1,1,0,0,0,0,0,0,13,0,0,0,0
org.odpi.openmetadata.viewservices.glossarymanager.ffdc,org.odpi.openmetadata.frameworks.auditlog.messagesets,2,1,0,3,2,0,0,0,2,0,0,0,0,0
org.odpi.openmetadata.adapters.repositoryservices,org.odpi.openmetadata.adapters.connectors.resource.jdbc.controls,1,0,0,0,0,0,0,0,0,12,0,0,0,0
org.odpi.openmetadata.adapters.repositoryservices,org.odpi.openmetadata.adapters.repositoryservices.postgres.repositoryconnector.controls,1,0,0,0,0,0,0,0,0,12,0,0,0,0
org.odpi.openmetadata.adapters.repositoryservices,org.odpi.openmetadata.repositoryservices.connectors.stores.auditlogstore,1,0,0,0,0,0,0,0,0,2,0,0,0,0
org.odpi.openmetadata.adapters.repositoryservices,org.odpi.openmetadata.repositoryservices.connectors.openmetadatatopic,1,0,0,0,0,0,0,0,0,12,0,0,0,0
org.odpi.openmetadata.adapters.repositoryservices,org.odpi.openmetadata.frameworks.auditlog.messagesets,2,1,0,3,2,0,0,0,2,0,0,0,0,0
org.odpi.openmetadata.adapters.repositoryservices,org.odpi.openmetadata.frameworks.openmetadata.ffdc,1,0,0,2,0,0,0,0,2,0,0,0,0,0
org.odpi.openmetadata.adapters.repositoryservices,org.odpi.openmetadata.frameworks.auditlog,1,2,0,1,0,0,0,0,0,11,0,0,0,0
org.odpi.openmetadata.adapters.repositoryservices,org.odpi.openmetadata.frameworks.connectors,1,0,0,0,0,0,0,0,0,0,1,0,0,0
org.odpi.openmetadata.adapters.repositoryservices,org.odpi.openmetadata.frameworks.connectors.properties.beans,5,38,4,146,28,0,0,0,41,8,0,0,0,0
org.odpi.openmetadata.frameworks.openmetadata.properties.schema.display,org.odpi.openmetadata.frameworks.openmetadata.properties.schema,2,0,0,7,0,0,0,2,0,5,0,0,0,0
org.odpi.openmetadata.frameworks.openmetadata.properties.schema.display,org.odpi.openmetadata.frameworks.openmetadata.properties,0,0,0,0,0,0,0,0,0,3,0,0,0,0
org.odpi.openmetadata.frameworks.openmetadata.properties.schema.display,org.odpi.openmetadata.frameworks.openmetadata.types,2,0,0,0,0,0,0,0,0,6,0,0,0,0
org.odpi.openmetadata.viewservices.myprofile.ffdc,org.odpi.openmetadata.frameworks.auditlog.messagesets,4,2,0,6,4,0,0,0,4,0,0,0,0,0
org.odpi.openmetadata.viewservices.myprofile.ffdc,org.odpi.openmetadata.frameworks.auditlog,1,1,1,0,0,0,0,0,0,13,0,0,0,0
org.odpi.openmetadata.adapters.repositoryservices.auditlogstore.slf4j,org.odpi.openmetadata.repositoryservices.connectors.stores.auditlogstore,3,0,1,11,0,0,0,2,0,3,0,0,0,0
org.odpi.openmetadata.adapters.repositoryservices.auditlogstore.slf4j,org.odpi.openmetadata.frameworks.auditlog,1,0,0,16,0,0,0,0,0,4,0,0,0,0
org.odpi.openmetadata.adapters.repositoryservices.auditlogstore.slf4j,org.odpi.openmetadata.frameworks.openmetadata.ffdc,1,0,0,0,0,1,0,0,0,0,0,0,0,0
org.odpi.openmetadata.adapters.repositoryservices.auditlogstore.slf4j,org.odpi.openmetadata.adapters.connectors,1,0,0,0,0,0,0,0,0,2,0,0,0,0
org.odpi.openmetadata.repositoryservices.connectors.stores.archivestore.properties,org.odpi.openmetadata.repositoryservices.connectors.stores.metadatacollectionstore.properties.typedefs,3,3,6,3,0,0,0,0,1,6,0,0,0,0
org.odpi.openmetadata.repositoryservices.connectors.stores.archivestore.properties,org.odpi.openmetadata.repositoryservices.connectors.stores.metadatacollectionstore.properties.instances,3,3,6,3,0,0,0,0,3,6,0,0,0,0
org.odpi.openmetadata.commonservices.ffdc.exceptions,org.odpi.openmetadata.frameworks.openmetadata.ffdc,2,0,0,31,0,0,0,2,0,0,0,0,0,0
org.odpi.openmetadata.commonservices.ffdc.exceptions,org.odpi.openmetadata.frameworks.auditlog.messagesets,2,0,8,0,0,0,0,0,0,0,0,0,0,0
org.odpi.openmetadata.opentypes.utility,org.odpi.openmetadata.opentypes,1,1,0,2,0,0,0,0,1,0,0,0,0,0
org.odpi.openmetadata.adapters.connectors.dynamicarchivers,org.odpi.openmetadata.frameworks.openmetadata.specificationproperties,3,5,3,19,3,0,0,0,5,3,0,0,0,0
org.odpi.openmetadata.adapters.connectors.dynamicarchivers,org.odpi.openmetadata.repositoryservices.auditlog,1,0,0,0,0,0,0,0,0,0,0,0,0,0
org.odpi.openmetadata.adapters.connectors.dynamicarchivers,org.odpi.openmetadata.repositoryservices.connectors.stores.metadatacollectionstore.properties.instances,3,0,6,0,9,0,0,0,0,0,0,0,0,0
org.odpi.openmetadata.adapters.connectors.dynamicarchivers,org.odpi.openmetadata.repositoryservices.connectors.stores.metadatacollectionstore.properties.typedefs,8,0,14,0,16,0,0,0,0,0,0,0,0,0
org.odpi.openmetadata.adapters.connectors.dynamicarchivers,org.odpi.openmetadata.repositoryservices.connectors.stores.archivestore.properties,3,2,2,0,4,0,0,0,0,2,0,0,0,0
org.odpi.openmetadata.adapters.connectors.dynamicarchivers,org.odpi.openmetadata.repositoryservices.connectors.stores.archivestore,3,3,1,27,0,0,2,0,0,2,4,0,0,0
org.odpi.openmetadata.adapters.connectors.dynamicarchivers,org.odpi.openmetadata.repositoryservices.archiveutilities,1,1,0,1,0,0,0,0,1,2,0,0,0,0
org.odpi.openmetadata.adapters.connectors.dynamicarchivers,org.odpi.openmetadata.frameworks.opengovernance,0,0,0,0,0,0,0,0,0,6,0,0,0,0
org.odpi.openmetadata.adapters.connectors.dynamicarchivers,org.odpi.openmetadata.frameworks.openmetadata.refdata,1,1,1,0,1,0,0,0,0,5,0,0,0,0
org.odpi.openmetadata.adapters.connectors.dynamicarchivers,org.odpi.openmetadata.engineservices.repositorygovernance.connector,3,0,1,3,0,0,0,2,0,4,0,0,0,0
org.odpi.openmetadata.adapters.connectors.dynamicarchivers,org.odpi.openmetadata.frameworks.connectors,2,1,1,0,0,0,0,0,0,2,0,0,0,0
org.odpi.openmetadata.adapters.connectors.dynamicarchivers,org.odpi.openmetadata.frameworks.openmetadata.ffdc,1,0,0,0,0,1,0,0,0,0,0,0,0,0
org.odpi.openmetadata.adapters.connectors.dynamicarchivers,org.odpi.openmetadata.engineservices.repositorygovernance.ffdc,1,0,0,0,0,0,0,0,0,4,0,0,0,0
org.odpi.openmetadata.adapters.connectors.dynamicarchivers,org.odpi.openmetadata.frameworks.connectors.ffdc,1,0,0,2,0,3,0,0,2,0,0,0,0,0
org.odpi.openmetadata.accessservices.communityprofile.fvt.todos,org.odpi.openmetadata.frameworks.openmetadata.search,2,5,0,5,0,0,0,0,1,0,0,0,0,0
org.odpi.openmetadata.accessservices.communityprofile.fvt.todos,org.odpi.openmetadata.frameworks.openmetadata.types,1,0,0,0,0,0,0,0,0,14,0,0,0,0
org.odpi.openmetadata.accessservices.communityprofile.fvt.todos,org.odpi.openmetadata.fvt.utilities,1,1,0,5,1,0,0,0,1,0,0,0,0,0
org.odpi.openmetadata.accessservices.communityprofile.fvt.todos,org.odpi.openmetadata.fvt.utilities.auditlog,1,0,1,0,0,0,0,0,0,0,0,0,0,0
org.odpi.openmetadata.accessservices.communityprofile.fvt.todos,org.odpi.openmetadata.fvt.utilities.exceptions,1,0,0,70,0,11,0,0,70,0,0,0,0,0
org.odpi.openmetadata.accessservices.communityprofile.fvt.todos,org.odpi.openmetadata.adminservices.configuration.registration,2,0,0,0,0,0,0,0,0,7,0,0,0,0
org.odpi.openmetadata.accessservices.communityprofile.fvt.todos,org.odpi.openmetadata.frameworks.openmetadata.ffdc,1,0,0,0,0,0,0,0,0,0,0,0,0,0
org.odpi.openmetadata.accessservices.communityprofile.fvt.todos,org.odpi.openmetadata.frameworks.openmetadata.metadataelements,1,2,0,13,0,0,0,0,0,0,0,0,0,0
org.odpi.openmetadata.accessservices.communityprofile.fvt.todos,org.odpi.openmetadata.frameworks.auditlog,1,1,1,1,0,0,0,0,1,0,0,0,0,0
org.odpi.openmetadata.accessservices.communityprofile.fvt.todos,org.odpi.openmetadata.frameworks.openmetadata.client,1,2,4,4,1,0,0,0,0,0,0,0,0,0
org.odpi.openmetadata.conformance.tests.repository,org.odpi.openmetadata.repositoryservices.connectors.stores.metadatacollectionstore.repositoryconnector,2,4,0,10,1,0,0,0,0,2,0,0,0,0
org.odpi.openmetadata.conformance.tests.repository,org.odpi.openmetadata.repositoryservices.connectors.stores.metadatacollectionstore.properties.typedefs,1,27,15,36,1,0,0,0,0,22,5,0,0,0
org.odpi.openmetadata.conformance.tests.repository,org.odpi.openmetadata.repositoryservices.connectors.stores.metadatacollectionstore.properties.instances,6,10,5,49,8,0,0,0,7,11,0,0,0,0
org.odpi.openmetadata.conformance.tests.repository,org.odpi.openmetadata.repositoryservices.connectors.stores.metadatacollectionstore,1,1,2,2,1,0,0,0,0,1,0,0,0,0
org.odpi.openmetadata.conformance.tests.repository,org.odpi.openmetadata.conformance.beans,1,0,0,6,0,0,0,1,0,16,0,0,0,0
org.odpi.openmetadata.conformance.tests.repository,org.odpi.openmetadata.conformance.ffdc,1,0,0,0,0,0,0,0,0,6,0,0,0,0
org.odpi.openmetadata.conformance.tests.repository,org.odpi.openmetadata.conformance.workbenches.repository,2,1,2,6,0,0,0,0,0,14,0,0,0,0
org.odpi.openmetadata.conformance.tests.repository,org.odpi.openmetadata.frameworks.auditlog,1,2,0,3,0,0,0,0,0,0,0,0,0,0
org.odpi.openmetadata.viewservices.runtimemanager.admin,org.odpi.openmetadata.commonservices.multitenant,0,0,0,1,0,0,0,0,0,0,0,0,0,0
org.odpi.openmetadata.viewservices.runtimemanager.admin,org.odpi.openmetadata.frameworks.auditlog,1,1,1,5,0,0,0,0,0,1,0,0,0,0
org.odpi.openmetadata.viewservices.runtimemanager.admin,org.odpi.openmetadata.adminservices.registration,1,0,0,1,0,0,0,1,0,1,0,0,0,0
org.odpi.openmetadata.viewservices.runtimemanager.admin,org.odpi.openmetadata.adminservices.configuration.properties,1,0,1,7,0,0,0,0,0,0,0,0,0,0
org.odpi.openmetadata.viewservices.runtimemanager.admin,org.odpi.openmetadata.adminservices.configuration.registration,1,0,0,0,0,0,0,0,0,2,0,0,0,0
org.odpi.openmetadata.viewservices.runtimemanager.admin,org.odpi.openmetadata.adminservices.ffdc.exception,1,0,0,0,0,1,0,0,0,0,0,0,0,0
org.odpi.openmetadata.viewservices.runtimemanager.admin,org.odpi.openmetadata.viewservices.runtimemanager.server,1,1,0,1,0,0,0,0,1,1,0,0,0,0
org.odpi.openmetadata.viewservices.runtimemanager.admin,org.odpi.openmetadata.viewservices.runtimemanager.ffdc,1,0,0,0,0,0,0,0,0,10,0,0,0,0
org.odpi.openmetadata.engineservices.governanceaction.listener,org.odpi.openmetadata.governanceservers.enginehostservices.admin,1,1,0,0,0,0,0,0,0,0,0,0,0,0
org.odpi.openmetadata.engineservices.governanceaction.listener,org.odpi.openmetadata.governanceservers.enginehostservices.enginemap,1,1,1,1,0,0,0,0,0,1,0,0,0,0
org.odpi.openmetadata.engineservices.governanceaction.listener,org.odpi.openmetadata.governanceservers.enginehostservices.api,1,0,0,0,0,0,0,0,0,0,1,0,0,0
org.odpi.openmetadata.engineservices.governanceaction.listener,org.odpi.openmetadata.frameworks.openmetadata.events,2,0,1,0,0,0,1,0,0,0,0,0,0,0
org.odpi.openmetadata.engineservices.governanceaction.listener,org.odpi.openmetadata.engineservices.governanceaction.ffdc,1,0,0,0,0,0,0,0,0,2,0,0,0,0
org.odpi.openmetadata.engineservices.governanceaction.listener,org.odpi.openmetadata.engineservices.governanceaction.handlers,1,0,0,0,0,0,0,0,0,0,0,0,0,0
org.odpi.openmetadata.engineservices.governanceaction.listener,org.odpi.openmetadata.frameworks.auditlog,1,1,1,1,0,0,0,0,0,1,0,0,0,0
org.odpi.openmetadata.viewservices.automatedcuration.mermaid,org.odpi.openmetadata.frameworks.openmetadata.refdata,0,0,0,1,0,0,0,0,0,0,0,0,0,0
org.odpi.openmetadata.viewservices.automatedcuration.mermaid,org.odpi.openmetadata.frameworks.openmetadata.types,1,0,0,0,0,0,0,0,0,12,0,0,0,0
org.odpi.openmetadata.viewservices.automatedcuration.mermaid,org.odpi.openmetadata.frameworks.openmetadata.specificationproperties,1,1,1,3,0,0,0,0,0,1,0,0,0,0
org.odpi.openmetadata.viewservices.automatedcuration.mermaid,org.odpi.openmetadata.frameworks.openmetadata.metadataelements,0,0,0,18,0,0,0,0,0,0,0,0,0,0
org.odpi.openmetadata.viewservices.automatedcuration.mermaid,org.odpi.openmetadata.frameworks.openmetadata.mermaid,2,0,0,10,0,0,0,1,0,28,0,0,0,0
org.odpi.openmetadata.viewservices.automatedcuration.mermaid,org.odpi.openmetadata.viewservices.automatedcuration.properties,3,3,2,34,0,0,0,0,0,0,0,0,0,0
org.odpi.openmetadata.adapters.connectors.surveyaction.surveyfolder,org.odpi.openmetadata.frameworks.connectors.ffdc,1,0,0,0,0,6,0,0,0,0,0,0,0,0
org.odpi.openmetadata.adapters.connectors.surveyaction.surveyfolder,org.odpi.openmetadata.frameworks.auditlog,1,2,2,7,0,0,0,0,0,2,0,0,0,0
org.odpi.openmetadata.adapters.connectors.surveyaction.surveyfolder,org.odpi.openmetadata.frameworks.connectors,0,0,0,2,0,0,0,0,0,1,0,0,0,0
org.odpi.openmetadata.adapters.connectors.surveyaction.surveyfolder,org.odpi.openmetadata.frameworks.openmetadata.ffdc,3,0,0,0,0,14,0,0,0,0,0,0,0,0
org.odpi.openmetadata.adapters.connectors.surveyaction.surveyfolder,org.odpi.openmetadata.frameworks.openmetadata.fileclassifier,2,3,1,31,0,0,0,0,0,1,0,0,0,0
org.odpi.openmetadata.adapters.connectors.surveyaction.surveyfolder,org.odpi.openmetadata.frameworks.openmetadata.connectorcontext,0,0,0,5,0,0,0,0,0,0,0,0,0,0
org.odpi.openmetadata.adapters.connectors.surveyaction.surveyfolder,org.odpi.openmetadata.frameworks.openmetadata.metadataelements,1,1,0,10,0,0,0,0,0,0,0,0,0,0
org.odpi.openmetadata.adapters.connectors.surveyaction.surveyfolder,org.odpi.openmetadata.frameworks.opensurvey.controls,4,0,0,3,0,0,0,0,1,38,0,0,0,0
org.odpi.openmetadata.adapters.connectors.surveyaction.surveyfolder,org.odpi.openmetadata.frameworks.opensurvey,4,4,2,35,0,0,0,2,0,34,0,0,0,0
org.odpi.openmetadata.adapters.connectors.surveyaction.surveyfolder,org.odpi.openmetadata.frameworks.openmetadata.specificationproperties,1,1,0,5,0,0,0,0,1,0,0,0,0,0
org.odpi.openmetadata.adapters.connectors.surveyaction.surveyfolder,org.odpi.openmetadata.frameworks.openmetadata.refdata,1,0,0,0,0,0,0,0,0,8,0,0,0,0
org.odpi.openmetadata.adapters.connectors.surveyaction.surveyfolder,org.odpi.openmetadata.adapters.connectors.surveyaction.ffdc,1,0,0,0,0,0,0,0,0,14,0,0,0,0
org.odpi.openmetadata.adapters.connectors.surveyaction.surveyfolder,org.odpi.openmetadata.adapters.connectors.surveyaction.extractors,1,1,0,2,0,0,0,0,1,0,0,0,0,0
org.odpi.openmetadata.adapters.connectors.surveyaction.surveyfolder,org.odpi.openmetadata.adapters.connectors.surveyaction.controls,2,0,0,1,0,0,0,0,0,5,0,0,0,0
org.odpi.openmetadata.adapters.connectors.surveyaction.surveyfolder,org.odpi.openmetadata.adapters.connectors.datastore.basicfile,1,1,0,1,0,0,0,0,0,0,1,0,0,0
org.odpi.openmetadata.adapters.connectors.surveyaction.surveyfolder,org.odpi.openmetadata.adapters.connectors,1,0,0,0,0,0,0,0,0,2,0,0,0,0
org.odpi.openmetadata.adapters.connectors.surveyaction.surveyfolder,org.odpi.openmetadata.frameworks.opensurvey.measurements,2,1,0,20,0,0,0,0,1,36,0,0,0,0
org.odpi.openmetadata.adapters.connectors.surveyaction.surveyfolder,org.odpi.openmetadata.frameworks.openmetadata.types,1,0,0,0,0,0,0,0,0,6,0,0,0,0
org.odpi.openmetadata.adapters.connectors.surveyaction.surveyfolder,org.odpi.openmetadata.frameworks.openmetadata.search,1,2,0,10,0,0,0,0,2,0,0,0,0,0
org.odpi.openmetadata.adapters.connectors.surveyaction.surveyfolder,org.odpi.openmetadata.frameworks.openmetadata.properties.surveyreports,0,9,1,22,0,0,0,0,10,4,0,0,0,0
org.odpi.openmetadata.adapters.connectors.surveyaction.surveyfolder,org.odpi.openmetadata.frameworks.openmetadata.definitions,1,0,0,1,0,0,0,0,1,0,0,0,0,0
org.odpi.openmetadata.adapters.connectors.surveyaction.surveyfolder,org.odpi.openmetadata.frameworks.connectors.controls,1,0,0,1,0,0,0,0,0,1,0,0,0,0
org.odpi.openmetadata.adapters.connectors.surveyaction.surveyfolder,org.odpi.openmetadata.frameworks.opengovernance,0,0,0,0,0,0,0,0,0,1,0,0,0,0
org.odpi.openmetadata.frameworks.openmetadata.properties.informationsupplychains,org.odpi.openmetadata.frameworks.openmetadata.types,2,0,0,0,0,0,0,0,0,4,0,0,0,0
org.odpi.openmetadata.frameworks.openmetadata.properties.informationsupplychains,org.odpi.openmetadata.frameworks.openmetadata.properties,1,0,0,3,0,0,0,1,0,4,0,0,0,0
org.odpi.openmetadata.frameworks.openmetadata.properties.informationsupplychains,org.odpi.openmetadata.frameworks.openmetadata.properties.collections,1,0,0,5,0,0,0,1,0,4,0,0,0,0
org.odpi.openmetadata.viewservices.multilanguage.ffdc,org.odpi.openmetadata.frameworks.auditlog,1,1,1,0,0,0,0,0,0,13,0,0,0,0
org.odpi.openmetadata.viewservices.multilanguage.ffdc,org.odpi.openmetadata.frameworks.auditlog.messagesets,2,1,0,3,2,0,0,0,2,0,0,0,0,0
org.odpi.openmetadata.viewservices.devopspipeline.server.spring,org.odpi.openmetadata.viewservices.devopspipeline.server,1,1,0,1,0,0,0,0,1,0,0,0,0,0
org.odpi.openmetadata.accessservices.assetconsumer.samples.readavrofile,org.odpi.openmetadata.http,1,0,0,1,0,0,0,0,0,1,0,0,0,0
org.odpi.openmetadata.accessservices.assetconsumer.samples.readavrofile,org.odpi.openmetadata.adapters.connectors.datastore.basicfile,2,3,1,1,2,0,0,0,0,4,2,0,0,0
org.odpi.openmetadata.accessservices.assetconsumer.samples.readavrofile,org.odpi.openmetadata.adapters.connectors.datastore.basicfile.ffdc.exception,1,0,0,0,0,0,0,0,0,0,0,0,0,0
org.odpi.openmetadata.accessservices.assetconsumer.samples.readavrofile,org.odpi.openmetadata.frameworkservices.ocf.metadatamanagement.client,1,0,0,1,0,0,0,0,1,0,0,0,0,0
org.odpi.openmetadata.accessservices.assetconsumer.samples.readavrofile,org.odpi.openmetadata.frameworks.connectors.properties.beans,3,3,0,18,1,0,0,0,3,0,0,0,0,0
org.odpi.openmetadata.accessservices.assetconsumer.samples.readavrofile,org.odpi.openmetadata.frameworks.connectors.client,1,1,0,1,0,0,0,0,0,0,0,0,0,0
org.odpi.openmetadata.accessservices.assetconsumer.samples.readavrofile,org.odpi.openmetadata.frameworks.connectors,1,1,0,2,0,0,0,0,1,0,0,0,0,0
org.odpi.openmetadata.adapters.connectors.externalharvesters.harvestsurveys.schema,org.odpi.openmetadata.adapters.connectors.resource.jdbc.ddl.postgres,7,0,0,0,0,0,0,0,0,0,0,0,0,0
org.odpi.openmetadata.adapters.connectors.externalharvesters.harvestsurveys.schema,org.odpi.openmetadata.adapters.connectors.resource.jdbc.properties,1,1,1,3,1,0,0,0,0,207,0,0,0,0
org.odpi.openmetadata.adapters.connectors.externalharvesters.harvestsurveys.schema,org.odpi.openmetadata.frameworks.opensurvey.measurements,0,0,0,0,0,0,0,0,0,120,0,0,0,0
org.odpi.openmetadata.engineservices.repositorygovernance.client.rest,org.odpi.openmetadata.frameworks.connectors,1,0,0,0,0,0,0,0,0,0,0,0,0,0
org.odpi.openmetadata.engineservices.repositorygovernance.client.rest,org.odpi.openmetadata.frameworks.auditlog,1,0,2,0,0,0,0,0,0,0,0,0,0,0
org.odpi.openmetadata.engineservices.repositorygovernance.client.rest,org.odpi.openmetadata.frameworks.openmetadata.ffdc,1,0,0,0,0,2,0,0,0,0,0,0,0,0
org.odpi.openmetadata.engineservices.repositorygovernance.client.rest,org.odpi.openmetadata.commonservices.ffdc.rest,1,0,0,2,0,0,0,1,0,0,0,0,0,0
org.odpi.openmetadata.repositoryservices.connectors.stores.cohortregistrystore.properties,org.odpi.openmetadata.frameworks.connectors.properties.beans,1,1,1,1,1,0,0,0,1,1,0,0,0,0
org.odpi.openmetadata.viewservices.schemamaker.ffdc,org.odpi.openmetadata.frameworks.auditlog.messagesets,4,2,0,6,4,0,0,0,4,0,0,0,0,0
org.odpi.openmetadata.viewservices.schemamaker.ffdc,org.odpi.openmetadata.frameworks.auditlog,1,1,1,0,0,0,0,0,0,13,0,0,0,0
org.odpi.openmetadata.adapters.connectors.restclients.spring,org.odpi.openmetadata.adapters.connectors.restclients.ffdc.exceptions,1,0,0,13,0,13,0,0,13,0,0,0,0,0
org.odpi.openmetadata.adapters.connectors.restclients.spring,org.odpi.openmetadata.adapters.connectors.restclients.ffdc,1,13,0,13,0,0,0,0,0,26,0,0,0,0
org.odpi.openmetadata.adapters.connectors.restclients.spring,org.odpi.openmetadata.adapters.connectors.restclients,2,0,0,2,0,0,0,2,0,1,0,0,0,0
org.odpi.openmetadata.adapters.connectors.restclients.spring,org.odpi.openmetadata.tokenmanager.http,1,0,0,1,0,0,0,0,0,1,0,0,0,0
org.odpi.openmetadata.adapters.connectors.restclients.spring,org.odpi.openmetadata.adapters.connectors,1,0,0,0,0,0,0,0,0,2,0,0,0,0
org.odpi.openmetadata.adapters.connectors.restclients.spring,org.odpi.openmetadata.frameworks.auditlog,1,1,0,14,0,0,0,0,1,0,0,0,0,0
org.odpi.openmetadata.adapters.connectors.restclients.spring,org.odpi.openmetadata.frameworks.auditlog.messagesets,1,13,0,39,0,0,0,0,0,0,0,0,0,0
org.odpi.openmetadata.adapters.connectors.restclients.spring,org.odpi.openmetadata.frameworks.connectors,1,1,0,6,0,0,0,0,0,7,0,0,0,0
org.odpi.openmetadata.adapters.connectors.restclients.spring,org.odpi.openmetadata.frameworks.auditlog.requestid,2,1,0,10,0,0,0,0,1,0,10,0,0,0
org.odpi.openmetadata.adapters.connectors.restclients.spring,org.odpi.openmetadata.frameworks.connectors.controls,2,0,0,0,0,0,0,0,0,16,0,0,0,0
org.odpi.openmetadata.adapters.connectors.restclients.spring,org.odpi.openmetadata.frameworks.connectors.ffdc,1,0,0,0,0,3,0,0,0,0,0,0,0,0
org.odpi.openmetadata.adapters.connectors.restclients.spring,org.odpi.openmetadata.frameworks.connectors.properties.beans,1,1,0,5,0,0,0,0,0,0,0,0,0,0
org.odpi.openmetadata.adapters.connectors.restclients.spring,org.odpi.openmetadata.frameworks.connectors.properties.users,1,1,0,3,0,0,0,0,0,0,0,0,0,0
org.odpi.openmetadata.adapters.connectors.restclients.spring,org.odpi.openmetadata.frameworks.openmetadata.ffdc,1,0,0,0,0,1,0,0,0,0,0,0,0,0
org.odpi.openmetadata.viewservices.actormanager.server.spring,org.odpi.openmetadata.viewservices.actormanager.server,1,1,0,52,0,0,0,0,1,0,0,0,0,0
org.odpi.openmetadata.viewservices.actormanager.server.spring,org.odpi.openmetadata.commonservices.ffdc.rest,1,0,51,0,51,0,0,0,0,0,0,0,0,0
org.odpi.openmetadata.fvt.utilities,org.odpi.openmetadata.fvt.utilities.auditlog,1,1,0,2,1,0,0,0,1,0,0,0,0,0
org.odpi.openmetadata.fvt.utilities,org.odpi.openmetadata.frameworks.auditlog,1,1,0,1,0,0,0,0,0,0,0,0,0,0
org.odpi.openmetadata.accessservices.datamanager.fvt,org.odpi.openmetadata.http,1,0,0,1,0,0,0,0,0,1,0,0,0,0
org.odpi.openmetadata.accessservices.datamanager.fvt,org.odpi.openmetadata.accessservices.datamanager.fvt.clientconstructors,1,0,0,1,0,0,0,0,0,1,0,0,0,0
org.odpi.openmetadata.accessservices.datamanager.fvt,org.odpi.openmetadata.accessservices.datamanager.fvt.databases,1,0,0,1,0,0,0,0,0,1,0,0,0,0
org.odpi.openmetadata.accessservices.datamanager.fvt,org.odpi.openmetadata.accessservices.datamanager.fvt.connections,1,0,0,1,0,0,0,0,0,1,0,0,0,0
org.odpi.openmetadata.accessservices.datamanager.fvt,org.odpi.openmetadata.accessservices.datamanager.fvt.events,1,0,0,1,0,0,0,0,0,1,0,0,0,0
org.odpi.openmetadata.accessservices.datamanager.fvt,org.odpi.openmetadata.accessservices.datamanager.fvt.errorhandling,1,0,0,1,0,0,0,0,0,1,0,0,0,0
org.odpi.openmetadata.accessservices.datamanager.fvt,org.odpi.openmetadata.accessservices.datamanager.fvt.validvalues,1,0,0,1,0,0,0,0,0,1,0,0,0,0
org.odpi.openmetadata.accessservices.datamanager.fvt,org.odpi.openmetadata.fvt.utilities,2,1,0,15,0,0,0,1,0,6,0,0,0,0
org.odpi.openmetadata.adapters.repositoryservices.archiveconnector.directory.ffdc,org.odpi.openmetadata.frameworks.auditlog.messagesets,4,2,0,6,4,0,0,0,4,0,0,0,0,0
org.odpi.openmetadata.adapters.repositoryservices.archiveconnector.directory.ffdc,org.odpi.openmetadata.frameworks.auditlog,1,1,1,0,0,0,0,0,0,5,0,0,0,0
org.odpi.openmetadata.accessservices.communityprofile.fvt.metadatasources,org.odpi.openmetadata.fvt.utilities.auditlog,1,0,1,0,0,0,0,0,0,0,0,0,0,0
org.odpi.openmetadata.accessservices.communityprofile.fvt.metadatasources,org.odpi.openmetadata.fvt.utilities,1,1,0,5,1,0,0,0,1,0,0,0,0,0
org.odpi.openmetadata.accessservices.communityprofile.fvt.metadatasources,org.odpi.openmetadata.fvt.utilities.exceptions,1,0,0,23,0,5,0,0,23,0,0,0,0,0
org.odpi.openmetadata.accessservices.communityprofile.fvt.metadatasources,org.odpi.openmetadata.frameworks.auditlog,1,1,1,1,0,0,0,0,1,0,0,0,0,0
org.odpi.openmetadata.accessservices.communityprofile.fvt.metadatasources,org.odpi.openmetadata.frameworks.openmetadata.metadataelements,2,2,0,7,0,0,0,0,0,0,0,0,0,0
org.odpi.openmetadata.accessservices.communityprofile.fvt.metadatasources,org.odpi.openmetadata.adminservices.configuration.registration,1,0,0,0,0,0,0,0,0,5,0,0,0,0
org.odpi.openmetadata.adapters.connectors.integration.basicfiles.controls,org.odpi.openmetadata.frameworks.openmetadata.controls,4,0,0,27,0,0,0,0,0,31,0,0,0,0
org.odpi.openmetadata.adapters.connectors.integration.basicfiles.controls,org.odpi.openmetadata.frameworks.openmetadata.definitions,2,0,0,0,2,0,0,0,0,0,0,0,0,0
org.odpi.openmetadata.adapters.connectors.integration.basicfiles.controls,org.odpi.openmetadata.frameworks.openmetadata.refdata,2,2,2,0,0,0,0,0,0,218,0,0,0,0
org.odpi.openmetadata.adapters.connectors.integration.basicfiles.controls,org.odpi.openmetadata.frameworks.openmetadata.specificationproperties,6,2,4,14,2,0,0,0,2,4,0,0,0,0
org.odpi.openmetadata.viewservices.referencedata.ffdc,org.odpi.openmetadata.frameworks.auditlog.messagesets,2,1,0,3,2,0,0,0,2,0,0,0,0,0
org.odpi.openmetadata.viewservices.referencedata.ffdc,org.odpi.openmetadata.frameworks.auditlog,1,1,1,0,0,0,0,0,0,13,0,0,0,0
org.odpi.openmetadata.frameworkservices.ocf.metadatamanagement.server.spring,org.odpi.openmetadata.commonservices.ffdc.rest,2,0,0,0,3,0,0,0,0,0,0,0,0,0
org.odpi.openmetadata.frameworkservices.ocf.metadatamanagement.server.spring,org.odpi.openmetadata.frameworks.connectors.properties.beans,1,0,0,0,0,0,0,0,0,0,0,0,0,0
org.odpi.openmetadata.frameworkservices.ocf.metadatamanagement.server.spring,org.odpi.openmetadata.frameworkservices.ocf.metadatamanagement.server,1,1,0,4,0,0,0,0,1,0,0,0,0,0
org.odpi.openmetadata.accessservices.governanceprogram.fvt,org.odpi.openmetadata.http,1,0,0,1,0,0,0,0,0,1,0,0,0,0
org.odpi.openmetadata.accessservices.governanceprogram.fvt,org.odpi.openmetadata.accessservices.governanceprogram.fvt.errorhandling,1,0,0,1,0,0,0,0,0,1,0,0,0,0
org.odpi.openmetadata.accessservices.governanceprogram.fvt,org.odpi.openmetadata.accessservices.governanceprogram.fvt.definitions,1,0,0,1,0,0,0,0,0,1,0,0,0,0
org.odpi.openmetadata.accessservices.governanceprogram.fvt,org.odpi.openmetadata.accessservices.governanceprogram.fvt.clientconstructors,1,0,0,1,0,0,0,0,0,1,0,0,0,0
org.odpi.openmetadata.accessservices.governanceprogram.fvt,org.odpi.openmetadata.fvt.utilities,2,1,0,9,0,0,0,1,0,3,0,0,0,0
org.odpi.openmetadata.frameworks.openmetadata.properties.resources,org.odpi.openmetadata.frameworks.openmetadata.properties,2,0,0,8,0,0,0,2,0,8,0,0,0,0
org.odpi.openmetadata.frameworks.openmetadata.properties.resources,org.odpi.openmetadata.frameworks.openmetadata.types,2,0,0,0,0,0,0,0,0,4,0,0,0,0
org.odpi.openmetadata.adapters.connectors.unitycatalog.resource,org.odpi.openmetadata.adapters.connectors,1,0,0,0,0,0,0,0,0,2,0,0,0,0
org.odpi.openmetadata.adapters.connectors.unitycatalog.resource,org.odpi.openmetadata.frameworks.connectors,2,0,0,2,0,0,0,2,0,5,0,0,0,0
org.odpi.openmetadata.adapters.connectors.unitycatalog.resource,org.odpi.openmetadata.adapters.connectors.unitycatalog.properties,0,5,5,29,22,0,0,0,5,27,0,0,0,0
org.odpi.openmetadata.adapters.connectors.unitycatalog.resource,org.odpi.openmetadata.adapters.connectors.unitycatalog.resource.rest,0,12,0,30,0,0,0,0,5,7,0,0,0,0
org.odpi.openmetadata.adapters.connectors.unitycatalog.resource,org.odpi.openmetadata.frameworks.auditlog,3,1,1,5,1,0,1,0,0,1,0,0,0,0
org.odpi.openmetadata.adapters.connectors.unitycatalog.resource,org.odpi.openmetadata.adapters.connectors.unitycatalog.ffdc,2,0,0,0,0,0,0,0,0,10,0,0,0,0
org.odpi.openmetadata.adapters.connectors.unitycatalog.resource,org.odpi.openmetadata.adapters.connectors.restclients,1,1,0,5,0,0,0,0,0,1,0,0,0,0
org.odpi.openmetadata.adapters.connectors.unitycatalog.resource,org.odpi.openmetadata.adapters.connectors.restclients.factory,1,1,0,2,0,0,0,0,1,0,0,0,0,0
org.odpi.openmetadata.adapters.connectors.unitycatalog.resource,org.odpi.openmetadata.frameworks.connectors.properties.beans,1,1,0,4,0,0,0,0,0,0,0,0,0,0
org.odpi.openmetadata.adapters.connectors.unitycatalog.resource,org.odpi.openmetadata.frameworks.connectors.ffdc,1,0,0,2,0,1,0,0,2,0,0,0,0,0
org.odpi.openmetadata.adapters.connectors.unitycatalog.resource,org.odpi.openmetadata.frameworks.openmetadata.ffdc,2,0,0,1,0,43,0,0,1,0,0,0,0,0
org.odpi.openmetadata.frameworks.opengovernance.connectorcontext,org.odpi.openmetadata.frameworks.auditlog,2,0,2,0,0,0,0,0,0,0,0,0,0,0
org.odpi.openmetadata.frameworks.opengovernance.connectorcontext,org.odpi.openmetadata.frameworks.opengovernance.client,3,1,2,5,0,0,0,0,0,1,0,0,0,0
org.odpi.openmetadata.frameworks.opengovernance.connectorcontext,org.odpi.openmetadata.frameworks.opengovernance.handlers,1,1,0,6,0,0,0,0,1,1,0,0,0,0
org.odpi.openmetadata.frameworks.opengovernance.connectorcontext,org.odpi.openmetadata.frameworks.openmetadata.client,1,0,1,0,0,0,0,0,0,0,0,0,0,0
org.odpi.openmetadata.frameworks.opengovernance.connectorcontext,org.odpi.openmetadata.frameworks.openmetadata.connectorcontext,4,0,2,2,0,0,0,2,0,10,0,0,0,0
org.odpi.openmetadata.frameworks.opengovernance.connectorcontext,org.odpi.openmetadata.frameworks.openmetadata.enums,1,0,2,0,0,0,0,0,0,0,0,0,0,0
org.odpi.openmetadata.frameworks.opengovernance.connectorcontext,org.odpi.openmetadata.frameworks.openmetadata.ffdc,6,0,0,0,0,30,0,0,0,0,0,0,0,0
org.odpi.openmetadata.frameworks.opengovernance.connectorcontext,org.odpi.openmetadata.frameworks.openmetadata.metadataelements,1,0,0,0,0,0,0,0,0,0,0,0,0,0
org.odpi.openmetadata.frameworks.opengovernance.connectorcontext,org.odpi.openmetadata.frameworks.openmetadata.properties,2,0,0,0,0,0,0,0,0,0,0,0,0,0
org.odpi.openmetadata.frameworks.opengovernance.connectorcontext,org.odpi.openmetadata.frameworks.openmetadata.properties.assets.processes.actions,1,0,4,0,0,0,0,0,0,0,0,0,0,0
org.odpi.openmetadata.frameworks.opengovernance.connectorcontext,org.odpi.openmetadata.frameworks.opengovernance.properties,1,0,0,0,0,0,0,0,0,0,0,0,0,0
org.odpi.openmetadata.frameworks.opengovernance.connectorcontext,org.odpi.openmetadata.frameworks.openmetadata.search,1,0,2,0,0,0,0,0,0,0,0,0,0,0
org.odpi.openmetadata.repositoryservices.connectors.stores.metadatacollectionstore.properties.search,org.odpi.openmetadata.repositoryservices.connectors.stores.metadatacollectionstore.properties,2,2,2,0,2,0,0,0,0,6,0,0,0,0
org.odpi.openmetadata.repositoryservices.connectors.stores.metadatacollectionstore.properties.search,org.odpi.openmetadata.repositoryservices.connectors.stores.metadatacollectionstore.properties.instances,1,1,1,0,1,0,0,0,0,1,0,0,0,0
org.odpi.openmetadata.adapters.repositoryservices.auditlogstore.file,org.odpi.openmetadata.repositoryservices.connectors.stores.auditlogstore,3,0,1,4,1,0,0,2,0,5,0,0,0,0
org.odpi.openmetadata.adapters.repositoryservices.auditlogstore.file,org.odpi.openmetadata.repositoryservices.ffdc.exception,2,0,0,0,0,7,0,0,0,0,0,0,0,0
org.odpi.openmetadata.adapters.repositoryservices.auditlogstore.file,org.odpi.openmetadata.frameworks.connectors.properties.beans,1,1,0,2,0,0,0,0,0,0,0,0,0,0
org.odpi.openmetadata.adapters.repositoryservices.auditlogstore.file,org.odpi.openmetadata.frameworks.connectors.ffdc,1,0,0,0,0,2,0,0,0,0,0,0,0,0
org.odpi.openmetadata.adapters.repositoryservices.auditlogstore.file,org.odpi.openmetadata.frameworks.auditlog,0,0,0,2,0,0,0,0,0,0,0,0,0,0
org.odpi.openmetadata.adapters.repositoryservices.auditlogstore.file,org.odpi.openmetadata.frameworks.connectors,0,0,0,2,0,0,0,0,0,1,0,0,0,0
org.odpi.openmetadata.adapters.repositoryservices.auditlogstore.file,org.odpi.openmetadata.frameworks.openmetadata.ffdc,2,0,0,0,0,6,0,0,0,0,0,0,0,0
org.odpi.openmetadata.adapters.repositoryservices.auditlogstore.file,org.odpi.openmetadata.adapters.connectors,1,0,0,0,0,0,0,0,0,2,0,0,0,0
org.odpi.openmetadata.viewservices.classificationexplorer.server.spring,org.odpi.openmetadata.frameworks.openmetadata.search,4,0,21,0,0,0,0,0,0,0,0,0,0,0
org.odpi.openmetadata.viewservices.classificationexplorer.server.spring,org.odpi.openmetadata.frameworkservices.omf.rest,1,0,1,0,0,0,0,0,0,0,0,0,0,0
org.odpi.openmetadata.viewservices.classificationexplorer.server.spring,org.odpi.openmetadata.viewservices.classificationexplorer.server,1,1,0,98,0,0,0,0,1,0,0,0,0,0
org.odpi.openmetadata.viewservices.classificationexplorer.server.spring,org.odpi.openmetadata.commonservices.ffdc.rest,0,0,75,0,97,0,0,0,0,0,0,0,0,0
org.odpi.openmetadata.viewservices.notificationmanager.admin,org.odpi.openmetadata.frameworks.auditlog,1,1,1,5,0,0,0,0,0,1,0,0,0,0
org.odpi.openmetadata.viewservices.notificationmanager.admin,org.odpi.openmetadata.commonservices.multitenant,0,0,0,1,0,0,0,0,0,0,0,0,0,0
org.odpi.openmetadata.viewservices.notificationmanager.admin,org.odpi.openmetadata.adminservices.configuration.properties,1,0,1,7,0,0,0,0,0,0,0,0,0,0
org.odpi.openmetadata.viewservices.notificationmanager.admin,org.odpi.openmetadata.adminservices.registration,1,0,0,1,0,0,0,1,0,1,0,0,0,0
org.odpi.openmetadata.viewservices.notificationmanager.admin,org.odpi.openmetadata.adminservices.ffdc.exception,1,0,0,0,0,1,0,0,0,0,0,0,0,0
org.odpi.openmetadata.viewservices.notificationmanager.admin,org.odpi.openmetadata.adminservices.configuration.registration,1,0,0,0,0,0,0,0,0,2,0,0,0,0
org.odpi.openmetadata.viewservices.notificationmanager.admin,org.odpi.openmetadata.viewservices.notificationmanager.ffdc,1,0,0,0,0,0,0,0,0,10,0,0,0,0
org.odpi.openmetadata.viewservices.notificationmanager.admin,org.odpi.openmetadata.viewservices.notificationmanager.server,1,1,0,1,0,0,0,0,1,1,0,0,0,0
org.odpi.openmetadata.governanceservers.enginehostservices.api,org.odpi.openmetadata.frameworks.openmetadata.events,1,0,1,0,0,0,0,0,0,0,0,0,0,0
org.odpi.openmetadata.governanceservers.enginehostservices.api,org.odpi.openmetadata.frameworks.openmetadata.ffdc,1,0,0,0,0,1,0,0,0,0,0,0,0,0
org.odpi.openmetadata.frameworks.opengovernance.ffdc,org.odpi.openmetadata.frameworks.auditlog.messagesets,5,2,2,6,4,0,0,0,4,0,0,0,0,0
org.odpi.openmetadata.frameworks.opengovernance.ffdc,org.odpi.openmetadata.frameworks.auditlog,1,1,1,0,0,0,0,0,0,7,0,0,0,0
org.odpi.openmetadata.frameworks.opengovernance.ffdc,org.odpi.openmetadata.frameworks.connectors.ffdc,1,0,0,3,0,0,0,1,0,0,0,0,0,0
org.odpi.openmetadata.frameworks.opengovernance.ffdc,org.odpi.openmetadata.frameworks.openmetadata.ffdc,1,0,0,0,0,0,0,0,0,0,0,0,0,0
org.odpi.openmetadata.conformance.tests.platform,org.odpi.openmetadata.conformance.ffdc,1,0,0,0,0,0,0,0,0,6,0,0,0,0
org.odpi.openmetadata.conformance.tests.platform,org.odpi.openmetadata.conformance.beans,1,0,0,1,0,0,0,1,0,15,0,0,0,0
org.odpi.openmetadata.conformance.tests.platform,org.odpi.openmetadata.conformance.workbenches.platform,2,1,1,2,0,0,0,0,0,5,0,0,0,0
org.odpi.openmetadata.conformance.tests.platform,org.odpi.openmetadata.frameworks.auditlog,1,2,0,3,0,0,0,0,0,0,0,0,0,0
org.odpi.openmetadata.contentpacks.core.unitycatalog,org.odpi.openmetadata.adapters.connectors.controls,1,1,0,0,0,0,0,0,0,37,0,0,0,0
org.odpi.openmetadata.contentpacks.core.unitycatalog,org.odpi.openmetadata.adapters.connectors,1,0,0,0,0,0,0,0,0,2,0,0,0,0
org.odpi.openmetadata.contentpacks.core.unitycatalog,org.odpi.openmetadata.contentpacks.core,4,0,1,3,0,0,0,0,0,64,0,0,0,0
org.odpi.openmetadata.contentpacks.core.unitycatalog,org.odpi.openmetadata.samples.archiveutilities,0,0,0,65,0,0,0,0,0,64,0,0,0,0
org.odpi.openmetadata.contentpacks.core.unitycatalog,org.odpi.openmetadata.contentpacks.core.core,1,0,0,1,0,0,0,0,1,0,0,0,0,0
org.odpi.openmetadata.contentpacks.core.unitycatalog,org.odpi.openmetadata.contentpacks.core.files,1,0,0,1,0,0,0,0,1,0,0,0,0,0
org.odpi.openmetadata.contentpacks.core.unitycatalog,org.odpi.openmetadata.contentpacks.core.base,1,0,0,18,0,0,0,1,0,6,0,0,0,0
org.odpi.openmetadata.contentpacks.core.unitycatalog,org.odpi.openmetadata.adapters.connectors.datastore.datafolder,1,0,0,1,0,0,0,0,1,0,0,0,0,0
org.odpi.openmetadata.contentpacks.core.unitycatalog,org.odpi.openmetadata.adapters.connectors.unitycatalog.controls,3,1,0,7,0,0,0,0,0,128,0,0,0,0
org.odpi.openmetadata.contentpacks.core.unitycatalog,org.odpi.openmetadata.frameworks.connectors,0,0,0,1,0,0,0,0,0,0,0,0,0,0
org.odpi.openmetadata.contentpacks.core.unitycatalog,org.odpi.openmetadata.adapters.connectors.unitycatalog.provision,1,0,0,0,0,0,0,0,0,2,0,0,0,0
org.odpi.openmetadata.contentpacks.core.unitycatalog,org.odpi.openmetadata.adapters.connectors.unitycatalog.resource,1,0,0,1,0,0,0,0,1,0,0,0,0,0
org.odpi.openmetadata.contentpacks.core.unitycatalog,org.odpi.openmetadata.adapters.connectors.unitycatalog.sync,2,0,0,2,0,0,0,0,2,0,0,0,0,0
org.odpi.openmetadata.contentpacks.core.unitycatalog,org.odpi.openmetadata.frameworks.connectors.properties.beans,0,0,0,1,0,0,0,0,0,0,0,0,0,0
org.odpi.openmetadata.contentpacks.core.unitycatalog,org.odpi.openmetadata.frameworks.openmetadata.mapper,1,0,0,0,0,0,0,0,0,12,0,0,0,0
org.odpi.openmetadata.contentpacks.core.unitycatalog,org.odpi.openmetadata.frameworks.openmetadata.controls,2,0,1,1,0,0,0,0,0,44,0,0,0,0
org.odpi.openmetadata.contentpacks.core.unitycatalog,org.odpi.openmetadata.frameworks.openmetadata.definitions,1,7,1,58,0,0,0,0,0,0,0,0,0,0
org.odpi.openmetadata.contentpacks.core.unitycatalog,org.odpi.openmetadata.repositoryservices.connectors.stores.metadatacollectionstore.properties.instances,1,0,7,0,0,0,0,0,0,7,0,0,0,0
org.odpi.openmetadata.contentpacks.core.unitycatalog,org.odpi.openmetadata.repositoryservices.connectors.stores.archivestore.properties,1,0,0,1,0,0,0,0,1,0,0,0,0,0
org.odpi.openmetadata.contentpacks.core.unitycatalog,org.odpi.openmetadata.frameworks.openmetadata.refdata,3,0,0,0,0,0,0,0,0,6,0,0,0,0
org.odpi.openmetadata.contentpacks.core.unitycatalog,org.odpi.openmetadata.frameworks.openmetadata.specificationproperties,1,0,1,0,0,0,0,0,0,1,0,0,0,0
org.odpi.openmetadata.contentpacks.core.unitycatalog,org.odpi.openmetadata.frameworks.openmetadata.types,2,0,0,0,0,0,0,0,0,58,0,0,0,0
org.odpi.openmetadata.frameworks.openwatchdog.ffdc,org.odpi.openmetadata.frameworks.auditlog.messagesets,4,2,0,6,4,0,0,0,4,0,0,0,0,0
org.odpi.openmetadata.frameworks.openwatchdog.ffdc,org.odpi.openmetadata.frameworks.auditlog,1,1,1,0,0,0,0,0,0,7,0,0,0,0
org.odpi.openmetadata.adapters.repositoryservices.postgres.repositoryconnector.schema,org.odpi.openmetadata.adapters.connectors.resource.jdbc.ddl.postgres,7,0,0,0,3,0,0,0,0,0,0,0,0,0
org.odpi.openmetadata.adapters.repositoryservices.postgres.repositoryconnector.schema,org.odpi.openmetadata.adapters.connectors.resource.jdbc.properties,1,1,1,3,1,0,0,0,0,77,0,0,0,0
org.odpi.openmetadata.adapters.repositoryservices.postgres.repositoryconnector.schema,org.odpi.openmetadata.frameworks.openmetadata.types,1,0,0,0,0,0,0,0,0,0,0,0,0,0
org.odpi.openmetadata.accessservices.datamanager.fvt.connections,org.odpi.openmetadata.adminservices.configuration.registration,1,0,0,0,0,0,0,0,0,5,0,0,0,0
org.odpi.openmetadata.accessservices.datamanager.fvt.connections,org.odpi.openmetadata.frameworks.auditlog,1,1,1,1,0,0,0,0,1,0,0,0,0,0
org.odpi.openmetadata.accessservices.datamanager.fvt.connections,org.odpi.openmetadata.frameworks.openmetadata.properties,0,0,0,25,0,0,0,0,0,0,0,0,0,0
org.odpi.openmetadata.accessservices.datamanager.fvt.connections,org.odpi.openmetadata.frameworks.openmetadata.metadataelements,1,3,0,8,0,0,0,0,0,0,0,0,0,0
org.odpi.openmetadata.accessservices.datamanager.fvt.connections,org.odpi.openmetadata.frameworks.openmetadata.ffdc,1,0,0,0,0,0,0,0,0,0,0,0,0,0
org.odpi.openmetadata.accessservices.datamanager.fvt.connections,org.odpi.openmetadata.frameworks.openmetadata.properties.connections,3,5,0,4,0,0,0,0,2,0,0,0,0,0
org.odpi.openmetadata.accessservices.datamanager.fvt.connections,org.odpi.openmetadata.frameworks.openmetadata.properties.softwarecapabilities,1,1,0,2,0,0,0,0,1,0,0,0,0,0
org.odpi.openmetadata.accessservices.datamanager.fvt.connections,org.odpi.openmetadata.fvt.utilities.exceptions,1,0,0,66,0,11,0,0,66,0,0,0,0,0
org.odpi.openmetadata.accessservices.datamanager.fvt.connections,org.odpi.openmetadata.fvt.utilities.auditlog,1,0,1,0,0,0,0,0,0,0,0,0,0,0
org.odpi.openmetadata.accessservices.datamanager.fvt.connections,org.odpi.openmetadata.fvt.utilities,1,1,0,5,1,0,0,0,1,0,0,0,0,0
org.odpi.openmetadata.viewservices.productmanager.server.spring,org.odpi.openmetadata.frameworks.openmetadata.properties.digitalbusiness,1,0,0,0,0,0,0,0,0,0,0,0,0,0
org.odpi.openmetadata.viewservices.productmanager.server.spring,org.odpi.openmetadata.frameworks.openmetadata.handlers,1,0,0,0,0,0,0,0,0,0,0,0,0,0
org.odpi.openmetadata.viewservices.productmanager.server.spring,org.odpi.openmetadata.commonservices.ffdc.rest,3,0,4,0,4,0,0,0,0,0,0,0,0,0
org.odpi.openmetadata.viewservices.productmanager.server.spring,org.odpi.openmetadata.commonservices.ffdc,1,0,0,0,0,0,0,0,0,0,0,0,0,0
org.odpi.openmetadata.viewservices.productmanager.server.spring,org.odpi.openmetadata.viewservices.productmanager.server,1,1,0,5,0,0,0,0,1,0,0,0,0,0
org.odpi.openmetadata.adapters.connectors.integration.kafkaaudit.controls,org.odpi.openmetadata.frameworks.openmetadata.refdata,1,0,0,0,0,0,0,0,0,8,0,0,0,0
org.odpi.openmetadata.adapters.connectors.integration.kafkaaudit.controls,org.odpi.openmetadata.frameworks.integration.controls,1,1,1,5,1,0,0,0,1,1,0,0,0,0
org.odpi.openmetadata.viewservices.privacyofficer.ffdc,org.odpi.openmetadata.frameworks.auditlog.messagesets,2,1,0,3,2,0,0,0,2,0,0,0,0,0
org.odpi.openmetadata.viewservices.privacyofficer.ffdc,org.odpi.openmetadata.frameworks.auditlog,1,1,1,0,0,0,0,0,0,13,0,0,0,0
org.odpi.openmetadata.adapters.connectors.governanceactions.verification,org.odpi.openmetadata.frameworks.opengovernance.controls,1,0,0,0,0,0,0,0,0,2,0,0,0,0
org.odpi.openmetadata.adapters.connectors.governanceactions.verification,org.odpi.openmetadata.frameworks.opengovernance,2,0,0,6,0,0,0,2,0,18,0,0,0,0
org.odpi.openmetadata.adapters.connectors.governanceactions.verification,org.odpi.openmetadata.frameworks.connectors.properties.beans,1,1,0,8,0,0,0,0,1,1,0,0,0,0
org.odpi.openmetadata.adapters.connectors.governanceactions.verification,org.odpi.openmetadata.frameworks.connectors,0,0,0,2,0,0,0,0,0,1,0,0,0,0
org.odpi.openmetadata.adapters.connectors.governanceactions.verification,org.odpi.openmetadata.frameworks.openmetadata.search,0,0,0,4,0,0,0,0,0,0,0,0,0,0
org.odpi.openmetadata.adapters.connectors.governanceactions.verification,org.odpi.openmetadata.frameworks.openmetadata.types,1,0,0,0,0,0,0,0,0,8,0,0,0,0
org.odpi.openmetadata.adapters.connectors.governanceactions.verification,org.odpi.openmetadata.frameworks.openmetadata.refdata,2,2,1,0,1,0,0,0,0,23,0,0,0,0
org.odpi.openmetadata.adapters.connectors.governanceactions.verification,org.odpi.openmetadata.adapters.connectors.governanceactions.ffdc,1,0,0,0,0,0,0,0,0,2,0,0,0,0
org.odpi.openmetadata.adapters.connectors.governanceactions.verification,org.odpi.openmetadata.frameworks.openmetadata.specificationproperties,1,2,1,8,1,0,0,0,2,1,0,0,0,0
org.odpi.openmetadata.adapters.connectors.governanceactions.verification,org.odpi.openmetadata.frameworks.openmetadata.ffdc,2,0,0,0,0,1,0,0,0,0,0,0,0,0
org.odpi.openmetadata.adapters.connectors.governanceactions.verification,org.odpi.openmetadata.frameworks.opengovernance.properties,1,1,0,1,0,0,0,0,0,0,0,0,0,0
org.odpi.openmetadata.adapters.connectors.governanceactions.verification,org.odpi.openmetadata.frameworks.openmetadata.properties,2,2,0,2,0,0,0,0,0,0,0,0,0,0
org.odpi.openmetadata.adapters.connectors.governanceactions.verification,org.odpi.openmetadata.frameworks.connectors.ffdc,1,0,0,2,0,1,0,0,2,0,0,0,0,0
org.odpi.openmetadata.metadatasecurity.server,org.odpi.openmetadata.frameworks.connectors.properties.beans,2,1,3,2,1,0,0,0,0,1,0,0,0,0
org.odpi.openmetadata.metadatasecurity.server,org.odpi.openmetadata.frameworks.connectors,4,4,0,5,0,0,0,0,2,0,0,0,0,0
org.odpi.openmetadata.metadatasecurity.server,org.odpi.openmetadata.frameworks.auditlog,1,0,2,0,0,0,0,0,0,0,0,0,0,0
org.odpi.openmetadata.metadatasecurity.server,org.odpi.openmetadata.commonservices.ffdc,1,1,0,1,0,0,0,0,1,0,0,0,0,0
org.odpi.openmetadata.metadatasecurity.server,org.odpi.openmetadata.metadatasecurity.connectors,1,2,0,3,1,0,0,0,0,2,1,0,0,0
org.odpi.openmetadata.metadatasecurity.server,org.odpi.openmetadata.metadatasecurity,8,8,0,80,0,0,5,0,0,7,14,0,0,0
org.odpi.openmetadata.metadatasecurity.server,org.odpi.openmetadata.metadatasecurity.ffdc,2,0,0,0,0,0,0,0,0,6,0,0,0,0
org.odpi.openmetadata.metadatasecurity.server,org.odpi.openmetadata.frameworks.openmetadata.ffdc,6,0,0,4,0,233,0,0,4,0,0,0,0,0
org.odpi.openmetadata.metadatasecurity.server,org.odpi.openmetadata.repositoryservices.connectors.stores.metadatacollectionstore.properties.instances,0,1,67,9,3,0,0,0,8,0,0,0,0,0
org.odpi.openmetadata.metadatasecurity.server,org.odpi.openmetadata.repositoryservices.events,1,0,2,0,2,0,0,0,0,0,0,0,0,0
org.odpi.openmetadata.metadatasecurity.server,org.odpi.openmetadata.repositoryservices.connectors.stores.metadatacollectionstore.repositoryconnector,1,0,24,0,0,0,0,0,0,0,0,0,0,0
org.odpi.openmetadata.metadatasecurity.server,org.odpi.openmetadata.repositoryservices.connectors.stores.metadatacollectionstore.properties.typedefs,4,0,12,0,0,0,0,0,0,0,0,0,0,0
org.odpi.openmetadata.metadatasecurity.server,org.odpi.openmetadata.metadatasecurity.properties,2,1,3,0,3,0,0,0,0,0,0,0,0,0
org.odpi.openmetadata.metadatasecurity.server,org.odpi.openmetadata.frameworks.connectors.properties.users,0,0,0,1,0,0,0,0,0,0,0,0,0,0
org.odpi.openmetadata.metadatasecurity.accessconnector.controls,org.odpi.openmetadata.frameworks.openmetadata.specificationproperties,1,1,1,6,1,0,0,0,1,1,0,0,0,0
org.odpi.openmetadata.repositoryservices.connectors.stores.archivestore,org.odpi.openmetadata.repositoryservices.connectors.stores.metadatacollectionstore.properties.typedefs,8,0,7,0,8,0,0,0,0,0,0,0,0,0
org.odpi.openmetadata.repositoryservices.connectors.stores.archivestore,org.odpi.openmetadata.repositoryservices.connectors.stores.metadatacollectionstore.properties.instances,3,0,3,0,6,0,0,0,0,0,0,0,0,0
org.odpi.openmetadata.repositoryservices.connectors.stores.archivestore,org.odpi.openmetadata.repositoryservices.connectors.stores.archivestore.properties,5,0,2,0,3,0,0,0,0,0,0,0,0,0
org.odpi.openmetadata.repositoryservices.connectors.stores.archivestore,org.odpi.openmetadata.frameworks.connectors,3,0,2,3,0,0,0,2,0,1,0,0,0,0
org.odpi.openmetadata.repositoryservices.connectors.stores.archivestore,org.odpi.openmetadata.repositoryservices.ffdc.exception,1,0,0,0,0,1,0,0,0,0,0,0,0,0
org.odpi.openmetadata.repositoryservices.connectors.stores.archivestore,org.odpi.openmetadata.frameworks.auditlog,3,1,1,3,1,0,1,0,0,1,0,0,0,0
org.odpi.openmetadata.repositoryservices.connectors.stores.archivestore,org.odpi.openmetadata.repositoryservices.auditlog,1,0,0,0,0,0,0,0,0,2,0,0,0,0
org.odpi.openmetadata.frameworkservices.gaf.outtopic,org.odpi.openmetadata.frameworks.openmetadata.events,2,2,3,26,0,0,0,0,2,0,0,0,0,0
org.odpi.openmetadata.frameworkservices.gaf.outtopic,org.odpi.openmetadata.frameworks.auditlog,1,1,1,5,0,0,0,0,0,1,0,0,0,0
org.odpi.openmetadata.frameworkservices.gaf.outtopic,org.odpi.openmetadata.frameworks.openmetadata.metadataelements,1,0,1,0,0,0,0,0,0,7,0,0,0,0
org.odpi.openmetadata.frameworkservices.gaf.outtopic,org.odpi.openmetadata.frameworkservices.omf.converters,1,1,0,15,0,0,0,0,1,1,0,0,0,0
org.odpi.openmetadata.frameworkservices.gaf.outtopic,org.odpi.openmetadata.frameworkservices.gaf.connectors.outtopic,1,1,1,2,0,0,0,0,0,1,0,0,0,0
org.odpi.openmetadata.frameworkservices.gaf.outtopic,org.odpi.openmetadata.frameworkservices.omf.ffdc,1,0,0,0,0,0,0,0,0,8,0,0,0,0
org.odpi.openmetadata.frameworkservices.gaf.outtopic,org.odpi.openmetadata.frameworkservices.gaf.ffdc,1,0,0,0,0,0,0,0,0,2,0,0,0,0
org.odpi.openmetadata.frameworkservices.gaf.outtopic,org.odpi.openmetadata.repositoryservices.connectors.stores.metadatacollectionstore.repositoryconnector,1,0,1,0,0,0,0,0,0,0,0,0,0,0
org.odpi.openmetadata.frameworkservices.gaf.outtopic,org.odpi.openmetadata.repositoryservices.connectors.openmetadatatopic,0,0,0,1,0,0,0,0,0,0,0,0,0,0
org.odpi.openmetadata.frameworkservices.gaf.outtopic,org.odpi.openmetadata.repositoryservices.connectors.stores.metadatacollectionstore.properties.instances,3,0,9,16,0,0,0,0,0,0,0,0,0,0
org.odpi.openmetadata.viewservices.automatedcuration.converters,org.odpi.openmetadata.frameworks.openmetadata.converters,1,0,0,7,0,0,0,1,0,0,0,0,0,0
org.odpi.openmetadata.viewservices.automatedcuration.converters,org.odpi.openmetadata.frameworks.openmetadata.search,3,1,2,1,0,0,0,0,1,0,0,0,0,0
org.odpi.openmetadata.viewservices.automatedcuration.converters,org.odpi.openmetadata.frameworks.openmetadata.properties,1,0,1,2,0,0,0,0,0,1,0,0,0,0
org.odpi.openmetadata.viewservices.automatedcuration.converters,org.odpi.openmetadata.viewservices.automatedcuration.properties,1,0,0,0,0,0,0,0,0,0,1,0,0,0
org.odpi.openmetadata.viewservices.automatedcuration.converters,org.odpi.openmetadata.frameworks.openmetadata.ffdc,1,0,0,0,0,1,0,0,0,0,0,0,0,0
org.odpi.openmetadata.governanceservers.enginehostservices.properties,org.odpi.openmetadata.adminservices.configuration.properties,2,0,0,5,0,0,0,1,0,3,0,0,0,0
org.odpi.openmetadata.repositoryservices.localrepository,org.odpi.openmetadata.repositoryservices.connectors.stores.metadatacollectionstore.repositoryconnector,2,0,0,0,1,0,0,1,0,0,0,0,0,0
org.odpi.openmetadata.repositoryservices.localrepository,org.odpi.openmetadata.repositoryservices.events,1,0,0,0,1,0,0,0,0,0,0,0,0,0
org.odpi.openmetadata.repositoryservices.localrepository,org.odpi.openmetadata.repositoryservices.eventmanagement,1,0,0,0,1,0,0,0,0,0,0,0,0,0
org.odpi.openmetadata.repositoryservices.localrepository,org.odpi.openmetadata.repositoryservices.localrepository.repositoryconnector,1,0,0,0,1,0,0,0,0,0,0,0,0,0
org.odpi.openmetadata.repositoryservices.localrepository,org.odpi.openmetadata.frameworks.connectors.properties.beans,1,0,0,0,1,0,0,0,0,0,0,0,0,0
org.odpi.openmetadata.adapters.connectors.datastore.csvfile.ffdc,org.odpi.openmetadata.frameworks.auditlog.messagesets,6,2,0,6,4,0,0,0,4,0,0,0,0,0
org.odpi.openmetadata.adapters.connectors.datastore.csvfile.ffdc,org.odpi.openmetadata.frameworks.auditlog,1,1,1,0,0,0,0,0,0,3,0,0,0,0
org.odpi.openmetadata.frameworks.openmetadata.properties.implementations,org.odpi.openmetadata.frameworks.openmetadata.properties,2,0,0,8,0,0,0,2,0,8,0,0,0,0
org.odpi.openmetadata.frameworks.openmetadata.properties.implementations,org.odpi.openmetadata.frameworks.openmetadata.types,2,0,0,0,0,0,0,0,0,4,0,0,0,0
org.odpi.openmetadata.viewservices.dataengineer.server.spring,org.odpi.openmetadata.viewservices.dataengineer.server,1,1,0,2,0,0,0,0,1,0,0,0,0,0
org.odpi.openmetadata.viewservices.dataengineer.server.spring,org.odpi.openmetadata.commonservices.ffdc.rest,1,0,0,0,1,0,0,0,0,0,0,0,0,0
org.odpi.openmetadata.viewservices.validmetadata.ffdc,org.odpi.openmetadata.frameworks.auditlog.messagesets,2,1,0,3,2,0,0,0,2,0,0,0,0,0
org.odpi.openmetadata.viewservices.validmetadata.ffdc,org.odpi.openmetadata.frameworks.auditlog,1,1,1,0,0,0,0,0,0,13,0,0,0,0
org.odpi.openmetadata.viewservices.assetcatalog.server.spring,org.odpi.openmetadata.viewservices.assetcatalog.rest,1,0,0,0,1,0,0,0,0,0,0,0,0,0
org.odpi.openmetadata.viewservices.assetcatalog.server.spring,org.odpi.openmetadata.viewservices.assetcatalog.server,1,1,0,6,0,0,0,0,1,0,0,0,0,0
org.odpi.openmetadata.viewservices.assetcatalog.server.spring,org.odpi.openmetadata.commonservices.ffdc.rest,0,0,4,0,4,0,0,0,0,0,0,0,0,0
org.odpi.openmetadata.adapters.connectors.apacheatlas.survey.ffdc,org.odpi.openmetadata.frameworks.auditlog.messagesets,4,2,0,6,4,0,0,0,4,0,0,0,0,0
org.odpi.openmetadata.adapters.connectors.apacheatlas.survey.ffdc,org.odpi.openmetadata.frameworks.auditlog,1,1,1,0,0,0,0,0,0,9,0,0,0,0
org.odpi.openmetadata.adapters.connectors.dynamicarchivers.ffdc,org.odpi.openmetadata.frameworks.auditlog.messagesets,4,2,0,6,4,0,0,0,4,0,0,0,0,0
org.odpi.openmetadata.adapters.connectors.dynamicarchivers.ffdc,org.odpi.openmetadata.frameworks.auditlog,1,1,1,0,0,0,0,0,0,3,0,0,0,0
org.odpi.openmetadata.adapters.connectors.resource.jdbc.controls,org.odpi.openmetadata.frameworks.openmetadata.specificationproperties,1,1,1,5,1,0,0,0,1,1,0,0,0,0
org.odpi.openmetadata.adapters.connectors.resource.jdbc.controls,org.odpi.openmetadata.frameworks.openmetadata.types,1,0,0,0,0,0,0,0,0,14,0,0,0,0
org.odpi.openmetadata.adapters.connectors.apacheatlas.integration.ffdc,org.odpi.openmetadata.frameworks.auditlog.messagesets,4,2,0,6,4,0,0,0,4,0,0,0,0,0
org.odpi.openmetadata.adapters.connectors.apacheatlas.integration.ffdc,org.odpi.openmetadata.frameworks.auditlog,1,1,1,0,0,0,0,0,0,89,0,0,0,0
org.odpi.openmetadata.conformance.ffdc,org.odpi.openmetadata.frameworks.auditlog.messagesets,4,2,0,6,4,0,0,0,4,0,0,0,0,0
org.odpi.openmetadata.conformance.ffdc,org.odpi.openmetadata.frameworks.auditlog,1,1,1,0,0,0,0,0,0,33,0,0,0,0
org.odpi.openmetadata.engineservices.governanceaction.ffdc,org.odpi.openmetadata.frameworks.auditlog.messagesets,4,2,0,6,4,0,0,0,4,0,0,0,0,0
org.odpi.openmetadata.engineservices.governanceaction.ffdc,org.odpi.openmetadata.frameworks.auditlog,1,1,1,0,0,0,0,0,0,31,0,0,0,0
org.odpi.openmetadata.engineservices.repositorygovernance.ffdc,org.odpi.openmetadata.frameworks.auditlog.messagesets,4,2,0,6,4,0,0,0,4,0,0,0,0,0
org.odpi.openmetadata.engineservices.repositorygovernance.ffdc,org.odpi.openmetadata.frameworks.auditlog,1,1,1,0,0,0,0,0,0,23,0,0,0,0
org.odpi.openmetadata.contentpacks.core.files,org.odpi.openmetadata.frameworks.openmetadata.mapper,2,0,0,6,0,0,0,0,0,2,0,0,0,0
org.odpi.openmetadata.contentpacks.core.files,org.odpi.openmetadata.contentpacks.core.core,1,0,0,1,0,0,0,0,1,0,0,0,0,0
org.odpi.openmetadata.contentpacks.core.files,org.odpi.openmetadata.contentpacks.core.base,1,0,0,17,0,0,0,1,0,6,0,0,0,0
org.odpi.openmetadata.contentpacks.core.files,org.odpi.openmetadata.contentpacks.core,4,0,0,0,0,0,0,0,0,58,0,0,0,0
org.odpi.openmetadata.contentpacks.core.files,org.odpi.openmetadata.samples.archiveutilities,0,0,0,12,0,0,0,0,0,6,0,0,0,0
org.odpi.openmetadata.contentpacks.core.files,org.odpi.openmetadata.frameworks.openmetadata.refdata,4,4,3,15,0,0,0,0,0,15,0,0,0,0
org.odpi.openmetadata.contentpacks.core.files,org.odpi.openmetadata.repositoryservices.connectors.stores.archivestore.properties,1,0,0,1,0,0,0,0,1,0,0,0,0,0
org.odpi.openmetadata.contentpacks.core.files,org.odpi.openmetadata.frameworks.openmetadata.types,2,0,0,0,0,0,0,0,0,22,0,0,0,0
org.odpi.openmetadata.contentpacks.core.files,org.odpi.openmetadata.frameworks.opensurvey.controls,2,3,0,0,0,0,0,0,0,3,0,0,0,0
org.odpi.openmetadata.adapters.connectors.apacheatlas.resource.ffdc,org.odpi.openmetadata.frameworks.auditlog.messagesets,5,2,1,6,4,0,0,0,4,0,0,0,0,0
org.odpi.openmetadata.adapters.connectors.apacheatlas.resource.ffdc,org.odpi.openmetadata.frameworks.auditlog,1,1,1,0,0,0,0,0,0,9,0,0,0,0
org.odpi.openmetadata.adapters.connectors.apacheatlas.resource.ffdc,org.odpi.openmetadata.frameworks.openmetadata.ffdc,1,0,0,1,0,0,0,1,0,0,0,0,0,0
org.odpi.openmetadata.accessservices.assetowner.samples.createavrofile,org.odpi.openmetadata.http,1,0,0,1,0,0,0,0,0,1,0,0,0,0
org.odpi.openmetadata.conformance.ffdc.exception,org.odpi.openmetadata.frameworks.auditlog,1,1,0,5,0,0,0,0,1,0,0,0,0,0
org.odpi.openmetadata.conformance.ffdc.exception,org.odpi.openmetadata.frameworks.auditlog.messagesets,1,0,4,10,0,0,0,0,0,0,0,0,0,0
org.odpi.openmetadata.adapters.connectors.postgres.ffdc,org.odpi.openmetadata.frameworks.auditlog.messagesets,4,2,0,6,4,0,0,0,4,0,0,0,0,0
org.odpi.openmetadata.adapters.connectors.postgres.ffdc,org.odpi.openmetadata.frameworks.auditlog,1,1,1,0,0,0,0,0,0,13,0,0,0,0
org.odpi.openmetadata.viewservices.collectionmanager.admin,org.odpi.openmetadata.commonservices.multitenant,0,0,0,1,0,0,0,0,0,0,0,0,0,0
org.odpi.openmetadata.viewservices.collectionmanager.admin,org.odpi.openmetadata.frameworks.auditlog,1,1,1,5,0,0,0,0,0,1,0,0,0,0
org.odpi.openmetadata.viewservices.collectionmanager.admin,org.odpi.openmetadata.adminservices.configuration.properties,1,0,1,4,0,0,0,0,0,0,0,0,0,0
org.odpi.openmetadata.viewservices.collectionmanager.admin,org.odpi.openmetadata.adminservices.ffdc.exception,1,0,0,0,0,1,0,0,0,0,0,0,0,0
org.odpi.openmetadata.viewservices.collectionmanager.admin,org.odpi.openmetadata.adminservices.configuration.registration,1,0,0,0,0,0,0,0,0,2,0,0,0,0
org.odpi.openmetadata.viewservices.collectionmanager.admin,org.odpi.openmetadata.adminservices.registration,1,0,0,1,0,0,0,1,0,1,0,0,0,0
org.odpi.openmetadata.viewservices.collectionmanager.admin,org.odpi.openmetadata.viewservices.collectionmanager.ffdc,1,0,0,0,0,0,0,0,0,10,0,0,0,0
org.odpi.openmetadata.viewservices.collectionmanager.admin,org.odpi.openmetadata.viewservices.collectionmanager.server,1,1,0,1,0,0,0,0,1,1,0,0,0,0
org.odpi.openmetadata.governanceservers.integrationdaemonservices.server.spring,org.odpi.openmetadata.governanceservers.integrationdaemonservices.rest,0,0,1,0,3,0,0,0,0,0,0,0,0,0
org.odpi.openmetadata.governanceservers.integrationdaemonservices.server.spring,org.odpi.openmetadata.governanceservers.integrationdaemonservices.server,1,1,0,13,0,0,0,0,1,0,0,0,0,0
org.odpi.openmetadata.governanceservers.integrationdaemonservices.server.spring,org.odpi.openmetadata.commonservices.ffdc.rest,0,0,3,0,9,0,0,0,0,0,0,0,0,0
org.odpi.openmetadata.governanceservers.integrationdaemonservices.server.spring,org.odpi.openmetadata.frameworks.connectors.properties.beans,1,0,1,0,0,0,0,0,0,0,0,0,0,0
org.odpi.openmetadata.frameworkservices.ocf.metadatamanagement.ffdc,org.odpi.openmetadata.frameworks.auditlog.messagesets,4,2,0,6,4,0,0,0,4,0,0,0,0,0
org.odpi.openmetadata.frameworkservices.ocf.metadatamanagement.ffdc,org.odpi.openmetadata.frameworks.auditlog,1,1,1,0,0,0,0,0,0,11,0,0,0,0
org.odpi.openmetadata.frameworks.openwatchdog.controls,org.odpi.openmetadata.frameworks.openmetadata.types,1,0,0,0,0,0,0,0,0,4,0,0,0,0
org.odpi.openmetadata.frameworks.openwatchdog.controls,org.odpi.openmetadata.frameworks.openmetadata.specificationproperties,3,3,5,14,3,0,0,0,3,5,0,0,0,0
org.odpi.openmetadata.frameworks.openwatchdog.controls,org.odpi.openmetadata.frameworks.openmetadata.refdata,1,1,1,0,1,0,0,0,0,7,0,0,0,0
org.odpi.openmetadata.frameworks.auditlog,org.odpi.openmetadata.frameworks.auditlog.messagesets,4,1,10,14,0,0,0,0,0,0,0,0,0,0
org.odpi.openmetadata.frameworks.auditlog,org.odpi.openmetadata.frameworks.auditlog.requestid,1,1,0,2,0,0,0,0,1,0,0,0,0,0
org.odpi.openmetadata.frameworks.openmetadata.fileclassifier,org.odpi.openmetadata.frameworks.openmetadata.connectorcontext,2,1,1,6,0,0,0,0,0,1,0,0,0,0
org.odpi.openmetadata.frameworks.openmetadata.fileclassifier,org.odpi.openmetadata.frameworks.openmetadata.ffdc,3,0,0,0,0,12,0,0,0,0,0,0,0,0
org.odpi.openmetadata.frameworks.openmetadata.fileclassifier,org.odpi.openmetadata.frameworks.openmetadata.properties,1,3,2,14,0,0,0,0,0,4,0,0,0,0
org.odpi.openmetadata.frameworks.openmetadata.fileclassifier,org.odpi.openmetadata.frameworks.openmetadata.mapper,1,0,0,0,0,0,0,0,0,4,0,0,0,0
org.odpi.openmetadata.frameworks.openmetadata.fileclassifier,org.odpi.openmetadata.frameworks.openmetadata.types,2,0,0,0,0,0,0,0,0,30,0,0,0,0
org.odpi.openmetadata.repositoryservices.connectors.stores.cohortregistrystore,org.odpi.openmetadata.frameworks.connectors,3,0,2,3,0,0,0,2,0,1,0,0,0,0
org.odpi.openmetadata.repositoryservices.connectors.stores.cohortregistrystore,org.odpi.openmetadata.frameworks.auditlog,3,1,1,3,1,0,1,0,0,1,0,0,0,0
org.odpi.openmetadata.repositoryservices.connectors.stores.cohortregistrystore,org.odpi.openmetadata.repositoryservices.connectors.stores.cohortregistrystore.properties,1,0,2,0,2,0,0,0,0,0,0,0,0,0
org.odpi.openmetadata.repositoryservices.connectors.stores.cohortregistrystore,org.odpi.openmetadata.repositoryservices.auditlog,1,0,0,0,0,0,0,0,0,2,0,0,0,0
org.odpi.openmetadata.accessservices.governanceserver.fvt.engines,org.odpi.openmetadata.fvt.utilities,1,1,0,5,1,0,0,0,1,0,0,0,0,0
org.odpi.openmetadata.accessservices.governanceserver.fvt.engines,org.odpi.openmetadata.fvt.utilities.auditlog,1,0,1,0,0,0,0,0,0,0,0,0,0,0
org.odpi.openmetadata.accessservices.governanceserver.fvt.engines,org.odpi.openmetadata.fvt.utilities.exceptions,1,0,0,0,0,1,0,0,0,0,0,0,0,0
org.odpi.openmetadata.accessservices.governanceserver.fvt.engines,org.odpi.openmetadata.frameworks.auditlog,1,1,0,1,0,0,0,0,1,0,0,0,0,0
org.odpi.openmetadata.accessservices.governanceserver.fvt.engines,org.odpi.openmetadata.frameworks.opengovernance.properties,1,1,0,0,0,0,0,0,0,0,0,0,0,0
org.odpi.openmetadata.accessservices.governanceserver.fvt.engines,org.odpi.openmetadata.adminservices.configuration.registration,1,0,0,0,0,0,0,0,0,5,0,0,0,0
org.odpi.openmetadata.viewservices.templatemanager.rest,org.odpi.openmetadata.frameworks.openmetadata.properties.templates,1,1,1,0,1,0,0,0,0,1,0,0,0,0
org.odpi.openmetadata.viewservices.communitymatters.ffdc,org.odpi.openmetadata.frameworks.auditlog.messagesets,2,1,0,3,2,0,0,0,2,0,0,0,0,0
org.odpi.openmetadata.viewservices.communitymatters.ffdc,org.odpi.openmetadata.frameworks.auditlog,1,1,1,0,0,0,0,0,0,13,0,0,0,0
org.odpi.openmetadata.adminservices.ffdc,org.odpi.openmetadata.frameworks.auditlog,1,1,1,0,0,0,0,0,0,37,0,0,0,0
org.odpi.openmetadata.adminservices.ffdc,org.odpi.openmetadata.frameworks.auditlog.messagesets,4,2,0,6,4,0,0,0,4,0,0,0,0,0
org.odpi.openmetadata.governanceservers.enginehostservices.ffdc,org.odpi.openmetadata.frameworks.auditlog.messagesets,4,2,0,6,4,0,0,0,4,0,0,0,0,0
org.odpi.openmetadata.governanceservers.enginehostservices.ffdc,org.odpi.openmetadata.frameworks.auditlog,1,1,1,0,0,0,0,0,0,91,0,0,0,0
org.odpi.openmetadata.viewservices.productmanager.ffdc,org.odpi.openmetadata.frameworks.auditlog,1,1,1,0,0,0,0,0,0,13,0,0,0,0
org.odpi.openmetadata.viewservices.productmanager.ffdc,org.odpi.openmetadata.frameworks.auditlog.messagesets,2,1,0,3,2,0,0,0,2,0,0,0,0,0
org.odpi.openmetadata.accessservices.assetowner.fvt.errorhandling,org.odpi.openmetadata.fvt.utilities.exceptions,1,0,0,6,0,5,0,0,6,0,0,0,0,0
org.odpi.openmetadata.accessservices.assetowner.fvt.errorhandling,org.odpi.openmetadata.fvt.utilities,1,1,0,5,1,0,0,0,1,0,0,0,0,0
org.odpi.openmetadata.accessservices.assetowner.fvt.errorhandling,org.odpi.openmetadata.fvt.utilities.auditlog,1,0,1,0,0,0,0,0,0,0,0,0,0,0
org.odpi.openmetadata.accessservices.assetowner.fvt.errorhandling,org.odpi.openmetadata.frameworks.auditlog,1,1,1,1,0,0,0,0,1,0,0,0,0,0
org.odpi.openmetadata.accessservices.assetowner.fvt.errorhandling,org.odpi.openmetadata.frameworks.openmetadata.ffdc,1,0,0,0,0,0,0,0,0,0,0,0,0,0
org.odpi.openmetadata.accessservices.assetowner.fvt.errorhandling,org.odpi.openmetadata.adminservices.configuration.registration,1,0,0,0,0,0,0,0,0,5,0,0,0,0
org.odpi.openmetadata.accessservices.digitalarchitecture.fvt.errorhandling,org.odpi.openmetadata.adminservices.configuration.registration,1,0,0,0,0,0,0,0,0,5,0,0,0,0
org.odpi.openmetadata.accessservices.digitalarchitecture.fvt.errorhandling,org.odpi.openmetadata.frameworks.auditlog,1,1,1,1,0,0,0,0,1,0,0,0,0,0
org.odpi.openmetadata.accessservices.digitalarchitecture.fvt.errorhandling,org.odpi.openmetadata.frameworks.openmetadata.ffdc,1,0,0,0,0,0,0,0,0,0,0,0,0,0
org.odpi.openmetadata.accessservices.digitalarchitecture.fvt.errorhandling,org.odpi.openmetadata.fvt.utilities,1,1,0,5,1,0,0,0,1,0,0,0,0,0
org.odpi.openmetadata.accessservices.digitalarchitecture.fvt.errorhandling,org.odpi.openmetadata.fvt.utilities.auditlog,1,0,1,0,0,0,0,0,0,0,0,0,0,0
org.odpi.openmetadata.accessservices.digitalarchitecture.fvt.errorhandling,org.odpi.openmetadata.fvt.utilities.exceptions,1,0,0,6,0,5,0,0,6,0,0,0,0,0
org.odpi.openmetadata.adapters.connectors.organizationinsight.ffdc,org.odpi.openmetadata.frameworks.auditlog.messagesets,4,2,0,6,4,0,0,0,4,0,0,0,0,0
org.odpi.openmetadata.adapters.connectors.organizationinsight.ffdc,org.odpi.openmetadata.frameworks.auditlog,1,1,1,0,0,0,0,0,0,7,0,0,0,0
org.odpi.openmetadata.adapters.connectors.integration.jdbc.ffdc,org.odpi.openmetadata.frameworks.auditlog,1,1,1,0,0,0,0,0,0,33,0,0,0,0
org.odpi.openmetadata.adapters.connectors.integration.jdbc.ffdc,org.odpi.openmetadata.frameworks.auditlog.messagesets,4,2,0,6,4,0,0,0,4,0,0,0,0,0
org.odpi.openmetadata.adapters.connectors.integration.openapis.ffdc,org.odpi.openmetadata.frameworks.auditlog.messagesets,4,2,0,6,4,0,0,0,4,0,0,0,0,0
org.odpi.openmetadata.adapters.connectors.integration.openapis.ffdc,org.odpi.openmetadata.frameworks.auditlog,1,1,1,0,0,0,0,0,0,27,0,0,0,0
org.odpi.openmetadata.adapters.connectors.jacquard.ffdc,org.odpi.openmetadata.frameworks.auditlog,1,1,1,0,0,0,0,0,0,31,0,0,0,0
org.odpi.openmetadata.adapters.connectors.jacquard.ffdc,org.odpi.openmetadata.frameworks.auditlog.messagesets,4,2,0,5,4,0,0,0,3,1,0,0,0,0
org.odpi.openmetadata.viewservices.dataengineer.ffdc,org.odpi.openmetadata.frameworks.auditlog.messagesets,2,1,0,3,2,0,0,0,2,0,0,0,0,0
org.odpi.openmetadata.viewservices.dataengineer.ffdc,org.odpi.openmetadata.frameworks.auditlog,1,1,1,0,0,0,0,0,0,13,0,0,0,0
org.odpi.openmetadata.fvt.utilities.exceptions,org.odpi.openmetadata.fvt.utilities,1,1,1,0,0,0,0,0,0,1,0,0,0,0
org.odpi.openmetadata.viewservices.multilanguage.server.spring,org.odpi.openmetadata.viewservices.multilanguage.server,1,1,0,1,0,0,0,0,1,0,0,0,0,0
org.odpi.openmetadata.viewservices.datadesigner.ffdc,org.odpi.openmetadata.frameworks.auditlog,1,1,1,0,0,0,0,0,0,13,0,0,0,0
org.odpi.openmetadata.viewservices.datadesigner.ffdc,org.odpi.openmetadata.frameworks.auditlog.messagesets,2,1,0,3,2,0,0,0,2,0,0,0,0,0
org.odpi.openmetadata.viewservices.externallinks.admin,org.odpi.openmetadata.commonservices.multitenant,0,0,0,1,0,0,0,0,0,0,0,0,0,0
org.odpi.openmetadata.viewservices.externallinks.admin,org.odpi.openmetadata.frameworks.auditlog,1,1,1,5,0,0,0,0,0,1,0,0,0,0
org.odpi.openmetadata.viewservices.externallinks.admin,org.odpi.openmetadata.adminservices.configuration.properties,1,0,1,4,0,0,0,0,0,0,0,0,0,0
org.odpi.openmetadata.viewservices.externallinks.admin,org.odpi.openmetadata.adminservices.configuration.registration,1,0,0,0,0,0,0,0,0,2,0,0,0,0
org.odpi.openmetadata.viewservices.externallinks.admin,org.odpi.openmetadata.adminservices.ffdc.exception,1,0,0,0,0,1,0,0,0,0,0,0,0,0
org.odpi.openmetadata.viewservices.externallinks.admin,org.odpi.openmetadata.adminservices.registration,1,0,0,1,0,0,0,1,0,1,0,0,0,0
org.odpi.openmetadata.viewservices.externallinks.admin,org.odpi.openmetadata.viewservices.externallinks.ffdc,1,0,0,0,0,0,0,0,0,10,0,0,0,0
org.odpi.openmetadata.viewservices.externallinks.admin,org.odpi.openmetadata.viewservices.externallinks.server,1,1,0,1,0,0,0,0,1,1,0,0,0,0
org.odpi.openmetadata.accessservices.governanceserver.fvt.clientconstructors,org.odpi.openmetadata.frameworks.auditlog,1,1,1,1,0,0,0,0,1,0,0,0,0,0
org.odpi.openmetadata.accessservices.governanceserver.fvt.clientconstructors,org.odpi.openmetadata.frameworks.openmetadata.ffdc,1,0,0,0,0,2,0,0,0,0,0,0,0,0
org.odpi.openmetadata.accessservices.governanceserver.fvt.clientconstructors,org.odpi.openmetadata.adminservices.configuration.registration,1,0,0,0,0,0,0,0,0,5,0,0,0,0
org.odpi.openmetadata.accessservices.governanceserver.fvt.clientconstructors,org.odpi.openmetadata.fvt.utilities,1,1,0,5,1,0,0,0,1,0,0,0,0,0
org.odpi.openmetadata.accessservices.governanceserver.fvt.clientconstructors,org.odpi.openmetadata.fvt.utilities.auditlog,1,0,1,0,0,0,0,0,0,0,0,0,0,0
org.odpi.openmetadata.accessservices.governanceserver.fvt.clientconstructors,org.odpi.openmetadata.frameworkservices.gaf.client.rest,1,1,0,1,0,0,0,0,1,0,0,0,0,0
org.odpi.openmetadata.adapters.connectors.apacheatlas.controls,org.odpi.openmetadata.frameworks.openmetadata.types,1,0,0,0,0,0,0,0,0,2,0,0,0,0
org.odpi.openmetadata.adapters.connectors.apacheatlas.controls,org.odpi.openmetadata.frameworks.openmetadata.specificationproperties,1,1,1,6,1,0,0,0,1,1,0,0,0,0
org.odpi.openmetadata.viewservices.actionauthor.server.spring,org.odpi.openmetadata.commonservices.ffdc.rest,0,0,9,0,9,0,0,0,0,0,0,0,0,0
org.odpi.openmetadata.viewservices.actionauthor.server.spring,org.odpi.openmetadata.viewservices.actionauthor.server,1,1,0,10,0,0,0,0,1,0,0,0,0,0
org.odpi.openmetadata.engineservices.repositorygovernance.server.spring,org.odpi.openmetadata.engineservices.repositorygovernance.server,1,1,0,2,0,0,0,0,1,0,0,0,0,0
org.odpi.openmetadata.engineservices.repositorygovernance.server.spring,org.odpi.openmetadata.commonservices.ffdc.rest,1,0,0,0,1,0,0,0,0,0,0,0,0,0
org.odpi.openmetadata.adminservices.ffdc.exception,org.odpi.openmetadata.frameworks.openmetadata.ffdc,2,0,1,6,0,0,0,1,0,0,0,0,0,0
org.odpi.openmetadata.adminservices.ffdc.exception,org.odpi.openmetadata.frameworks.auditlog.messagesets,1,0,4,0,0,0,0,0,0,0,0,0,0,0
org.odpi.openmetadata.adminservices.ffdc.exception,org.odpi.openmetadata.adminservices.configuration.properties,1,0,0,0,0,0,0,0,0,5,0,0,0,0
org.odpi.openmetadata.viewservices.connectionmaker.server.spring,org.odpi.openmetadata.viewservices.connectionmaker.server,1,1,0,35,0,0,0,0,1,0,0,0,0,0
org.odpi.openmetadata.viewservices.connectionmaker.server.spring,org.odpi.openmetadata.commonservices.ffdc.rest,1,0,34,0,34,0,0,0,0,0,0,0,0,0
org.odpi.openmetadata.commonservices.multitenant.ffdc.exceptions,org.odpi.openmetadata.commonservices.ffdc.exceptions,1,0,0,4,0,0,0,1,0,0,0,0,0,0
org.odpi.openmetadata.commonservices.multitenant.ffdc.exceptions,org.odpi.openmetadata.frameworks.auditlog.messagesets,1,0,4,0,0,0,0,0,0,0,0,0,0,0
org.odpi.openmetadata.viewservices.assetmaker.ffdc,org.odpi.openmetadata.frameworks.auditlog.messagesets,4,2,0,6,4,0,0,0,4,0,0,0,0,0
org.odpi.openmetadata.viewservices.assetmaker.ffdc,org.odpi.openmetadata.frameworks.auditlog,1,1,1,0,0,0,0,0,0,13,0,0,0,0
org.odpi.openmetadata.viewservices.assetcatalog.rest,org.odpi.openmetadata.commonservices.ffdc.rest,1,0,0,12,0,0,0,1,0,2,0,0,0,0
org.odpi.openmetadata.adapters.repositoryservices.cohortregistrystore.file.ffdc,org.odpi.openmetadata.frameworks.auditlog.messagesets,2,1,0,3,2,0,0,0,2,0,0,0,0,0
org.odpi.openmetadata.adapters.repositoryservices.cohortregistrystore.file.ffdc,org.odpi.openmetadata.frameworks.auditlog,1,1,1,0,0,0,0,0,0,23,0,0,0,0
org.odpi.openmetadata.engineservices.governanceaction.client,org.odpi.openmetadata.frameworks.openmetadata.ffdc,3,0,0,0,0,5,0,0,0,0,0,0,0,0
org.odpi.openmetadata.engineservices.governanceaction.client,org.odpi.openmetadata.commonservices.ffdc.rest,1,1,0,2,0,0,0,0,0,0,0,0,0,0
org.odpi.openmetadata.engineservices.governanceaction.client,org.odpi.openmetadata.commonservices.ffdc.properties,1,0,0,0,1,0,0,0,0,0,0,0,0,0
org.odpi.openmetadata.engineservices.governanceaction.client,org.odpi.openmetadata.commonservices.ffdc,1,1,0,2,0,0,0,0,1,0,0,0,0,0
org.odpi.openmetadata.engineservices.governanceaction.client,org.odpi.openmetadata.engineservices.governanceaction.client.rest,1,1,0,2,0,0,0,0,2,2,0,0,0,0
org.odpi.openmetadata.engineservices.governanceaction.client,org.odpi.openmetadata.engineservices.governanceaction.api,1,0,0,0,0,0,1,0,0,0,0,0,0,0
org.odpi.openmetadata.engineservices.governanceaction.client,org.odpi.openmetadata.frameworks.connectors,1,0,0,0,0,0,0,0,0,0,0,0,0,0
org.odpi.openmetadata.engineservices.governanceaction.client,org.odpi.openmetadata.frameworks.auditlog,1,0,2,0,0,0,0,0,0,0,0,0,0,0
org.odpi.openmetadata.engineservices.watchdogaction.ffdc,org.odpi.openmetadata.frameworks.auditlog.messagesets,4,2,0,6,4,0,0,0,4,0,0,0,0,0
org.odpi.openmetadata.engineservices.watchdogaction.ffdc,org.odpi.openmetadata.frameworks.auditlog,1,1,1,0,0,0,0,0,0,27,0,0,0,0
org.odpi.openmetadata.viewservices.digitalbusiness.server.spring,org.odpi.openmetadata.commonservices.ffdc.rest,0,0,6,0,6,0,0,0,0,0,0,0,0,0
org.odpi.openmetadata.viewservices.digitalbusiness.server.spring,org.odpi.openmetadata.viewservices.digitalbusiness.server,1,1,0,7,0,0,0,0,1,0,0,0,0,0
org.odpi.openmetadata.viewservices.productcatalog.ffdc,org.odpi.openmetadata.frameworks.auditlog.messagesets,2,1,0,3,2,0,0,0,2,0,0,0,0,0
org.odpi.openmetadata.viewservices.productcatalog.ffdc,org.odpi.openmetadata.frameworks.auditlog,1,1,1,0,0,0,0,0,0,13,0,0,0,0
org.odpi.openmetadata.reports,org.odpi.openmetadata.commonservices.ffdc.rest,1,1,0,2,0,0,0,0,0,0,0,0,0,0
org.odpi.openmetadata.reports,org.odpi.openmetadata.frameworks.connectors.properties.beans,1,0,1,8,0,0,0,0,0,0,0,0,0,0
org.odpi.openmetadata.viewservices.templatemanager.server.spring,org.odpi.openmetadata.commonservices.ffdc.rest,0,0,8,0,8,0,0,0,0,0,0,0,0,0
org.odpi.openmetadata.viewservices.templatemanager.server.spring,org.odpi.openmetadata.viewservices.templatemanager.server,1,1,0,9,0,0,0,0,1,0,0,0,0,0
org.odpi.openmetadata.metadatasecurity.ffdc,org.odpi.openmetadata.frameworks.auditlog,2,1,1,0,0,0,0,0,0,63,0,0,0,0
org.odpi.openmetadata.metadatasecurity.ffdc,org.odpi.openmetadata.frameworks.auditlog.messagesets,4,2,0,6,4,0,0,0,4,0,0,0,0,0
org.odpi.openmetadata.viewservices.governanceofficer.ffdc,org.odpi.openmetadata.frameworks.auditlog.messagesets,4,2,0,6,4,0,0,0,4,0,0,0,0,0
org.odpi.openmetadata.viewservices.governanceofficer.ffdc,org.odpi.openmetadata.frameworks.auditlog,1,1,1,0,0,0,0,0,0,13,0,0,0,0
org.odpi.openmetadata.adapters.connectors.integration.basicfiles.ffdc.exception,org.odpi.openmetadata.frameworks.connectors.ffdc,2,0,0,8,0,0,0,2,0,4,0,0,0,0
org.odpi.openmetadata.adapters.connectors.integration.basicfiles.ffdc.exception,org.odpi.openmetadata.frameworks.auditlog.messagesets,2,0,8,0,0,0,0,0,0,0,0,0,0,0
org.odpi.openmetadata.adapters.connectors.integration.basicfiles.ffdc.exception,org.odpi.openmetadata.frameworks.openmetadata.ffdc,0,0,0,24,0,0,0,0,0,0,0,0,0,0
org.odpi.openmetadata.adminservices.classifier,org.odpi.openmetadata.frameworks.openmetadata.ffdc,1,0,0,2,0,3,0,0,2,0,0,0,0,0
org.odpi.openmetadata.adminservices.classifier,org.odpi.openmetadata.adminservices.configuration.properties,0,7,7,9,1,0,0,0,0,28,0,0,0,0
org.odpi.openmetadata.adminservices.classifier,org.odpi.openmetadata.adminservices.ffdc,1,0,0,0,0,0,0,0,0,10,0,0,0,0
org.odpi.openmetadata.adminservices.classifier,org.odpi.openmetadata.adminservices.ffdc.exception,1,0,0,3,0,2,0,0,3,0,0,0,0,0
org.odpi.openmetadata.adminservices.classifier,org.odpi.openmetadata.adminservices.configuration.registration,2,1,1,20,1,0,0,0,0,43,0,0,0,0
org.odpi.openmetadata.adapters.repositoryservices.auditlogstore.postgres.schema,org.odpi.openmetadata.adapters.connectors.resource.jdbc.ddl.postgres,4,0,0,0,0,0,0,0,0,0,0,0,0,0
org.odpi.openmetadata.adapters.repositoryservices.auditlogstore.postgres.schema,org.odpi.openmetadata.adapters.connectors.resource.jdbc.properties,1,1,1,3,1,0,0,0,0,65,0,0,0,0
org.odpi.openmetadata.adapters.connectors.reports,org.odpi.openmetadata.frameworks.openmetadata.specificationproperties,2,3,2,13,2,0,0,0,3,2,0,0,0,0
org.odpi.openmetadata.adapters.connectors.reports,org.odpi.openmetadata.frameworks.openmetadata.refdata,1,1,1,0,1,0,0,0,0,9,0,0,0,0
org.odpi.openmetadata.viewservices.datadiscovery.ffdc,org.odpi.openmetadata.frameworks.auditlog.messagesets,2,1,0,3,2,0,0,0,2,0,0,0,0,0
org.odpi.openmetadata.viewservices.datadiscovery.ffdc,org.odpi.openmetadata.frameworks.auditlog,1,1,1,0,0,0,0,0,0,13,0,0,0,0
org.odpi.openmetadata.adapters.connectors.integration.openlineage.controls,org.odpi.openmetadata.frameworks.openmetadata.specificationproperties,1,1,1,6,1,0,0,0,1,1,0,0,0,0
org.odpi.openmetadata.adapters.connectors.secretsstore.yaml.ffdc,org.odpi.openmetadata.frameworks.auditlog,1,1,1,0,0,0,0,0,0,9,0,0,0,0
org.odpi.openmetadata.adapters.connectors.secretsstore.yaml.ffdc,org.odpi.openmetadata.frameworks.auditlog.messagesets,4,2,0,6,4,0,0,0,4,0,0,0,0,0
org.odpi.openmetadata.viewservices.metadataexpert.ffdc,org.odpi.openmetadata.frameworks.auditlog,1,1,1,0,0,0,0,0,0,13,0,0,0,0
org.odpi.openmetadata.viewservices.metadataexpert.ffdc,org.odpi.openmetadata.frameworks.auditlog.messagesets,4,2,0,6,4,0,0,0,4,0,0,0,0,0
org.odpi.openmetadata.adapters.connectors.babbage.ffdc,org.odpi.openmetadata.frameworks.auditlog.messagesets,4,2,0,5,4,0,0,0,3,1,0,0,0,0
org.odpi.openmetadata.adapters.connectors.babbage.ffdc,org.odpi.openmetadata.frameworks.auditlog,1,1,1,0,0,0,0,0,0,9,0,0,0,0
org.odpi.openmetadata.repositoryservices.properties,org.odpi.openmetadata.frameworks.connectors.properties.beans,1,3,3,0,3,0,0,0,0,3,0,0,0,0
org.odpi.openmetadata.frameworks.opensurvey.ffdc,org.odpi.openmetadata.frameworks.auditlog.messagesets,4,2,0,6,4,0,0,0,4,0,0,0,0,0
org.odpi.openmetadata.frameworks.opensurvey.ffdc,org.odpi.openmetadata.frameworks.auditlog,1,1,1,0,0,0,0,0,0,19,0,0,0,0
org.odpi.openmetadata.adapters.connectors.egeriainfrastructure.ffdc,org.odpi.openmetadata.frameworks.auditlog.messagesets,4,2,0,6,4,0,0,0,4,0,0,0,0,0
org.odpi.openmetadata.adapters.connectors.egeriainfrastructure.ffdc,org.odpi.openmetadata.frameworks.auditlog,1,1,1,0,0,0,0,0,0,19,0,0,0,0
org.odpi.openmetadata.viewservices.externallinks.server.spring,org.odpi.openmetadata.commonservices.ffdc.rest,1,0,20,0,20,0,0,0,0,0,0,0,0,0
org.odpi.openmetadata.viewservices.externallinks.server.spring,org.odpi.openmetadata.viewservices.externallinks.server,1,1,0,21,0,0,0,0,1,0,0,0,0,0
org.odpi.openmetadata.viewservices.solutionarchitect.admin,org.odpi.openmetadata.adminservices.configuration.properties,1,0,1,7,0,0,0,0,0,0,0,0,0,0
org.odpi.openmetadata.viewservices.solutionarchitect.admin,org.odpi.openmetadata.adminservices.ffdc.exception,1,0,0,0,0,1,0,0,0,0,0,0,0,0
org.odpi.openmetadata.viewservices.solutionarchitect.admin,org.odpi.openmetadata.adminservices.configuration.registration,1,0,0,0,0,0,0,0,0,2,0,0,0,0
org.odpi.openmetadata.viewservices.solutionarchitect.admin,org.odpi.openmetadata.adminservices.registration,1,0,0,1,0,0,0,1,0,1,0,0,0,0
org.odpi.openmetadata.viewservices.solutionarchitect.admin,org.odpi.openmetadata.viewservices.solutionarchitect.server,1,1,0,1,0,0,0,0,1,1,0,0,0,0
org.odpi.openmetadata.viewservices.solutionarchitect.admin,org.odpi.openmetadata.viewservices.solutionarchitect.ffdc,1,0,0,0,0,0,0,0,0,10,0,0,0,0
org.odpi.openmetadata.viewservices.solutionarchitect.admin,org.odpi.openmetadata.commonservices.multitenant,0,0,0,1,0,0,0,0,0,0,0,0,0,0
org.odpi.openmetadata.viewservices.solutionarchitect.admin,org.odpi.openmetadata.frameworks.auditlog,1,1,1,5,0,0,0,0,0,1,0,0,0,0
org.odpi.openmetadata.adapters.connectors.governanceactions.ffdc,org.odpi.openmetadata.frameworks.auditlog.messagesets,4,2,0,6,4,0,0,0,4,0,0,0,0,0
org.odpi.openmetadata.adapters.connectors.governanceactions.ffdc,org.odpi.openmetadata.frameworks.auditlog,1,1,1,0,0,0,0,0,0,81,0,0,0,0
org.odpi.openmetadata.viewservices.connectionmaker.admin,org.odpi.openmetadata.adminservices.registration,1,0,0,1,0,0,0,1,0,1,0,0,0,0
org.odpi.openmetadata.viewservices.connectionmaker.admin,org.odpi.openmetadata.adminservices.configuration.properties,1,0,1,4,0,0,0,0,0,0,0,0,0,0
org.odpi.openmetadata.viewservices.connectionmaker.admin,org.odpi.openmetadata.adminservices.configuration.registration,1,0,0,0,0,0,0,0,0,2,0,0,0,0
org.odpi.openmetadata.viewservices.connectionmaker.admin,org.odpi.openmetadata.adminservices.ffdc.exception,1,0,0,0,0,1,0,0,0,0,0,0,0,0
org.odpi.openmetadata.viewservices.connectionmaker.admin,org.odpi.openmetadata.viewservices.connectionmaker.ffdc,1,0,0,0,0,0,0,0,0,10,0,0,0,0
org.odpi.openmetadata.viewservices.connectionmaker.admin,org.odpi.openmetadata.viewservices.connectionmaker.server,1,1,0,1,0,0,0,0,1,1,0,0,0,0
org.odpi.openmetadata.viewservices.connectionmaker.admin,org.odpi.openmetadata.frameworks.auditlog,1,1,1,5,0,0,0,0,0,1,0,0,0,0
org.odpi.openmetadata.viewservices.connectionmaker.admin,org.odpi.openmetadata.commonservices.multitenant,0,0,0,1,0,0,0,0,0,0,0,0,0,0
org.odpi.openmetadata.viewservices.notificationmanager.ffdc,org.odpi.openmetadata.frameworks.auditlog.messagesets,2,1,0,3,2,0,0,0,2,0,0,0,0,0
org.odpi.openmetadata.viewservices.notificationmanager.ffdc,org.odpi.openmetadata.frameworks.auditlog,1,1,1,0,0,0,0,0,0,13,0,0,0,0
org.odpi.openmetadata.viewservices.locationarena.admin,org.odpi.openmetadata.viewservices.locationarena.ffdc,1,0,0,0,0,0,0,0,0,10,0,0,0,0
org.odpi.openmetadata.viewservices.locationarena.admin,org.odpi.openmetadata.viewservices.locationarena.server,1,1,0,1,0,0,0,0,1,1,0,0,0,0
org.odpi.openmetadata.viewservices.locationarena.admin,org.odpi.openmetadata.frameworks.auditlog,1,1,1,5,0,0,0,0,0,1,0,0,0,0
org.odpi.openmetadata.viewservices.locationarena.admin,org.odpi.openmetadata.commonservices.multitenant,0,0,0,1,0,0,0,0,0,0,0,0,0,0
org.odpi.openmetadata.viewservices.locationarena.admin,org.odpi.openmetadata.adminservices.configuration.properties,1,0,1,7,0,0,0,0,0,0,0,0,0,0
org.odpi.openmetadata.viewservices.locationarena.admin,org.odpi.openmetadata.adminservices.configuration.registration,1,0,0,0,0,0,0,0,0,2,0,0,0,0
org.odpi.openmetadata.viewservices.locationarena.admin,org.odpi.openmetadata.adminservices.ffdc.exception,1,0,0,0,0,1,0,0,0,0,0,0,0,0
org.odpi.openmetadata.viewservices.locationarena.admin,org.odpi.openmetadata.adminservices.registration,1,0,0,1,0,0,0,1,0,1,0,0,0,0
org.odpi.openmetadata.frameworkservices.omf.client.rest,org.odpi.openmetadata.frameworks.openmetadata.ffdc,3,0,0,0,0,74,0,0,0,0,0,0,0,0
org.odpi.openmetadata.frameworkservices.omf.client.rest,org.odpi.openmetadata.commonservices.ffdc,0,0,0,24,0,0,0,0,0,0,0,0,0,0
org.odpi.openmetadata.frameworkservices.omf.client.rest,org.odpi.openmetadata.commonservices.ffdc.rest,0,2,0,2,2,0,0,1,0,26,0,0,0,0
org.odpi.openmetadata.frameworkservices.omf.client.rest,org.odpi.openmetadata.frameworks.auditlog,1,0,2,0,0,0,0,0,0,0,0,0,0,0
org.odpi.openmetadata.frameworkservices.omf.client.rest,org.odpi.openmetadata.frameworks.connectors,1,0,0,0,0,0,0,0,0,0,0,0,0,0
org.odpi.openmetadata.frameworkservices.omf.client.rest,org.odpi.openmetadata.frameworkservices.omf.rest,0,22,0,0,22,0,0,0,0,22,0,0,0,0
org.odpi.openmetadata.viewservices.devopspipeline.ffdc,org.odpi.openmetadata.frameworks.auditlog,1,1,1,0,0,0,0,0,0,13,0,0,0,0
org.odpi.openmetadata.viewservices.devopspipeline.ffdc,org.odpi.openmetadata.frameworks.auditlog.messagesets,2,1,0,3,2,0,0,0,2,0,0,0,0,0
org.odpi.openmetadata.adapters.connectors.surveyaction.controls,org.odpi.openmetadata.frameworks.openmetadata.specificationproperties,1,1,1,5,1,0,0,0,1,1,0,0,0,0
org.odpi.openmetadata.viewservices.templatemanager.ffdc,org.odpi.openmetadata.frameworks.auditlog.messagesets,2,1,0,3,2,0,0,0,2,0,0,0,0,0
org.odpi.openmetadata.viewservices.templatemanager.ffdc,org.odpi.openmetadata.frameworks.auditlog,1,1,1,0,0,0,0,0,0,13,0,0,0,0
org.odpi.openmetadata.viewservices.schemamaker.admin,org.odpi.openmetadata.frameworks.auditlog,1,1,1,5,0,0,0,0,0,1,0,0,0,0
org.odpi.openmetadata.viewservices.schemamaker.admin,org.odpi.openmetadata.commonservices.multitenant,0,0,0,1,0,0,0,0,0,0,0,0,0,0
org.odpi.openmetadata.viewservices.schemamaker.admin,org.odpi.openmetadata.adminservices.registration,1,0,0,1,0,0,0,1,0,1,0,0,0,0
org.odpi.openmetadata.viewservices.schemamaker.admin,org.odpi.openmetadata.adminservices.configuration.properties,1,0,1,4,0,0,0,0,0,0,0,0,0,0
org.odpi.openmetadata.viewservices.schemamaker.admin,org.odpi.openmetadata.adminservices.ffdc.exception,1,0,0,0,0,1,0,0,0,0,0,0,0,0
org.odpi.openmetadata.viewservices.schemamaker.admin,org.odpi.openmetadata.adminservices.configuration.registration,1,0,0,0,0,0,0,0,0,2,0,0,0,0
org.odpi.openmetadata.viewservices.schemamaker.admin,org.odpi.openmetadata.viewservices.schemamaker.server,1,1,0,1,0,0,0,0,1,1,0,0,0,0
org.odpi.openmetadata.viewservices.schemamaker.admin,org.odpi.openmetadata.viewservices.schemamaker.ffdc,1,0,0,0,0,0,0,0,0,10,0,0,0,0
org.odpi.openmetadata.viewservices.securityofficer.admin,org.odpi.openmetadata.frameworks.auditlog,1,1,1,5,0,0,0,0,0,1,0,0,0,0
org.odpi.openmetadata.viewservices.securityofficer.admin,org.odpi.openmetadata.commonservices.multitenant,0,0,0,1,0,0,0,0,0,0,0,0,0,0
org.odpi.openmetadata.viewservices.securityofficer.admin,org.odpi.openmetadata.adminservices.ffdc.exception,1,0,0,0,0,1,0,0,0,0,0,0,0,0
org.odpi.openmetadata.viewservices.securityofficer.admin,org.odpi.openmetadata.adminservices.configuration.registration,1,0,0,0,0,0,0,0,0,2,0,0,0,0
org.odpi.openmetadata.viewservices.securityofficer.admin,org.odpi.openmetadata.adminservices.configuration.properties,1,0,1,7,0,0,0,0,0,0,0,0,0,0
org.odpi.openmetadata.viewservices.securityofficer.admin,org.odpi.openmetadata.adminservices.registration,1,0,0,1,0,0,0,1,0,1,0,0,0,0
org.odpi.openmetadata.viewservices.securityofficer.admin,org.odpi.openmetadata.viewservices.securityofficer.ffdc,1,0,0,0,0,0,0,0,0,10,0,0,0,0
org.odpi.openmetadata.viewservices.securityofficer.admin,org.odpi.openmetadata.viewservices.securityofficer.server,1,1,0,1,0,0,0,0,1,1,0,0,0,0
org.odpi.openmetadata.metadataobservability.ffdc,org.odpi.openmetadata.frameworks.auditlog.messagesets,2,1,0,3,2,0,0,0,2,0,0,0,0,0
org.odpi.openmetadata.metadataobservability.ffdc,org.odpi.openmetadata.frameworks.auditlog,1,1,1,0,0,0,0,0,0,21,0,0,0,0
org.odpi.openmetadata.adapters.connectors.apacheatlas.survey.controls,org.odpi.openmetadata.frameworks.openmetadata.specificationproperties,2,2,2,12,2,0,0,0,2,2,0,0,0,0
org.odpi.openmetadata.adapters.connectors.apacheatlas.survey.controls,org.odpi.openmetadata.frameworks.openmetadata.types,1,0,0,0,0,0,0,0,0,24,0,0,0,0
org.odpi.openmetadata.adapters.connectors.apacheatlas.survey.controls,org.odpi.openmetadata.frameworks.opensurvey.controls,2,1,1,2,0,0,0,0,0,25,0,0,0,0
org.odpi.openmetadata.viewservices.lineagelinker.ffdc,org.odpi.openmetadata.frameworks.auditlog.messagesets,4,2,0,6,4,0,0,0,4,0,0,0,0,0
org.odpi.openmetadata.viewservices.lineagelinker.ffdc,org.odpi.openmetadata.frameworks.auditlog,1,1,1,0,0,0,0,0,0,13,0,0,0,0
org.odpi.openmetadata.accessservices.stewardshipaction.fvt.clientconstructors,org.odpi.openmetadata.frameworks.openmetadata.ffdc,1,0,0,0,0,2,0,0,0,0,0,0,0,0
org.odpi.openmetadata.accessservices.stewardshipaction.fvt.clientconstructors,org.odpi.openmetadata.adminservices.configuration.registration,1,0,0,0,0,0,0,0,0,5,0,0,0,0
org.odpi.openmetadata.accessservices.stewardshipaction.fvt.clientconstructors,org.odpi.openmetadata.frameworks.auditlog,1,1,1,1,0,0,0,0,1,0,0,0,0,0
org.odpi.openmetadata.accessservices.stewardshipaction.fvt.clientconstructors,org.odpi.openmetadata.fvt.utilities.auditlog,1,0,1,0,0,0,0,0,0,0,0,0,0,0
org.odpi.openmetadata.accessservices.stewardshipaction.fvt.clientconstructors,org.odpi.openmetadata.fvt.utilities,1,1,0,5,1,0,0,0,1,0,0,0,0,0
org.odpi.openmetadata.viewservices.schemamaker.server.spring,org.odpi.openmetadata.viewservices.schemamaker.server,1,1,0,15,0,0,0,0,1,0,0,0,0,0
org.odpi.openmetadata.viewservices.schemamaker.server.spring,org.odpi.openmetadata.commonservices.ffdc.rest,1,0,14,0,14,0,0,0,0,0,0,0,0,0
org.odpi.openmetadata.accessservices.digitalarchitecture.fvt.clientconstructors,org.odpi.openmetadata.fvt.utilities.auditlog,1,0,1,0,0,0,0,0,0,0,0,0,0,0
org.odpi.openmetadata.accessservices.digitalarchitecture.fvt.clientconstructors,org.odpi.openmetadata.fvt.utilities,1,1,0,5,1,0,0,0,1,0,0,0,0,0
org.odpi.openmetadata.accessservices.digitalarchitecture.fvt.clientconstructors,org.odpi.openmetadata.adminservices.configuration.registration,1,0,0,0,0,0,0,0,0,5,0,0,0,0
org.odpi.openmetadata.accessservices.digitalarchitecture.fvt.clientconstructors,org.odpi.openmetadata.frameworks.openmetadata.ffdc,1,0,0,0,0,2,0,0,0,0,0,0,0,0
org.odpi.openmetadata.accessservices.digitalarchitecture.fvt.clientconstructors,org.odpi.openmetadata.frameworks.auditlog,1,1,1,1,0,0,0,0,1,0,0,0,0,0
org.odpi.openmetadata.frameworks.integration.ffdc,org.odpi.openmetadata.frameworks.auditlog.messagesets,4,2,0,6,4,0,0,0,4,0,0,0,0,0
org.odpi.openmetadata.frameworks.integration.ffdc,org.odpi.openmetadata.frameworks.auditlog,1,1,1,0,0,0,0,0,0,37,0,0,0,0
org.odpi.openmetadata.commonservices.generichandlers.ffdc,org.odpi.openmetadata.frameworks.auditlog.messagesets,4,2,0,6,4,0,0,0,4,0,0,0,0,0
org.odpi.openmetadata.commonservices.generichandlers.ffdc,org.odpi.openmetadata.frameworks.auditlog,1,1,1,0,0,0,0,0,0,43,0,0,0,0
org.odpi.openmetadata.tokencontroller.ffdc,org.odpi.openmetadata.frameworks.auditlog.messagesets,2,1,0,3,2,0,0,0,2,0,0,0,0,0
org.odpi.openmetadata.fvt.utilities.auditlog,org.odpi.openmetadata.frameworks.auditlog,2,0,2,0,0,0,0,1,0,1,0,0,0,0
org.odpi.openmetadata.metadatasecurity.accessconnector.ffdc,org.odpi.openmetadata.frameworks.auditlog.messagesets,2,1,0,3,2,0,0,0,2,0,0,0,0,0
org.odpi.openmetadata.metadatasecurity.accessconnector.ffdc,org.odpi.openmetadata.frameworks.auditlog,1,1,1,0,0,0,0,0,0,3,0,0,0,0
org.odpi.openmetadata.viewservices.validmetadata.admin,org.odpi.openmetadata.frameworks.auditlog,1,1,1,5,0,0,0,0,0,1,0,0,0,0
org.odpi.openmetadata.viewservices.validmetadata.admin,org.odpi.openmetadata.commonservices.multitenant,0,0,0,1,0,0,0,0,0,0,0,0,0,0
org.odpi.openmetadata.viewservices.validmetadata.admin,org.odpi.openmetadata.adminservices.registration,1,0,0,1,0,0,0,1,0,1,0,0,0,0
org.odpi.openmetadata.viewservices.validmetadata.admin,org.odpi.openmetadata.adminservices.ffdc.exception,1,0,0,0,0,1,0,0,0,0,0,0,0,0
org.odpi.openmetadata.viewservices.validmetadata.admin,org.odpi.openmetadata.adminservices.configuration.properties,1,0,1,4,0,0,0,0,0,0,0,0,0,0
org.odpi.openmetadata.viewservices.validmetadata.admin,org.odpi.openmetadata.adminservices.configuration.registration,1,0,0,0,0,0,0,0,0,2,0,0,0,0
org.odpi.openmetadata.viewservices.validmetadata.admin,org.odpi.openmetadata.viewservices.validmetadata.ffdc,1,0,0,0,0,0,0,0,0,10,0,0,0,0
org.odpi.openmetadata.viewservices.validmetadata.admin,org.odpi.openmetadata.viewservices.validmetadata.server,1,1,0,1,0,0,0,0,1,1,0,0,0,0
org.odpi.openmetadata.viewservices.peopleorganizer.admin,org.odpi.openmetadata.adminservices.configuration.properties,1,0,1,7,0,0,0,0,0,0,0,0,0,0
org.odpi.openmetadata.viewservices.peopleorganizer.admin,org.odpi.openmetadata.viewservices.peopleorganizer.server,1,1,0,1,0,0,0,0,1,1,0,0,0,0
org.odpi.openmetadata.viewservices.peopleorganizer.admin,org.odpi.openmetadata.viewservices.peopleorganizer.ffdc,1,0,0,0,0,0,0,0,0,10,0,0,0,0
org.odpi.openmetadata.viewservices.peopleorganizer.admin,org.odpi.openmetadata.adminservices.registration,1,0,0,1,0,0,0,1,0,1,0,0,0,0
org.odpi.openmetadata.viewservices.peopleorganizer.admin,org.odpi.openmetadata.adminservices.ffdc.exception,1,0,0,0,0,1,0,0,0,0,0,0,0,0
org.odpi.openmetadata.viewservices.peopleorganizer.admin,org.odpi.openmetadata.adminservices.configuration.registration,1,0,0,0,0,0,0,0,0,2,0,0,0,0
org.odpi.openmetadata.viewservices.peopleorganizer.admin,org.odpi.openmetadata.frameworks.auditlog,1,1,1,5,0,0,0,0,0,1,0,0,0,0
org.odpi.openmetadata.viewservices.peopleorganizer.admin,org.odpi.openmetadata.commonservices.multitenant,0,0,0,1,0,0,0,0,0,0,0,0,0,0
org.odpi.openmetadata.viewservices.locationarena.ffdc,org.odpi.openmetadata.frameworks.auditlog,1,1,1,0,0,0,0,0,0,13,0,0,0,0
org.odpi.openmetadata.viewservices.locationarena.ffdc,org.odpi.openmetadata.frameworks.auditlog.messagesets,2,1,0,3,2,0,0,0,2,0,0,0,0,0
org.odpi.openmetadata.adapters.repositoryservices.auditlogstore.postgres.ffdc,org.odpi.openmetadata.frameworks.auditlog.messagesets,2,1,0,2,2,0,0,0,1,1,0,0,0,0
org.odpi.openmetadata.governanceservers.integrationdaemonservices.properties,org.odpi.openmetadata.frameworks.connectors.properties.beans,1,1,1,0,1,0,0,0,0,1,0,0,0,0
org.odpi.openmetadata.viewservices.dataofficer.ffdc,org.odpi.openmetadata.frameworks.auditlog,1,1,1,0,0,0,0,0,0,13,0,0,0,0
org.odpi.openmetadata.viewservices.dataofficer.ffdc,org.odpi.openmetadata.frameworks.auditlog.messagesets,2,1,0,3,2,0,0,0,2,0,0,0,0,0
org.odpi.openmetadata.conformance.server.spring,org.odpi.openmetadata.conformance.server,1,1,0,10,0,0,0,0,1,0,0,0,0,0
org.odpi.openmetadata.conformance.server.spring,org.odpi.openmetadata.conformance.rest,0,0,0,0,9,0,0,0,0,0,0,0,0,0
org.odpi.openmetadata.viewservices.actormanager.admin,org.odpi.openmetadata.viewservices.actormanager.ffdc,1,0,0,0,0,0,0,0,0,10,0,0,0,0
org.odpi.openmetadata.viewservices.actormanager.admin,org.odpi.openmetadata.viewservices.actormanager.server,1,1,0,1,0,0,0,0,1,1,0,0,0,0
org.odpi.openmetadata.viewservices.actormanager.admin,org.odpi.openmetadata.frameworks.auditlog,1,1,1,5,0,0,0,0,0,1,0,0,0,0
org.odpi.openmetadata.viewservices.actormanager.admin,org.odpi.openmetadata.adminservices.configuration.properties,1,0,1,4,0,0,0,0,0,0,0,0,0,0
org.odpi.openmetadata.viewservices.actormanager.admin,org.odpi.openmetadata.adminservices.configuration.registration,1,0,0,0,0,0,0,0,0,2,0,0,0,0
org.odpi.openmetadata.viewservices.actormanager.admin,org.odpi.openmetadata.adminservices.ffdc.exception,1,0,0,0,0,1,0,0,0,0,0,0,0,0
org.odpi.openmetadata.viewservices.actormanager.admin,org.odpi.openmetadata.commonservices.multitenant,0,0,0,1,0,0,0,0,0,0,0,0,0,0
org.odpi.openmetadata.viewservices.actormanager.admin,org.odpi.openmetadata.adminservices.registration,1,0,0,1,0,0,0,1,0,1,0,0,0,0
org.odpi.openmetadata.viewservices.automatedcuration.ffdc,org.odpi.openmetadata.frameworks.auditlog,1,1,1,0,0,0,0,0,0,13,0,0,0,0
org.odpi.openmetadata.viewservices.automatedcuration.ffdc,org.odpi.openmetadata.frameworks.auditlog.messagesets,2,1,0,3,2,0,0,0,2,0,0,0,0,0
org.odpi.openmetadata.viewservices.assetcatalog.admin,org.odpi.openmetadata.adminservices.configuration.properties,1,0,1,8,0,0,0,0,0,0,0,0,0,0
org.odpi.openmetadata.viewservices.assetcatalog.admin,org.odpi.openmetadata.adminservices.configuration.registration,1,0,0,0,0,0,0,0,0,4,0,0,0,0
org.odpi.openmetadata.viewservices.assetcatalog.admin,org.odpi.openmetadata.adminservices.ffdc.exception,1,0,0,0,0,1,0,0,0,0,0,0,0,0
org.odpi.openmetadata.viewservices.assetcatalog.admin,org.odpi.openmetadata.adminservices.registration,1,0,0,2,0,0,0,1,0,2,0,0,0,0
org.odpi.openmetadata.viewservices.assetcatalog.admin,org.odpi.openmetadata.commonservices.multitenant,0,0,0,1,0,0,0,0,0,0,0,0,0,0
org.odpi.openmetadata.viewservices.assetcatalog.admin,org.odpi.openmetadata.viewservices.assetcatalog.server,1,1,0,1,0,0,0,0,1,1,0,0,0,0
org.odpi.openmetadata.viewservices.assetcatalog.admin,org.odpi.openmetadata.viewservices.assetcatalog.ffdc,1,0,0,0,0,0,0,0,0,10,0,0,0,0
org.odpi.openmetadata.viewservices.assetcatalog.admin,org.odpi.openmetadata.frameworks.auditlog,1,1,1,5,0,0,0,0,0,1,0,0,0,0
org.odpi.openmetadata.viewservices.timekeeper.ffdc,org.odpi.openmetadata.frameworks.auditlog.messagesets,2,1,0,3,2,0,0,0,2,0,0,0,0,0
org.odpi.openmetadata.viewservices.timekeeper.ffdc,org.odpi.openmetadata.frameworks.auditlog,1,1,1,0,0,0,0,0,0,13,0,0,0,0
org.odpi.openmetadata.engineservices.surveyaction.api,org.odpi.openmetadata.commonservices.ffdc.properties,1,0,0,0,1,0,0,0,0,0,0,0,0,0
org.odpi.openmetadata.engineservices.surveyaction.api,org.odpi.openmetadata.frameworks.openmetadata.ffdc,3,0,0,0,0,3,0,0,0,0,0,0,0,0
org.odpi.openmetadata.adapters.connectors.resource.jdbc.mappers,org.odpi.openmetadata.adapters.connectors.resource.jdbc.properties,2,6,0,17,0,0,0,0,6,12,0,0,0,0
org.odpi.openmetadata.adapters.connectors.resource.jdbc.mappers,org.odpi.openmetadata.adapters.connectors.resource.jdbc.ffdc,1,0,0,0,0,0,0,0,0,36,0,0,0,0
org.odpi.openmetadata.adapters.connectors.resource.jdbc.mappers,org.odpi.openmetadata.repositoryservices.ffdc.exception,1,0,0,18,0,10,0,0,18,0,0,0,0,0
org.odpi.openmetadata.viewservices.collectionmanager.server.spring,org.odpi.openmetadata.commonservices.ffdc.rest,1,0,34,0,34,0,0,0,0,0,0,0,0,0
org.odpi.openmetadata.viewservices.collectionmanager.server.spring,org.odpi.openmetadata.viewservices.collectionmanager.server,1,1,0,35,0,0,0,0,1,0,0,0,0,0
org.odpi.openmetadata.viewservices.feedbackmanager.admin,org.odpi.openmetadata.viewservices.feedbackmanager.ffdc,1,0,0,0,0,0,0,0,0,10,0,0,0,0
org.odpi.openmetadata.viewservices.feedbackmanager.admin,org.odpi.openmetadata.viewservices.feedbackmanager.server,1,1,0,1,0,0,0,0,1,1,0,0,0,0
org.odpi.openmetadata.viewservices.feedbackmanager.admin,org.odpi.openmetadata.adminservices.registration,1,0,0,1,0,0,0,1,0,1,0,0,0,0
org.odpi.openmetadata.viewservices.feedbackmanager.admin,org.odpi.openmetadata.adminservices.ffdc.exception,1,0,0,0,0,1,0,0,0,0,0,0,0,0
org.odpi.openmetadata.viewservices.feedbackmanager.admin,org.odpi.openmetadata.adminservices.configuration.registration,1,0,0,0,0,0,0,0,0,2,0,0,0,0
org.odpi.openmetadata.viewservices.feedbackmanager.admin,org.odpi.openmetadata.adminservices.configuration.properties,1,0,1,4,0,0,0,0,0,0,0,0,0,0
org.odpi.openmetadata.viewservices.feedbackmanager.admin,org.odpi.openmetadata.commonservices.multitenant,0,0,0,1,0,0,0,0,0,0,0,0,0,0
org.odpi.openmetadata.viewservices.feedbackmanager.admin,org.odpi.openmetadata.frameworks.auditlog,1,1,1,5,0,0,0,0,0,1,0,0,0,0
org.odpi.openmetadata.viewservices.peopleorganizer.ffdc,org.odpi.openmetadata.frameworks.auditlog,1,1,1,0,0,0,0,0,0,13,0,0,0,0
org.odpi.openmetadata.viewservices.peopleorganizer.ffdc,org.odpi.openmetadata.frameworks.auditlog.messagesets,2,1,0,3,2,0,0,0,2,0,0,0,0,0
org.odpi.openmetadata.adapters.connectors.surveyaction.ffdc,org.odpi.openmetadata.frameworks.auditlog,1,1,1,0,0,0,0,0,0,13,0,0,0,0
org.odpi.openmetadata.adapters.connectors.surveyaction.ffdc,org.odpi.openmetadata.frameworks.auditlog.messagesets,2,1,0,3,2,0,0,0,2,0,0,0,0,0
org.odpi.openmetadata.viewservices.assetmaker.admin,org.odpi.openmetadata.frameworks.auditlog,1,1,1,5,0,0,0,0,0,1,0,0,0,0
org.odpi.openmetadata.viewservices.assetmaker.admin,org.odpi.openmetadata.viewservices.assetmaker.ffdc,1,0,0,0,0,0,0,0,0,10,0,0,0,0
org.odpi.openmetadata.viewservices.assetmaker.admin,org.odpi.openmetadata.viewservices.assetmaker.server,1,1,0,1,0,0,0,0,1,1,0,0,0,0
org.odpi.openmetadata.viewservices.assetmaker.admin,org.odpi.openmetadata.commonservices.multitenant,0,0,0,1,0,0,0,0,0,0,0,0,0,0
org.odpi.openmetadata.viewservices.assetmaker.admin,org.odpi.openmetadata.adminservices.configuration.properties,1,0,1,4,0,0,0,0,0,0,0,0,0,0
org.odpi.openmetadata.viewservices.assetmaker.admin,org.odpi.openmetadata.adminservices.registration,1,0,0,1,0,0,0,1,0,1,0,0,0,0
org.odpi.openmetadata.viewservices.assetmaker.admin,org.odpi.openmetadata.adminservices.ffdc.exception,1,0,0,0,0,1,0,0,0,0,0,0,0,0
org.odpi.openmetadata.viewservices.assetmaker.admin,org.odpi.openmetadata.adminservices.configuration.registration,1,0,0,0,0,0,0,0,0,2,0,0,0,0
org.odpi.openmetadata.accessservices.governanceprogram.samples.zonecreate,org.odpi.openmetadata.http,1,0,0,1,0,0,0,0,0,1,0,0,0,0
org.odpi.openmetadata.accessservices.governanceprogram.samples.zonecreate,org.odpi.openmetadata.frameworks.openmetadata.ffdc,3,0,0,0,0,3,0,0,0,0,0,0,0,0
org.odpi.openmetadata.viewservices.templatemanager.admin,org.odpi.openmetadata.adminservices.configuration.registration,1,0,0,0,0,0,0,0,0,2,0,0,0,0
org.odpi.openmetadata.viewservices.templatemanager.admin,org.odpi.openmetadata.adminservices.configuration.properties,1,0,1,7,0,0,0,0,0,0,0,0,0,0
org.odpi.openmetadata.viewservices.templatemanager.admin,org.odpi.openmetadata.viewservices.templatemanager.server,1,1,0,1,0,0,0,0,1,1,0,0,0,0
org.odpi.openmetadata.viewservices.templatemanager.admin,org.odpi.openmetadata.viewservices.templatemanager.ffdc,1,0,0,0,0,0,0,0,0,10,0,0,0,0
org.odpi.openmetadata.viewservices.templatemanager.admin,org.odpi.openmetadata.adminservices.registration,1,0,0,1,0,0,0,1,0,1,0,0,0,0
org.odpi.openmetadata.viewservices.templatemanager.admin,org.odpi.openmetadata.adminservices.ffdc.exception,1,0,0,0,0,1,0,0,0,0,0,0,0,0
org.odpi.openmetadata.viewservices.templatemanager.admin,org.odpi.openmetadata.frameworks.auditlog,1,1,1,5,0,0,0,0,0,1,0,0,0,0
org.odpi.openmetadata.viewservices.templatemanager.admin,org.odpi.openmetadata.commonservices.multitenant,0,0,0,1,0,0,0,0,0,0,0,0,0,0
org.odpi.openmetadata.viewservices.feedbackmanager.server.spring,org.odpi.openmetadata.viewservices.feedbackmanager.server,1,1,0,35,0,0,0,0,1,0,0,0,0,0
org.odpi.openmetadata.viewservices.feedbackmanager.server.spring,org.odpi.openmetadata.commonservices.ffdc.rest,0,0,34,0,34,0,0,0,0,0,0,0,0,0
org.odpi.openmetadata.viewservices.runtimemanager.ffdc,org.odpi.openmetadata.frameworks.auditlog,1,1,1,0,0,0,0,0,0,13,0,0,0,0
org.odpi.openmetadata.viewservices.runtimemanager.ffdc,org.odpi.openmetadata.frameworks.auditlog.messagesets,2,1,0,3,2,0,0,0,2,0,0,0,0,0
org.odpi.openmetadata.viewservices.digitalbusiness.ffdc,org.odpi.openmetadata.frameworks.auditlog.messagesets,2,1,0,3,2,0,0,0,2,0,0,0,0,0
org.odpi.openmetadata.viewservices.digitalbusiness.ffdc,org.odpi.openmetadata.frameworks.auditlog,1,1,1,0,0,0,0,0,0,13,0,0,0,0
org.odpi.openmetadata.viewservices.subjectarea.ffdc,org.odpi.openmetadata.frameworks.auditlog.messagesets,2,1,0,3,2,0,0,0,2,0,0,0,0,0
org.odpi.openmetadata.viewservices.subjectarea.ffdc,org.odpi.openmetadata.frameworks.auditlog,1,1,1,0,0,0,0,0,0,13,0,0,0,0
org.odpi.openmetadata.engineservices.watchdogaction.server.spring,org.odpi.openmetadata.engineservices.watchdogaction.server,1,1,0,2,0,0,0,0,1,0,0,0,0,0
org.odpi.openmetadata.engineservices.watchdogaction.server.spring,org.odpi.openmetadata.commonservices.ffdc.rest,1,0,0,0,1,0,0,0,0,0,0,0,0,0
org.odpi.openmetadata.viewservices.datadiscovery.admin,org.odpi.openmetadata.viewservices.datadiscovery.ffdc,1,0,0,0,0,0,0,0,0,10,0,0,0,0
org.odpi.openmetadata.viewservices.datadiscovery.admin,org.odpi.openmetadata.viewservices.datadiscovery.server,1,1,0,1,0,0,0,0,1,1,0,0,0,0
org.odpi.openmetadata.viewservices.datadiscovery.admin,org.odpi.openmetadata.frameworks.auditlog,1,1,1,5,0,0,0,0,0,1,0,0,0,0
org.odpi.openmetadata.viewservices.datadiscovery.admin,org.odpi.openmetadata.commonservices.multitenant,0,0,0,1,0,0,0,0,0,0,0,0,0,0
org.odpi.openmetadata.viewservices.datadiscovery.admin,org.odpi.openmetadata.adminservices.registration,1,0,0,1,0,0,0,1,0,1,0,0,0,0
org.odpi.openmetadata.viewservices.datadiscovery.admin,org.odpi.openmetadata.adminservices.configuration.properties,1,0,1,7,0,0,0,0,0,0,0,0,0,0
org.odpi.openmetadata.viewservices.datadiscovery.admin,org.odpi.openmetadata.adminservices.ffdc.exception,1,0,0,0,0,1,0,0,0,0,0,0,0,0
org.odpi.openmetadata.viewservices.datadiscovery.admin,org.odpi.openmetadata.adminservices.configuration.registration,1,0,0,0,0,0,0,0,0,2,0,0,0,0
org.odpi.openmetadata.adapters.connectors.datastore.datafolder.ffdc,org.odpi.openmetadata.frameworks.auditlog.messagesets,2,1,0,3,2,0,0,0,2,0,0,0,0,0
org.odpi.openmetadata.viewservices.dataofficer.server.spring,org.odpi.openmetadata.viewservices.dataofficer.server,1,1,0,1,0,0,0,0,1,0,0,0,0,0
org.odpi.openmetadata.adapters.connectors.restclients.ffdc,org.odpi.openmetadata.frameworks.auditlog.messagesets,2,1,0,3,2,0,0,0,2,0,0,0,0,0
org.odpi.openmetadata.accessservices.assetowner.samples.createcsvfile,org.odpi.openmetadata.http,1,0,0,1,0,0,0,0,0,1,0,0,0,0
org.odpi.openmetadata.engineservices.surveyaction.server.spring,org.odpi.openmetadata.commonservices.ffdc.rest,1,0,0,0,1,0,0,0,0,0,0,0,0,0
org.odpi.openmetadata.engineservices.surveyaction.server.spring,org.odpi.openmetadata.engineservices.surveyaction.server,1,1,0,2,0,0,0,0,1,0,0,0,0,0
org.odpi.openmetadata.viewservices.securityofficer.ffdc,org.odpi.openmetadata.frameworks.auditlog,1,1,1,0,0,0,0,0,0,13,0,0,0,0
org.odpi.openmetadata.viewservices.securityofficer.ffdc,org.odpi.openmetadata.frameworks.auditlog.messagesets,2,1,0,3,2,0,0,0,2,0,0,0,0,0
org.odpi.openmetadata.viewservices.referencedata.server.spring,org.odpi.openmetadata.commonservices.ffdc.rest,0,0,21,0,21,0,0,0,0,0,0,0,0,0
org.odpi.openmetadata.viewservices.referencedata.server.spring,org.odpi.openmetadata.viewservices.referencedata.server,1,1,0,22,0,0,0,0,1,0,0,0,0,0
org.odpi.openmetadata.engineservices.governanceaction.api,org.odpi.openmetadata.commonservices.ffdc.properties,1,0,0,0,1,0,0,0,0,0,0,0,0,0
org.odpi.openmetadata.engineservices.governanceaction.api,org.odpi.openmetadata.frameworks.openmetadata.ffdc,3,0,0,0,0,3,0,0,0,0,0,0,0,0
org.odpi.openmetadata.engineservices.surveyaction.client,org.odpi.openmetadata.frameworks.openmetadata.ffdc,3,0,0,0,0,5,0,0,0,0,0,0,0,0
org.odpi.openmetadata.engineservices.surveyaction.client,org.odpi.openmetadata.frameworks.connectors,1,0,0,0,0,0,0,0,0,0,0,0,0,0
org.odpi.openmetadata.engineservices.surveyaction.client,org.odpi.openmetadata.frameworks.auditlog,1,0,2,0,0,0,0,0,0,0,0,0,0,0
org.odpi.openmetadata.engineservices.surveyaction.client,org.odpi.openmetadata.engineservices.surveyaction.client.rest,1,1,0,2,0,0,0,0,2,2,0,0,0,0
org.odpi.openmetadata.engineservices.surveyaction.client,org.odpi.openmetadata.engineservices.surveyaction.api,1,0,0,0,0,0,1,0,0,0,0,0,0,0
org.odpi.openmetadata.engineservices.surveyaction.client,org.odpi.openmetadata.commonservices.ffdc.rest,1,1,0,2,0,0,0,0,0,0,0,0,0,0
org.odpi.openmetadata.engineservices.surveyaction.client,org.odpi.openmetadata.commonservices.ffdc,1,1,0,2,0,0,0,0,1,0,0,0,0,0
org.odpi.openmetadata.engineservices.surveyaction.client,org.odpi.openmetadata.commonservices.ffdc.properties,1,0,0,0,1,0,0,0,0,0,0,0,0,0
org.odpi.openmetadata.adapters.connectors.jacquard.tabulardatasets.controls,org.odpi.openmetadata.frameworks.openmetadata.types,1,0,0,0,0,0,0,0,0,4,0,0,0,0
org.odpi.openmetadata.adapters.connectors.jacquard.tabulardatasets.controls,org.odpi.openmetadata.frameworks.openmetadata.specificationproperties,1,1,1,6,1,0,0,0,1,1,0,0,0,0
org.odpi.openmetadata.viewservices.projectmanager.ffdc,org.odpi.openmetadata.frameworks.auditlog,1,1,1,0,0,0,0,0,0,13,0,0,0,0
org.odpi.openmetadata.viewservices.projectmanager.ffdc,org.odpi.openmetadata.frameworks.auditlog.messagesets,2,1,0,3,2,0,0,0,2,0,0,0,0,0
org.odpi.openmetadata.viewservices.privacyofficer.server.spring,org.odpi.openmetadata.viewservices.privacyofficer.server,1,1,0,1,0,0,0,0,1,0,0,0,0,0
