source_package,target_package,WDS,DD,NWDS,FINAL_SCORE
org.odpi.openmetadata.opentypes,org.odpi.openmetadata.repositoryservices.archiveutilities,16062,7,16062.0,33399.99004246152
org.odpi.openmetadata.opentypes,org.odpi.openmetadata.repositoryservices.connectors.stores.metadatacollectionstore.properties.typedefs,12214,7,12214.0,25398.298990077514
org.odpi.openmetadata.frameworks.openmetadata.handlers,org.odpi.openmetadata.frameworks.openmetadata.search,9599,8,9599.0,21091.158717850372
org.odpi.openmetadata.conformance.tests.repository.instances,org.odpi.openmetadata.repositoryservices.connectors.stores.metadatacollectionstore.properties.instances,6994,8,6994.0,15367.38869388952
org.odpi.openmetadata.commonservices.generichandlers,org.odpi.openmetadata.repositoryservices.connectors.stores.metadatacollectionstore.properties.instances,6671,8,6671.0,14657.685155409921
org.odpi.openmetadata.frameworks.openmetadata.converters,org.odpi.openmetadata.frameworks.openmetadata.search,6091,7,6091.0,12665.87843037188
org.odpi.openmetadata.opentypes,org.odpi.openmetadata.frameworks.openmetadata.types,9960,2,9960.0,10942.178395134373
org.odpi.openmetadata.frameworks.openmetadata.builders,org.odpi.openmetadata.frameworks.openmetadata.search,5118,7,5118.0,10642.581810317399
org.odpi.openmetadata.frameworks.openmetadata.mermaid,org.odpi.openmetadata.frameworks.openmetadata.metadataelements,5271,6,5271.0,10256.892395670557
org.odpi.openmetadata.repositoryservices.clients,org.odpi.openmetadata.repositoryservices.rest.properties,4440,7,4440.0,9232.72044505847
org.odpi.openmetadata.frameworks.openmetadata.handlers,org.odpi.openmetadata.frameworks.openmetadata.ffdc,4744,5,4744.0,8500.106922017892
org.odpi.openmetadata.samples.archiveutilities,org.odpi.openmetadata.repositoryservices.connectors.stores.metadatacollectionstore.properties.instances,4233,6,4233.0,8237.03766095114
org.odpi.openmetadata.frameworks.openmetadata.connectorcontext,org.odpi.openmetadata.frameworks.openmetadata.ffdc,4544,5,4544.0,8141.7550281722815
org.odpi.openmetadata.repositoryservices.localrepository.repositorycontentmanager,org.odpi.openmetadata.repositoryservices.connectors.stores.metadatacollectionstore.properties.instances,3158,8,3158.0,6938.835215227781
org.odpi.openmetadata.repositoryservices.eventmanagement,org.odpi.openmetadata.repositoryservices.events,2990,9,2990.0,6884.729428052197
org.odpi.openmetadata.repositoryservices.rest.server,org.odpi.openmetadata.repositoryservices.rest.properties,3520,6,3520.0,6849.603724674703
org.odpi.openmetadata.frameworks.openmetadata.converters,org.odpi.openmetadata.frameworks.openmetadata.types,6146,2,6146.0,6752.071126154203
org.odpi.openmetadata.repositoryservices.archiveutilities,org.odpi.openmetadata.repositoryservices.connectors.stores.metadatacollectionstore.properties.typedefs,3182,7,3182.0,6616.782985625237
org.odpi.openmetadata.conformance.tests.repository.instances,org.odpi.openmetadata.conformance.workbenches.repository,3424,5,3424.0,6134.9844226368605
org.odpi.openmetadata.frameworks.openmetadata.connectorcontext,org.odpi.openmetadata.frameworks.openmetadata.handlers,3283,5,3283.0,5882.346337475705
org.odpi.openmetadata.frameworks.openmetadata.connectorcontext,org.odpi.openmetadata.frameworks.openmetadata.search,2764,7,2764.0,5747.576421203066
org.odpi.openmetadata.repositoryservices.connectors.stores.metadatacollectionstore.utilities,org.odpi.openmetadata.repositoryservices.connectors.stores.metadatacollectionstore.properties.instances,2759,7,2759.0,5737.179213494667
org.odpi.openmetadata.adminservices.server,org.odpi.openmetadata.adminservices.configuration.properties,2681,7,2681.0,5574.98277324364
org.odpi.openmetadata.commonservices.repositoryhandler,org.odpi.openmetadata.repositoryservices.connectors.stores.metadatacollectionstore.properties.instances,2553,7,2553.0,5308.814255908621
org.odpi.openmetadata.samples.archiveutilities,org.odpi.openmetadata.repositoryservices.archiveutilities,2511,7,2511.0,5221.477711158068
org.odpi.openmetadata.adapters.connectors.apacheatlas.integration.modules,org.odpi.openmetadata.adapters.connectors.apacheatlas.resource.properties,2280,7,2280.0,4741.1267150300255
org.odpi.openmetadata.frameworks.openmetadata.handlers,org.odpi.openmetadata.frameworks.openmetadata.metadataelements,2260,7,2260.0,4699.537884196428
org.odpi.openmetadata.adapters.repositoryservices.inmemory.repositoryconnector,org.odpi.openmetadata.repositoryservices.connectors.stores.metadatacollectionstore.properties.instances,2178,7,2178.0,4529.023677778682
org.odpi.openmetadata.repositoryservices.localrepository.repositorycontentmanager,org.odpi.openmetadata.repositoryservices.connectors.stores.metadatacollectionstore.properties.typedefs,1914,8,1914.0,4205.487841021524
org.odpi.openmetadata.viewservices.classificationexplorer.server,org.odpi.openmetadata.commonservices.ffdc.rest,2149,6,2149.0,4181.760910319868
org.odpi.openmetadata.frameworks.openmetadata.handlers,org.odpi.openmetadata.frameworks.openmetadata.properties,1849,8,1849.0,4062.66824349467
org.odpi.openmetadata.conformance.tests.repository.instances,org.odpi.openmetadata.repositoryservices.connectors.stores.metadatacollectionstore.properties.typedefs,2072,6,2072.0,4031.925828842609
org.odpi.openmetadata.samples.archiveutilities,org.odpi.openmetadata.frameworks.openmetadata.types,3620,2,3620.0,3976.9764849785574
org.odpi.openmetadata.frameworks.openmetadata.handlers,org.odpi.openmetadata.frameworks.openmetadata.types,3574,2,3574.0,3926.440319699824
org.odpi.openmetadata.adminservices.server,org.odpi.openmetadata.commonservices.ffdc,2436,4,2436.0,3920.590754689468
org.odpi.openmetadata.frameworks.openmetadata.handlers,org.odpi.openmetadata.frameworks.openmetadata.client,2169,5,2169.0,3886.326288755651
org.odpi.openmetadata.frameworks.openmetadata.builders,org.odpi.openmetadata.frameworks.openmetadata.types,3275,2,3275.0,3597.9552453880597
org.odpi.openmetadata.repositoryservices.enterprise.repositoryconnector.executors,org.odpi.openmetadata.repositoryservices.enterprise.repositoryconnector.accumulators,1797,6,1797.0,3496.800537852398
org.odpi.openmetadata.viewservices.classificationexplorer.server,org.odpi.openmetadata.commonservices.ffdc,2121,4,2121.0,3413.6178122727265
org.odpi.openmetadata.repositoryservices.localrepository.repositoryconnector,org.odpi.openmetadata.repositoryservices.connectors.stores.metadatacollectionstore.properties.instances,1640,7,1640.0,3410.2841283549305
org.odpi.openmetadata.conformance.tests.repository.instances,org.odpi.openmetadata.conformance.beans,3010,2,3010.0,3306.8229888910105
org.odpi.openmetadata.adminservices.server,org.odpi.openmetadata.commonservices.ffdc.rest,1477,7,1477.0,3071.3351570611176
org.odpi.openmetadata.repositoryservices.connectors.stores.metadatacollectionstore,org.odpi.openmetadata.repositoryservices.ffdc.exception,1887,4,1887.0,3037.009340763147
org.odpi.openmetadata.frameworks.openmetadata.converters,org.odpi.openmetadata.frameworks.openmetadata.metadataelements,1376,8,1376.0,3023.381018414638
org.odpi.openmetadata.adapters.repositoryservices.postgres.repositoryconnector,org.odpi.openmetadata.repositoryservices.connectors.stores.metadatacollectionstore.properties.instances,1519,6,1519.0,2955.8375164150207
org.odpi.openmetadata.frameworks.openmetadata.converters,org.odpi.openmetadata.frameworks.openmetadata.properties,1326,8,1326.0,2913.5197895478273
org.odpi.openmetadata.commonservices.generichandlers,org.odpi.openmetadata.frameworks.openmetadata.types,2568,2,2568.0,2821.236357299706
org.odpi.openmetadata.repositoryservices.connectors.omrstopic,org.odpi.openmetadata.repositoryservices.events,1444,6,1444.0,2809.894255235872
org.odpi.openmetadata.viewservices.actormanager.server,org.odpi.openmetadata.commonservices.ffdc.rest,1286,7,1286.0,2674.161822600269
org.odpi.openmetadata.frameworks.openmetadata.converters,org.odpi.openmetadata.frameworks.openmetadata.properties.governance,1623,4,1623.0,2612.117731880545
org.odpi.openmetadata.adapters.connectors.apacheatlas.resource,org.odpi.openmetadata.adapters.connectors.apacheatlas.resource.properties,1319,6,1319.0,2566.6554866039583
org.odpi.openmetadata.samples.archiveutilities,org.odpi.openmetadata.repositoryservices.connectors.stores.archivestore,1415,5,1415.0,2535.3396489576976
org.odpi.openmetadata.repositoryservices.localrepository.repositoryconnector,org.odpi.openmetadata.repositoryservices.events,1215,7,1215.0,2526.5214731410006
org.odpi.openmetadata.frameworks.openmetadata.client,org.odpi.openmetadata.frameworks.openmetadata.search,1163,7,1163.0,2418.390512973649
org.odpi.openmetadata.repositoryservices.rest.server,org.odpi.openmetadata.commonservices.ffdc,1315,5,1315.0,2356.163702034892
org.odpi.openmetadata.repositoryservices.localrepository.repositoryconnector,org.odpi.openmetadata.repositoryservices.ffdc.exception,1206,6,1206.0,2346.767639760708
org.odpi.openmetadata.frameworkservices.omf.server,org.odpi.openmetadata.frameworks.openmetadata.search,1198,6,1198.0,2331.200358568265
org.odpi.openmetadata.samples.archiveutilities.cloudinformationmodel,org.odpi.openmetadata.samples.archiveutilities.cloudinformationmodel.properties,1121,7,1121.0,2331.053968223096
org.odpi.openmetadata.opentypes,org.odpi.openmetadata.frameworks.openmetadata.enums,1395,4,1395.0,2245.16588784557
org.odpi.openmetadata.conformance.tests.repository.instances,org.odpi.openmetadata.conformance.tests.repository,1384,4,1384.0,2227.4620708087946
org.odpi.openmetadata.repositoryservices.clients,org.odpi.openmetadata.repositoryservices.ffdc.exception,1217,5,1217.0,2180.571274050543
org.odpi.openmetadata.adapters.connectors.jacquard.productcatalog,org.odpi.openmetadata.frameworks.openmetadata.types,1204,5,1204.0,2157.278400950578
org.odpi.openmetadata.commonservices.generichandlers,org.odpi.openmetadata.commonservices.repositoryhandler,1027,7,1027.0,2135.5864633051915
org.odpi.openmetadata.viewservices.classificationexplorer.server,org.odpi.openmetadata.frameworks.openmetadata.handlers,1076,6,1076.0,2093.799320383517
org.odpi.openmetadata.accessservices.assetmanager.fvt.dataassets,org.odpi.openmetadata.fvt.utilities.exceptions,1292,4,1292.0,2079.3937828648577
org.odpi.openmetadata.repositoryservices.localrepository.repositoryconnector,org.odpi.openmetadata.repositoryservices.connectors.stores.metadatacollectionstore,1052,6,1052.0,2047.0974768061894
org.odpi.openmetadata.viewservices.assetmaker.server,org.odpi.openmetadata.commonservices.ffdc.rest,1049,6,1049.0,2041.2597463590237
org.odpi.openmetadata.adapters.connectors.apacheatlas.integration.modules,org.odpi.openmetadata.frameworks.openmetadata.metadataelements,978,7,978.0,2033.6938277628794
org.odpi.openmetadata.adapters.repositoryservices,org.odpi.openmetadata.frameworks.connectors.properties.beans,976,7,976.0,2029.5349446795196
org.odpi.openmetadata.commonservices.generichandlers,org.odpi.openmetadata.frameworks.openmetadata.ffdc,1247,4,1247.0,2006.969076805323
org.odpi.openmetadata.accessservices.assetowner.fvt.dataassets,org.odpi.openmetadata.fvt.utilities.exceptions,1239,4,1239.0,1994.0935735058501
org.odpi.openmetadata.contentpacks.core.base,org.odpi.openmetadata.contentpacks.core,1233,4,1233.0,1984.4369460312457
org.odpi.openmetadata.samples.governanceactions.clinicaltrials,org.odpi.openmetadata.frameworks.openmetadata.search,949,7,949.0,1973.3900230541642
org.odpi.openmetadata.conformance.tests.repository.instances,org.odpi.openmetadata.repositoryservices.connectors.stores.metadatacollectionstore,1204,4,1204.0,1937.7632465706567
org.odpi.openmetadata.contentpacks.core.base,org.odpi.openmetadata.samples.archiveutilities,1081,5,1081.0,1936.8919862355274
org.odpi.openmetadata.viewservices.actormanager.server,org.odpi.openmetadata.commonservices.ffdc,1201,4,1201.0,1932.9349328333544
org.odpi.openmetadata.adapters.repositoryservices.inmemory.repositoryconnector,org.odpi.openmetadata.repositoryservices.connectors.stores.metadatacollectionstore.repositoryconnector,958,6,958.0,1864.18192279499
org.odpi.openmetadata.conformance.tests.repository.types,org.odpi.openmetadata.repositoryservices.connectors.stores.metadatacollectionstore.properties.typedefs,892,7,892.0,1854.8618551784134
org.odpi.openmetadata.adapters.repositoryservices.inmemory.repositoryconnector,org.odpi.openmetadata.repositoryservices.connectors.stores.metadatacollectionstore,1138,4,1138.0,1831.540344350006
org.odpi.openmetadata.adapters.repositoryservices.postgres.repositoryconnector,org.odpi.openmetadata.repositoryservices.connectors.stores.metadatacollectionstore,1124,4,1124.0,1809.0082135759287
org.odpi.openmetadata.samples.archiveutilities,org.odpi.openmetadata.repositoryservices.connectors.stores.metadatacollectionstore.utilities,2568,1,2568.0,1780.0019596779396
org.odpi.openmetadata.contentpacks.core,org.odpi.openmetadata.frameworks.openmetadata.refdata,909,6,909.0,1768.8323254912798
org.odpi.openmetadata.samples.governanceactions.clinicaltrials,org.odpi.openmetadata.frameworks.opengovernance,1088,4,1088.0,1751.068448728301
org.odpi.openmetadata.viewservices.datadesigner.server,org.odpi.openmetadata.commonservices.ffdc.rest,957,5,957.0,1714.7138120512486
org.odpi.openmetadata.frameworkservices.omf.server,org.odpi.openmetadata.frameworks.openmetadata.properties,818,7,818.0,1700.9831810941057
org.odpi.openmetadata.viewservices.connectionmaker.server,org.odpi.openmetadata.commonservices.ffdc.rest,871,6,871.0,1694.887739827178
org.odpi.openmetadata.repositoryservices.archiveutilities,org.odpi.openmetadata.repositoryservices.connectors.stores.metadatacollectionstore.properties.instances,805,7,805.0,1673.9504410522677
org.odpi.openmetadata.adapters.repositoryservices.postgres.repositoryconnector,org.odpi.openmetadata.repositoryservices.connectors.stores.metadatacollectionstore.repositoryconnector,852,6,852.0,1657.9154469951268
org.odpi.openmetadata.contentpacks.core,org.odpi.openmetadata.frameworks.openmetadata.controls,1173,3,1173.0,1626.1232855936316
org.odpi.openmetadata.viewservices.feedbackmanager.server,org.odpi.openmetadata.commonservices.ffdc.rest,779,7,779.0,1619.884960968592
org.odpi.openmetadata.adapters.connectors.jacquard,org.odpi.openmetadata.adapters.connectors.jacquard.productcatalog,899,5,899.0,1610.7917628360215
org.odpi.openmetadata.adapters.connectors,org.odpi.openmetadata.frameworks.openmetadata.refdata,892,5,892.0,1598.249446551425
org.odpi.openmetadata.repositoryservices.connectors.stores.metadatacollectionstore.utilities,org.odpi.openmetadata.repositoryservices.connectors.stores.metadatacollectionstore.properties.typedefs,819,6,819.0,1593.7004120763015
org.odpi.openmetadata.viewservices.classificationexplorer.server,org.odpi.openmetadata.commonservices.multitenant,811,6,811.0,1578.133130883859
org.odpi.openmetadata.viewservices.assetmaker.server,org.odpi.openmetadata.commonservices.ffdc,977,4,977.0,1572.420840448116
org.odpi.openmetadata.viewservices.collectionmanager.server,org.odpi.openmetadata.commonservices.ffdc.rest,807,6,807.0,1570.3494902876378
org.odpi.openmetadata.viewservices.solutionarchitect.server,org.odpi.openmetadata.commonservices.ffdc.rest,870,5,870.0,1558.8307382284079
org.odpi.openmetadata.samples.governanceactions.clinicaltrials,org.odpi.openmetadata.frameworks.openmetadata.properties,793,6,793.0,1543.1067482008634
org.odpi.openmetadata.adapters.connectors.jacquard,org.odpi.openmetadata.frameworks.openmetadata.connectorcontext,859,5,859.0,1539.1213840668993
org.odpi.openmetadata.repositoryservices.connectors.stores.metadatacollectionstore,org.odpi.openmetadata.repositoryservices.connectors.stores.metadatacollectionstore.properties.typedefs,734,7,734.0,1526.3100915929995
org.odpi.openmetadata.frameworks.openmetadata.refdata,org.odpi.openmetadata.frameworks.openmetadata.types,1320,2,1320.0,1450.1682210419049
org.odpi.openmetadata.adapters.connectors.externalharvesters.harvestsurveys,org.odpi.openmetadata.adapters.connectors.externalharvesters.harvestsurveys.schema,894,4,894.0,1438.8374937160856
org.odpi.openmetadata.conformance.workbenches.repository,org.odpi.openmetadata.conformance.beans,652,8,652.0,1432.5904244232152
org.odpi.openmetadata.viewservices.runtimemanager.server,org.odpi.openmetadata.commonservices.ffdc,885,4,885.0,1424.3525525041787
org.odpi.openmetadata.viewservices.datadesigner.server,org.odpi.openmetadata.commonservices.ffdc,869,4,869.0,1398.6015459052333
org.odpi.openmetadata.frameworkservices.omf.server,org.odpi.openmetadata.commonservices.ffdc,869,4,869.0,1398.6015459052333
org.odpi.openmetadata.repositoryservices.rest.server,org.odpi.openmetadata.repositoryservices.connectors.stores.metadatacollectionstore,780,5,780.0,1397.572385997883
org.odpi.openmetadata.frameworks.openmetadata.handlers,org.odpi.openmetadata.frameworks.openmetadata.builders,868,4,868.0,1396.992107992799
org.odpi.openmetadata.repositoryservices.rest.server,org.odpi.openmetadata.frameworks.auditlog,705,6,705.0,1371.8666550839957
org.odpi.openmetadata.adapters.connectors.integration.jdbc.transfer.requests,org.odpi.openmetadata.frameworks.openmetadata.connectorcontext,760,5,760.0,1361.7371966133217
org.odpi.openmetadata.adapters.repositoryservices.rest.repositoryconnector,org.odpi.openmetadata.repositoryservices.ffdc.exception,760,5,760.0,1361.7371966133217
org.odpi.openmetadata.repositoryservices.connectors.stores.metadatacollectionstore,org.odpi.openmetadata.frameworks.openmetadata.ffdc,846,4,846.0,1361.584473919249
org.odpi.openmetadata.viewservices.solutionarchitect.server,org.odpi.openmetadata.commonservices.ffdc,845,4,845.0,1359.9750360068147
org.odpi.openmetadata.accessservices.datamanager.fvt.databases,org.odpi.openmetadata.fvt.utilities.exceptions,840,4,840.0,1351.9278464446443
org.odpi.openmetadata.adapters.connectors.unitycatalog.sync,org.odpi.openmetadata.frameworks.integration.iterator,649,7,649.0,1349.5575605502133
org.odpi.openmetadata.frameworks.openmetadata.connectorcontext,org.odpi.openmetadata.frameworks.openmetadata.properties,613,8,613.0,1346.8986659071027
org.odpi.openmetadata.repositoryservices.rest.server.spring,org.odpi.openmetadata.repositoryservices.rest.properties,966,3,966.0,1339.1603528418143
org.odpi.openmetadata.accessservices.digitalarchitecture.fvt.validvalues,org.odpi.openmetadata.fvt.utilities.exceptions,830,4,830.0,1335.8334673203033
org.odpi.openmetadata.accessservices.communityprofile.fvt.validvalues,org.odpi.openmetadata.fvt.utilities.exceptions,830,4,830.0,1335.8334673203033
org.odpi.openmetadata.accessservices.datamanager.fvt.validvalues,org.odpi.openmetadata.fvt.utilities.exceptions,830,4,830.0,1335.8334673203033
org.odpi.openmetadata.adapters.connectors.externalharvesters.harvestsurveys,org.odpi.openmetadata.frameworks.openmetadata.properties,745,5,745.0,1334.8608045749008
org.odpi.openmetadata.adapters.repositoryservices.postgres.repositoryconnector,org.odpi.openmetadata.adapters.repositoryservices.postgres.repositoryconnector.database,738,5,738.0,1322.3184882903045
org.odpi.openmetadata.samples.governanceactions.clinicaltrials,org.odpi.openmetadata.frameworks.openmetadata.types,1202,2,1202.0,1320.5319709790679
org.odpi.openmetadata.viewservices.metadataexpert.server,org.odpi.openmetadata.commonservices.ffdc,813,4,813.0,1308.4730228089236
org.odpi.openmetadata.viewservices.connectionmaker.server,org.odpi.openmetadata.commonservices.ffdc,809,4,809.0,1302.0352711591872
org.odpi.openmetadata.adapters.connectors.postgres.survey,org.odpi.openmetadata.frameworks.opensurvey.measurements,669,6,669.0,1301.8138897180045
org.odpi.openmetadata.frameworkservices.omf.server,org.odpi.openmetadata.frameworkservices.omf.rest,721,5,721.0,1291.8585773134275
org.odpi.openmetadata.serveroperations.server,org.odpi.openmetadata.adminservices.configuration.properties,617,7,617.0,1283.0154312164586
org.odpi.openmetadata.adapters.connectors.unitycatalog.survey,org.odpi.openmetadata.adapters.connectors.unitycatalog.properties,787,4,787.0,1266.627637085637
org.odpi.openmetadata.viewservices.runtimemanager.server,org.odpi.openmetadata.commonservices.ffdc.rest,703,5,703.0,1259.6069068673226
org.odpi.openmetadata.commonservices.generichandlers,org.odpi.openmetadata.repositoryservices.connectors.stores.metadatacollectionstore.repositoryconnector,643,6,643.0,1251.2202258425664
org.odpi.openmetadata.adapters.repositoryservices.postgres.repositoryconnector.database,org.odpi.openmetadata.adapters.repositoryservices.postgres.repositoryconnector.schema,774,4,774.0,1245.7049442239936
org.odpi.openmetadata.frameworkservices.omf.handlers,org.odpi.openmetadata.commonservices.generichandlers,599,7,599.0,1245.5854834662216
org.odpi.openmetadata.viewservices.collectionmanager.server,org.odpi.openmetadata.commonservices.ffdc,773,4,773.0,1244.0955063115596
org.odpi.openmetadata.viewservices.feedbackmanager.server,org.odpi.openmetadata.commonservices.ffdc,773,4,773.0,1244.0955063115596
org.odpi.openmetadata.accessservices.assetmanager.fvt.externalidentifiers,org.odpi.openmetadata.fvt.utilities.exceptions,769,4,769.0,1237.6577546618232
org.odpi.openmetadata.frameworks.openmetadata.connectorcontext,org.odpi.openmetadata.frameworks.openmetadata.reports,633,6,633.0,1231.7611243520132
org.odpi.openmetadata.frameworks.openmetadata.properties.governance,org.odpi.openmetadata.frameworks.openmetadata.properties,759,4,759.0,1221.5633755374822
org.odpi.openmetadata.commonservices.generichandlers,org.odpi.openmetadata.commonservices.ffdc,678,5,678.0,1214.8129201366212
org.odpi.openmetadata.repositoryservices.localrepository.repositoryconnector,org.odpi.openmetadata.repositoryservices.connectors.stores.metadatacollectionstore.repositoryconnector,548,8,548.0,1204.0790683802484
org.odpi.openmetadata.adapters.connectors.externalharvesters.harvestopenmetadata.schema,org.odpi.openmetadata.adapters.connectors.resource.jdbc.properties,617,6,617.0,1200.6265619671283
org.odpi.openmetadata.adapters.connectors.apacheatlas.integration.modules,org.odpi.openmetadata.frameworks.openmetadata.connectorcontext,738,4,738.0,1187.765179376366
org.odpi.openmetadata.adapters.connectors.integration.jdbc.transfer.requests,org.odpi.openmetadata.frameworks.auditlog,660,5,660.0,1182.5612496905162
org.odpi.openmetadata.samples.governanceactions.clinicaltrials,org.odpi.openmetadata.frameworks.openmetadata.connectorcontext,845,3,845.0,1171.4187351463074
org.odpi.openmetadata.commonservices.ffdc.rest,org.odpi.openmetadata.frameworks.openmetadata.search,651,5,651.0,1166.4354144674637
org.odpi.openmetadata.frameworks.opensurvey,org.odpi.openmetadata.frameworks.openmetadata.search,557,7,557.0,1158.2489387156686
org.odpi.openmetadata.adapters.connectors.jacquard,org.odpi.openmetadata.frameworks.openmetadata.search,645,5,645.0,1155.6848576520954
org.odpi.openmetadata.commonservices.repositoryhandler,org.odpi.openmetadata.frameworks.openmetadata.ffdc,644,5,644.0,1153.8930981828673
org.odpi.openmetadata.frameworks.opengovernance,org.odpi.openmetadata.frameworks.openmetadata.search,552,7,552.0,1147.8517310072693
org.odpi.openmetadata.adminservices.server,org.odpi.openmetadata.adminservices.configuration.registration,636,5,636.0,1139.559022429043
org.odpi.openmetadata.repositoryservices.rest.server.spring,org.odpi.openmetadata.repositoryservices.rest.server,708,4,708.0,1139.482042003343
org.odpi.openmetadata.repositoryservices.connectors.stores.metadatacollectionstore,org.odpi.openmetadata.repositoryservices.connectors.stores.metadatacollectionstore.properties.instances,584,6,584.0,1136.411527048303
org.odpi.openmetadata.adapters.repositoryservices.postgres.repositoryconnector.mappers,org.odpi.openmetadata.repositoryservices.connectors.stores.metadatacollectionstore.properties.instances,545,7,545.0,1133.2956402155105
org.odpi.openmetadata.repositoryservices.events,org.odpi.openmetadata.repositoryservices.connectors.stores.metadatacollectionstore.properties.instances,582,6,582.0,1132.5197067501922
org.odpi.openmetadata.repositoryservices.localrepository.repositorycontentmanager,org.odpi.openmetadata.repositoryservices.ffdc.exception,703,4,703.0,1131.4348524411726
org.odpi.openmetadata.accessservices.datamanager.fvt.events,org.odpi.openmetadata.fvt.utilities.exceptions,703,4,703.0,1131.4348524411726
org.odpi.openmetadata.adminservices.server,org.odpi.openmetadata.tokencontroller,702,4,702.0,1129.8254145287383
org.odpi.openmetadata.archiveutilities.designmodels.base,org.odpi.openmetadata.repositoryservices.archiveutilities,630,5,630.0,1128.8084656136746
org.odpi.openmetadata.frameworks.openmetadata.converters,org.odpi.openmetadata.frameworks.openmetadata.properties.surveyreports,687,4,687.0,1105.683845842227
org.odpi.openmetadata.repositoryservices.rest.properties,org.odpi.openmetadata.repositoryservices.connectors.stores.metadatacollectionstore.properties.instances,527,7,527.0,1095.8656924652735
org.odpi.openmetadata.viewservices.actormanager.server,org.odpi.openmetadata.commonservices.multitenant,559,6,559.0,1087.76377332192
org.odpi.openmetadata.frameworkservices.omf.rest,org.odpi.openmetadata.frameworks.openmetadata.search,519,7,519.0,1079.2301601318347
org.odpi.openmetadata.viewservices.glossarymanager.server,org.odpi.openmetadata.commonservices.ffdc.rest,552,6,552.0,1074.142402278533
org.odpi.openmetadata.frameworks.openmetadata.search,org.odpi.openmetadata.frameworks.openmetadata.metadataelements,549,6,549.0,1068.304671831367
org.odpi.openmetadata.adapters.connectors.secretsstore.yaml,org.odpi.openmetadata.frameworks.connectors.properties.users,548,6,548.0,1066.3587616823118
org.odpi.openmetadata.repositoryservices.rest.server,org.odpi.openmetadata.repositoryservices.rest.services,547,6,547.0,1064.4128515332563
org.odpi.openmetadata.viewservices.glossarymanager.server,org.odpi.openmetadata.commonservices.ffdc,657,4,657.0,1057.400708469204
org.odpi.openmetadata.commonservices.ffdc,org.odpi.openmetadata.frameworks.openmetadata.ffdc,478,8,478.0,1050.273347966713
org.odpi.openmetadata.samples.archiveutilities.sustainability,org.odpi.openmetadata.samples.archiveutilities.organization,502,7,502.0,1043.8796539232776
org.odpi.openmetadata.repositoryservices.connectors.stores.metadatacollectionstore,org.odpi.openmetadata.repositoryservices.connectors.stores.metadatacollectionstore.repositoryconnector,582,5,582.0,1042.804011090728
org.odpi.openmetadata.adapters.connectors.integration.openlineage,org.odpi.openmetadata.frameworks.integration.openlineage,501,7,501.0,1041.8002123815977
org.odpi.openmetadata.frameworks.openmetadata.converters,org.odpi.openmetadata.frameworks.openmetadata.properties.actors,581,5,581.0,1041.0122516215
org.odpi.openmetadata.frameworks.connectors,org.odpi.openmetadata.frameworks.connectors.properties.beans,452,9,452.0,1040.7684620333087
org.odpi.openmetadata.viewservices.datadiscovery.server,org.odpi.openmetadata.commonservices.ffdc.rest,577,5,577.0,1033.8452137445877
org.odpi.openmetadata.adapters.repositoryservices.postgres.repositoryconnector,org.odpi.openmetadata.repositoryservices.ffdc.exception,641,4,641.0,1031.6497018702582
org.odpi.openmetadata.repositoryservices.enterprise.repositoryconnector.accumulators,org.odpi.openmetadata.repositoryservices.connectors.stores.metadatacollectionstore.properties.instances,493,7,493.0,1025.164680048159
org.odpi.openmetadata.viewservices.governanceofficer.server,org.odpi.openmetadata.commonservices.ffdc.rest,572,5,572.0,1024.8864163984474
org.odpi.openmetadata.frameworks.openmetadata.mermaid,org.odpi.openmetadata.frameworks.openmetadata.properties,526,6,526.0,1023.5487384030947
org.odpi.openmetadata.viewservices.actormanager.server,org.odpi.openmetadata.frameworks.openmetadata.handlers,566,5,566.0,1014.1358595830791
org.odpi.openmetadata.viewservices.validmetadata.server,org.odpi.openmetadata.commonservices.ffdc,629,4,629.0,1012.3364469210491
org.odpi.openmetadata.adapters.connectors.egeriainfrastructure.platform.catalog,org.odpi.openmetadata.frameworks.openmetadata.metadataelements,561,5,561.0,1005.1770622369388
org.odpi.openmetadata.repositoryservices.clients,org.odpi.openmetadata.frameworks.openmetadata.ffdc,560,5,560.0,1003.3853027677108
org.odpi.openmetadata.adapters.connectors.jacquard,org.odpi.openmetadata.frameworks.openmetadata.properties,512,6,512.0,996.3059963163204
org.odpi.openmetadata.viewservices.governanceofficer.server,org.odpi.openmetadata.commonservices.ffdc,617,4,617.0,993.0231919718399
org.odpi.openmetadata.frameworks.openmetadata.converters,org.odpi.openmetadata.frameworks.openmetadata.properties.schema,617,4,617.0,993.0231919718399
org.odpi.openmetadata.frameworks.openmetadata.converters,org.odpi.openmetadata.frameworks.openmetadata.properties.datadictionaries,609,4,609.0,980.147688672367
org.odpi.openmetadata.platformservices.server,org.odpi.openmetadata.commonservices.ffdc,607,4,607.0,976.9288128474989
org.odpi.openmetadata.repositoryservices.events,org.odpi.openmetadata.repositoryservices.events.beans.v2,499,6,499.0,971.0091643786013
org.odpi.openmetadata.opentypes,org.odpi.openmetadata.repositoryservices.connectors.stores.archivestore.properties,498,6,498.0,969.063254229546
org.odpi.openmetadata.accessservices.communityprofile.fvt.locations,org.odpi.openmetadata.fvt.utilities.exceptions,599,4,599.0,964.053309548026
org.odpi.openmetadata.viewservices.datadiscovery.server,org.odpi.openmetadata.commonservices.ffdc,597,4,597.0,960.8344337231579
org.odpi.openmetadata.frameworkservices.omf.handlers,org.odpi.openmetadata.repositoryservices.connectors.stores.metadatacollectionstore.properties.instances,462,7,462.0,960.7019922560842
org.odpi.openmetadata.conformance.tests.repository.types,org.odpi.openmetadata.conformance.beans,874,2,874.0,960.187140295928
org.odpi.openmetadata.viewservices.projectmanager.server,org.odpi.openmetadata.commonservices.ffdc.rest,535,5,535.0,958.5913160370094
org.odpi.openmetadata.repositoryservices.ffdc,org.odpi.openmetadata.frameworks.auditlog,594,4,594.0,956.0061199858555
org.odpi.openmetadata.repositoryservices.localrepository.repositoryconnector,org.odpi.openmetadata.frameworks.openmetadata.ffdc,491,6,491.0,955.4418831861587
org.odpi.openmetadata.adminservices.spring,org.odpi.openmetadata.adminservices.server,592,4,592.0,952.7872441609874
org.odpi.openmetadata.adapters.repositoryservices.auditlogstore.postgres,org.odpi.openmetadata.frameworks.auditlog,585,4,585.0,941.5211787739487
org.odpi.openmetadata.accessservices.assetmanager.fvt.connections,org.odpi.openmetadata.fvt.utilities.exceptions,578,4,578.0,930.25511338691
org.odpi.openmetadata.viewservices.assetmaker.server,org.odpi.openmetadata.frameworks.openmetadata.handlers,475,6,475.0,924.3073208012738
org.odpi.openmetadata.adminservices.server,org.odpi.openmetadata.adminservices.rest,471,6,471.0,916.5236802050525
org.odpi.openmetadata.repositoryservices.ffdc.exception,org.odpi.openmetadata.frameworks.openmetadata.ffdc,661,3,661.0,916.3405727002477
org.odpi.openmetadata.adminservices.client,org.odpi.openmetadata.frameworks.openmetadata.ffdc,569,4,569.0,915.770172175003
org.odpi.openmetadata.repositoryservices.enterprise.repositoryconnector,org.odpi.openmetadata.repositoryservices.enterprise.repositoryconnector.control,511,5,511.0,915.5890887755361
org.odpi.openmetadata.serveroperations.server,org.odpi.openmetadata.adminservices.configuration.registration,508,5,508.0,910.2138103678519
org.odpi.openmetadata.viewservices.classificationexplorer.server,org.odpi.openmetadata.tokencontroller,564,4,564.0,907.7229826128325
org.odpi.openmetadata.viewservices.classificationexplorer.server,org.odpi.openmetadata.frameworks.auditlog,563,4,563.0,906.1135447003985
org.odpi.openmetadata.adminservices.client,org.odpi.openmetadata.adminservices.client.rest,505,5,505.0,904.8385319601678
org.odpi.openmetadata.repositoryservices.admin,org.odpi.openmetadata.adminservices.configuration.properties,433,7,433.0,900.3981875473689
org.odpi.openmetadata.adapters.connectors.integration.jdbc.transfer,org.odpi.openmetadata.adapters.connectors.integration.jdbc.transfer.requests,460,6,460.0,895.1186685654441
org.odpi.openmetadata.frameworkservices.gaf.server,org.odpi.openmetadata.frameworks.opengovernance.properties,430,7,430.0,894.1598629223294
org.odpi.openmetadata.contentpacks.core.core,org.odpi.openmetadata.frameworks.openmetadata.types,553,4,553.0,890.0191655760575
org.odpi.openmetadata.frameworkservices.gaf.converters,org.odpi.openmetadata.repositoryservices.connectors.stores.metadatacollectionstore.properties.instances,427,7,427.0,887.9215382972899
org.odpi.openmetadata.viewservices.externallinks.server,org.odpi.openmetadata.commonservices.ffdc.rest,492,5,492.0,881.545658860203
org.odpi.openmetadata.frameworks.openmetadata.connectorcontext,org.odpi.openmetadata.frameworks.openmetadata.metadataelements,452,6,452.0,879.5513873730016
org.odpi.openmetadata.repositoryservices.enterprise.repositoryconnector.executors,org.odpi.openmetadata.repositoryservices.connectors.stores.metadatacollectionstore.properties.instances,451,6,451.0,877.6054772239463
org.odpi.openmetadata.viewservices.datadesigner.server,org.odpi.openmetadata.frameworks.openmetadata.handlers,450,6,450.0,875.6595670748909
org.odpi.openmetadata.viewservices.referencedata.server,org.odpi.openmetadata.commonservices.ffdc.rest,485,5,485.0,869.0033425756067
org.odpi.openmetadata.frameworks.openmetadata.connectorcontext,org.odpi.openmetadata.frameworks.openmetadata.client,446,6,446.0,867.8759264786697
org.odpi.openmetadata.frameworks.openmetadata.converters,org.odpi.openmetadata.frameworks.openmetadata.properties.softwarecapabilities,533,4,533.0,857.8304073273755
org.odpi.openmetadata.viewservices.metadataexpert.server,org.odpi.openmetadata.frameworkservices.omf.rest,478,5,478.0,856.4610262910103
org.odpi.openmetadata.frameworkservices.omf.client,org.odpi.openmetadata.frameworkservices.omf.rest,531,4,531.0,854.6115315025072
org.odpi.openmetadata.viewservices.externallinks.server,org.odpi.openmetadata.commonservices.ffdc,529,4,529.0,851.392655677639
org.odpi.openmetadata.adapters.connectors.externalharvesters.harvestsurveys.schema,org.odpi.openmetadata.adapters.connectors.resource.jdbc.properties,437,6,437.0,850.3627351371719
org.odpi.openmetadata.conformance.workbenches.platform,org.odpi.openmetadata.conformance.beans,387,8,387.0,850.325911429117
org.odpi.openmetadata.frameworks.openmetadata.properties.actors,org.odpi.openmetadata.frameworks.openmetadata.properties,528,4,528.0,849.783217765205
org.odpi.openmetadata.viewservices.solutionarchitect.server,org.odpi.openmetadata.frameworks.openmetadata.handlers,435,6,435.0,846.4709148390613
org.odpi.openmetadata.accessservices.governanceprogram.fvt.errorhandling,org.odpi.openmetadata.fvt.utilities.exceptions,523,4,523.0,841.7360282030345
org.odpi.openmetadata.frameworks.openmetadata.converters,org.odpi.openmetadata.frameworks.openmetadata.properties.glossaries,522,4,522.0,840.1265902906003
org.odpi.openmetadata.adapters.connectors.jacquard,org.odpi.openmetadata.frameworks.openmetadata.metadataelements,468,5,468.0,838.5434315987297
org.odpi.openmetadata.repositoryservices.eventmanagement,org.odpi.openmetadata.repositoryservices.connectors.stores.metadatacollectionstore.properties.instances,401,7,401.0,833.8560582136141
org.odpi.openmetadata.adapters.connectors.unitycatalog.sync,org.odpi.openmetadata.adapters.connectors.unitycatalog.properties,463,5,463.0,829.5846342525895
org.odpi.openmetadata.accessservices.digitalarchitecture.fvt.connections,org.odpi.openmetadata.fvt.utilities.exceptions,513,4,513.0,825.6416490786935
org.odpi.openmetadata.accessservices.communityprofile.fvt.todos,org.odpi.openmetadata.fvt.utilities.exceptions,513,4,513.0,825.6416490786935
org.odpi.openmetadata.repositoryservices.enterprise.repositoryconnector,org.odpi.openmetadata.repositoryservices.ffdc.exception,512,4,512.0,824.0322111662593
org.odpi.openmetadata.repositoryservices.enterprise.repositoryconnector,org.odpi.openmetadata.repositoryservices.connectors.stores.metadatacollectionstore,459,5,459.0,822.4175963756772
org.odpi.openmetadata.samples.archiveutilities,org.odpi.openmetadata.frameworks.openmetadata.specificationproperties,458,5,458.0,820.6258369064492
org.odpi.openmetadata.viewservices.projectmanager.server,org.odpi.openmetadata.commonservices.ffdc,509,4,509.0,819.203897428957
org.odpi.openmetadata.repositoryservices.enterprise.repositoryconnector,org.odpi.openmetadata.repositoryservices.enterprise.repositoryconnector.executors,508,4,508.0,817.594459516523
org.odpi.openmetadata.metadatasecurity.server,org.odpi.openmetadata.frameworks.openmetadata.ffdc,500,4,500.0,804.7189562170502
org.odpi.openmetadata.accessservices.assetowner.fvt.assets,org.odpi.openmetadata.fvt.utilities.exceptions,500,4,500.0,804.7189562170502
org.odpi.openmetadata.metadatasecurity.server,org.odpi.openmetadata.metadatasecurity,413,6,413.0,803.6608915598443
org.odpi.openmetadata.viewservices.referencedata.server,org.odpi.openmetadata.commonservices.ffdc,497,4,497.0,799.8906424797478
org.odpi.openmetadata.viewservices.assetmaker.server,org.odpi.openmetadata.commonservices.multitenant,411,6,411.0,799.7690712617338
org.odpi.openmetadata.contentpacks.core.base,org.odpi.openmetadata.frameworks.openmetadata.definitions,495,4,495.0,796.6717666548797
org.odpi.openmetadata.viewservices.validmetadata.server,org.odpi.openmetadata.commonservices.ffdc.rest,407,6,407.0,791.9854306655125
org.odpi.openmetadata.adapters.connectors.governanceactions.stewardship,org.odpi.openmetadata.frameworks.openmetadata.specificationproperties,379,7,379.0,788.1083442966577
org.odpi.openmetadata.frameworks.openmetadata.mermaid,org.odpi.openmetadata.frameworks.openmetadata.types,716,2,716.0,786.6063986863666
org.odpi.openmetadata.adapters.repositoryservices.auditlogstore.postgres,org.odpi.openmetadata.adapters.connectors.resource.jdbc.properties,439,5,439.0,786.5824069911162
org.odpi.openmetadata.viewservices.feedbackmanager.server,org.odpi.openmetadata.commonservices.multitenant,402,6,402.0,782.2558799202359
org.odpi.openmetadata.adapters.repositoryservices.inmemory.repositoryconnector,org.odpi.openmetadata.repositoryservices.ffdc.exception,486,4,486.0,782.1868254429727
org.odpi.openmetadata.accessservices.datamanager.fvt.connections,org.odpi.openmetadata.fvt.utilities.exceptions,485,4,485.0,780.5773875305387
org.odpi.openmetadata.adapters.connectors,org.odpi.openmetadata.frameworks.auditlog,368,7,368.0,765.2344873381795
org.odpi.openmetadata.repositoryservices.enterprise.repositoryconnector,org.odpi.openmetadata.repositoryservices.connectors.stores.metadatacollectionstore.properties.instances,427,5,427.0,765.0812933603795
org.odpi.openmetadata.frameworks.openmetadata.properties.schema,org.odpi.openmetadata.frameworks.openmetadata.properties,474,4,474.0,762.8735704937635
org.odpi.openmetadata.viewservices.collectionmanager.server,org.odpi.openmetadata.frameworks.openmetadata.handlers,392,6,392.0,762.7967784296828
org.odpi.openmetadata.repositoryservices.localrepository.repositorycontentmanager,org.odpi.openmetadata.frameworks.openmetadata.ffdc,425,5,425.0,761.4977744219234
org.odpi.openmetadata.repositoryservices.enterprise.repositoryconnector,org.odpi.openmetadata.repositoryservices.connectors.stores.metadatacollectionstore.repositoryconnector,391,6,391.0,760.8508682806274
org.odpi.openmetadata.frameworkservices.omf.server,org.odpi.openmetadata.frameworkservices.omf.handlers,362,7,362.0,752.7578380881006
org.odpi.openmetadata.frameworkservices.omf.client,org.odpi.openmetadata.commonservices.ffdc,464,4,464.0,746.7791913694225
org.odpi.openmetadata.adapters.repositoryservices.cohortregistrystore.file,org.odpi.openmetadata.repositoryservices.connectors.stores.cohortregistrystore.properties,357,7,357.0,742.3606303797013
org.odpi.openmetadata.repositoryservices.localrepository.repositoryconnector,org.odpi.openmetadata.repositoryservices.connectors.stores.metadatacollectionstore.properties.typedefs,381,6,381.0,741.3917667900744
org.odpi.openmetadata.viewservices.connectionmaker.server,org.odpi.openmetadata.frameworks.openmetadata.handlers,380,6,380.0,739.4458566410191
org.odpi.openmetadata.archiveutilities.designmodels.base,org.odpi.openmetadata.repositoryservices.connectors.stores.metadatacollectionstore.properties.instances,459,4,459.0,738.732001807252
org.odpi.openmetadata.frameworks.openmetadata.properties.datadictionaries,org.odpi.openmetadata.frameworks.openmetadata.properties,458,4,458.0,737.122563894818
org.odpi.openmetadata.accessservices.datamanager.fvt.errorhandling,org.odpi.openmetadata.fvt.utilities.exceptions,456,4,456.0,733.9036880699497
org.odpi.openmetadata.viewservices.timekeeper.server,org.odpi.openmetadata.commonservices.ffdc.rest,409,5,409.0,732.8296229142745
org.odpi.openmetadata.accessservices.assetowner.fvt.connections,org.odpi.openmetadata.fvt.utilities.exceptions,455,4,455.0,732.2942501575156
org.odpi.openmetadata.adapters.repositoryservices.archiveconnector.directory,org.odpi.openmetadata.repositoryservices.connectors.stores.metadatacollectionstore.properties.instances,333,8,333.0,731.6757842529611
org.odpi.openmetadata.conformance.tests.repository,org.odpi.openmetadata.repositoryservices.connectors.stores.metadatacollectionstore.properties.typedefs,350,7,350.0,727.8045395879425
org.odpi.openmetadata.adapters.connectors.integration.basicfiles.controls,org.odpi.openmetadata.frameworks.openmetadata.refdata,452,4,452.0,727.4659364202133
org.odpi.openmetadata.platformservices.server,org.odpi.openmetadata.commonservices.ffdc.rest,373,6,373.0,725.8244855976318
org.odpi.openmetadata.frameworks.openmetadata.converters,org.odpi.openmetadata.frameworks.openmetadata.specificationproperties,373,6,373.0,725.8244855976318
org.odpi.openmetadata.conformance.tests.repository.types,org.odpi.openmetadata.conformance.workbenches.repository,405,5,405.0,725.6625850373623
org.odpi.openmetadata.adapters.connectors.unitycatalog.controls,org.odpi.openmetadata.frameworks.openmetadata.specificationproperties,347,7,347.0,721.566214962903
org.odpi.openmetadata.frameworks.openmetadata.converters,org.odpi.openmetadata.frameworks.openmetadata.properties.assets.filesandfolders,448,4,448.0,721.028184770477
org.odpi.openmetadata.accessservices.digitalarchitecture.fvt.locations,org.odpi.openmetadata.fvt.utilities.exceptions,445,4,445.0,716.1998710331746
org.odpi.openmetadata.adapters.connectors.apacheatlas.survey,org.odpi.openmetadata.adapters.connectors.apacheatlas.resource.properties,445,4,445.0,716.1998710331746
org.odpi.openmetadata.adapters.connectors.governanceactions.stewardship,org.odpi.openmetadata.frameworks.opengovernance,444,4,444.0,714.5904331207405
org.odpi.openmetadata.adapters.connectors.egeriainfrastructure.platform.catalog,org.odpi.openmetadata.adapters.connectors.egeriainfrastructure.properties,398,5,398.0,713.1202687527659
org.odpi.openmetadata.adapters.connectors.integration.basicfiles,org.odpi.openmetadata.frameworks.openmetadata.metadataelements,364,6,364.0,708.311294256134
org.odpi.openmetadata.frameworkservices.omf.server,org.odpi.openmetadata.commonservices.ffdc.rest,395,5,395.0,707.7449903450818
org.odpi.openmetadata.adapters.connectors.unitycatalog.survey,org.odpi.openmetadata.frameworks.opensurvey,393,5,393.0,704.1614714066257
org.odpi.openmetadata.frameworks.connectors,org.odpi.openmetadata.frameworks.connectors.ffdc,393,5,393.0,704.1614714066257
org.odpi.openmetadata.frameworks.openmetadata.mermaid,org.odpi.openmetadata.frameworks.openmetadata.search,392,5,392.0,702.3697119373976
org.odpi.openmetadata.frameworks.openmetadata.converters,org.odpi.openmetadata.frameworks.openmetadata.properties.assets.reports,360,6,360.0,700.5276536599127
org.odpi.openmetadata.viewservices.connectionmaker.server,org.odpi.openmetadata.commonservices.multitenant,360,6,360.0,700.5276536599127
org.odpi.openmetadata.conformance.tests.repository.instances,org.odpi.openmetadata.repositoryservices.connectors.stores.metadatacollectionstore.properties.search,356,6,356.0,692.7440130636915
org.odpi.openmetadata.adapters.connectors.egeriainfrastructure.extractor,org.odpi.openmetadata.adapters.connectors.egeriainfrastructure.properties,356,6,356.0,692.7440130636915
org.odpi.openmetadata.frameworks.opensurvey.controls,org.odpi.openmetadata.frameworks.openmetadata.specificationproperties,333,7,333.0,692.4540333793854
org.odpi.openmetadata.conformance.tests.repository.types,org.odpi.openmetadata.conformance.tests.repository,430,4,430.0,692.0583023466631
org.odpi.openmetadata.frameworkservices.gaf.server,org.odpi.openmetadata.commonservices.ffdc,430,4,430.0,692.0583023466631
org.odpi.openmetadata.commonservices.multitenant,org.odpi.openmetadata.frameworks.openmetadata.ffdc,426,4,426.0,685.6205506969267
org.odpi.openmetadata.viewservices.schemamaker.server,org.odpi.openmetadata.commonservices.ffdc.rest,382,5,382.0,684.4521172451169
org.odpi.openmetadata.samples.archiveutilities.businesssystems,org.odpi.openmetadata.samples.archiveutilities.governanceengines,326,7,326.0,677.8979425876264
org.odpi.openmetadata.conformance.tests.repository,org.odpi.openmetadata.repositoryservices.connectors.stores.metadatacollectionstore.properties.instances,324,7,324.0,673.7390595042668
org.odpi.openmetadata.commonservices.generichandlers,org.odpi.openmetadata.frameworks.connectors.properties.beans,306,8,306.0,672.3507206648832
org.odpi.openmetadata.samples.archiveutilities.clinicaltrialtemplates,org.odpi.openmetadata.samples.archiveutilities,414,4,414.0,666.3072957477175
org.odpi.openmetadata.repositoryservices.events,org.odpi.openmetadata.repositoryservices.connectors.stores.metadatacollectionstore.properties.typedefs,371,5,371.0,664.7427630836083
org.odpi.openmetadata.frameworkservices.gaf.converters,org.odpi.openmetadata.frameworks.opengovernance.properties,301,8,301.0,661.3645977782021
org.odpi.openmetadata.adapters.connectors.governanceactions.provisioning,org.odpi.openmetadata.frameworks.openmetadata.specificationproperties,318,7,318.0,661.2624102541878
org.odpi.openmetadata.frameworkservices.gaf.server,org.odpi.openmetadata.frameworkservices.gaf.rest,369,5,369.0,661.1592441451522
org.odpi.openmetadata.viewservices.timekeeper.server,org.odpi.openmetadata.commonservices.ffdc,409,4,409.0,658.260106185547
org.odpi.openmetadata.frameworkservices.omf.server,org.odpi.openmetadata.repositoryservices.connectors.stores.metadatacollectionstore.properties.search,336,6,336.0,653.8258100825852
org.odpi.openmetadata.adapters.connectors.integration.jdbc.transfer,org.odpi.openmetadata.frameworks.openmetadata.metadataelements,335,6,335.0,651.8798999335299
org.odpi.openmetadata.frameworks.openmetadata.client,org.odpi.openmetadata.frameworks.openmetadata.ffdc,404,4,404.0,650.2129166233765
org.odpi.openmetadata.adapters.connectors.apacheatlas.survey,org.odpi.openmetadata.frameworks.openmetadata.search,334,6,334.0,649.9339897844746
org.odpi.openmetadata.adapters.connectors.governanceactions.remediation,org.odpi.openmetadata.frameworks.openmetadata.specificationproperties,312,7,312.0,648.7857610041087
org.odpi.openmetadata.viewservices.feedbackmanager.server,org.odpi.openmetadata.frameworks.openmetadata.handlers,361,5,361.0,646.8251683913278
org.odpi.openmetadata.samples.governanceactions.clinicaltrials,org.odpi.openmetadata.frameworks.openmetadata.specificationproperties,311,7,311.0,646.706319462429
org.odpi.openmetadata.adapters.repositoryservices.postgres.repositoryconnector,org.odpi.openmetadata.adapters.repositoryservices.postgres.repositoryconnector.mappers,331,6,331.0,644.0962593373087
org.odpi.openmetadata.repositoryservices.localrepository.repositorycontentmanager,org.odpi.openmetadata.repositoryservices.ffdc,586,2,586.0,643.7868011595124
org.odpi.openmetadata.viewservices.classificationexplorer.server.spring,org.odpi.openmetadata.viewservices.classificationexplorer.server,400,4,400.0,643.7751649736401
org.odpi.openmetadata.metadatasecurity.connectors,org.odpi.openmetadata.frameworks.openmetadata.ffdc,400,4,400.0,643.7751649736401
org.odpi.openmetadata.adapters.repositoryservices.auditlogstore.postgres,org.odpi.openmetadata.adapters.repositoryservices.auditlogstore.postgres.schema,464,3,464.0,643.2405835596293
org.odpi.openmetadata.contentpacks.core,org.odpi.openmetadata.frameworks.openmetadata.definitions,309,7,309.0,642.5474363790693
org.odpi.openmetadata.adapters.repositoryservices.rest.repositoryconnector,org.odpi.openmetadata.repositoryservices.clients,358,5,358.0,641.4498899836436
org.odpi.openmetadata.adapters.connectors.governanceactions.provisioning,org.odpi.openmetadata.frameworks.openmetadata.properties,329,6,329.0,640.2044390391981
org.odpi.openmetadata.adapters.repositoryservices.postgres.repositoryconnector.database,org.odpi.openmetadata.adapters.repositoryservices.postgres.repositoryconnector.mappers,328,6,328.0,638.2585288901428
org.odpi.openmetadata.repositoryservices.archiveutilities,org.odpi.openmetadata.repositoryservices.ffdc.exception,396,4,396.0,637.3374133239037
org.odpi.openmetadata.adminservices.server,org.odpi.openmetadata.repositoryservices.admin,396,4,396.0,637.3374133239037
org.odpi.openmetadata.archiveutilities.designmodels.owlcanonicalglossarymodel,org.odpi.openmetadata.archiveutilities.designmodels.owlcanonicalglossarymodel.properties,326,6,326.0,634.3667085920321
org.odpi.openmetadata.viewservices.metadataexpert.server,org.odpi.openmetadata.commonservices.multitenant,326,6,326.0,634.3667085920321
org.odpi.openmetadata.metadatasecurity.accessconnector,org.odpi.openmetadata.frameworks.openmetadata.ffdc,457,3,457.0,633.53652303179
org.odpi.openmetadata.adapters.connectors.apacheatlas.integration.modules,org.odpi.openmetadata.frameworks.openmetadata.ffdc,392,4,392.0,630.8996616741673
org.odpi.openmetadata.viewservices.automatedcuration.handlers,org.odpi.openmetadata.viewservices.automatedcuration.properties,323,6,323.0,628.5289781448662
org.odpi.openmetadata.frameworkservices.gaf.server,org.odpi.openmetadata.commonservices.generichandlers,302,7,302.0,627.9913455873104
org.odpi.openmetadata.adapters.connectors.apacheatlas.integration,org.odpi.openmetadata.adapters.connectors.apacheatlas.resource.properties,350,5,350.0,627.1158142298192
org.odpi.openmetadata.frameworks.openmetadata.properties.feedback,org.odpi.openmetadata.frameworks.openmetadata.properties,389,4,389.0,626.071347936865
org.odpi.openmetadata.adminservices.server,org.odpi.openmetadata.frameworks.connectors.properties.beans,301,7,301.0,625.9119040456305
org.odpi.openmetadata.viewservices.validmetadata.server,org.odpi.openmetadata.commonservices.multitenant,320,6,320.0,622.6912476977002
org.odpi.openmetadata.viewservices.collectionmanager.server,org.odpi.openmetadata.commonservices.multitenant,318,6,318.0,618.7994273995896
org.odpi.openmetadata.accessservices.governanceserver.fvt.duplicates,org.odpi.openmetadata.frameworks.openmetadata.search,345,5,345.0,618.1570168836789
org.odpi.openmetadata.frameworkservices.omf.handlers,org.odpi.openmetadata.frameworks.openmetadata.search,297,7,297.0,617.5941378789112
org.odpi.openmetadata.adminservices.configuration.registration,org.odpi.openmetadata.frameworks.auditlog,343,5,343.0,614.5734979452228
org.odpi.openmetadata.adapters.connectors.governanceactions.remediation,org.odpi.openmetadata.frameworks.opengovernance,380,4,380.0,611.5864067249581
org.odpi.openmetadata.repositoryservices.metadatahighway.cohortregistry,org.odpi.openmetadata.repositoryservices.connectors.stores.cohortregistrystore.properties,293,7,293.0,609.2763717121919
org.odpi.openmetadata.samples.archiveutilities.governanceengines,org.odpi.openmetadata.samples.archiveutilities,277,8,277.0,608.6312079221328
org.odpi.openmetadata.adapters.connectors.externalharvesters.harvestsurveys,org.odpi.openmetadata.frameworks.opensurvey.measurements,378,4,378.0,608.36753090009
org.odpi.openmetadata.metadatasecurity.connectors,org.odpi.openmetadata.repositoryservices.connectors.stores.metadatacollectionstore.properties.instances,377,4,377.0,606.7580929876558
org.odpi.openmetadata.commonservices.multitenant,org.odpi.openmetadata.adminservices.configuration.registration,337,5,337.0,603.8229411298545
org.odpi.openmetadata.samples.archiveutilities.governanceengines,org.odpi.openmetadata.frameworks.openmetadata.refdata,310,6,310.0,603.2321462071471
org.odpi.openmetadata.samples.archiveutilities,org.odpi.openmetadata.frameworks.openmetadata.refdata,372,4,372.0,598.7109034254853
org.odpi.openmetadata.test.unittest.utilities,org.odpi.openmetadata.frameworks.openmetadata.ffdc,334,5,334.0,598.4476627221703
org.odpi.openmetadata.repositoryservices.ffdc.exception,org.odpi.openmetadata.frameworks.auditlog.messagesets,430,3,430.0,596.106575281553
org.odpi.openmetadata.adapters.connectors.apacheatlas.integration.modules,org.odpi.openmetadata.frameworks.openmetadata.properties,332,5,332.0,594.8641437837142
org.odpi.openmetadata.adapters.repositoryservices.archiveconnector.directory,org.odpi.openmetadata.repositoryservices.connectors.stores.metadatacollectionstore.properties.typedefs,285,7,285.0,592.6408393787532
org.odpi.openmetadata.adapters.connectors.jacquard,org.odpi.openmetadata.frameworks.integration.connectors,366,4,366.0,589.0542759508807
org.odpi.openmetadata.viewservices.metadataexpert.server,org.odpi.openmetadata.commonservices.ffdc.rest,327,5,327.0,585.9053464375739
org.odpi.openmetadata.frameworks.openmetadata.converters,org.odpi.openmetadata.frameworks.openmetadata.properties.validvalues,326,5,326.0,584.1135869683459
org.odpi.openmetadata.commonservices.generichandlers,org.odpi.openmetadata.repositoryservices.connectors.stores.metadatacollectionstore.properties,420,3,420.0,582.243631670354
org.odpi.openmetadata.adapters.connectors.baudot,org.odpi.openmetadata.frameworks.openwatchdog,279,7,279.0,580.1641901286741
org.odpi.openmetadata.archiveutilities.simplecatalogs.catalogcontent,org.odpi.openmetadata.samples.archiveutilities,298,6,298.0,579.8812244184834
org.odpi.openmetadata.frameworks.openmetadata.properties,org.odpi.openmetadata.frameworks.openmetadata.metadataelements,263,8,263.0,577.8700638394257
org.odpi.openmetadata.contentpacks.core.core,org.odpi.openmetadata.frameworks.openmetadata.refdata,416,3,416.0,576.6984542258745
org.odpi.openmetadata.adapters.connectors.governanceactions.provisioning,org.odpi.openmetadata.frameworks.opengovernance,358,4,358.0,576.1787726514079
org.odpi.openmetadata.viewservices.governanceofficer.server,org.odpi.openmetadata.commonservices.multitenant,296,6,296.0,575.9894041203727
org.odpi.openmetadata.viewservices.glossarymanager.server,org.odpi.openmetadata.frameworks.openmetadata.handlers,296,6,296.0,575.9894041203727
org.odpi.openmetadata.frameworks.openmetadata.converters,org.odpi.openmetadata.frameworks.openmetadata.properties.assets,355,4,355.0,571.3504589141056
org.odpi.openmetadata.adapters.connectors.externalharvesters.harvestopenmetadata,org.odpi.openmetadata.frameworks.openmetadata.properties,318,5,318.0,569.7795112145214
org.odpi.openmetadata.viewservices.classificationexplorer.server,org.odpi.openmetadata.frameworks.openmetadata.search,354,4,354.0,569.7410210016715
org.odpi.openmetadata.adapters.repositoryservices.readonly.repositoryconnector,org.odpi.openmetadata.repositoryservices.connectors.stores.metadatacollectionstore.properties.instances,292,6,292.0,568.2057635241515
org.odpi.openmetadata.viewservices.schemamaker.server,org.odpi.openmetadata.commonservices.ffdc,353,4,353.0,568.1315830892374
org.odpi.openmetadata.viewservices.locationarena.server,org.odpi.openmetadata.commonservices.ffdc.rest,317,5,317.0,567.9877517452934
org.odpi.openmetadata.platformservices.client,org.odpi.openmetadata.commonservices.ffdc.rest,273,7,273.0,567.6875408785952
org.odpi.openmetadata.viewservices.classificationexplorer.server.spring,org.odpi.openmetadata.commonservices.ffdc.rest,516,2,516.0,566.8839409527446
org.odpi.openmetadata.frameworks.openmetadata.converters,org.odpi.openmetadata.frameworks.openmetadata.properties.digitalbusiness,352,4,352.0,566.5221451768033
org.odpi.openmetadata.adapters.connectors.baudot,org.odpi.openmetadata.frameworks.openmetadata.metadataelements,350,4,350.0,563.3032693519351
org.odpi.openmetadata.samples.archiveutilities.sustainability,org.odpi.openmetadata.frameworks.openmetadata.refdata,288,6,288.0,560.4221229279302
org.odpi.openmetadata.adapters.connectors.unitycatalog.resource,org.odpi.openmetadata.adapters.connectors.unitycatalog.properties,286,6,286.0,556.5303026298196
org.odpi.openmetadata.viewservices.automatedcuration.server,org.odpi.openmetadata.commonservices.ffdc,345,4,345.0,555.2560797897646
org.odpi.openmetadata.adapters.connectors.externalharvesters.harvestsurveys,org.odpi.openmetadata.frameworks.integration.connectors,340,4,340.0,547.2088902275941
org.odpi.openmetadata.governanceservers.enginehostservices.admin,org.odpi.openmetadata.frameworks.opengovernance.properties,281,6,281.0,546.800751884543
org.odpi.openmetadata.adapters.connectors.apacheatlas.survey,org.odpi.openmetadata.frameworks.opensurvey,304,5,304.0,544.6948786453287
org.odpi.openmetadata.frameworkservices.omf.server,org.odpi.openmetadata.repositoryservices.connectors.stores.metadatacollectionstore.properties.typedefs,303,5,303.0,542.9031191761006
org.odpi.openmetadata.adapters.connectors.governanceactions.stewardship,org.odpi.openmetadata.frameworks.connectors.properties.beans,302,5,302.0,541.1113597068726
org.odpi.openmetadata.adapters.connectors.egeriainfrastructure.platform.catalog,org.odpi.openmetadata.frameworks.openmetadata.search,302,5,302.0,541.1113597068726
org.odpi.openmetadata.governanceservers.integrationdaemonservices.handlers,org.odpi.openmetadata.governanceservers.integrationdaemonservices.properties,260,7,260.0,540.6548008367573
org.odpi.openmetadata.frameworkservices.omf.converters,org.odpi.openmetadata.repositoryservices.connectors.stores.metadatacollectionstore.properties.instances,277,6,277.0,539.0171112883218
org.odpi.openmetadata.adapters.connectors.governanceactions.watchdog,org.odpi.openmetadata.frameworks.opengovernance,334,4,334.0,537.5522627529895
org.odpi.openmetadata.viewservices.myprofile.server,org.odpi.openmetadata.commonservices.ffdc.rest,300,5,300.0,537.5278407684165
org.odpi.openmetadata.frameworkservices.omf.client,org.odpi.openmetadata.frameworks.openmetadata.ffdc,333,4,333.0,535.9428248405554
org.odpi.openmetadata.viewservices.datadiscovery.server,org.odpi.openmetadata.frameworks.openmetadata.handlers,275,6,275.0,535.1252909902112
org.odpi.openmetadata.conformance.tests.repository.instances,org.odpi.openmetadata.repositoryservices.connectors.stores.metadatacollectionstore.repositoryconnector,332,4,332.0,534.3333869281213
org.odpi.openmetadata.adapters.connectors.apacheatlas.integration.modules,org.odpi.openmetadata.frameworks.auditlog,298,5,298.0,533.9443218299604
org.odpi.openmetadata.adapters.connectors.jacquard,org.odpi.openmetadata.frameworks.openmetadata.types,329,4,329.0,529.505073190819
org.odpi.openmetadata.samples.archiveutilities.businesssystems,org.odpi.openmetadata.samples.archiveutilities.sustainability,254,7,254.0,528.1781515866783
org.odpi.openmetadata.adapters.connectors.governanceactions.remediation,org.odpi.openmetadata.frameworks.openmetadata.search,252,7,252.0,524.0192685033186
org.odpi.openmetadata.viewservices.governanceofficer.server,org.odpi.openmetadata.frameworks.openmetadata.handlers,268,6,268.0,521.503919946824
org.odpi.openmetadata.conformance.workbenches.repository,org.odpi.openmetadata.repositoryservices.connectors.stores.metadatacollectionstore.properties.typedefs,250,7,250.0,519.8603854199589
org.odpi.openmetadata.adapters.connectors.governanceactions.watchdog,org.odpi.openmetadata.frameworks.openmetadata.specificationproperties,249,7,249.0,517.7809438782791
org.odpi.openmetadata.frameworks.opengovernance.mermaid,org.odpi.openmetadata.frameworks.opengovernance.properties,373,3,373.0,517.0877966977192
org.odpi.openmetadata.viewservices.locationarena.server,org.odpi.openmetadata.commonservices.ffdc,321,4,321.0,516.6295698913461
org.odpi.openmetadata.adminservices.rest,org.odpi.openmetadata.adminservices.configuration.properties,235,8,235.0,516.3477756740116
org.odpi.openmetadata.frameworks.integration.connectors,org.odpi.openmetadata.frameworks.openmetadata.metadataelements,286,5,286.0,512.4432081992237
org.odpi.openmetadata.adapters.connectors.unitycatalog.survey,org.odpi.openmetadata.frameworks.opensurvey.controls,286,5,286.0,512.4432081992237
org.odpi.openmetadata.adapters.connectors.integration.jdbc.transfer,org.odpi.openmetadata.adapters.connectors.integration.jdbc.transfer.model,318,4,318.0,511.80125615404387
org.odpi.openmetadata.repositoryservices.rest.properties,org.odpi.openmetadata.repositoryservices.connectors.stores.metadatacollectionstore.properties.typedefs,261,6,261.0,507.88254890343677
org.odpi.openmetadata.frameworkservices.omf.server,org.odpi.openmetadata.frameworks.auditlog,283,5,283.0,507.06792979153954
org.odpi.openmetadata.frameworks.openmetadata.types,org.odpi.openmetadata.frameworks.openmetadata.enums,365,3,365.0,505.9974418087601
org.odpi.openmetadata.adminservices.client,org.odpi.openmetadata.adminservices.rest,281,5,281.0,503.48441085308343
org.odpi.openmetadata.viewservices.actormanager.server,org.odpi.openmetadata.tokencontroller,312,4,312.0,502.1446286794393
org.odpi.openmetadata.adapters.connectors.unitycatalog.sync,org.odpi.openmetadata.frameworks.openmetadata.metadataelements,280,5,280.0,501.6926513838554
org.odpi.openmetadata.metadatasecurity,org.odpi.openmetadata.frameworks.openmetadata.ffdc,456,2,456.0,500.9672036326581
org.odpi.openmetadata.adapters.connectors.egeriainfrastructure.platform.catalog,org.odpi.openmetadata.frameworks.openmetadata.connectorcontext,456,2,456.0,500.9672036326581
org.odpi.openmetadata.viewservices.actormanager.server,org.odpi.openmetadata.frameworks.auditlog,311,4,311.0,500.5351907670052
org.odpi.openmetadata.adminservices.server,org.odpi.openmetadata.metadatasecurity.server,279,5,279.0,499.9008919146273
org.odpi.openmetadata.accessservices.assetconsumer.fvt,org.odpi.openmetadata.fvt.utilities.exceptions,310,4,310.0,498.9257528545711
org.odpi.openmetadata.frameworks.openmetadata.converters,org.odpi.openmetadata.frameworks.openmetadata.properties.assets.processes.actions,309,4,309.0,497.316314942137
org.odpi.openmetadata.frameworkservices.gaf.listener,org.odpi.openmetadata.repositoryservices.connectors.stores.metadatacollectionstore.properties.instances,309,4,309.0,497.316314942137
org.odpi.openmetadata.adapters.connectors.apacheatlas.resource,org.odpi.openmetadata.frameworks.openmetadata.properties,277,5,277.0,496.3173729761712
org.odpi.openmetadata.contentpacks.core,org.odpi.openmetadata.adapters.connectors.controls,357,3,357.0,494.9070869198009
org.odpi.openmetadata.adapters.connectors.egeriainfrastructure.extractor,org.odpi.openmetadata.frameworks.openmetadata.ffdc,306,4,306.0,492.4880012048347
org.odpi.openmetadata.repositoryservices.connectors.stores.metadatacollectionstore.repositoryconnector,org.odpi.openmetadata.repositoryservices.connectors.stores.metadatacollectionstore.properties.instances,447,2,447.0,491.07969303464506
org.odpi.openmetadata.metadatasecurity.server,org.odpi.openmetadata.repositoryservices.connectors.stores.metadatacollectionstore.properties.instances,274,5,274.0,490.94209456848705
org.odpi.openmetadata.frameworks.openmetadata.converters,org.odpi.openmetadata.frameworks.openmetadata.properties.externalreferences,304,4,304.0,489.2691253799665
org.odpi.openmetadata.frameworks.openmetadata.properties.projects,org.odpi.openmetadata.frameworks.openmetadata.properties,304,4,304.0,489.2691253799665
org.odpi.openmetadata.repositoryservices.rest.server,org.odpi.openmetadata.repositoryservices.connectors.stores.metadatacollectionstore.properties.instances,273,5,273.0,489.150335099259
org.odpi.openmetadata.viewservices.referencedata.server,org.odpi.openmetadata.frameworks.openmetadata.handlers,250,6,250.0,486.4775372638283
org.odpi.openmetadata.frameworks.openmetadata.properties.validvalues,org.odpi.openmetadata.frameworks.openmetadata.properties,302,4,302.0,486.0502495550983
org.odpi.openmetadata.conformance.workbenches.repository,org.odpi.openmetadata.conformance.tests.repository.instances,271,5,271.0,485.5668161608029
org.odpi.openmetadata.frameworkservices.gaf.client,org.odpi.openmetadata.frameworkservices.gaf.rest,301,4,301.0,484.4408116426642
org.odpi.openmetadata.governanceservers.integrationdaemonservices.server,org.odpi.openmetadata.commonservices.ffdc,301,4,301.0,484.4408116426642
org.odpi.openmetadata.viewservices.myprofile.server,org.odpi.openmetadata.frameworks.openmetadata.handlers,248,6,248.0,482.58571696571767
org.odpi.openmetadata.commonservices.generichandlers,org.odpi.openmetadata.frameworks.openmetadata.search,248,6,248.0,482.58571696571767
org.odpi.openmetadata.viewservices.externallinks.server,org.odpi.openmetadata.commonservices.multitenant,248,6,248.0,482.58571696571767
org.odpi.openmetadata.contentpacks.core.base,org.odpi.openmetadata.frameworks.openmetadata.types,439,2,439.0,482.2907947253002
org.odpi.openmetadata.accessservices.assetmanager.fvt.common,org.odpi.openmetadata.fvt.utilities.exceptions,299,4,299.0,481.221935817796
org.odpi.openmetadata.repositoryservices.archiveutilities,org.odpi.openmetadata.frameworks.openmetadata.types,347,3,347.0,481.04414330860203
org.odpi.openmetadata.viewservices.projectmanager.server,org.odpi.openmetadata.frameworks.openmetadata.handlers,246,6,246.0,478.6938966676071
org.odpi.openmetadata.adapters.connectors.postgres.survey,org.odpi.openmetadata.frameworks.opensurvey,246,6,246.0,478.6938966676071
org.odpi.openmetadata.viewservices.myprofile.server,org.odpi.openmetadata.commonservices.ffdc,297,4,297.0,478.0030599929278
org.odpi.openmetadata.adminservices.server,org.odpi.openmetadata.frameworks.openmetadata.ffdc,297,4,297.0,478.0030599929278
org.odpi.openmetadata.adapters.repositoryservices.postgres.repositoryconnector.database,org.odpi.openmetadata.repositoryservices.ffdc.exception,296,4,296.0,476.3936220804937
org.odpi.openmetadata.adapters.connectors.governanceactions.stewardship,org.odpi.openmetadata.frameworks.openmetadata.refdata,265,5,265.0,474.81625934543456
org.odpi.openmetadata.adapters.connectors.surveyaction.surveyfolder,org.odpi.openmetadata.frameworks.opensurvey,244,6,244.0,474.80207636949643
org.odpi.openmetadata.frameworks.connectors,org.odpi.openmetadata.frameworks.auditlog,206,9,206.0,474.33252915677343
org.odpi.openmetadata.repositoryservices.archiveutilities,org.odpi.openmetadata.repositoryservices.connectors.stores.archivestore.properties,228,7,228.0,474.11267150300256
org.odpi.openmetadata.frameworkservices.omf.server,org.odpi.openmetadata.commonservices.multitenant,294,4,294.0,473.1747462556255
org.odpi.openmetadata.repositoryservices.clients,org.odpi.openmetadata.repositoryservices.connectors.stores.metadatacollectionstore.properties.instances,264,5,264.0,473.0244998762065
org.odpi.openmetadata.frameworkservices.omf.listener,org.odpi.openmetadata.repositoryservices.connectors.stores.metadatacollectionstore.properties.instances,243,6,243.0,472.85616622044114
org.odpi.openmetadata.viewservices.runtimemanager.server,org.odpi.openmetadata.commonservices.multitenant,340,3,340.0,471.34008278076277
org.odpi.openmetadata.commonservices.generichandlers,org.odpi.openmetadata.frameworks.openmetadata.metadataelements,226,7,226.0,469.9537884196429
org.odpi.openmetadata.commonservices.generichandlers,org.odpi.openmetadata.repositoryservices.connectors.stores.metadatacollectionstore.utilities,676,1,676.0,468.56749405852304
org.odpi.openmetadata.contentpacks.core.unitycatalog,org.odpi.openmetadata.adapters.connectors.unitycatalog.controls,291,4,291.0,468.3464325183232
org.odpi.openmetadata.frameworkservices.omf.client,org.odpi.openmetadata.commonservices.ffdc.rest,290,4,290.0,466.7369946058891
org.odpi.openmetadata.frameworks.integration.connectors,org.odpi.openmetadata.frameworks.integration.properties,212,8,212.0,465.81161039527854
org.odpi.openmetadata.frameworks.integration.connectors,org.odpi.openmetadata.frameworks.auditlog,211,8,211.0,463.6143858179423
org.odpi.openmetadata.frameworks.openmetadata.properties.security,org.odpi.openmetadata.frameworks.openmetadata.properties,288,4,288.0,463.51811878102086
org.odpi.openmetadata.repositoryservices.localrepository.repositorycontentmanager,org.odpi.openmetadata.repositoryservices.events,288,4,288.0,463.51811878102086
org.odpi.openmetadata.frameworks.openmetadata.properties.softwarecapabilities,org.odpi.openmetadata.frameworks.openmetadata.properties,288,4,288.0,463.51811878102086
org.odpi.openmetadata.viewservices.datadesigner.server,org.odpi.openmetadata.commonservices.multitenant,332,3,332.0,460.2497278918037
org.odpi.openmetadata.repositoryservices.localrepository.repositoryconnector,org.odpi.openmetadata.repositoryservices.eventmanagement,236,6,236.0,459.2347951770539
org.odpi.openmetadata.samples.governanceactions.clinicaltrials,org.odpi.openmetadata.frameworks.opensurvey,256,5,256.0,458.69042412238207
org.odpi.openmetadata.frameworks.opengovernance,org.odpi.openmetadata.frameworks.openmetadata.ffdc,417,2,417.0,458.1213243746018
org.odpi.openmetadata.frameworks.opengovernance.properties,org.odpi.openmetadata.frameworks.openmetadata.metadataelements,235,6,235.0,457.2888850279986
org.odpi.openmetadata.metadatasecurity.accessconnector,org.odpi.openmetadata.repositoryservices.connectors.stores.metadatacollectionstore.properties.instances,255,5,255.0,456.898664653154
org.odpi.openmetadata.frameworks.opengovernance.properties,org.odpi.openmetadata.frameworks.openmetadata.properties,219,7,219.0,455.39769762788404
org.odpi.openmetadata.utilities.serverconfig,org.odpi.openmetadata.adminservices.client,254,5,254.0,455.10690518392596
org.odpi.openmetadata.viewservices.solutionarchitect.server,org.odpi.openmetadata.commonservices.multitenant,328,3,328.0,454.7045504473241
org.odpi.openmetadata.samples.archiveutilities.governanceprogram,org.odpi.openmetadata.samples.archiveutilities.organization,218,7,218.0,453.3182560862042
org.odpi.openmetadata.serveroperations.server,org.odpi.openmetadata.serveroperations.properties,216,7,216.0,449.1593730028445
org.odpi.openmetadata.repositoryservices.auditlog,org.odpi.openmetadata.frameworks.auditlog,216,7,216.0,449.1593730028445
org.odpi.openmetadata.frameworkservices.omf.client,org.odpi.openmetadata.frameworks.openmetadata.search,279,4,279.0,449.033177569114
org.odpi.openmetadata.conformance.server,org.odpi.openmetadata.conformance.rest,250,5,250.0,447.93986730701374
org.odpi.openmetadata.commonservices.generichandlers,org.odpi.openmetadata.metadatasecurity.server,230,6,230.0,447.55933428272203
org.odpi.openmetadata.adminservices.rest,org.odpi.openmetadata.commonservices.ffdc.rest,278,4,278.0,447.42373965667986
org.odpi.openmetadata.viewservices.metadataexpert.server,org.odpi.openmetadata.frameworks.openmetadata.client,277,4,277.0,445.81430174424577
org.odpi.openmetadata.frameworks.openmetadata.handlers,org.odpi.openmetadata.frameworks.openmetadata.properties.validvalues,214,7,214.0,445.00048991948483
org.odpi.openmetadata.adapters.connectors.restclients.factory,org.odpi.openmetadata.frameworks.connectors.properties.beans,214,7,214.0,445.00048991948483
org.odpi.openmetadata.frameworks.openmetadata.converters,org.odpi.openmetadata.frameworks.openmetadata.properties.collections,276,4,276.0,444.2048638318117
org.odpi.openmetadata.viewservices.externallinks.server,org.odpi.openmetadata.frameworks.openmetadata.handlers,228,6,228.0,443.6675139846114
org.odpi.openmetadata.samples.archiveutilities,org.odpi.openmetadata.frameworks.connectors.properties.beans,273,4,273.0,439.37655009450935
org.odpi.openmetadata.frameworkservices.omf.handlers,org.odpi.openmetadata.commonservices.ffdc,316,3,316.0,438.0690181138854
org.odpi.openmetadata.repositoryservices.enterprise.repositoryconnector.accumulators,org.odpi.openmetadata.repositoryservices.ffdc.exception,225,6,225.0,437.82978353744545
org.odpi.openmetadata.adapters.connectors.governanceactions.watchdog,org.odpi.openmetadata.frameworks.openmetadata.events,272,4,272.0,437.76711218207527
org.odpi.openmetadata.contentpacks.core.core,org.odpi.openmetadata.samples.archiveutilities,398,2,398.0,437.2476908899077
org.odpi.openmetadata.governanceservers.integrationdaemonservices.handlers,org.odpi.openmetadata.frameworks.opengovernance.properties,243,5,243.0,435.39755102241736
org.odpi.openmetadata.adapters.connectors.apacheatlas.integration.modules,org.odpi.openmetadata.frameworks.openmetadata.properties.externalidentifiers,209,7,209.0,434.6032822110857
org.odpi.openmetadata.samples.archiveutilities.sustainability,org.odpi.openmetadata.samples.archiveutilities,268,4,268.0,431.32936053233885
org.odpi.openmetadata.accessservices.assetmanager.fvt.errorhandling,org.odpi.openmetadata.fvt.utilities.exceptions,267,4,267.0,429.71992261990476
org.odpi.openmetadata.adapters.connectors.unitycatalog.sync,org.odpi.openmetadata.frameworks.integration.connectors,266,4,266.0,428.1104847074707
org.odpi.openmetadata.frameworks.openmetadata.converters,org.odpi.openmetadata.frameworks.openmetadata.properties.lineage,265,4,265.0,426.5010467950366
org.odpi.openmetadata.adapters.connectors.jacquard,org.odpi.openmetadata.adapters.connectors.jacquard.solutionblueprint,265,4,265.0,426.5010467950366
org.odpi.openmetadata.adapters.connectors.apacheatlas.integration.modules,org.odpi.openmetadata.adapters.connectors.apacheatlas.resource,238,5,238.0,426.4387536762771
org.odpi.openmetadata.contentpacks.core.unitycatalog,org.odpi.openmetadata.samples.archiveutilities,388,2,388.0,426.2615680032266
org.odpi.openmetadata.viewservices.actormanager.server.spring,org.odpi.openmetadata.commonservices.ffdc.rest,307,3,307.0,425.5923688638064
org.odpi.openmetadata.contentpacks.core.unitycatalog,org.odpi.openmetadata.frameworks.openmetadata.definitions,264,4,264.0,424.8916088826025
org.odpi.openmetadata.viewservices.assetmaker.server,org.odpi.openmetadata.tokencontroller,264,4,264.0,424.8916088826025
org.odpi.openmetadata.frameworkservices.gaf.client,org.odpi.openmetadata.commonservices.ffdc,264,4,264.0,424.8916088826025
org.odpi.openmetadata.commonservices.generichandlers,org.odpi.openmetadata.repositoryservices.connectors.stores.metadatacollectionstore.properties.search,218,6,218.0,424.2084124940583
org.odpi.openmetadata.viewservices.assetmaker.server,org.odpi.openmetadata.frameworks.auditlog,263,4,263.0,423.28217097016835
org.odpi.openmetadata.governanceservers.integrationdaemonservices.server,org.odpi.openmetadata.governanceservers.integrationdaemonservices.handlers,216,6,216.0,420.31659219594763
org.odpi.openmetadata.adapters.connectors.postgres.controls,org.odpi.openmetadata.frameworks.openmetadata.specificationproperties,202,7,202.0,420.0471914193268
org.odpi.openmetadata.adapters.connectors.subscriptions,org.odpi.openmetadata.frameworks.opengovernance,260,4,260.0,418.4538572328661
org.odpi.openmetadata.viewservices.runtimemanager.server,org.odpi.openmetadata.frameworks.openmetadata.handlers,215,6,215.0,418.37068204689234
org.odpi.openmetadata.frameworks.openmetadata.handlers,org.odpi.openmetadata.frameworks.auditlog,233,5,233.0,417.4799563301368
org.odpi.openmetadata.adapters.connectors.integration.basicfiles,org.odpi.openmetadata.frameworks.openmetadata.search,200,7,200.0,415.88830833596717
org.odpi.openmetadata.metadatasecurity.accessconnector,org.odpi.openmetadata.frameworks.connectors.properties.users,232,5,232.0,415.68819686090876
org.odpi.openmetadata.viewservices.automatedcuration.server,org.odpi.openmetadata.commonservices.multitenant,213,6,213.0,414.4788617487817
org.odpi.openmetadata.commonservices.multitenant,org.odpi.openmetadata.frameworks.connectors.properties.beans,199,7,199.0,413.8088667942873
org.odpi.openmetadata.test.unittest.utilities,org.odpi.openmetadata.frameworks.auditlog.messagesets,212,6,212.0,412.5329515997264
org.odpi.openmetadata.viewservices.validmetadata.server,org.odpi.openmetadata.frameworks.openmetadata.handlers,212,6,212.0,412.5329515997264
org.odpi.openmetadata.viewservices.automatedcuration.handlers,org.odpi.openmetadata.frameworks.openmetadata.search,230,5,230.0,412.10467792245265
org.odpi.openmetadata.frameworks.openmetadata.converters,org.odpi.openmetadata.frameworks.openmetadata.properties.connections,256,4,256.0,412.0161055831297
org.odpi.openmetadata.engineservices.surveyaction.handlers,org.odpi.openmetadata.governanceservers.enginehostservices.admin,198,7,198.0,411.7294252526075
org.odpi.openmetadata.adapters.connectors.integration.basicfiles,org.odpi.openmetadata.frameworks.openmetadata.connectorcontext,296,3,296.0,410.3431308914876
org.odpi.openmetadata.accessservices.governanceserver.fvt.duplicates,org.odpi.openmetadata.fvt.utilities.exceptions,254,4,254.0,408.7972297582615
org.odpi.openmetadata.viewservices.automatedcuration.server,org.odpi.openmetadata.commonservices.ffdc.rest,228,5,228.0,408.52115898399654
org.odpi.openmetadata.adminservices.spring,org.odpi.openmetadata.commonservices.ffdc.rest,293,3,293.0,406.18424780812796
org.odpi.openmetadata.adminservices.client,org.odpi.openmetadata.commonservices.ffdc,252,4,252.0,405.57835393339326
org.odpi.openmetadata.repositoryservices.connectors.stores.auditlogstore,org.odpi.openmetadata.frameworks.auditlog,176,9,176.0,405.25497636695206
org.odpi.openmetadata.adapters.connectors.reports.surveyreport,org.odpi.openmetadata.frameworks.openmetadata.properties,226,5,226.0,404.93764004554043
org.odpi.openmetadata.repositoryservices.localrepository.repositoryconnector,org.odpi.openmetadata.metadatasecurity,208,6,208.0,404.74931100350517
org.odpi.openmetadata.frameworks.openmetadata.converters,org.odpi.openmetadata.frameworks.openmetadata.properties.assets.processes.connectors,251,4,251.0,403.96891602095917
org.odpi.openmetadata.frameworks.openmetadata.properties.digitalbusiness,org.odpi.openmetadata.frameworks.openmetadata.properties,251,4,251.0,403.96891602095917
org.odpi.openmetadata.frameworks.openmetadata.properties.assets.filesandfolders,org.odpi.openmetadata.frameworks.openmetadata.properties,250,4,250.0,402.3594781085251
org.odpi.openmetadata.frameworks.openmetadata.properties.glossaries,org.odpi.openmetadata.frameworks.openmetadata.properties,250,4,250.0,402.3594781085251
org.odpi.openmetadata.adapters.repositoryservices.rest.repositoryconnector,org.odpi.openmetadata.repositoryservices.connectors.stores.metadatacollectionstore,224,5,224.0,401.3541211070843
org.odpi.openmetadata.samples.archiveutilities.organization,org.odpi.openmetadata.frameworks.openmetadata.refdata,206,6,206.0,400.8574907053945
org.odpi.openmetadata.frameworks.opensurvey,org.odpi.openmetadata.frameworks.openmetadata.ffdc,249,4,249.0,400.750040196091
org.odpi.openmetadata.opentypes,org.odpi.openmetadata.repositoryservices.ffdc.exception,288,3,288.0,399.2527760025285
org.odpi.openmetadata.frameworks.openmetadata.ffdc,org.odpi.openmetadata.frameworks.auditlog.messagesets,205,6,205.0,398.91158055633923
org.odpi.openmetadata.commonservices.generichandlers,org.odpi.openmetadata.repositoryservices.connectors.stores.metadatacollectionstore.properties.typedefs,204,6,204.0,396.9656704072839
org.odpi.openmetadata.frameworks.openmetadata.search,org.odpi.openmetadata.frameworks.openmetadata.properties,190,7,190.0,395.0938929191688
org.odpi.openmetadata.commonservices.ffdc,org.odpi.openmetadata.commonservices.ffdc.rest,284,3,284.0,393.7075985580489
org.odpi.openmetadata.adapters.repositoryservices.archiveconnector.directory,org.odpi.openmetadata.repositoryservices.connectors.stores.archivestore.properties,189,7,189.0,393.01445137748897
org.odpi.openmetadata.conformance.tests.repository.instances,org.odpi.openmetadata.repositoryservices.connectors.stores.metadatacollectionstore.properties,244,4,244.0,392.7028506339205
org.odpi.openmetadata.repositoryservices.enterprise.repositoryconnector.executors,org.odpi.openmetadata.repositoryservices.ffdc.exception,244,4,244.0,392.7028506339205
org.odpi.openmetadata.accessservices.assetmanager.fvt.glossaries,org.odpi.openmetadata.fvt.utilities.exceptions,244,4,244.0,392.7028506339205
org.odpi.openmetadata.viewservices.timekeeper.server,org.odpi.openmetadata.frameworks.openmetadata.handlers,201,6,201.0,391.12793996011794
org.odpi.openmetadata.frameworks.openmetadata.properties.assets,org.odpi.openmetadata.frameworks.openmetadata.properties,243,4,243.0,391.09341272148635
org.odpi.openmetadata.frameworks.openmetadata.properties.connections,org.odpi.openmetadata.frameworks.openmetadata.properties,242,4,242.0,389.48397480905226
org.odpi.openmetadata.accessservices.assetconsumer.fvt,org.odpi.openmetadata.fvt.utilities,187,7,187.0,388.8555682941293
org.odpi.openmetadata.frameworks.integration.iterator,org.odpi.openmetadata.frameworks.openmetadata.metadataelements,199,6,199.0,387.23611966200735
org.odpi.openmetadata.adapters.eventbus.topic.kafka,org.odpi.openmetadata.frameworks.auditlog,216,5,216.0,387.0200453532599
org.odpi.openmetadata.reports.componentid,org.odpi.openmetadata.frameworks.auditlog,186,7,186.0,386.77612675244944
org.odpi.openmetadata.adapters.repositoryservices.postgres.repositoryconnector.mappers,org.odpi.openmetadata.adapters.connectors.resource.jdbc.mappers,240,4,240.0,386.2650989841841
org.odpi.openmetadata.samples.archiveutilities,org.odpi.openmetadata.frameworks.openmetadata.enums,239,4,239.0,384.65566107175
org.odpi.openmetadata.frameworkservices.omf.rest,org.odpi.openmetadata.commonservices.ffdc.rest,238,4,238.0,383.04622315931584
org.odpi.openmetadata.frameworks.openmetadata.search,org.odpi.openmetadata.frameworks.openmetadata.ffdc,213,5,213.0,381.6447669455757
org.odpi.openmetadata.serveroperations.rest,org.odpi.openmetadata.commonservices.ffdc.rest,236,4,236.0,379.82734733444767
org.odpi.openmetadata.adapters.connectors.egeriainfrastructure.control,org.odpi.openmetadata.frameworks.openmetadata.specificationproperties,182,7,182.0,378.45836058573013
org.odpi.openmetadata.frameworks.openmetadata.properties.surveyreports,org.odpi.openmetadata.frameworks.openmetadata.properties,235,4,235.0,378.2179094220136
org.odpi.openmetadata.commonservices.ffdc.rest,org.odpi.openmetadata.frameworks.openmetadata.properties,211,5,211.0,378.0612480071196
org.odpi.openmetadata.adapters.repositoryservices.rest.repositoryconnector,org.odpi.openmetadata.frameworks.openmetadata.ffdc,342,2,342.0,375.72540272449356
org.odpi.openmetadata.viewservices.actionauthor.server,org.odpi.openmetadata.commonservices.ffdc,233,4,233.0,374.99903359714534
org.odpi.openmetadata.repositoryservices.enterprise.repositoryconnector.executors,org.odpi.openmetadata.repositoryservices.connectors.stores.metadatacollectionstore,270,3,270.0,374.29947750237045
org.odpi.openmetadata.accessservices.communityprofile.fvt.validvalues,org.odpi.openmetadata.frameworks.openmetadata.properties.validvalues,232,4,232.0,373.38959568471125
org.odpi.openmetadata.accessservices.datamanager.fvt.validvalues,org.odpi.openmetadata.frameworks.openmetadata.properties.validvalues,232,4,232.0,373.38959568471125
org.odpi.openmetadata.adapters.connectors.controls,org.odpi.openmetadata.frameworks.openmetadata.definitions,179,7,179.0,372.2200359606906
org.odpi.openmetadata.frameworkservices.gaf.server,org.odpi.openmetadata.commonservices.ffdc.rest,178,7,178.0,370.14059441901077
org.odpi.openmetadata.engineservices.watchdogaction.handlers,org.odpi.openmetadata.governanceservers.enginehostservices.admin,178,7,178.0,370.14059441901077
org.odpi.openmetadata.adapters.connectors.integration.jdbc.transfer.requests,org.odpi.openmetadata.adapters.connectors.integration.jdbc.transfer,206,5,206.0,369.10245066097934
org.odpi.openmetadata.serveroperations.server,org.odpi.openmetadata.commonservices.ffdc,229,4,229.0,368.561281947409
org.odpi.openmetadata.viewservices.datadesigner.server,org.odpi.openmetadata.tokencontroller,228,4,228.0,366.95184403497484
org.odpi.openmetadata.governanceservers.integrationdaemonservices.server,org.odpi.openmetadata.commonservices.multitenant,228,4,228.0,366.95184403497484
org.odpi.openmetadata.frameworks.openmetadata.properties.locations,org.odpi.openmetadata.frameworks.openmetadata.properties,228,4,228.0,366.95184403497484
org.odpi.openmetadata.viewservices.runtimemanager.server,org.odpi.openmetadata.tokencontroller,228,4,228.0,366.95184403497484
org.odpi.openmetadata.samples.archiveutilities.governanceengines,org.odpi.openmetadata.frameworks.openmetadata.properties,188,6,188.0,365.8311080223989
org.odpi.openmetadata.viewservices.datadesigner.server,org.odpi.openmetadata.frameworks.auditlog,227,4,227.0,365.34240612254075
org.odpi.openmetadata.viewservices.runtimemanager.server,org.odpi.openmetadata.frameworks.auditlog,227,4,227.0,365.34240612254075
org.odpi.openmetadata.adminservices.client.rest,org.odpi.openmetadata.commonservices.ffdc.rest,187,6,187.0,363.8851978733436
org.odpi.openmetadata.frameworkservices.gaf.server,org.odpi.openmetadata.commonservices.multitenant,226,4,226.0,363.73296821010666
org.odpi.openmetadata.frameworks.openmetadata.properties.designmodels,org.odpi.openmetadata.frameworks.openmetadata.properties,226,4,226.0,363.73296821010666
org.odpi.openmetadata.contentpacks.core.base,org.odpi.openmetadata.frameworks.openmetadata.refdata,226,4,226.0,363.73296821010666
org.odpi.openmetadata.frameworks.openmetadata.converters,org.odpi.openmetadata.frameworks.openmetadata.properties.projects,225,4,225.0,362.1235302976726
org.odpi.openmetadata.frameworkservices.omf.client,org.odpi.openmetadata.frameworks.openmetadata.properties,186,6,186.0,361.93928772428825
org.odpi.openmetadata.frameworks.opengovernance.controls,org.odpi.openmetadata.frameworks.openmetadata.specificationproperties,174,7,174.0,361.8228282522914
org.odpi.openmetadata.frameworks.openmetadata.converters,org.odpi.openmetadata.frameworks.openmetadata.properties.designmodels,224,4,224.0,360.5140923852385
org.odpi.openmetadata.frameworks.openmetadata.converters,org.odpi.openmetadata.frameworks.openmetadata.enums,260,3,260.0,360.43653389117156
org.odpi.openmetadata.contentpacks.core.core,org.odpi.openmetadata.frameworks.openmetadata.enums,260,3,260.0,360.43653389117156
org.odpi.openmetadata.frameworks.openmetadata.converters,org.odpi.openmetadata.frameworks.openmetadata.properties.security,223,4,223.0,358.90465447280434
org.odpi.openmetadata.frameworks.openmetadata.connectorcontext,org.odpi.openmetadata.frameworks.auditlog,200,5,200.0,358.351893845611
org.odpi.openmetadata.viewservices.solutionarchitect.server,org.odpi.openmetadata.tokencontroller,222,4,222.0,357.29521656037025
org.odpi.openmetadata.samples.governanceactions.clinicaltrials,org.odpi.openmetadata.samples.governanceactions.ffdc,324,2,324.0,355.9503815284676
org.odpi.openmetadata.repositoryservices.archiveutilities,org.odpi.openmetadata.repositoryservices.connectors.stores.archivestore,162,8,162.0,355.9503815284676
org.odpi.openmetadata.frameworks.openmetadata.api,org.odpi.openmetadata.frameworks.openmetadata.ffdc,324,2,324.0,355.9503815284676
org.odpi.openmetadata.viewservices.solutionarchitect.server,org.odpi.openmetadata.frameworks.auditlog,221,4,221.0,355.68577864793616
org.odpi.openmetadata.viewservices.glossarymanager.server,org.odpi.openmetadata.commonservices.multitenant,256,3,256.0,354.891356446692
org.odpi.openmetadata.commonservices.generichandlers,org.odpi.openmetadata.frameworks.openmetadata.enums,198,5,198.0,354.7683749071549
org.odpi.openmetadata.viewservices.timekeeper.server,org.odpi.openmetadata.commonservices.multitenant,182,6,182.0,354.155647128067
org.odpi.openmetadata.platformservices.client,org.odpi.openmetadata.frameworks.openmetadata.ffdc,322,2,322.0,353.75315695113136
org.odpi.openmetadata.viewservices.assetmaker.server.spring,org.odpi.openmetadata.commonservices.ffdc.rest,253,3,253.0,350.7324733633323
org.odpi.openmetadata.viewservices.schemamaker.server,org.odpi.openmetadata.commonservices.multitenant,179,6,179.0,348.3179166809011
org.odpi.openmetadata.frameworkservices.omf.server.spring,org.odpi.openmetadata.frameworkservices.omf.server,216,4,216.0,347.63858908576566
org.odpi.openmetadata.viewservices.metadataexpert.server,org.odpi.openmetadata.tokencontroller,216,4,216.0,347.63858908576566
org.odpi.openmetadata.viewservices.actormanager.server.spring,org.odpi.openmetadata.viewservices.actormanager.server,216,4,216.0,347.63858908576566
org.odpi.openmetadata.adapters.connectors.integration.jdbc.transfer,org.odpi.openmetadata.frameworks.auditlog,194,5,194.0,347.6013370302427
org.odpi.openmetadata.commonservices.multitenant,org.odpi.openmetadata.metadatasecurity.server,167,7,167.0,347.26673746053257
org.odpi.openmetadata.adminservices.classifier,org.odpi.openmetadata.adminservices.configuration.registration,178,6,178.0,346.3720065318457
org.odpi.openmetadata.viewservices.metadataexpert.server,org.odpi.openmetadata.frameworks.auditlog,215,4,215.0,346.02915117333157
org.odpi.openmetadata.engineservices.governanceaction.handlers,org.odpi.openmetadata.governanceservers.enginehostservices.admin,177,6,177.0,344.42609638279043
org.odpi.openmetadata.adapters.repositoryservices.postgres.repositoryconnector.schema,org.odpi.openmetadata.adapters.connectors.resource.jdbc.properties,177,6,177.0,344.42609638279043
org.odpi.openmetadata.frameworkservices.gaf.server,org.odpi.openmetadata.repositoryservices.connectors.stores.metadatacollectionstore.properties.instances,192,5,192.0,344.0178180917866
org.odpi.openmetadata.adminservices.server,org.odpi.openmetadata.adapters.repositoryservices,213,4,213.0,342.81027534846334
org.odpi.openmetadata.serveroperations.server,org.odpi.openmetadata.frameworks.auditlog,176,6,176.0,342.48018623373514
org.odpi.openmetadata.viewservices.communitymatters.server,org.odpi.openmetadata.commonservices.ffdc.rest,191,5,191.0,342.22605862255847
org.odpi.openmetadata.accessservices.governanceserver.fvt.duplicates,org.odpi.openmetadata.frameworks.openmetadata.properties,174,6,174.0,338.5883659356245
org.odpi.openmetadata.viewservices.collectionmanager.server,org.odpi.openmetadata.tokencontroller,210,4,210.0,337.98196161116107
org.odpi.openmetadata.frameworks.openmetadata.converters,org.odpi.openmetadata.frameworks.openmetadata.properties.contextevents,210,4,210.0,337.98196161116107
org.odpi.openmetadata.governanceservers.integrationdaemonservices.ffdc,org.odpi.openmetadata.frameworks.auditlog,210,4,210.0,337.98196161116107
org.odpi.openmetadata.viewservices.feedbackmanager.server,org.odpi.openmetadata.tokencontroller,210,4,210.0,337.98196161116107
org.odpi.openmetadata.viewservices.connectionmaker.server,org.odpi.openmetadata.tokencontroller,210,4,210.0,337.98196161116107
org.odpi.openmetadata.frameworkservices.omf.handlers,org.odpi.openmetadata.frameworks.openmetadata.ffdc,210,4,210.0,337.98196161116107
org.odpi.openmetadata.viewservices.connectionmaker.server,org.odpi.openmetadata.frameworks.auditlog,209,4,209.0,336.372523698727
org.odpi.openmetadata.viewservices.feedbackmanager.server,org.odpi.openmetadata.frameworks.auditlog,209,4,209.0,336.372523698727
org.odpi.openmetadata.viewservices.templatemanager.server,org.odpi.openmetadata.commonservices.ffdc,209,4,209.0,336.372523698727
org.odpi.openmetadata.viewservices.collectionmanager.server,org.odpi.openmetadata.frameworks.auditlog,209,4,209.0,336.372523698727
org.odpi.openmetadata.adapters.connectors.externalharvesters.harvestopenmetadata,org.odpi.openmetadata.frameworks.openmetadata.connectorcontext,242,3,242.0,335.4832353910135
org.odpi.openmetadata.frameworkservices.omf.server,org.odpi.openmetadata.repositoryservices.connectors.stores.metadatacollectionstore.properties.instances,187,5,187.0,335.05902074564625
org.odpi.openmetadata.adapters.connectors.externalharvesters.harvestsurveys,org.odpi.openmetadata.adapters.connectors.resource.jdbc.properties,172,6,172.0,334.69654563751385
org.odpi.openmetadata.samples.governanceactions.clinicaltrials,org.odpi.openmetadata.frameworks.openmetadata.properties.surveyreports,207,4,207.0,333.15364787385874
org.odpi.openmetadata.adapters.connectors.integration.openlineage,org.odpi.openmetadata.frameworks.integration.connectors,206,4,206.0,331.54420996142466
org.odpi.openmetadata.adapters.connectors.egeriainfrastructure.platform.catalog,org.odpi.openmetadata.frameworks.integration.connectors,206,4,206.0,331.54420996142466
org.odpi.openmetadata.viewservices.actionauthor.server,org.odpi.openmetadata.commonservices.ffdc.rest,185,5,185.0,331.47550180719014
org.odpi.openmetadata.samples.governanceactions.clinicaltrials,org.odpi.openmetadata.frameworks.openmetadata.refdata,170,6,170.0,330.80472533940326
org.odpi.openmetadata.adapters.repositoryservices.postgres.repositoryconnector.mappers,org.odpi.openmetadata.repositoryservices.ffdc.exception,205,4,205.0,329.93477204899057
org.odpi.openmetadata.samples.archiveutilities.businesssystems,org.odpi.openmetadata.frameworks.openmetadata.types,300,2,300.0,329.58368660043294
org.odpi.openmetadata.adapters.connectors.apacheatlas.integration.modules,org.odpi.openmetadata.adapters.connectors.apacheatlas.integration.ffdc,300,2,300.0,329.58368660043294
org.odpi.openmetadata.commonservices.repositoryhandler,org.odpi.openmetadata.repositoryservices.connectors.stores.metadatacollectionstore,169,6,169.0,328.8588151903479
org.odpi.openmetadata.adapters.connectors.governanceactions.stewardship,org.odpi.openmetadata.frameworks.openmetadata.properties,169,6,169.0,328.8588151903479
org.odpi.openmetadata.frameworkservices.omf.client,org.odpi.openmetadata.frameworks.openmetadata.client,204,4,204.0,328.3253341365565
org.odpi.openmetadata.adapters.connectors.apacheatlas.integration.modules,org.odpi.openmetadata.frameworks.openmetadata.search,204,4,204.0,328.3253341365565
org.odpi.openmetadata.samples.archiveutilities.governanceprogram,org.odpi.openmetadata.samples.archiveutilities,204,4,204.0,328.3253341365565
org.odpi.openmetadata.governanceservers.integrationdaemonservices.server,org.odpi.openmetadata.frameworks.openmetadata.ffdc,183,5,183.0,327.89198286873403
org.odpi.openmetadata.commonservices.generichandlers,org.odpi.openmetadata.frameworks.openmetadata.properties,168,6,168.0,326.9129050412926
org.odpi.openmetadata.frameworks.openmetadata.handlers,org.odpi.openmetadata.frameworks.openmetadata.mermaid,182,5,182.0,326.100223399506
org.odpi.openmetadata.adapters.connectors.postgres.survey,org.odpi.openmetadata.frameworks.openmetadata.properties.surveyreports,167,6,167.0,324.9669948922373
org.odpi.openmetadata.governanceservers.integrationdaemonservices.client,org.odpi.openmetadata.commonservices.ffdc.rest,155,7,155.0,322.3134389603745
org.odpi.openmetadata.adapters.connectors.surveyaction.extractors,org.odpi.openmetadata.frameworks.openmetadata.fileclassifier,179,5,179.0,320.7249449918218
org.odpi.openmetadata.adapters.connectors,org.odpi.openmetadata.frameworks.openmetadata.definitions,154,7,154.0,320.2339974186947
org.odpi.openmetadata.frameworks.openmetadata.filelistener,org.odpi.openmetadata.frameworks.openmetadata.ffdc,178,5,178.0,318.93318552259376
org.odpi.openmetadata.viewservices.securityofficer.server,org.odpi.openmetadata.commonservices.ffdc,197,4,197.0,317.05926874951774
org.odpi.openmetadata.metadatasecurity.accessconnector,org.odpi.openmetadata.frameworks.connectors,197,4,197.0,317.05926874951774
org.odpi.openmetadata.adapters.connectors.unitycatalog.resource,org.odpi.openmetadata.adapters.connectors.unitycatalog.resource.rest,197,4,197.0,317.05926874951774
org.odpi.openmetadata.engineservices.repositorygovernance.handlers,org.odpi.openmetadata.governanceservers.enginehostservices.admin,152,7,152.0,316.07511433533506
org.odpi.openmetadata.serveroperations.server,org.odpi.openmetadata.repositoryservices.admin,152,7,152.0,316.07511433533506
org.odpi.openmetadata.viewservices.datadiscovery.server,org.odpi.openmetadata.commonservices.multitenant,228,3,228.0,316.07511433533506
org.odpi.openmetadata.adapters.connectors.governanceactions.remediation,org.odpi.openmetadata.frameworks.connectors.properties.beans,176,5,176.0,315.34966658413765
org.odpi.openmetadata.engineservices.repositorygovernance.handlers,org.odpi.openmetadata.repositoryservices.clients,162,6,162.0,315.23744414696074
org.odpi.openmetadata.adapters.connectors.apacheatlas.survey,org.odpi.openmetadata.frameworks.openmetadata.properties.surveyreports,175,5,175.0,313.5579071149096
org.odpi.openmetadata.platformchassis.springboot,org.odpi.openmetadata.frameworks.connectors.properties.beans,175,5,175.0,313.5579071149096
org.odpi.openmetadata.samples.archiveutilities.types,org.odpi.openmetadata.repositoryservices.connectors.stores.metadatacollectionstore.properties.typedefs,161,6,161.0,313.29153399790545
org.odpi.openmetadata.contentpacks.core,org.odpi.openmetadata.adapters.connectors.postgres.controls,225,3,225.0,311.9162312519754
org.odpi.openmetadata.frameworks.integration.connectors,org.odpi.openmetadata.frameworks.connectors.ffdc,174,5,174.0,311.76614764568154
org.odpi.openmetadata.adapters.connectors.apacheatlas.survey,org.odpi.openmetadata.frameworks.openmetadata.metadataelements,174,5,174.0,311.76614764568154
org.odpi.openmetadata.frameworks.connectors,org.odpi.openmetadata.frameworks.openmetadata.ffdc,193,4,193.0,310.62151709978133
org.odpi.openmetadata.samples.governanceactions.clinicaltrials,org.odpi.openmetadata.frameworks.opengovernance.properties,224,3,224.0,310.5299368908555
org.odpi.openmetadata.adapters.connectors.externalharvesters.harvestopenmetadata,org.odpi.openmetadata.frameworks.openmetadata.search,173,5,173.0,309.9743881764535
org.odpi.openmetadata.adapters.connectors.subscriptions,org.odpi.openmetadata.frameworks.openmetadata.specificationproperties,149,7,149.0,309.83678971029553
org.odpi.openmetadata.adapters.connectors.jacquard.tabulardatasets.openmetadatatypes,org.odpi.openmetadata.frameworks.openmetadata.properties,159,6,159.0,309.3997136997948
org.odpi.openmetadata.viewservices.datadesigner.server.spring,org.odpi.openmetadata.commonservices.ffdc.rest,223,3,223.0,309.1436425297356
org.odpi.openmetadata.adapters.connectors.unitycatalog.sync,org.odpi.openmetadata.adapters.connectors.unitycatalog.controls,192,4,192.0,309.01207918734724
org.odpi.openmetadata.frameworkservices.omf.rest,org.odpi.openmetadata.frameworks.openmetadata.properties,158,6,158.0,307.4538035507395
org.odpi.openmetadata.frameworks.openmetadata.converters,org.odpi.openmetadata.frameworks.openmetadata.properties.assets.processes,191,4,191.0,307.40264127491315
org.odpi.openmetadata.frameworks.openmetadata.properties.governance,org.odpi.openmetadata.frameworks.openmetadata.types,279,2,279.0,306.51282853840263
org.odpi.openmetadata.adminservices.configuration.properties,org.odpi.openmetadata.frameworks.connectors.properties.beans,171,5,171.0,306.3908692379974
org.odpi.openmetadata.governanceservers.enginehostservices.ffdc,org.odpi.openmetadata.frameworks.auditlog,190,4,190.0,305.79320336247906
org.odpi.openmetadata.frameworks.openmetadata.controls,org.odpi.openmetadata.frameworks.openmetadata.specificationproperties,147,7,147.0,305.67790662693585
org.odpi.openmetadata.adapters.connectors.subscriptions,org.odpi.openmetadata.frameworks.openmetadata.properties,157,6,157.0,305.50789340168416
org.odpi.openmetadata.repositoryservices.connectors.stores.metadatacollectionstore.utilities,org.odpi.openmetadata.repositoryservices.connectors.stores.metadatacollectionstore.properties,220,3,220.0,304.9847594463759
org.odpi.openmetadata.viewservices.communitymatters.server,org.odpi.openmetadata.commonservices.ffdc,189,4,189.0,304.183765450045
org.odpi.openmetadata.viewservices.runtimemanager.server,org.odpi.openmetadata.frameworks.connectors.client,189,4,189.0,304.183765450045
org.odpi.openmetadata.engineservices.surveyaction.handlers,org.odpi.openmetadata.frameworks.opensurvey,146,7,146.0,303.598465085256
org.odpi.openmetadata.metadatasecurity.accessconnector,org.odpi.openmetadata.metadatasecurity.properties,156,6,156.0,303.56198325262886
org.odpi.openmetadata.repositoryservices.rest.server,org.odpi.openmetadata.frameworks.openmetadata.ffdc,156,6,156.0,303.56198325262886
org.odpi.openmetadata.frameworks.openmetadata.properties.assets.filesandfolders,org.odpi.openmetadata.frameworks.openmetadata.properties.assets,188,4,188.0,302.5743275376108
org.odpi.openmetadata.frameworks.openmetadata.builders,org.odpi.openmetadata.frameworks.openmetadata.enums,218,3,218.0,302.2121707241362
org.odpi.openmetadata.viewservices.locationarena.server,org.odpi.openmetadata.frameworks.openmetadata.handlers,155,6,155.0,301.61607310357357
org.odpi.openmetadata.samples.archiveutilities.governanceprogram,org.odpi.openmetadata.frameworks.openmetadata.refdata,155,6,155.0,301.61607310357357
org.odpi.openmetadata.viewservices.automatedcuration.server,org.odpi.openmetadata.frameworkservices.gaf.rest,155,6,155.0,301.61607310357357
org.odpi.openmetadata.viewservices.templatemanager.server,org.odpi.openmetadata.commonservices.ffdc.rest,168,5,168.0,301.0155908303132
org.odpi.openmetadata.adapters.connectors.integration.jdbc.transfer.requests,org.odpi.openmetadata.frameworks.openmetadata.metadataelements,168,5,168.0,301.0155908303132
org.odpi.openmetadata.adapters.connectors.egeriainfrastructure.extractor,org.odpi.openmetadata.adminservices.configuration.properties,168,5,168.0,301.0155908303132
org.odpi.openmetadata.adapters.connectors.integration.openlineage,org.odpi.openmetadata.frameworks.openmetadata.metadataelements,168,5,168.0,301.0155908303132
org.odpi.openmetadata.viewservices.validmetadata.server,org.odpi.openmetadata.frameworks.openmetadata.properties,154,6,154.0,299.6701629545182
org.odpi.openmetadata.adapters.connectors.dynamicarchivers,org.odpi.openmetadata.repositoryservices.connectors.stores.archivestore,144,7,144.0,299.4395820018963
org.odpi.openmetadata.adapters.connectors.apacheatlas.integration.ffdc,org.odpi.openmetadata.frameworks.auditlog,186,4,186.0,299.35545171274265
org.odpi.openmetadata.adapters.connectors.integration.basicfiles,org.odpi.openmetadata.frameworks.integration.connectors,186,4,186.0,299.35545171274265
org.odpi.openmetadata.adapters.connectors.governanceactions.remediation,org.odpi.openmetadata.frameworks.openmetadata.properties,167,5,167.0,299.22383136108516
org.odpi.openmetadata.repositoryservices.archivemanager,org.odpi.openmetadata.repositoryservices.connectors.stores.metadatacollectionstore.properties.instances,185,4,185.0,297.74601380030856
org.odpi.openmetadata.frameworkservices.omf.handlers,org.odpi.openmetadata.repositoryservices.connectors.stores.metadatacollectionstore.properties.typedefs,153,6,153.0,297.7242528054629
org.odpi.openmetadata.adapters.repositoryservices.auditlogstore.postgres.schema,org.odpi.openmetadata.adapters.connectors.resource.jdbc.properties,153,6,153.0,297.7242528054629
org.odpi.openmetadata.frameworks.openmetadata.client,org.odpi.openmetadata.frameworks.openmetadata.properties,153,6,153.0,297.7242528054629
org.odpi.openmetadata.adapters.connectors.apacheatlas.integration.modules,org.odpi.openmetadata.frameworks.integration.context,166,5,166.0,297.4320718918571
org.odpi.openmetadata.viewservices.solutionarchitect.server.spring,org.odpi.openmetadata.commonservices.ffdc.rest,214,3,214.0,296.6669932796566
org.odpi.openmetadata.metadatasecurity,org.odpi.openmetadata.repositoryservices.connectors.stores.metadatacollectionstore.properties.instances,214,3,214.0,296.6669932796566
org.odpi.openmetadata.viewservices.assetmaker.server.spring,org.odpi.openmetadata.viewservices.assetmaker.server,184,4,184.0,296.13657588787447
org.odpi.openmetadata.viewservices.schemamaker.server,org.odpi.openmetadata.frameworks.openmetadata.handlers,152,6,152.0,295.77834265640763
org.odpi.openmetadata.adapters.repositoryservices.postgres.repositoryconnector.database,org.odpi.openmetadata.repositoryservices.connectors.stores.metadatacollectionstore.properties.instances,152,6,152.0,295.77834265640763
org.odpi.openmetadata.adapters.connectors.surveyaction.surveyfolder,org.odpi.openmetadata.frameworks.openmetadata.properties.surveyreports,165,5,165.0,295.64031242262905
org.odpi.openmetadata.adapters.connectors.surveyaction.surveycsv,org.odpi.openmetadata.frameworks.openmetadata.search,165,5,165.0,295.64031242262905
org.odpi.openmetadata.engineservices.repositorygovernance.handlers,org.odpi.openmetadata.engineservices.repositorygovernance.connector,142,7,142.0,295.2806989185367
org.odpi.openmetadata.serveroperations.server,org.odpi.openmetadata.adminservices.registration,141,7,141.0,293.20125737685686
org.odpi.openmetadata.frameworkservices.gaf.client,org.odpi.openmetadata.frameworks.openmetadata.ffdc,182,4,182.0,292.91770006300624
org.odpi.openmetadata.adapters.connectors.governanceactions.remediation,org.odpi.openmetadata.frameworks.openmetadata.refdata,163,5,163.0,292.05679348417294
org.odpi.openmetadata.samples.archiveutilities.types,org.odpi.openmetadata.repositoryservices.archiveutilities,150,6,150.0,291.886522358297
org.odpi.openmetadata.frameworkservices.gaf.handlers,org.odpi.openmetadata.repositoryservices.connectors.stores.metadatacollectionstore.properties.instances,150,6,150.0,291.886522358297
org.odpi.openmetadata.adapters.connectors.integration.basicfiles,org.odpi.openmetadata.frameworks.openmetadata.properties.assets.filesandfolders,140,7,140.0,291.121815835177
org.odpi.openmetadata.adapters.connectors.externalharvesters.harvestsurveys,org.odpi.openmetadata.frameworks.auditlog,149,6,149.0,289.9406122092417
org.odpi.openmetadata.adapters.connectors.restclients.spring,org.odpi.openmetadata.frameworks.auditlog.messagesets,209,3,209.0,289.7355214740571
org.odpi.openmetadata.platformservices.server,org.odpi.openmetadata.tokencontroller,180,4,180.0,289.69882423813806
org.odpi.openmetadata.frameworks.openmetadata.properties.contextevents,org.odpi.openmetadata.frameworks.openmetadata.properties,180,4,180.0,289.69882423813806
org.odpi.openmetadata.viewservices.validmetadata.server,org.odpi.openmetadata.tokencontroller,180,4,180.0,289.69882423813806
org.odpi.openmetadata.adapters.connectors.surveyaction.surveyfolder,org.odpi.openmetadata.frameworks.opensurvey.measurements,161,5,161.0,288.47327454571683
org.odpi.openmetadata.adapters.connectors.jacquard.tabulardatasets,org.odpi.openmetadata.adapters.connectors.jacquard.productcatalog,161,5,161.0,288.47327454571683
org.odpi.openmetadata.viewservices.validmetadata.server,org.odpi.openmetadata.frameworks.auditlog,179,4,179.0,288.08938632570397
org.odpi.openmetadata.conformance.client,org.odpi.openmetadata.conformance.rest,148,6,148.0,287.99470206018634
org.odpi.openmetadata.adapters.connectors.dynamicarchivers,org.odpi.openmetadata.frameworks.openmetadata.specificationproperties,138,7,138.0,286.96293275181733
org.odpi.openmetadata.frameworks.openmetadata.converters,org.odpi.openmetadata.frameworks.openmetadata.ffdc,160,5,160.0,286.6815150764888
org.odpi.openmetadata.repositoryservices.connectors.stores.metadatacollectionstore.repositoryconnector,org.odpi.openmetadata.repositoryservices.ffdc.exception,178,4,178.0,286.4799484132698
org.odpi.openmetadata.samples.archiveutilities,org.odpi.openmetadata.frameworks.openmetadata.definitions,260,2,260.0,285.63919505370853
org.odpi.openmetadata.viewservices.collectionmanager.server.spring,org.odpi.openmetadata.commonservices.ffdc.rest,205,3,205.0,284.19034402957755
org.odpi.openmetadata.viewservices.connectionmaker.server.spring,org.odpi.openmetadata.commonservices.ffdc.rest,205,3,205.0,284.19034402957755
org.odpi.openmetadata.frameworks.openmetadata.properties.actors,org.odpi.openmetadata.frameworks.openmetadata.types,258,2,258.0,283.4419704763723
org.odpi.openmetadata.samples.governanceactions.clinicaltrials,org.odpi.openmetadata.frameworks.openmetadata.ffdc,258,2,258.0,283.4419704763723
org.odpi.openmetadata.adapters.connectors.secretsstore.yaml,org.odpi.openmetadata.frameworks.connectors,176,4,176.0,283.26107258840165
org.odpi.openmetadata.viewservices.classificationexplorer.server,org.odpi.openmetadata.frameworks.openmetadata.metadataelements,176,4,176.0,283.26107258840165
org.odpi.openmetadata.samples.archiveutilities.businesssystems,org.odpi.openmetadata.samples.archiveutilities.organization,136,7,136.0,282.80404966845765
org.odpi.openmetadata.viewservices.projectmanager.server,org.odpi.openmetadata.commonservices.multitenant,204,3,204.0,282.80404966845765
org.odpi.openmetadata.frameworks.opensurvey.measurements,org.odpi.openmetadata.frameworks.openmetadata.types,257,2,257.0,282.3433581877042
org.odpi.openmetadata.frameworks.opensurvey.controls,org.odpi.openmetadata.frameworks.opensurvey.measurements,157,5,157.0,281.3062366688046
org.odpi.openmetadata.frameworks.openmetadata.properties.assets.filesandfolders,org.odpi.openmetadata.frameworks.openmetadata.types,255,2,255.0,280.146133610368
org.odpi.openmetadata.viewservices.glossarymanager.server,org.odpi.openmetadata.tokencontroller,174,4,174.0,280.04219676353347
org.odpi.openmetadata.viewservices.glossarymanager.server,org.odpi.openmetadata.frameworks.auditlog,173,4,173.0,278.4327588510993
org.odpi.openmetadata.governanceservers.integrationdaemonservices.server,org.odpi.openmetadata.commonservices.ffdc.rest,155,5,155.0,277.7227177303485
org.odpi.openmetadata.viewservices.runtimemanager.server.spring,org.odpi.openmetadata.viewservices.runtimemanager.server,172,4,172.0,276.82332093866523
org.odpi.openmetadata.frameworkservices.gaf.converters,org.odpi.openmetadata.commonservices.generichandlers,172,4,172.0,276.82332093866523
org.odpi.openmetadata.accessservices.communityprofile.fvt.metadatasources,org.odpi.openmetadata.fvt.utilities.exceptions,172,4,172.0,276.82332093866523
org.odpi.openmetadata.frameworks.openmetadata.converters,org.odpi.openmetadata.frameworks.openmetadata.properties.governance.governanceactions,172,4,172.0,276.82332093866523
org.odpi.openmetadata.adapters.connectors.egeriainfrastructure.servers,org.odpi.openmetadata.adapters.connectors.egeriainfrastructure.extractor,154,5,154.0,275.93095826112045
org.odpi.openmetadata.repositoryservices.eventmanagement,org.odpi.openmetadata.repositoryservices.localrepository.repositorycontentmanager,154,5,154.0,275.93095826112045
org.odpi.openmetadata.adapters.connectors.controls,org.odpi.openmetadata.frameworks.openmetadata.specificationproperties,132,7,132.0,274.48628350173834
org.odpi.openmetadata.frameworkservices.omf.client.rest,org.odpi.openmetadata.frameworkservices.omf.rest,198,3,198.0,274.48628350173834
org.odpi.openmetadata.adapters.connectors.unitycatalog.survey,org.odpi.openmetadata.frameworks.openmetadata.properties.surveyreports,141,6,141.0,274.37333101679917
org.odpi.openmetadata.adapters.connectors.governanceactions.watchdog,org.odpi.openmetadata.frameworks.openmetadata.properties,141,6,141.0,274.37333101679917
org.odpi.openmetadata.adapters.connectors.governanceactions.ffdc,org.odpi.openmetadata.frameworks.auditlog,170,4,170.0,273.60444511379706
org.odpi.openmetadata.repositoryservices.admin,org.odpi.openmetadata.frameworks.auditlog,152,5,152.0,272.34743932266434
org.odpi.openmetadata.viewservices.referencedata.server,org.odpi.openmetadata.commonservices.multitenant,196,3,196.0,271.71369477949855
org.odpi.openmetadata.frameworks.openmetadata.ffdc,org.odpi.openmetadata.frameworks.auditlog,139,6,139.0,270.4815107186885
org.odpi.openmetadata.frameworks.openmetadata.converters,org.odpi.openmetadata.frameworks.openmetadata.properties.feedback,168,4,168.0,270.3855692889288
org.odpi.openmetadata.repositoryservices.connectors.omrstopic,org.odpi.openmetadata.repositoryservices.connectors.stores.metadatacollectionstore.properties.instances,168,4,168.0,270.3855692889288
org.odpi.openmetadata.repositoryservices.clients,org.odpi.openmetadata.frameworks.auditlog,130,7,130.0,270.32740041837866
org.odpi.openmetadata.adapters.connectors.unitycatalog.survey,org.odpi.openmetadata.adapters.connectors.unitycatalog.controls,194,3,194.0,268.94110605725876
org.odpi.openmetadata.repositoryservices.archivemanager,org.odpi.openmetadata.repositoryservices.connectors.stores.archivestore.properties,167,4,167.0,268.77613137649473
org.odpi.openmetadata.commonservices.multitenant,org.odpi.openmetadata.commonservices.ffdc.rest,129,7,129.0,268.2479588766988
org.odpi.openmetadata.accessservices.assetowner.fvt.dataassets,org.odpi.openmetadata.frameworks.openmetadata.properties.schema,166,4,166.0,267.16669346406064
org.odpi.openmetadata.serveroperations.ffdc,org.odpi.openmetadata.frameworks.auditlog,166,4,166.0,267.16669346406064
org.odpi.openmetadata.samples.governanceactions.clinicaltrials,org.odpi.openmetadata.frameworks.openmetadata.metadataelements,149,5,149.0,266.9721609149802
org.odpi.openmetadata.accessservices.assetowner.fvt.dataassets,org.odpi.openmetadata.frameworks.openmetadata.properties,384,1,384.0,266.168517335019
org.odpi.openmetadata.frameworks.openmetadata.properties,org.odpi.openmetadata.frameworks.openmetadata.search,128,7,128.0,266.168517335019
org.odpi.openmetadata.frameworks.opensurvey,org.odpi.openmetadata.frameworks.auditlog,121,8,121.0,265.86417385768254
org.odpi.openmetadata.adapters.connectors.unitycatalog.sync,org.odpi.openmetadata.frameworks.openmetadata.connectorcontext,165,4,165.0,265.55725555162655
org.odpi.openmetadata.adapters.connectors.unitycatalog.sync,org.odpi.openmetadata.adapters.connectors.controls,148,5,148.0,265.1804014457521
org.odpi.openmetadata.platformservices.server,org.odpi.openmetadata.commonservices.multitenant,148,5,148.0,265.1804014457521
org.odpi.openmetadata.viewservices.securityofficer.server,org.odpi.openmetadata.commonservices.ffdc.rest,148,5,148.0,265.1804014457521
org.odpi.openmetadata.adapters.connectors.wedgwood,org.odpi.openmetadata.frameworks.openmetadata.specificationproperties,127,7,127.0,264.08907579333913
org.odpi.openmetadata.viewservices.governanceofficer.server,org.odpi.openmetadata.tokencontroller,162,4,162.0,260.72894181432423
org.odpi.openmetadata.frameworks.openmetadata.properties.solutions,org.odpi.openmetadata.frameworks.openmetadata.properties,162,4,162.0,260.72894181432423
org.odpi.openmetadata.adapters.connectors.jacquard.tabulardatasets,org.odpi.openmetadata.frameworks.openmetadata.metadataelements,145,5,145.0,259.80512303806796
org.odpi.openmetadata.adapters.connectors.surveyaction.extractors,org.odpi.openmetadata.frameworks.opensurvey.measurements,145,5,145.0,259.80512303806796
org.odpi.openmetadata.adapters.connectors.postgres.controls,org.odpi.openmetadata.frameworks.openmetadata.controls,236,2,236.0,259.2725001256739
org.odpi.openmetadata.engineservices.repositorygovernance.handlers,org.odpi.openmetadata.frameworks.openmetadata.ffdc,161,4,161.0,259.11950390189014
org.odpi.openmetadata.viewservices.digitalbusiness.server,org.odpi.openmetadata.commonservices.ffdc,161,4,161.0,259.11950390189014
org.odpi.openmetadata.viewservices.governanceofficer.server,org.odpi.openmetadata.frameworks.auditlog,161,4,161.0,259.11950390189014
org.odpi.openmetadata.adapters.connectors.integration.basicfiles,org.odpi.openmetadata.adapters.connectors.integration.basicfiles.ffdc,161,4,161.0,259.11950390189014
org.odpi.openmetadata.frameworks.openmetadata.properties.softwarecapabilities,org.odpi.openmetadata.frameworks.openmetadata.types,235,2,235.0,258.1738878370058
org.odpi.openmetadata.frameworks.opensurvey,org.odpi.openmetadata.frameworks.openmetadata.metadataelements,144,5,144.0,258.0133635688399
org.odpi.openmetadata.adminservices.classifier,org.odpi.openmetadata.adminservices.configuration.properties,144,5,144.0,258.0133635688399
org.odpi.openmetadata.contentpacks.core.core,org.odpi.openmetadata.contentpacks.core,186,3,186.0,257.85075116829967
org.odpi.openmetadata.repositoryservices.localrepository.repositorycontentmanager,org.odpi.openmetadata.repositoryservices.connectors.stores.metadatacollectionstore.properties.search,124,7,124.0,257.8507511682996
org.odpi.openmetadata.viewservices.metadataexpert.server.spring,org.odpi.openmetadata.viewservices.metadataexpert.server,160,4,160.0,257.51006598945605
org.odpi.openmetadata.adapters.connectors.apacheatlas.resource,org.odpi.openmetadata.frameworks.openmetadata.ffdc,160,4,160.0,257.51006598945605
org.odpi.openmetadata.frameworks.openmetadata.properties.collections,org.odpi.openmetadata.frameworks.openmetadata.properties,160,4,160.0,257.51006598945605
org.odpi.openmetadata.viewservices.datadesigner.server.spring,org.odpi.openmetadata.viewservices.datadesigner.server,160,4,160.0,257.51006598945605
org.odpi.openmetadata.repositoryservices.enterprise.repositoryconnector.executors,org.odpi.openmetadata.repositoryservices.connectors.stores.metadatacollectionstore.properties,160,4,160.0,257.51006598945605
org.odpi.openmetadata.adapters.connectors.surveyaction.surveyfolder,org.odpi.openmetadata.frameworks.openmetadata.fileclassifier,143,5,143.0,256.22160409961185
org.odpi.openmetadata.adminservices.client,org.odpi.openmetadata.adminservices.ffdc.exception,233,2,233.0,255.97666325966958
org.odpi.openmetadata.frameworkservices.omf.server.spring,org.odpi.openmetadata.commonservices.ffdc.rest,131,6,131.0,254.91422952624603
org.odpi.openmetadata.serveroperations.server,org.odpi.openmetadata.serveroperations.rest,131,6,131.0,254.91422952624603
org.odpi.openmetadata.utilities.serverconfig,org.odpi.openmetadata.frameworks.connectors.properties.beans,131,6,131.0,254.91422952624603
org.odpi.openmetadata.commonservices.generichandlers,org.odpi.openmetadata.frameworks.auditlog,142,5,142.0,254.4298446303838
org.odpi.openmetadata.adapters.repositoryservices.postgres.repositoryconnector.database,org.odpi.openmetadata.adapters.connectors.resource.jdbc,142,5,142.0,254.4298446303838
org.odpi.openmetadata.adapters.connectors.unitycatalog.provision,org.odpi.openmetadata.frameworks.opengovernance,158,4,158.0,254.29119016458785
org.odpi.openmetadata.adapters.connectors.integration.basicfiles,org.odpi.openmetadata.frameworks.connectors.properties.users,158,4,158.0,254.29119016458785
org.odpi.openmetadata.adapters.connectors.egeriainfrastructure.control,org.odpi.openmetadata.frameworks.openmetadata.controls,231,2,231.0,253.77943868233336
org.odpi.openmetadata.repositoryservices.connectors.omrstopic,org.odpi.openmetadata.frameworks.auditlog,122,7,122.0,253.69186808493995
org.odpi.openmetadata.viewservices.automatedcuration.mermaid,org.odpi.openmetadata.viewservices.automatedcuration.properties,157,4,157.0,252.68175225215376
org.odpi.openmetadata.adapters.connectors.restclients.spring,org.odpi.openmetadata.adapters.connectors.restclients.ffdc,157,4,157.0,252.68175225215376
org.odpi.openmetadata.adapters.connectors.externalharvesters.harvestsurveys,org.odpi.openmetadata.frameworks.connectors.ffdc,157,4,157.0,252.68175225215376
org.odpi.openmetadata.viewservices.datadiscovery.server,org.odpi.openmetadata.tokencontroller,156,4,156.0,251.07231433971964
org.odpi.openmetadata.metadatasecurity.accessconnector,org.odpi.openmetadata.metadatasecurity.connectors,156,4,156.0,251.07231433971964
org.odpi.openmetadata.viewservices.solutionarchitect.server.spring,org.odpi.openmetadata.viewservices.solutionarchitect.server,156,4,156.0,251.07231433971964
org.odpi.openmetadata.platformservices.server.spring,org.odpi.openmetadata.platformservices.server,156,4,156.0,251.07231433971964
org.odpi.openmetadata.adapters.connectors.unitycatalog.sync,org.odpi.openmetadata.adapters.connectors.unitycatalog.resource,129,6,129.0,251.02240922813542
org.odpi.openmetadata.frameworks.connectors.properties.beans,org.odpi.openmetadata.frameworks.openmetadata.metadataelements,140,5,140.0,250.8463256919277
org.odpi.openmetadata.repositoryservices.events.beans.v2,org.odpi.openmetadata.repositoryservices.connectors.stores.metadatacollectionstore.properties.typedefs,140,5,140.0,250.8463256919277
org.odpi.openmetadata.frameworks.openmetadata.converters,org.odpi.openmetadata.frameworks.openmetadata.properties.assets.infrastructure,155,4,155.0,249.46287642728555
org.odpi.openmetadata.viewservices.datadiscovery.server,org.odpi.openmetadata.frameworks.auditlog,155,4,155.0,249.46287642728555
org.odpi.openmetadata.adapters.connectors,org.odpi.openmetadata.adapters.connectors.controls,227,2,227.0,249.38498952766093
org.odpi.openmetadata.adminservices.client.rest,org.odpi.openmetadata.frameworks.openmetadata.ffdc,128,6,128.0,249.0764990790801
org.odpi.openmetadata.governanceservers.enginehostservices.server,org.odpi.openmetadata.governanceservers.enginehostservices.registration,128,6,128.0,249.0764990790801
org.odpi.openmetadata.metadatasecurity.connectors,org.odpi.openmetadata.frameworks.connectors,139,5,139.0,249.05456622269963
org.odpi.openmetadata.frameworkservices.omf.client,org.odpi.openmetadata.frameworkservices.omf.client.rest,139,5,139.0,249.05456622269963
org.odpi.openmetadata.repositoryservices.archiveutilities,org.odpi.openmetadata.repositoryservices.ffdc,226,2,226.0,248.2863772389928
org.odpi.openmetadata.repositoryservices.enterprise.repositoryconnector,org.odpi.openmetadata.repositoryservices.connectors.stores.metadatacollectionstore.properties.typedefs,154,4,154.0,247.85343851485143
org.odpi.openmetadata.frameworks.openmetadata.properties.digitalbusiness,org.odpi.openmetadata.frameworks.openmetadata.properties.collections,154,4,154.0,247.85343851485143
org.odpi.openmetadata.frameworkservices.omf.converters,org.odpi.openmetadata.frameworks.openmetadata.search,153,4,153.0,246.24400060241734
org.odpi.openmetadata.adapters.connectors.subscriptions,org.odpi.openmetadata.frameworks.openmetadata.connectorcontext,224,2,224.0,246.08915266165658
org.odpi.openmetadata.adapters.connectors.apacheatlas.integration.modules,org.odpi.openmetadata.frameworks.openmetadata.properties.schema,137,5,137.0,245.47104728424353
org.odpi.openmetadata.adapters.repositoryservices.postgres.repositoryconnector.database,org.odpi.openmetadata.repositoryservices.connectors.stores.metadatacollectionstore.properties.search,126,6,126.0,245.18467878096948
org.odpi.openmetadata.commonservices.repositoryhandler,org.odpi.openmetadata.repositoryservices.connectors.stores.metadatacollectionstore.properties,152,4,152.0,244.63456268998326
org.odpi.openmetadata.viewservices.glossarymanager.rest,org.odpi.openmetadata.commonservices.ffdc.rest,152,4,152.0,244.63456268998326
org.odpi.openmetadata.adapters.repositoryservices.rest.repositoryconnector,org.odpi.openmetadata.repositoryservices.connectors.stores.metadatacollectionstore.properties.instances,222,2,222.0,243.89192808432037
org.odpi.openmetadata.adapters.connectors.resource.jdbc.mappers,org.odpi.openmetadata.adapters.connectors.resource.jdbc.properties,136,5,136.0,243.67928781501547
org.odpi.openmetadata.adminservices.registration,org.odpi.openmetadata.frameworks.connectors.properties.beans,125,6,125.0,243.23876863191416
org.odpi.openmetadata.adapters.connectors.integration.basicfiles,org.odpi.openmetadata.frameworks.connectors.ffdc,125,6,125.0,243.23876863191416
org.odpi.openmetadata.adapters.connectors.governanceactions.provisioning,org.odpi.openmetadata.frameworks.openmetadata.connectorcontext,151,4,151.0,243.02512477754914
org.odpi.openmetadata.adapters.repositoryservices.postgres.repositoryconnector,org.odpi.openmetadata.frameworks.openmetadata.ffdc,221,2,221.0,242.79331579565226
org.odpi.openmetadata.accessservices.assetmanager.fvt.dataassets,org.odpi.openmetadata.frameworks.openmetadata.properties,348,1,348.0,241.21521883486096
org.odpi.openmetadata.adapters.connectors.integration.basicfiles.controls,org.odpi.openmetadata.frameworks.openmetadata.controls,174,3,174.0,241.21521883486096
org.odpi.openmetadata.adapters.connectors.egeriainfrastructure.extractor,org.odpi.openmetadata.platformservices.client,134,5,134.0,240.09576887655936
org.odpi.openmetadata.samples.archiveutilities.cloudinformationmodel,org.odpi.openmetadata.samples.archiveutilities,134,5,134.0,240.09576887655936
org.odpi.openmetadata.frameworks.integration.connectors,org.odpi.openmetadata.frameworks.connectors,109,8,109.0,239.49747892964794
org.odpi.openmetadata.frameworks.openmetadata.search,org.odpi.openmetadata.frameworks.openmetadata.types,218,2,218.0,239.49747892964794
org.odpi.openmetadata.adapters.repositoryservices.inmemory.repositoryconnector,org.odpi.openmetadata.frameworks.openmetadata.ffdc,218,2,218.0,239.49747892964794
org.odpi.openmetadata.adapters.connectors.egeriainfrastructure.servers,org.odpi.openmetadata.frameworks.openmetadata.ffdc,217,2,217.0,238.39886664097983
org.odpi.openmetadata.repositoryservices.enterprise.repositoryconnector,org.odpi.openmetadata.frameworks.openmetadata.ffdc,217,2,217.0,238.39886664097983
org.odpi.openmetadata.adapters.connectors.jacquard.tabulardatasets.referencedata,org.odpi.openmetadata.adapters.connectors.jacquard.productcatalog,133,5,133.0,238.3040094073313
org.odpi.openmetadata.adapters.connectors.jacquard.tabulardatasets.validmetadatavalues,org.odpi.openmetadata.adapters.connectors.jacquard.productcatalog,133,5,133.0,238.3040094073313
org.odpi.openmetadata.viewservices.connectionmaker.server.spring,org.odpi.openmetadata.viewservices.connectionmaker.server,148,4,148.0,238.19681104024684
org.odpi.openmetadata.frameworks.openwatchdog,org.odpi.openmetadata.frameworks.openmetadata.connectorcontext,148,4,148.0,238.19681104024684
org.odpi.openmetadata.samples.archiveutilities.organization,org.odpi.openmetadata.samples.archiveutilities,148,4,148.0,238.19681104024684
org.odpi.openmetadata.viewservices.collectionmanager.server.spring,org.odpi.openmetadata.viewservices.collectionmanager.server,148,4,148.0,238.19681104024684
org.odpi.openmetadata.platformservices.client,org.odpi.openmetadata.commonservices.ffdc,148,4,148.0,238.19681104024684
org.odpi.openmetadata.viewservices.feedbackmanager.server.spring,org.odpi.openmetadata.viewservices.feedbackmanager.server,148,4,148.0,238.19681104024684
org.odpi.openmetadata.repositoryservices.connectors.openmetadatatopic,org.odpi.openmetadata.frameworks.connectors,122,6,122.0,237.40103818474822
org.odpi.openmetadata.frameworks.openwatchdog.controls,org.odpi.openmetadata.frameworks.openmetadata.specificationproperties,114,7,114.0,237.05633575150128
org.odpi.openmetadata.adapters.connectors.resource.jdbc.mappers,org.odpi.openmetadata.repositoryservices.ffdc.exception,147,4,147.0,236.58737312781275
org.odpi.openmetadata.contentpacks.core.unitycatalog,org.odpi.openmetadata.contentpacks.core,147,4,147.0,236.58737312781275
org.odpi.openmetadata.commonservices.repositoryhandler,org.odpi.openmetadata.frameworks.auditlog,132,5,132.0,236.51224993810325
org.odpi.openmetadata.adapters.connectors.controls,org.odpi.openmetadata.frameworks.openmetadata.refdata,215,2,215.0,236.2016420636436
org.odpi.openmetadata.frameworks.openmetadata.properties.externalreferences,org.odpi.openmetadata.frameworks.openmetadata.properties,146,4,146.0,234.97793521537864
org.odpi.openmetadata.frameworks.integration.connectors,org.odpi.openmetadata.frameworks.openmetadata.search,146,4,146.0,234.97793521537864
org.odpi.openmetadata.adapters.connectors.apacheatlas.integration,org.odpi.openmetadata.adapters.connectors.apacheatlas.integration.modules,131,5,131.0,234.7204904688752
org.odpi.openmetadata.viewservices.automatedcuration.handlers,org.odpi.openmetadata.frameworks.openmetadata.properties,120,6,120.0,233.5092178866376
org.odpi.openmetadata.frameworks.openmetadata.converters,org.odpi.openmetadata.frameworks.openmetadata.properties.solutions,145,4,145.0,233.36849730294455
org.odpi.openmetadata.adapters.connectors.postgres.survey,org.odpi.openmetadata.frameworks.opensurvey.controls,145,4,145.0,233.36849730294455
org.odpi.openmetadata.repositoryservices.admin,org.odpi.openmetadata.repositoryservices.localrepository.repositoryconnector,106,8,106.0,232.90580519763927
org.odpi.openmetadata.adapters.connectors.jacquard,org.odpi.openmetadata.frameworks.auditlog,168,3,168.0,232.89745266814163
org.odpi.openmetadata.frameworks.openmetadata.properties.operatingplatforms,org.odpi.openmetadata.frameworks.openmetadata.properties,144,4,144.0,231.75905939051043
org.odpi.openmetadata.frameworkservices.omf.outtopic,org.odpi.openmetadata.frameworks.openmetadata.events,129,5,129.0,231.1369715304191
org.odpi.openmetadata.frameworkservices.gaf.outtopic,org.odpi.openmetadata.frameworks.openmetadata.events,129,5,129.0,231.1369715304191
org.odpi.openmetadata.adapters.connectors.unitycatalog.sync,org.odpi.openmetadata.frameworks.openmetadata.ffdc,210,2,210.0,230.70858062030305
org.odpi.openmetadata.adapters.repositoryservices.postgres.repositoryconnector.database,org.odpi.openmetadata.adapters.connectors.resource.jdbc.properties,166,3,166.0,230.12486394590184
org.odpi.openmetadata.repositoryservices.metadatahighway,org.odpi.openmetadata.repositoryservices.connectors.omrstopic,110,7,110.0,228.73856958478194
org.odpi.openmetadata.adapters.connectors.apacheatlas.integration,org.odpi.openmetadata.frameworks.integration.connectors,142,4,142.0,228.54018356564225
org.odpi.openmetadata.accessservices.assetowner.fvt.duplicateprocessing,org.odpi.openmetadata.fvt.utilities.exceptions,142,4,142.0,228.54018356564225
org.odpi.openmetadata.accessservices.assetconsumer.samples.readcsvfile,org.odpi.openmetadata.frameworks.connectors.properties.beans,117,6,117.0,227.67148743947166
org.odpi.openmetadata.repositoryservices.enterprise.connectormanager,org.odpi.openmetadata.frameworks.connectors.properties.beans,103,8,103.0,226.31413146563062
org.odpi.openmetadata.frameworks.openmetadata.enums,org.odpi.openmetadata.frameworks.openmetadata.types,206,2,206.0,226.31413146563062
org.odpi.openmetadata.contentpacks.core,org.odpi.openmetadata.adapters.connectors.datastore.basicfile,163,3,163.0,225.96598086254215
org.odpi.openmetadata.governanceservers.integrationdaemonservices.threads,org.odpi.openmetadata.governanceservers.integrationdaemonservices.handlers,126,5,126.0,225.76169312273493
org.odpi.openmetadata.adapters.eventbus.topic.kafka,org.odpi.openmetadata.repositoryservices.connectors.openmetadatatopic,126,5,126.0,225.76169312273493
org.odpi.openmetadata.viewservices.securityofficer.server,org.odpi.openmetadata.frameworks.openmetadata.handlers,116,6,116.0,225.72557729041634
org.odpi.openmetadata.adapters.connectors.subscriptions,org.odpi.openmetadata.frameworks.openmetadata.search,140,4,140.0,225.32130774077405
org.odpi.openmetadata.adapters.connectors.integration.basicfiles,org.odpi.openmetadata.frameworks.openmetadata.fileclassifier,162,3,162.0,224.57968650142226
org.odpi.openmetadata.viewservices.feedbackmanager.server.spring,org.odpi.openmetadata.commonservices.ffdc.rest,204,2,204.0,224.1169068882944
org.odpi.openmetadata.frameworks.openmetadata.converters,org.odpi.openmetadata.frameworks.openmetadata.properties.locations,139,4,139.0,223.71186982833993
org.odpi.openmetadata.repositoryservices.metadatahighway,org.odpi.openmetadata.adminservices.configuration.properties,124,5,124.0,222.17817418427882
org.odpi.openmetadata.frameworks.openmetadata.properties.governance.governanceactions,org.odpi.openmetadata.frameworks.openmetadata.properties,138,4,138.0,222.10243191590584
org.odpi.openmetadata.viewservices.projectmanager.server,org.odpi.openmetadata.tokencontroller,138,4,138.0,222.10243191590584
org.odpi.openmetadata.adapters.connectors.postgres.catalog,org.odpi.openmetadata.frameworks.integration.connectors,138,4,138.0,222.10243191590584
org.odpi.openmetadata.accessservices.governanceserver.fvt.duplicates,org.odpi.openmetadata.frameworks.openmetadata.types,202,2,202.0,221.91968231095817
org.odpi.openmetadata.samples.governanceactions.clinicaltrials,org.odpi.openmetadata.frameworks.opensurvey.controls,114,6,114.0,221.8337569923057
org.odpi.openmetadata.viewservices.actionauthor.server,org.odpi.openmetadata.frameworks.openmetadata.handlers,114,6,114.0,221.8337569923057
org.odpi.openmetadata.serveroperations.server,org.odpi.openmetadata.commonservices.multitenant,114,6,114.0,221.8337569923057
org.odpi.openmetadata.commonservices.generichandlers,org.odpi.openmetadata.commonservices.generichandlers.ffdc,201,2,201.0,220.82107002229006
org.odpi.openmetadata.viewservices.projectmanager.server,org.odpi.openmetadata.frameworks.auditlog,137,4,137.0,220.49299400347175
org.odpi.openmetadata.adapters.connectors.datastore.basicfile,org.odpi.openmetadata.adapters.connectors.datastore.basicfile.ffdc.exception,137,4,137.0,220.49299400347175
org.odpi.openmetadata.viewservices.validmetadata.server.spring,org.odpi.openmetadata.viewservices.validmetadata.server,136,4,136.0,218.88355609103763
org.odpi.openmetadata.repositoryservices.localrepository.repositoryconnector,org.odpi.openmetadata.repositoryservices.ffdc,199,2,199.0,218.62384544495384
org.odpi.openmetadata.viewservices.digitalbusiness.server,org.odpi.openmetadata.commonservices.ffdc.rest,122,5,122.0,218.5946552458227
org.odpi.openmetadata.frameworks.openmetadata.refdata,org.odpi.openmetadata.frameworks.openmetadata.definitions,105,7,105.0,218.34136187638276
org.odpi.openmetadata.adapters.connectors.apacheatlas.survey,org.odpi.openmetadata.frameworks.openmetadata.types,198,2,198.0,217.52523315628574
org.odpi.openmetadata.metadatasecurity.ffdc,org.odpi.openmetadata.frameworks.auditlog,135,4,135.0,217.27411817860354
org.odpi.openmetadata.adapters.connectors.unitycatalog.provision,org.odpi.openmetadata.frameworks.openmetadata.specificationproperties,104,7,104.0,216.26192033470292
org.odpi.openmetadata.frameworks.opensurvey,org.odpi.openmetadata.frameworks.openmetadata.properties.surveyreports,111,6,111.0,215.99602654513976
org.odpi.openmetadata.adapters.connectors.apachekafka.integration,org.odpi.openmetadata.frameworks.integration.connectors,134,4,134.0,215.66468026616943
org.odpi.openmetadata.frameworks.openmetadata.properties.assets.processes.connectors,org.odpi.openmetadata.frameworks.openmetadata.properties,134,4,134.0,215.66468026616943
org.odpi.openmetadata.frameworkservices.gaf.client,org.odpi.openmetadata.frameworks.integration.contextmanager,134,4,134.0,215.66468026616943
org.odpi.openmetadata.frameworks.openmetadata.properties.assets.infrastructure,org.odpi.openmetadata.frameworks.openmetadata.properties,134,4,134.0,215.66468026616943
org.odpi.openmetadata.adapters.connectors.surveyaction.surveycsv,org.odpi.openmetadata.frameworks.opensurvey,120,5,120.0,215.0111363073666
org.odpi.openmetadata.adapters.connectors.reports.surveyreport,org.odpi.openmetadata.reports,120,5,120.0,215.0111363073666
org.odpi.openmetadata.conformance.server,org.odpi.openmetadata.conformance.beans,103,7,103.0,214.18247879302308
org.odpi.openmetadata.frameworks.opengovernance.properties,org.odpi.openmetadata.frameworks.openmetadata.properties.assets.processes.connectors,103,7,103.0,214.18247879302308
org.odpi.openmetadata.governanceservers.enginehostservices.server,org.odpi.openmetadata.commonservices.ffdc,133,4,133.0,214.05524235373534
org.odpi.openmetadata.accessservices.assetmanager.fvt.dataassets,org.odpi.openmetadata.frameworks.openmetadata.properties.schema,133,4,133.0,214.05524235373534
org.odpi.openmetadata.viewservices.templatemanager.server,org.odpi.openmetadata.frameworks.openmetadata.handlers,110,6,110.0,214.05011639608446
org.odpi.openmetadata.archiveutilities.simplecatalogs.catalogcontent,org.odpi.openmetadata.repositoryservices.archiveutilities,110,6,110.0,214.05011639608446
org.odpi.openmetadata.adminservices.configuration.properties,org.odpi.openmetadata.adminservices.configuration.registration,110,6,110.0,214.05011639608446
org.odpi.openmetadata.viewservices.governanceofficer.server.spring,org.odpi.openmetadata.commonservices.ffdc.rest,154,3,154.0,213.48933161246316
org.odpi.openmetadata.governanceservers.integrationdaemonservices.server,org.odpi.openmetadata.frameworks.auditlog,119,5,119.0,213.21937683813854
org.odpi.openmetadata.repositoryservices.localrepository.repositorycontentmanager,org.odpi.openmetadata.frameworks.auditlog,119,5,119.0,213.21937683813854
org.odpi.openmetadata.adapters.connectors.unitycatalog.survey,org.odpi.openmetadata.frameworks.opensurvey.measurements,119,5,119.0,213.21937683813854
org.odpi.openmetadata.contentpacks.core.files,org.odpi.openmetadata.frameworks.openmetadata.refdata,119,5,119.0,213.21937683813854
org.odpi.openmetadata.adapters.connectors.jacquard.tabulardatasets,org.odpi.openmetadata.frameworks.connectors,119,5,119.0,213.21937683813854
org.odpi.openmetadata.frameworks.openmetadata.properties.assets.processes,org.odpi.openmetadata.frameworks.openmetadata.properties,132,4,132.0,212.44580444130125
org.odpi.openmetadata.viewservices.runtimemanager.rest,org.odpi.openmetadata.commonservices.ffdc.rest,132,4,132.0,212.44580444130125
org.odpi.openmetadata.viewservices.referencedata.server,org.odpi.openmetadata.tokencontroller,132,4,132.0,212.44580444130125
org.odpi.openmetadata.adapters.connectors.integration.basicfiles.controls,org.odpi.openmetadata.frameworks.openmetadata.specificationproperties,102,7,102.0,212.10303725134324
org.odpi.openmetadata.repositoryservices.rest.server,org.odpi.openmetadata.repositoryservices.connectors.stores.metadatacollectionstore.properties.typedefs,118,5,118.0,211.4276173689105
org.odpi.openmetadata.frameworks.integration.connectors,org.odpi.openmetadata.frameworks.opengovernance.properties,118,5,118.0,211.4276173689105
org.odpi.openmetadata.viewservices.referencedata.server,org.odpi.openmetadata.frameworks.auditlog,131,4,131.0,210.83636652886713
org.odpi.openmetadata.frameworks.openmetadata.properties.schema.apis,org.odpi.openmetadata.frameworks.openmetadata.properties.schema,131,4,131.0,210.83636652886713
org.odpi.openmetadata.repositoryservices.localrepository.repositoryconnector,org.odpi.openmetadata.frameworks.auditlog,108,6,108.0,210.15829609797382
org.odpi.openmetadata.repositoryservices.eventmanagement,org.odpi.openmetadata.repositoryservices.connectors.stores.metadatacollectionstore.properties.typedefs,117,5,117.0,209.63585789968243
org.odpi.openmetadata.viewservices.validmetadata.server,org.odpi.openmetadata.frameworkservices.omf.rest,130,4,130.0,209.22692861643304
org.odpi.openmetadata.governanceservers.enginehostservices.admin,org.odpi.openmetadata.frameworks.openmetadata.ffdc,130,4,130.0,209.22692861643304
org.odpi.openmetadata.adapters.connectors.integration.basicfiles,org.odpi.openmetadata.frameworks.auditlog,116,5,116.0,207.84409843045438
org.odpi.openmetadata.adapters.repositoryservices.postgres.repositoryconnector.mappers,org.odpi.openmetadata.adapters.repositoryservices.postgres.repositoryconnector.schema,189,2,189.0,207.63772255827274
org.odpi.openmetadata.viewservices.assetcatalog.server,org.odpi.openmetadata.commonservices.ffdc,129,4,129.0,207.61749070399893
org.odpi.openmetadata.frameworkservices.omf.handlers,org.odpi.openmetadata.repositoryservices.connectors.stores.metadatacollectionstore.properties.search,106,6,106.0,206.2664757998632
org.odpi.openmetadata.samples.archiveutilities.governanceengines,org.odpi.openmetadata.samples.governanceactions.clinicaltrials,115,5,115.0,206.05233896122633
org.odpi.openmetadata.governanceservers.enginehostservices.server,org.odpi.openmetadata.frameworks.auditlog,115,5,115.0,206.05233896122633
org.odpi.openmetadata.adapters.connectors.integration.csvlineageimporter,org.odpi.openmetadata.frameworks.connectors.properties.beans,115,5,115.0,206.05233896122633
org.odpi.openmetadata.samples.archiveutilities.combo,org.odpi.openmetadata.samples.archiveutilities,128,4,128.0,206.00805279156484
org.odpi.openmetadata.adapters.connectors.unitycatalog.provision,org.odpi.openmetadata.frameworks.openmetadata.search,128,4,128.0,206.00805279156484
org.odpi.openmetadata.repositoryservices.localrepository.repositorycontentmanager,org.odpi.openmetadata.repositoryservices.connectors.stores.metadatacollectionstore.properties,128,4,128.0,206.00805279156484
org.odpi.openmetadata.frameworkservices.gaf.handlers,org.odpi.openmetadata.frameworks.opengovernance.properties,99,7,99.0,205.86471262630374
org.odpi.openmetadata.adapters.connectors.externalharvesters.harvestsurveys,org.odpi.openmetadata.frameworks.openmetadata.types,187,2,187.0,205.44049798093653
org.odpi.openmetadata.adapters.connectors.integration.basicfiles,org.odpi.openmetadata.frameworks.openmetadata.types,186,2,186.0,204.34188569226842
org.odpi.openmetadata.adapters.connectors.unitycatalog.sync,org.odpi.openmetadata.frameworks.integration.context,114,5,114.0,204.26057949199827
org.odpi.openmetadata.repositoryservices.events.beans.v2,org.odpi.openmetadata.repositoryservices.connectors.stores.metadatacollectionstore.properties.instances,114,5,114.0,204.26057949199827
org.odpi.openmetadata.repositoryservices.rest.server,org.odpi.openmetadata.repositoryservices.connectors.stores.metadatacollectionstore.properties,147,3,147.0,203.7852710846239
org.odpi.openmetadata.viewservices.externallinks.server,org.odpi.openmetadata.tokencontroller,126,4,126.0,202.78917696669663
org.odpi.openmetadata.adminservices.client,org.odpi.openmetadata.commonservices.ffdc.rest,126,4,126.0,202.78917696669663
org.odpi.openmetadata.frameworkservices.gaf.server,org.odpi.openmetadata.frameworks.auditlog,126,4,126.0,202.78917696669663
org.odpi.openmetadata.adapters.connectors.externalharvesters.harvestsurveys,org.odpi.openmetadata.adapters.connectors.externalharvesters.harvestsurveys.ffdc,184,2,184.0,202.1446611149322
org.odpi.openmetadata.adapters.connectors.jacquard,org.odpi.openmetadata.adapters.connectors.jacquard.ffdc,184,2,184.0,202.1446611149322
org.odpi.openmetadata.viewservices.externallinks.server,org.odpi.openmetadata.frameworks.auditlog,125,4,125.0,201.17973905426254
org.odpi.openmetadata.adapters.connectors.integration.openapis,org.odpi.openmetadata.adapters.connectors.integration.openapis.properties,112,5,112.0,200.67706055354216
org.odpi.openmetadata.adapters.connectors.integration.basicfiles,org.odpi.openmetadata.frameworks.openmetadata.properties,103,6,103.0,200.42874535269726
org.odpi.openmetadata.samples.archiveutilities.governanceengines,org.odpi.openmetadata.frameworks.openmetadata.definitions,96,7,96.0,199.62638800126422
org.odpi.openmetadata.repositoryservices.metadatahighway,org.odpi.openmetadata.repositoryservices.properties,96,7,96.0,199.62638800126422
org.odpi.openmetadata.frameworks.openmetadata.properties.assets.reports,org.odpi.openmetadata.frameworks.openmetadata.properties,124,4,124.0,199.57030114182842
org.odpi.openmetadata.viewservices.glossarymanager.server.spring,org.odpi.openmetadata.viewservices.glossarymanager.server,124,4,124.0,199.57030114182842
org.odpi.openmetadata.adapters.connectors.externalharvesters.harvestopenmetadata,org.odpi.openmetadata.frameworks.openmetadata.metadataelements,124,4,124.0,199.57030114182842
org.odpi.openmetadata.frameworks.openmetadata.converters,org.odpi.openmetadata.frameworks.openmetadata.properties.externalidentifiers,111,5,111.0,198.8853010843141
org.odpi.openmetadata.adapters.connectors.resource.jdbc,org.odpi.openmetadata.adapters.connectors.resource.jdbc.properties,102,6,102.0,198.48283520364194
org.odpi.openmetadata.repositoryservices.metadatahighway,org.odpi.openmetadata.repositoryservices.eventmanagement,102,6,102.0,198.48283520364194
org.odpi.openmetadata.frameworks.opengovernance.mermaid,org.odpi.openmetadata.frameworks.openmetadata.mermaid,123,4,123.0,197.96086322939433
org.odpi.openmetadata.opentypes,org.odpi.openmetadata.repositoryservices.ffdc,180,2,180.0,197.75021196025975
org.odpi.openmetadata.adapters.connectors.jacquard,org.odpi.openmetadata.frameworks.openmetadata.ffdc,180,2,180.0,197.75021196025975
org.odpi.openmetadata.adapters.connectors.governanceactions.remediation,org.odpi.openmetadata.frameworks.opengovernance.controls,180,2,180.0,197.75021196025975
org.odpi.openmetadata.frameworkservices.gaf.handlers,org.odpi.openmetadata.frameworks.openmetadata.types,180,2,180.0,197.75021196025975
org.odpi.openmetadata.accessservices.communityprofile.fvt.locations,org.odpi.openmetadata.frameworks.openmetadata.properties.locations,110,5,110.0,197.09354161508605
org.odpi.openmetadata.adapters.connectors.integration.jdbc.transfer,org.odpi.openmetadata.adapters.connectors.integration.jdbc.transfer.customization,110,5,110.0,197.09354161508605
org.odpi.openmetadata.frameworkservices.gaf.handlers,org.odpi.openmetadata.commonservices.generichandlers,110,5,110.0,197.09354161508605
org.odpi.openmetadata.frameworkservices.gaf.client,org.odpi.openmetadata.frameworks.opengovernance.client,110,5,110.0,197.09354161508605
org.odpi.openmetadata.frameworkservices.omf.server,org.odpi.openmetadata.commonservices.generichandlers,142,3,142.0,196.85379927902446
org.odpi.openmetadata.adapters.connectors.apacheatlas.integration.modules,org.odpi.openmetadata.frameworks.openmetadata.types,179,2,179.0,196.65159967159164
org.odpi.openmetadata.repositoryservices.eventmanagement,org.odpi.openmetadata.repositoryservices.connectors.omrstopic,101,6,101.0,196.53692505458665
org.odpi.openmetadata.repositoryservices.enterprise.repositoryconnector.accumulators,org.odpi.openmetadata.repositoryservices.connectors.stores.metadatacollectionstore.properties.typedefs,94,7,94.0,195.46750491790456
org.odpi.openmetadata.accessservices.digitalarchitecture.fvt.validvalues,org.odpi.openmetadata.frameworks.openmetadata.properties.validvalues,141,3,141.0,195.46750491790456
org.odpi.openmetadata.adapters.repositoryservices.postgres.repositoryconnector.database,org.odpi.openmetadata.adapters.connectors.resource.jdbc.mappers,109,5,109.0,195.301782145858
org.odpi.openmetadata.commonservices.multitenant,org.odpi.openmetadata.frameworks.auditlog,100,6,100.0,194.59101490553132
org.odpi.openmetadata.governanceservers.enginehostservices.registration,org.odpi.openmetadata.adminservices.configuration.registration,100,6,100.0,194.59101490553132
org.odpi.openmetadata.frameworkservices.gaf.server,org.odpi.openmetadata.frameworkservices.gaf.handlers,100,6,100.0,194.59101490553132
org.odpi.openmetadata.repositoryservices.auditlog,org.odpi.openmetadata.repositoryservices.connectors.stores.auditlogstore,93,7,93.0,193.38806337622472
org.odpi.openmetadata.adapters.connectors.integration.jdbc.transfer.requests,org.odpi.openmetadata.frameworks.openmetadata.search,120,4,120.0,193.13254949209204
org.odpi.openmetadata.adapters.connectors.externalharvesters.harvestsurveys,org.odpi.openmetadata.frameworks.openmetadata.connectorcontext,119,4,119.0,191.52311157965792
org.odpi.openmetadata.contentpacks.core.egeria,org.odpi.openmetadata.adminservices.configuration.registration,138,3,138.0,191.3086218345449
org.odpi.openmetadata.viewservices.runtimemanager.server.spring,org.odpi.openmetadata.commonservices.ffdc.rest,174,2,174.0,191.1585382282511
org.odpi.openmetadata.engineservices.repositorygovernance.connector,org.odpi.openmetadata.repositoryservices.ffdc.exception,174,2,174.0,191.1585382282511
org.odpi.openmetadata.engineservices.repositorygovernance.handlers,org.odpi.openmetadata.repositoryservices.ffdc.exception,174,2,174.0,191.1585382282511
org.odpi.openmetadata.governanceservers.enginehostservices.enginemap,org.odpi.openmetadata.adminservices.configuration.properties,98,6,98.0,190.6991946074207
org.odpi.openmetadata.repositoryservices.connectors.stores.metadatacollectionstore.properties.instances,org.odpi.openmetadata.repositoryservices.connectors.stores.metadatacollectionstore.properties.typedefs,98,6,98.0,190.6991946074207
org.odpi.openmetadata.frameworks.opensurvey,org.odpi.openmetadata.frameworks.opensurvey.controls,118,4,118.0,189.91367366722383
org.odpi.openmetadata.adapters.connectors.restclients.spring,org.odpi.openmetadata.adapters.connectors.restclients.ffdc.exceptions,118,4,118.0,189.91367366722383
org.odpi.openmetadata.adapters.connectors.reports,org.odpi.openmetadata.frameworks.openmetadata.specificationproperties,91,7,91.0,189.22918029286507
org.odpi.openmetadata.viewservices.myprofile.server,org.odpi.openmetadata.commonservices.multitenant,136,3,136.0,188.53603311230512
org.odpi.openmetadata.frameworks.openmetadata.mermaid,org.odpi.openmetadata.frameworks.openmetadata.specificationproperties,136,3,136.0,188.53603311230512
org.odpi.openmetadata.commonservices.ffdc.exceptions,org.odpi.openmetadata.frameworks.openmetadata.ffdc,136,3,136.0,188.53603311230512
org.odpi.openmetadata.adapters.connectors.postgres.tabulardatasource,org.odpi.openmetadata.frameworks.connectors,105,5,105.0,188.13474426894578
org.odpi.openmetadata.adminservices.server,org.odpi.openmetadata.adminservices.ffdc,171,2,171.0,187.86270136224678
org.odpi.openmetadata.adapters.connectors.governanceactions.remediation,org.odpi.openmetadata.frameworks.openmetadata.connectorcontext,135,3,135.0,187.14973875118523
org.odpi.openmetadata.adapters.connectors.organizationinsight.karmapoints,org.odpi.openmetadata.frameworks.openwatchdog,96,6,96.0,186.80737430931006
org.odpi.openmetadata.frameworkservices.gaf.server.spring,org.odpi.openmetadata.frameworkservices.gaf.server,116,4,116.0,186.69479784235563
org.odpi.openmetadata.adminservices.registration,org.odpi.openmetadata.adminservices.ffdc.exception,116,4,116.0,186.69479784235563
org.odpi.openmetadata.adapters.connectors.integration.openapis,org.odpi.openmetadata.frameworks.integration.connectors,116,4,116.0,186.69479784235563
org.odpi.openmetadata.viewservices.governanceofficer.server.spring,org.odpi.openmetadata.viewservices.governanceofficer.server,116,4,116.0,186.69479784235563
org.odpi.openmetadata.frameworks.openmetadata.properties.schema.apis,org.odpi.openmetadata.frameworks.openmetadata.properties,116,4,116.0,186.69479784235563
org.odpi.openmetadata.conformance.workbenches.repository,org.odpi.openmetadata.conformance.tests.repository.types,104,5,104.0,186.34298479971773
org.odpi.openmetadata.conformance.client,org.odpi.openmetadata.frameworks.openmetadata.ffdc,104,5,104.0,186.34298479971773
org.odpi.openmetadata.viewservices.assetcatalog.server,org.odpi.openmetadata.commonservices.ffdc.rest,104,5,104.0,186.34298479971773
org.odpi.openmetadata.frameworks.connectors.controls,org.odpi.openmetadata.frameworks.openmetadata.specificationproperties,89,7,89.0,185.07029720950538
org.odpi.openmetadata.adapters.connectors.jacquard,org.odpi.openmetadata.frameworks.openmetadata.properties.governance,133,3,133.0,184.37715002894544
org.odpi.openmetadata.adminservices.server,org.odpi.openmetadata.adminservices.ffdc.exception,114,4,114.0,183.47592201748742
org.odpi.openmetadata.accessservices.assetowner.fvt.dataassets,org.odpi.openmetadata.frameworks.openmetadata.metadataelements,114,4,114.0,183.47592201748742
org.odpi.openmetadata.frameworks.integration.connectors,org.odpi.openmetadata.frameworks.integration.ffdc,167,2,167.0,183.46825220757432
org.odpi.openmetadata.viewservices.locationarena.server,org.odpi.openmetadata.commonservices.multitenant,132,3,132.0,182.99085566782554
org.odpi.openmetadata.contentpacks.core.base,org.odpi.openmetadata.frameworks.openmetadata.specificationproperties,94,6,94.0,182.91555401119945
org.odpi.openmetadata.adapters.connectors.governanceactions.provisioning,org.odpi.openmetadata.frameworks.openmetadata.refdata,102,5,102.0,182.75946586126162
org.odpi.openmetadata.viewservices.productmanager.server,org.odpi.openmetadata.commonservices.ffdc,113,4,113.0,181.86648410505333
org.odpi.openmetadata.adapters.connectors.apachekafka.integration,org.odpi.openmetadata.frameworks.openmetadata.metadataelements,113,4,113.0,181.86648410505333
org.odpi.openmetadata.samples.governanceactions.clinicaltrials,org.odpi.openmetadata.frameworks.connectors.ffdc,113,4,113.0,181.86648410505333
org.odpi.openmetadata.viewservices.peopleorganizer.server,org.odpi.openmetadata.commonservices.ffdc,113,4,113.0,181.86648410505333
org.odpi.openmetadata.viewservices.notificationmanager.server,org.odpi.openmetadata.commonservices.ffdc,113,4,113.0,181.86648410505333
org.odpi.openmetadata.frameworkservices.gaf.client,org.odpi.openmetadata.frameworks.openmetadata.events,93,6,93.0,180.96964386214412
org.odpi.openmetadata.frameworks.integration.connectors,org.odpi.openmetadata.frameworks.openmetadata.properties,93,6,93.0,180.96964386214412
org.odpi.openmetadata.adapters.connectors.apacheatlas.integration.modules,org.odpi.openmetadata.frameworks.openmetadata.properties.assets,101,5,101.0,180.96770639203356
org.odpi.openmetadata.adapters.connectors.datastore.csvfile,org.odpi.openmetadata.frameworks.connectors,101,5,101.0,180.96770639203356
org.odpi.openmetadata.frameworkservices.omf.converters,org.odpi.openmetadata.frameworks.openmetadata.properties,87,7,87.0,180.9114141261457
org.odpi.openmetadata.frameworkservices.gaf.listener,org.odpi.openmetadata.frameworks.openmetadata.events,112,4,112.0,180.25704619261924
org.odpi.openmetadata.frameworkservices.omf.listener,org.odpi.openmetadata.frameworks.openmetadata.events,112,4,112.0,180.25704619261924
org.odpi.openmetadata.governanceservers.enginehostservices.server,org.odpi.openmetadata.commonservices.multitenant,112,4,112.0,180.25704619261924
org.odpi.openmetadata.frameworks.openmetadata.properties.assets.processes.actions,org.odpi.openmetadata.frameworks.openmetadata.properties,112,4,112.0,180.25704619261924
org.odpi.openmetadata.viewservices.datadiscovery.server.spring,org.odpi.openmetadata.viewservices.datadiscovery.server,112,4,112.0,180.25704619261924
org.odpi.openmetadata.frameworks.openmetadata.converters,org.odpi.openmetadata.frameworks.openmetadata.refdata,112,4,112.0,180.25704619261924
org.odpi.openmetadata.adapters.connectors.egeriainfrastructure.platform.catalog,org.odpi.openmetadata.frameworks.connectors.properties.beans,100,5,100.0,179.1759469228055
org.odpi.openmetadata.accessservices.governanceprogram.samples.leadership,org.odpi.openmetadata.frameworks.openmetadata.handlers,100,5,100.0,179.1759469228055
org.odpi.openmetadata.adapters.connectors.subscriptions,org.odpi.openmetadata.frameworks.openmetadata.metadataelements,100,5,100.0,179.1759469228055
org.odpi.openmetadata.governanceservers.integrationdaemonservices.handlers,org.odpi.openmetadata.frameworks.auditlog,100,5,100.0,179.1759469228055
org.odpi.openmetadata.frameworks.openmetadata.handlers,org.odpi.openmetadata.frameworks.openmetadata.converters,100,5,100.0,179.1759469228055
org.odpi.openmetadata.samples.archiveutilities,org.odpi.openmetadata.repositoryservices.connectors.stores.metadatacollectionstore.properties.typedefs,129,3,129.0,178.8319725844659
org.odpi.openmetadata.samples.archiveutilities.clinicaltrialtemplates,org.odpi.openmetadata.samples.governanceactions.clinicaltrials,111,4,111.0,178.64760828018512
org.odpi.openmetadata.contentpacks.core.base,org.odpi.openmetadata.frameworks.openmetadata.controls,111,4,111.0,178.64760828018512
org.odpi.openmetadata.frameworkservices.gaf.server,org.odpi.openmetadata.frameworks.openmetadata.types,162,2,162.0,177.9751907642338
org.odpi.openmetadata.frameworks.openmetadata.controls,org.odpi.openmetadata.frameworks.openmetadata.types,162,2,162.0,177.9751907642338
org.odpi.openmetadata.adapters.connectors.egeriainfrastructure.platform.catalog,org.odpi.openmetadata.frameworks.openmetadata.types,162,2,162.0,177.9751907642338
org.odpi.openmetadata.accessservices.assetconsumer.samples.readavrofile,org.odpi.openmetadata.frameworks.connectors.properties.beans,99,5,99.0,177.38418745357745
org.odpi.openmetadata.adapters.repositoryservices.readonly.repositoryconnector,org.odpi.openmetadata.adapters.repositoryservices.inmemory.repositoryconnector,110,4,110.0,177.03817036775104
org.odpi.openmetadata.frameworks.openmetadata.handlers,org.odpi.openmetadata.frameworks.openmetadata.properties.governance,110,4,110.0,177.03817036775104
org.odpi.openmetadata.repositoryservices.enterprise.repositoryconnector.executors,org.odpi.openmetadata.frameworks.openmetadata.ffdc,160,2,160.0,175.77796618689757
org.odpi.openmetadata.adapters.connectors.egeriainfrastructure.servers,org.odpi.openmetadata.frameworks.connectors,98,5,98.0,175.5924279843494
org.odpi.openmetadata.commonservices.multitenant,org.odpi.openmetadata.commonservices.ffdc,98,5,98.0,175.5924279843494
org.odpi.openmetadata.adapters.connectors.egeriainfrastructure.platform,org.odpi.openmetadata.adapters.connectors.egeriainfrastructure.extractor,98,5,98.0,175.5924279843494
org.odpi.openmetadata.adapters.connectors.integration.openlineage,org.odpi.openmetadata.frameworks.connectors.properties.beans,109,4,109.0,175.42873245531692
org.odpi.openmetadata.adapters.connectors.baudot,org.odpi.openmetadata.frameworks.openmetadata.events,109,4,109.0,175.42873245531692
org.odpi.openmetadata.frameworks.openmetadata.converters,org.odpi.openmetadata.frameworks.openmetadata.properties.schema.apis,109,4,109.0,175.42873245531692
org.odpi.openmetadata.adminservices.client.rest,org.odpi.openmetadata.adminservices.rest,109,4,109.0,175.42873245531692
org.odpi.openmetadata.frameworks.opengovernance.handlers,org.odpi.openmetadata.frameworks.openmetadata.handlers,90,6,90.0,175.1319134149782
org.odpi.openmetadata.commonservices.ffdc.rest,org.odpi.openmetadata.metadatasecurity.properties,90,6,90.0,175.1319134149782
org.odpi.openmetadata.repositoryservices.archiveutilities,org.odpi.openmetadata.frameworks.connectors.properties.beans,90,6,90.0,175.1319134149782
org.odpi.openmetadata.adapters.connectors.externalharvesters.harvestopenmetadata,org.odpi.openmetadata.frameworks.integration.connectors,108,4,108.0,173.81929454288283
org.odpi.openmetadata.adapters.connectors.jacquard.tabulardatasets,org.odpi.openmetadata.frameworks.connectors.ffdc,108,4,108.0,173.81929454288283
org.odpi.openmetadata.viewservices.timekeeper.server,org.odpi.openmetadata.tokencontroller,108,4,108.0,173.81929454288283
org.odpi.openmetadata.adapters.connectors.postgres.catalog,org.odpi.openmetadata.adapters.connectors.postgres.controls,108,4,108.0,173.81929454288283
org.odpi.openmetadata.adapters.connectors.apachekafka.survey,org.odpi.openmetadata.frameworks.opensurvey,97,5,97.0,173.80066851512134
org.odpi.openmetadata.samples.archiveutilities.clinicaltrialtemplates,org.odpi.openmetadata.frameworks.openmetadata.types,158,2,158.0,173.58074160956136
org.odpi.openmetadata.serveroperations.server,org.odpi.openmetadata.serveroperations.ffdc,158,2,158.0,173.58074160956136
org.odpi.openmetadata.frameworkservices.gaf.converters,org.odpi.openmetadata.frameworks.openmetadata.properties.assets.processes.connectors,89,6,89.0,173.18600326592286
org.odpi.openmetadata.viewservices.timekeeper.server,org.odpi.openmetadata.frameworks.auditlog,107,4,107.0,172.20985663044874
org.odpi.openmetadata.adapters.connectors.governanceactions.watchdog,org.odpi.openmetadata.frameworks.connectors.properties.beans,96,5,96.0,172.0089090458933
org.odpi.openmetadata.frameworkservices.gaf.rest,org.odpi.openmetadata.frameworks.opengovernance.properties,96,5,96.0,172.0089090458933
org.odpi.openmetadata.adapters.repositoryservices.archiveconnector.directory,org.odpi.openmetadata.repositoryservices.archiveutilities,96,5,96.0,172.0089090458933
org.odpi.openmetadata.adapters.connectors.apacheatlas.integration,org.odpi.openmetadata.adapters.connectors.apacheatlas.resource,88,6,88.0,171.24009311686757
org.odpi.openmetadata.adapters.connectors.unitycatalog.ffdc,org.odpi.openmetadata.frameworks.auditlog,106,4,106.0,170.60041871801462
org.odpi.openmetadata.frameworks.openwatchdog,org.odpi.openmetadata.frameworks.openmetadata.ffdc,106,4,106.0,170.60041871801462
org.odpi.openmetadata.samples.archiveutilities.businesssystems,org.odpi.openmetadata.samples.archiveutilities,106,4,106.0,170.60041871801462
org.odpi.openmetadata.adapters.connectors.integration.basicfiles.ffdc,org.odpi.openmetadata.frameworks.auditlog,106,4,106.0,170.60041871801462
org.odpi.openmetadata.adapters.connectors.unitycatalog.sync,org.odpi.openmetadata.frameworks.openmetadata.types,123,3,123.0,170.51420641774655
org.odpi.openmetadata.adapters.connectors.baudot,org.odpi.openmetadata.frameworks.openmetadata.properties.governance,82,7,82.0,170.51420641774652
org.odpi.openmetadata.adapters.connectors.unitycatalog.controls,org.odpi.openmetadata.frameworks.openmetadata.controls,155,2,155.0,170.284904743557
org.odpi.openmetadata.metadatasecurity.connectors,org.odpi.openmetadata.metadatasecurity.ffdc,155,2,155.0,170.284904743557
org.odpi.openmetadata.repositoryservices.eventmanagement,org.odpi.openmetadata.frameworks.auditlog,95,5,95.0,170.2171495766652
org.odpi.openmetadata.adapters.connectors.unitycatalog.sync,org.odpi.openmetadata.frameworks.openmetadata.properties.externalidentifiers,87,6,87.0,169.29418296781225
org.odpi.openmetadata.viewservices.productmanager.server,org.odpi.openmetadata.commonservices.ffdc.rest,87,6,87.0,169.29418296781225
org.odpi.openmetadata.viewservices.notificationmanager.server,org.odpi.openmetadata.commonservices.ffdc.rest,87,6,87.0,169.29418296781225
org.odpi.openmetadata.samples.archiveutilities.sustainability,org.odpi.openmetadata.frameworks.openmetadata.types,154,2,154.0,169.1862924548889
org.odpi.openmetadata.viewservices.myprofile.server,org.odpi.openmetadata.frameworks.openmetadata.metadataelements,105,4,105.0,168.99098080558053
org.odpi.openmetadata.frameworkservices.gaf.client,org.odpi.openmetadata.commonservices.ffdc.rest,105,4,105.0,168.99098080558053
org.odpi.openmetadata.adminservices.samples.configure,org.odpi.openmetadata.adminservices.client,94,5,94.0,168.42539010743715
org.odpi.openmetadata.frameworks.opengovernance.properties,org.odpi.openmetadata.frameworks.openmetadata.enums,94,5,94.0,168.42539010743715
org.odpi.openmetadata.viewservices.externallinks.server.spring,org.odpi.openmetadata.commonservices.ffdc.rest,121,3,121.0,167.74161769550676
org.odpi.openmetadata.adapters.connectors.organizationinsight.karmapoints,org.odpi.openmetadata.frameworks.openmetadata.metadataelements,121,3,121.0,167.74161769550676
org.odpi.openmetadata.adapters.connectors.unitycatalog.sync,org.odpi.openmetadata.frameworks.openmetadata.properties.assets.processes.connectors,104,4,104.0,167.38154289314642
org.odpi.openmetadata.contentpacks.core.core,org.odpi.openmetadata.contentpacks.core.base,104,4,104.0,167.38154289314642
org.odpi.openmetadata.viewservices.digitalbusiness.server,org.odpi.openmetadata.frameworks.openmetadata.handlers,86,6,86.0,167.34827281875693
org.odpi.openmetadata.adapters.connectors.surveyaction.surveycsv,org.odpi.openmetadata.frameworks.openmetadata.metadataelements,93,5,93.0,166.6336306382091
org.odpi.openmetadata.accessservices.assetmanager.fvt,org.odpi.openmetadata.fvt.utilities,93,5,93.0,166.6336306382091
org.odpi.openmetadata.adapters.connectors.apacheatlas.survey.controls,org.odpi.openmetadata.frameworks.openmetadata.specificationproperties,80,7,80.0,166.35532333438687
org.odpi.openmetadata.adapters.connectors.externalharvesters.harvestsurveys.schema,org.odpi.openmetadata.frameworks.opensurvey.measurements,240,1,240.0,166.35532333438687
org.odpi.openmetadata.frameworkservices.omf.client.rest,org.odpi.openmetadata.frameworks.openmetadata.ffdc,151,2,151.0,165.89045558888458
org.odpi.openmetadata.frameworks.opensurvey,org.odpi.openmetadata.frameworks.connectors.ffdc,103,4,103.0,165.77210498071233
org.odpi.openmetadata.viewservices.automatedcuration.mermaid,org.odpi.openmetadata.frameworks.openmetadata.mermaid,103,4,103.0,165.77210498071233
org.odpi.openmetadata.adapters.connectors.externalharvesters.harvestopenmetadata,org.odpi.openmetadata.frameworks.auditlog,85,6,85.0,165.40236266970163
org.odpi.openmetadata.adapters.connectors.governanceactions.provisioning,org.odpi.openmetadata.frameworks.connectors.properties.beans,92,5,92.0,164.84187116898104
org.odpi.openmetadata.frameworks.openmetadata.metadataelements,org.odpi.openmetadata.frameworks.openmetadata.properties,92,5,92.0,164.84187116898104
org.odpi.openmetadata.frameworkservices.gaf.converters,org.odpi.openmetadata.frameworks.openmetadata.enums,92,5,92.0,164.84187116898104
org.odpi.openmetadata.viewservices.actormanager.server,org.odpi.openmetadata.adminservices.configuration.registration,92,5,92.0,164.84187116898104
org.odpi.openmetadata.repositoryservices.clients,org.odpi.openmetadata.repositoryservices.connectors.stores.metadatacollectionstore.properties.typedefs,92,5,92.0,164.84187116898104
org.odpi.openmetadata.adapters.connectors.integration.openapis,org.odpi.openmetadata.frameworks.openmetadata.metadataelements,92,5,92.0,164.84187116898104
org.odpi.openmetadata.viewservices.datadiscovery.server.spring,org.odpi.openmetadata.commonservices.ffdc.rest,150,2,150.0,164.79184330021647
org.odpi.openmetadata.conformance.tests.repository.connector,org.odpi.openmetadata.conformance.beans,150,2,150.0,164.79184330021647
org.odpi.openmetadata.repositoryservices.admin,org.odpi.openmetadata.repositoryservices.ffdc,150,2,150.0,164.79184330021647
org.odpi.openmetadata.adapters.connectors.apacheatlas.integration.modules,org.odpi.openmetadata.frameworks.openmetadata.properties.glossaries,79,7,79.0,164.27588179270703
org.odpi.openmetadata.viewservices.assetcatalog.server,org.odpi.openmetadata.viewservices.assetcatalog.rest,79,7,79.0,164.27588179270703
org.odpi.openmetadata.adapters.connectors.jacquard.tabulardatasets.validmetadatavalues,org.odpi.openmetadata.adapters.connectors.jacquard.tabulardatasets,102,4,102.0,164.16266706827824
org.odpi.openmetadata.adapters.connectors.datastore.basicfile,org.odpi.openmetadata.adapters.connectors.datastore.basicfile.ffdc,102,4,102.0,164.16266706827824
org.odpi.openmetadata.adapters.connectors.jacquard.productcatalog,org.odpi.openmetadata.frameworks.opensurvey.measurements,236,1,236.0,163.58273461214708
org.odpi.openmetadata.accessservices.assetowner.fvt.assets,org.odpi.openmetadata.frameworks.openmetadata.properties,236,1,236.0,163.58273461214708
org.odpi.openmetadata.adapters.repositoryservices.postgres.repositoryconnector,org.odpi.openmetadata.repositoryservices.connectors.stores.metadatacollectionstore.properties.typedefs,91,5,91.0,163.050111699753
org.odpi.openmetadata.viewservices.automatedcuration.server,org.odpi.openmetadata.viewservices.automatedcuration.rest,91,5,91.0,163.050111699753
org.odpi.openmetadata.frameworks.openmetadata.handlers,org.odpi.openmetadata.frameworks.openmetadata.properties.schema,91,5,91.0,163.050111699753
org.odpi.openmetadata.viewservices.lineagelinker.server,org.odpi.openmetadata.commonservices.ffdc,101,4,101.0,162.55322915584412
org.odpi.openmetadata.frameworks.openmetadata.handlers,org.odpi.openmetadata.frameworks.openmetadata.properties.actors,101,4,101.0,162.55322915584412
org.odpi.openmetadata.frameworkservices.omf.handlers,org.odpi.openmetadata.frameworks.openmetadata.types,147,2,147.0,161.49600643421215
org.odpi.openmetadata.viewservices.glossarymanager.server.spring,org.odpi.openmetadata.commonservices.ffdc.rest,147,2,147.0,161.49600643421215
org.odpi.openmetadata.frameworks.openmetadata.properties.collections,org.odpi.openmetadata.frameworks.openmetadata.types,147,2,147.0,161.49600643421215
org.odpi.openmetadata.frameworks.opengovernance.handlers,org.odpi.openmetadata.frameworks.openmetadata.metadataelements,90,5,90.0,161.25835223052493
org.odpi.openmetadata.commonservices.ffdc.rest,org.odpi.openmetadata.frameworks.openmetadata.metadataelements,90,5,90.0,161.25835223052493
org.odpi.openmetadata.viewservices.projectmanager.server.spring,org.odpi.openmetadata.viewservices.projectmanager.server,100,4,100.0,160.94379124341003
org.odpi.openmetadata.repositoryservices.clients,org.odpi.openmetadata.commonservices.ffdc,100,4,100.0,160.94379124341003
org.odpi.openmetadata.repositoryservices.admin,org.odpi.openmetadata.repositoryservices.ffdc.exception,100,4,100.0,160.94379124341003
org.odpi.openmetadata.adapters.connectors.datastore.csvfile,org.odpi.openmetadata.adapters.connectors.datastore.basicfile.ffdc.exception,100,4,100.0,160.94379124341003
org.odpi.openmetadata.accessservices.communityprofile.fvt.locations,org.odpi.openmetadata.frameworks.openmetadata.properties,232,1,232.0,160.81014588990732
org.odpi.openmetadata.conformance.tests.repository.types,org.odpi.openmetadata.repositoryservices.connectors.stores.metadatacollectionstore,116,3,116.0,160.81014588990732
org.odpi.openmetadata.adapters.connectors.integration.basicfiles,org.odpi.openmetadata.frameworks.openmetadata.refdata,146,2,146.0,160.39739414554404
org.odpi.openmetadata.viewservices.communitymatters.server,org.odpi.openmetadata.frameworks.openmetadata.handlers,82,6,82.0,159.5646322225357
org.odpi.openmetadata.repositoryservices.clients,org.odpi.openmetadata.adapters.connectors.restclients,89,5,89.0,159.46659276129688
org.odpi.openmetadata.repositoryservices.admin,org.odpi.openmetadata.repositoryservices.auditlog,89,5,89.0,159.46659276129688
org.odpi.openmetadata.frameworks.opensurvey,org.odpi.openmetadata.frameworks.openmetadata.connectorcontext,89,5,89.0,159.46659276129688
org.odpi.openmetadata.frameworks.integration.connectors,org.odpi.openmetadata.frameworks.openmetadata.connectorcontext,115,3,115.0,159.42385152878742
org.odpi.openmetadata.frameworkservices.omf.server.spring,org.odpi.openmetadata.frameworkservices.omf.rest,144,2,144.0,158.2001695682078
org.odpi.openmetadata.repositoryservices.connectors.openmetadatatopic,org.odpi.openmetadata.frameworks.auditlog,76,7,76.0,158.03755716766753
org.odpi.openmetadata.adapters.connectors.integration.openlineage,org.odpi.openmetadata.frameworks.openmetadata.connectorcontext,114,3,114.0,158.03755716766753
org.odpi.openmetadata.frameworks.openmetadata.properties.assets.apis,org.odpi.openmetadata.frameworks.openmetadata.properties,98,4,98.0,157.72491541854183
org.odpi.openmetadata.commonservices.ffdc.rest,org.odpi.openmetadata.frameworks.openmetadata.ffdc,98,4,98.0,157.72491541854183
org.odpi.openmetadata.adapters.connectors.unitycatalog.sync,org.odpi.openmetadata.frameworks.connectors.ffdc,98,4,98.0,157.72491541854183
org.odpi.openmetadata.platformservices.server.spring,org.odpi.openmetadata.commonservices.ffdc.rest,98,4,98.0,157.72491541854183
org.odpi.openmetadata.governanceservers.enginehostservices.server,org.odpi.openmetadata.frameworks.openmetadata.ffdc,98,4,98.0,157.72491541854183
org.odpi.openmetadata.frameworks.integration.iterator,org.odpi.openmetadata.frameworks.openmetadata.enums,98,4,98.0,157.72491541854183
org.odpi.openmetadata.adapters.connectors.surveyaction.surveycsv,org.odpi.openmetadata.frameworks.openmetadata.properties.surveyreports,88,5,88.0,157.67483329206883
org.odpi.openmetadata.adapters.connectors.governanceactions.remediation,org.odpi.openmetadata.frameworks.opengovernance.properties,88,5,88.0,157.67483329206883
org.odpi.openmetadata.adapters.connectors.integration.basicfiles,org.odpi.openmetadata.frameworks.openmetadata.properties.security,88,5,88.0,157.67483329206883
org.odpi.openmetadata.adapters.connectors.apacheatlas.survey,org.odpi.openmetadata.adapters.connectors.apacheatlas.survey.controls,113,3,113.0,156.65126280654763
org.odpi.openmetadata.adminservices.client,org.odpi.openmetadata.adminservices.configuration.properties,97,4,97.0,156.11547750610774
org.odpi.openmetadata.contentpacks.core.unitycatalog,org.odpi.openmetadata.frameworks.openmetadata.controls,97,4,97.0,156.11547750610774
org.odpi.openmetadata.adapters.connectors.governanceactions.provisioning,org.odpi.openmetadata.frameworks.openmetadata.fileclassifier,97,4,97.0,156.11547750610774
org.odpi.openmetadata.adapters.connectors.reports.surveyreport,org.odpi.openmetadata.frameworks.openmetadata.types,142,2,142.0,156.00294499087158
org.odpi.openmetadata.adapters.connectors.governanceactions.provisioning,org.odpi.openmetadata.frameworks.openmetadata.search,87,5,87.0,155.88307382284077
org.odpi.openmetadata.accessservices.governanceprogram.samples.subjectareas,org.odpi.openmetadata.frameworks.openmetadata.properties.governance,87,5,87.0,155.88307382284077
org.odpi.openmetadata.adapters.connectors.integration.basicfiles,org.odpi.openmetadata.frameworks.openmetadata.properties.assets,87,5,87.0,155.88307382284077
org.odpi.openmetadata.metadatasecurity.connectors,org.odpi.openmetadata.repositoryservices.connectors.stores.metadatacollectionstore.properties.typedefs,112,3,112.0,155.26496844542774
org.odpi.openmetadata.viewservices.referencedata.server.spring,org.odpi.openmetadata.viewservices.referencedata.server,96,4,96.0,154.50603959367362
org.odpi.openmetadata.contentpacks.core.postgres,org.odpi.openmetadata.contentpacks.core.base,96,4,96.0,154.50603959367362
org.odpi.openmetadata.frameworkservices.omf.server,org.odpi.openmetadata.repositoryservices.connectors.stores.metadatacollectionstore.repositoryconnector,96,4,96.0,154.50603959367362
org.odpi.openmetadata.accessservices.assetmanager.fvt.externalidentifiers,org.odpi.openmetadata.accessservices.assetmanager.fvt.common,96,4,96.0,154.50603959367362
org.odpi.openmetadata.adapters.connectors.integration.basicfiles,org.odpi.openmetadata.frameworks.integration.controls,96,4,96.0,154.50603959367362
org.odpi.openmetadata.metadatasecurity.properties,org.odpi.openmetadata.frameworks.connectors.properties.users,96,4,96.0,154.50603959367362
org.odpi.openmetadata.frameworkservices.gaf.listener,org.odpi.openmetadata.frameworkservices.gaf.outtopic,86,5,86.0,154.09131435361272
org.odpi.openmetadata.frameworks.openmetadata.specificationproperties,org.odpi.openmetadata.frameworks.openmetadata.refdata,86,5,86.0,154.09131435361272
org.odpi.openmetadata.frameworkservices.omf.listener,org.odpi.openmetadata.frameworkservices.omf.outtopic,86,5,86.0,154.09131435361272
org.odpi.openmetadata.adapters.connectors.unitycatalog.sync,org.odpi.openmetadata.frameworks.auditlog,86,5,86.0,154.09131435361272
org.odpi.openmetadata.viewservices.peopleorganizer.server,org.odpi.openmetadata.commonservices.ffdc.rest,79,6,79.0,153.72690177536975
org.odpi.openmetadata.adapters.connectors.surveyaction.surveyfolder,org.odpi.openmetadata.frameworks.opensurvey.controls,95,4,95.0,152.89660168123953
org.odpi.openmetadata.contentpacks.core.egeria,org.odpi.openmetadata.adapters.connectors.egeriainfrastructure.control,95,4,95.0,152.89660168123953
org.odpi.openmetadata.adapters.connectors.unitycatalog.resource,org.odpi.openmetadata.frameworks.openmetadata.ffdc,95,4,95.0,152.89660168123953
org.odpi.openmetadata.repositoryservices.ffdc.exception,org.odpi.openmetadata.repositoryservices.connectors.stores.metadatacollectionstore.properties.typedefs,110,3,110.0,152.49237972318795
org.odpi.openmetadata.archiveutilities.simplecatalogs.catalogcontent,org.odpi.openmetadata.repositoryservices.connectors.stores.archivestore.properties,85,5,85.0,152.29955488438466
org.odpi.openmetadata.commonservices.ffdc,org.odpi.openmetadata.frameworks.auditlog.messagesets,85,5,85.0,152.29955488438466
org.odpi.openmetadata.commonservices.multitenant,org.odpi.openmetadata.serveroperations.properties,73,7,73.0,151.799232542628
org.odpi.openmetadata.repositoryservices.admin,org.odpi.openmetadata.frameworks.connectors,94,4,94.0,151.2871637688054
org.odpi.openmetadata.commonservices.generichandlers.ffdc,org.odpi.openmetadata.frameworks.auditlog,94,4,94.0,151.2871637688054
org.odpi.openmetadata.frameworks.auditlog,org.odpi.openmetadata.frameworks.auditlog.messagesets,94,4,94.0,151.2871637688054
org.odpi.openmetadata.adapters.connectors.jacquard,org.odpi.openmetadata.frameworks.openmetadata.properties.connections,109,3,109.0,151.1060853620681
org.odpi.openmetadata.adminservices.spring,org.odpi.openmetadata.adminservices.rest,109,3,109.0,151.1060853620681
org.odpi.openmetadata.viewservices.feedbackmanager.server,org.odpi.openmetadata.adminservices.configuration.registration,84,5,84.0,150.5077954151566
org.odpi.openmetadata.adapters.connectors.unitycatalog.survey,org.odpi.openmetadata.adapters.connectors.unitycatalog.resource,84,5,84.0,150.5077954151566
org.odpi.openmetadata.conformance.rest,org.odpi.openmetadata.conformance.beans,84,5,84.0,150.5077954151566
org.odpi.openmetadata.governanceservers.integrationdaemonservices.client,org.odpi.openmetadata.governanceservers.integrationdaemonservices.rest,77,6,77.0,149.8350814772591
org.odpi.openmetadata.repositoryservices.clients,org.odpi.openmetadata.adapters.connectors.restclients.factory,93,4,93.0,149.67772585637132
org.odpi.openmetadata.frameworks.openmetadata.fileclassifier,org.odpi.openmetadata.frameworks.openmetadata.properties,83,5,83.0,148.71603594592855
org.odpi.openmetadata.accessservices.communityprofile.fvt.profiles,org.odpi.openmetadata.frameworks.openmetadata.search,83,5,83.0,148.71603594592855
org.odpi.openmetadata.serveroperations.server,org.odpi.openmetadata.commonservices.ffdc.rest,83,5,83.0,148.71603594592855
org.odpi.openmetadata.repositoryservices.events.beans.v2,org.odpi.openmetadata.repositoryservices.events,83,5,83.0,148.71603594592855
org.odpi.openmetadata.accessservices.datamanager.fvt,org.odpi.openmetadata.fvt.utilities,83,5,83.0,148.71603594592855
org.odpi.openmetadata.accessservices.assetowner.fvt,org.odpi.openmetadata.fvt.utilities,83,5,83.0,148.71603594592855
org.odpi.openmetadata.frameworks.integration.connectors,org.odpi.openmetadata.frameworks.integration.context,83,5,83.0,148.71603594592855
org.odpi.openmetadata.viewservices.automatedcuration.handlers,org.odpi.openmetadata.frameworks.openmetadata.metadataelements,83,5,83.0,148.71603594592855
org.odpi.openmetadata.adapters.connectors.integration.jdbc.transfer.requests,org.odpi.openmetadata.adapters.connectors.integration.jdbc.ffdc,135,2,135.0,148.31265897019483
org.odpi.openmetadata.repositoryservices.connectors.stores.metadatacollectionstore,org.odpi.openmetadata.repositoryservices.ffdc,135,2,135.0,148.31265897019483
org.odpi.openmetadata.governanceservers.enginehostservices.listener,org.odpi.openmetadata.frameworks.openmetadata.events,92,4,92.0,148.06828794393724
org.odpi.openmetadata.serveroperations.server,org.odpi.openmetadata.adminservices.server,92,4,92.0,148.06828794393724
org.odpi.openmetadata.viewservices.externallinks.server.spring,org.odpi.openmetadata.viewservices.externallinks.server,92,4,92.0,148.06828794393724
org.odpi.openmetadata.accessservices.communityprofile.fvt.profiles,org.odpi.openmetadata.frameworks.openmetadata.handlers,76,6,76.0,147.88917132820382
org.odpi.openmetadata.repositoryservices.connectors.stores.metadatacollectionstore.utilities,org.odpi.openmetadata.repositoryservices.connectors.stores.metadatacollectionstore.properties.search,71,7,71.0,147.64034945926835
org.odpi.openmetadata.adapters.connectors.externalharvesters.harvestsurveys,org.odpi.openmetadata.frameworks.openmetadata.metadataelements,212,1,212.0,146.9472022787084
org.odpi.openmetadata.contentpacks.core,org.odpi.openmetadata.frameworks.connectors,212,1,212.0,146.9472022787084
org.odpi.openmetadata.governanceservers.enginehostservices.admin,org.odpi.openmetadata.frameworkservices.gaf.client,82,5,82.0,146.9242764767005
org.odpi.openmetadata.governanceservers.enginehostservices.admin,org.odpi.openmetadata.frameworks.auditlog,82,5,82.0,146.9242764767005
org.odpi.openmetadata.frameworks.openmetadata.handlers,org.odpi.openmetadata.frameworks.openmetadata.refdata,82,5,82.0,146.9242764767005
org.odpi.openmetadata.adapters.connectors.jacquard.productcatalog,org.odpi.openmetadata.frameworks.openmetadata.refdata,82,5,82.0,146.9242764767005
org.odpi.openmetadata.adapters.connectors.subscriptions,org.odpi.openmetadata.frameworks.openmetadata.types,133,2,133.0,146.1154343928586
org.odpi.openmetadata.adapters.connectors.surveyaction.surveyfile,org.odpi.openmetadata.frameworks.opensurvey,81,5,81.0,145.13251700747244
org.odpi.openmetadata.commonservices.multitenant,org.odpi.openmetadata.adminservices.configuration.properties,81,5,81.0,145.13251700747244
org.odpi.openmetadata.frameworks.openwatchdog,org.odpi.openmetadata.frameworks.auditlog,66,8,66.0,145.01682210419048
org.odpi.openmetadata.frameworks.openmetadata.properties.assets.metadatarepositories,org.odpi.openmetadata.frameworks.openmetadata.properties.assets,90,4,90.0,144.84941211906903
org.odpi.openmetadata.viewservices.schemamaker.server,org.odpi.openmetadata.tokencontroller,90,4,90.0,144.84941211906903
org.odpi.openmetadata.frameworkservices.omf.converters,org.odpi.openmetadata.commonservices.generichandlers,90,4,90.0,144.84941211906903
org.odpi.openmetadata.frameworks.openmetadata.properties.solutions,org.odpi.openmetadata.frameworks.openmetadata.properties.designmodels,90,4,90.0,144.84941211906903
org.odpi.openmetadata.adapters.connectors.integration.csvlineageimporter.ffdc,org.odpi.openmetadata.frameworks.auditlog,90,4,90.0,144.84941211906903
org.odpi.openmetadata.contentpacks.core.unitycatalog,org.odpi.openmetadata.contentpacks.core.base,90,4,90.0,144.84941211906903
org.odpi.openmetadata.contentpacks.core,org.odpi.openmetadata.frameworks.connectors.properties.beans,208,1,208.0,144.1746135564686
org.odpi.openmetadata.adapters.repositoryservices.postgres.repositoryconnector,org.odpi.openmetadata.adapters.repositoryservices.postgres.repositoryconnector.schema,104,3,104.0,144.1746135564686
org.odpi.openmetadata.accessservices.assetowner.fvt.validmetadatavalues,org.odpi.openmetadata.frameworks.openmetadata.properties,74,6,74.0,143.99735103009317
org.odpi.openmetadata.repositoryservices.connectors.omrstopic,org.odpi.openmetadata.frameworks.connectors,74,6,74.0,143.99735103009317
org.odpi.openmetadata.frameworks.opensurvey.controls,org.odpi.openmetadata.frameworks.openmetadata.types,131,2,131.0,143.91820981552237
org.odpi.openmetadata.adapters.connectors.unitycatalog.controls,org.odpi.openmetadata.frameworks.openmetadata.types,131,2,131.0,143.91820981552237
org.odpi.openmetadata.frameworks.openmetadata.reports,org.odpi.openmetadata.frameworks.openmetadata.properties.assets.reports,69,7,69.0,143.48146637590867
org.odpi.openmetadata.conformance.server,org.odpi.openmetadata.frameworks.openmetadata.ffdc,80,5,80.0,143.3407575382444
org.odpi.openmetadata.viewservices.validmetadata.server,org.odpi.openmetadata.frameworks.openmetadata.client,80,5,80.0,143.3407575382444
org.odpi.openmetadata.conformance.tests.repository.types,org.odpi.openmetadata.repositoryservices.events,80,5,80.0,143.3407575382444
org.odpi.openmetadata.viewservices.schemamaker.server,org.odpi.openmetadata.frameworks.auditlog,89,4,89.0,143.2399742066349
org.odpi.openmetadata.frameworks.opengovernance.handlers,org.odpi.openmetadata.frameworks.openmetadata.properties,89,4,89.0,143.2399742066349
org.odpi.openmetadata.frameworks.openmetadata.properties.schema,org.odpi.openmetadata.frameworks.openmetadata.types,130,2,130.0,142.81959752685427
org.odpi.openmetadata.governanceservers.integrationdaemonservices.server,org.odpi.openmetadata.governanceservers.integrationdaemonservices.rest,73,6,73.0,142.05144088103788
org.odpi.openmetadata.frameworks.opengovernance.client,org.odpi.openmetadata.frameworks.openmetadata.ffdc,129,2,129.0,141.72098523818616
org.odpi.openmetadata.viewservices.projectmanager.server.spring,org.odpi.openmetadata.commonservices.ffdc.rest,129,2,129.0,141.72098523818616
org.odpi.openmetadata.repositoryservices.connectors.stores.metadatacollectionstore.repositoryconnector,org.odpi.openmetadata.repositoryservices.connectors.stores.metadatacollectionstore.properties.typedefs,129,2,129.0,141.72098523818616
org.odpi.openmetadata.archiveutilities.designmodels.owlcanonicalglossarymodel,org.odpi.openmetadata.archiveutilities.designmodels.base,88,4,88.0,141.63053629420082
org.odpi.openmetadata.frameworkservices.gaf.rest,org.odpi.openmetadata.commonservices.ffdc.rest,88,4,88.0,141.63053629420082
org.odpi.openmetadata.adapters.repositoryservices.inmemory.repositoryconnector,org.odpi.openmetadata.repositoryservices.connectors.stores.metadatacollectionstore.properties.typedefs,88,4,88.0,141.63053629420082
org.odpi.openmetadata.frameworks.opengovernance,org.odpi.openmetadata.frameworks.opengovernance.client,88,4,88.0,141.63053629420082
org.odpi.openmetadata.contentpacks.core.base,org.odpi.openmetadata.adapters.connectors,88,4,88.0,141.63053629420082
org.odpi.openmetadata.frameworks.openmetadata.filelistener,org.odpi.openmetadata.frameworks.auditlog,79,5,79.0,141.54899806901633
org.odpi.openmetadata.adapters.connectors.reports.surveyreport,org.odpi.openmetadata.frameworks.openmetadata.search,79,5,79.0,141.54899806901633
org.odpi.openmetadata.frameworkservices.omf.client.rest,org.odpi.openmetadata.commonservices.ffdc.rest,79,5,79.0,141.54899806901633
org.odpi.openmetadata.adapters.connectors.egeriainfrastructure.extractor,org.odpi.openmetadata.repositoryservices.clients,79,5,79.0,141.54899806901633
org.odpi.openmetadata.commonservices.repositoryhandler,org.odpi.openmetadata.repositoryservices.connectors.stores.metadatacollectionstore.repositoryconnector,79,5,79.0,141.54899806901633
org.odpi.openmetadata.accessservices.datamanager.fvt.validvalues,org.odpi.openmetadata.frameworks.openmetadata.properties,204,1,204.0,141.40202483422883
org.odpi.openmetadata.adapters.connectors.apacheatlas.integration.modules,org.odpi.openmetadata.frameworks.openmetadata.enums,102,3,102.0,141.40202483422883
org.odpi.openmetadata.accessservices.communityprofile.fvt.validvalues,org.odpi.openmetadata.frameworks.openmetadata.properties,204,1,204.0,141.40202483422883
org.odpi.openmetadata.governanceservers.integrationdaemonservices.client,org.odpi.openmetadata.frameworks.openmetadata.ffdc,128,2,128.0,140.62237294951805
org.odpi.openmetadata.engineservices.repositorygovernance.connector,org.odpi.openmetadata.frameworks.openmetadata.ffdc,128,2,128.0,140.62237294951805
org.odpi.openmetadata.adapters.connectors.jacquard,org.odpi.openmetadata.frameworks.openmetadata.properties.assets,72,6,72.0,140.10553073198255
org.odpi.openmetadata.accessservices.communityprofile.fvt.profiles,org.odpi.openmetadata.frameworks.openmetadata.properties.actors,87,4,87.0,140.02109838176673
org.odpi.openmetadata.adapters.connectors.resource.jdbc,org.odpi.openmetadata.frameworks.openmetadata.ffdc,87,4,87.0,140.02109838176673
org.odpi.openmetadata.metadatasecurity.accessconnector,org.odpi.openmetadata.frameworks.connectors.properties.beans,78,5,78.0,139.75723859978828
org.odpi.openmetadata.adminservices.registration,org.odpi.openmetadata.frameworks.auditlog,100,3,100.0,138.62943611198907
org.odpi.openmetadata.viewservices.actionauthor.server,org.odpi.openmetadata.commonservices.multitenant,100,3,100.0,138.62943611198907
org.odpi.openmetadata.viewservices.securityofficer.server,org.odpi.openmetadata.commonservices.multitenant,100,3,100.0,138.62943611198907
org.odpi.openmetadata.adapters.repositoryservices.postgres.repositoryconnector.database,org.odpi.openmetadata.adapters.repositoryservices.postgres.repositoryconnector.ffdc,126,2,126.0,138.42514837218184
org.odpi.openmetadata.viewservices.referencedata.server.spring,org.odpi.openmetadata.commonservices.ffdc.rest,126,2,126.0,138.42514837218184
org.odpi.openmetadata.contentpacks.core.files,org.odpi.openmetadata.contentpacks.core.base,86,4,86.0,138.41166046933262
org.odpi.openmetadata.frameworks.openmetadata.properties.glossaries,org.odpi.openmetadata.frameworks.openmetadata.properties.collections,86,4,86.0,138.41166046933262
org.odpi.openmetadata.frameworks.opensurvey,org.odpi.openmetadata.frameworks.connectors,66,7,66.0,137.24314175086917
org.odpi.openmetadata.adapters.connectors.integration.openapis,org.odpi.openmetadata.frameworks.openmetadata.connectorcontext,99,3,99.0,137.24314175086917
org.odpi.openmetadata.governanceservers.enginehostservices.server,org.odpi.openmetadata.governanceservers.enginehostservices.ffdc,124,2,124.0,136.22792379484562
org.odpi.openmetadata.contentpacks.core.postgres,org.odpi.openmetadata.contentpacks.core,124,2,124.0,136.22792379484562
org.odpi.openmetadata.repositoryservices.rest.server,org.odpi.openmetadata.repositoryservices.metadatahighway,70,6,70.0,136.21371043387194
org.odpi.openmetadata.viewservices.productmanager.server,org.odpi.openmetadata.frameworks.openmetadata.handlers,70,6,70.0,136.21371043387194
org.odpi.openmetadata.viewservices.lineagelinker.server,org.odpi.openmetadata.commonservices.multitenant,70,6,70.0,136.21371043387194
org.odpi.openmetadata.viewservices.notificationmanager.server,org.odpi.openmetadata.frameworks.openmetadata.handlers,70,6,70.0,136.21371043387194
org.odpi.openmetadata.platformservices.client,org.odpi.openmetadata.serveroperations.rest,76,5,76.0,136.17371966133217
org.odpi.openmetadata.adapters.connectors.subscriptions,org.odpi.openmetadata.frameworks.opengovernance.properties,76,5,76.0,136.17371966133217
org.odpi.openmetadata.adapters.connectors.unitycatalog.controls,org.odpi.openmetadata.frameworks.opensurvey.measurements,76,5,76.0,136.17371966133217
org.odpi.openmetadata.viewservices.automatedcuration.server,org.odpi.openmetadata.adminservices.configuration.registration,76,5,76.0,136.17371966133217
org.odpi.openmetadata.adapters.connectors.dynamicarchivers,org.odpi.openmetadata.repositoryservices.connectors.stores.metadatacollectionstore.properties.typedefs,98,3,98.0,135.85684738974928
org.odpi.openmetadata.accessservices.datamanager.fvt.events,org.odpi.openmetadata.frameworks.openmetadata.properties,196,1,196.0,135.85684738974928
org.odpi.openmetadata.accessservices.digitalarchitecture.fvt.locations,org.odpi.openmetadata.frameworks.openmetadata.properties,196,1,196.0,135.85684738974928
org.odpi.openmetadata.adapters.connectors.integration.jdbc,org.odpi.openmetadata.frameworks.integration.connectors,84,4,84.0,135.1927846444644
org.odpi.openmetadata.adapters.connectors.reports.surveyreport,org.odpi.openmetadata.frameworks.opengovernance,84,4,84.0,135.1927846444644
org.odpi.openmetadata.adapters.connectors.datastore.csvfile,org.odpi.openmetadata.adapters.connectors.datastore.basicfile,84,4,84.0,135.1927846444644
org.odpi.openmetadata.frameworks.openmetadata.properties.templates,org.odpi.openmetadata.frameworks.openmetadata.properties,84,4,84.0,135.1927846444644
org.odpi.openmetadata.frameworks.openmetadata.properties.assets.databases,org.odpi.openmetadata.frameworks.openmetadata.properties.assets,84,4,84.0,135.1927846444644
org.odpi.openmetadata.viewservices.locationarena.server,org.odpi.openmetadata.tokencontroller,84,4,84.0,135.1927846444644
org.odpi.openmetadata.viewservices.automatedcuration.server,org.odpi.openmetadata.tokencontroller,84,4,84.0,135.1927846444644
org.odpi.openmetadata.repositoryservices.connectors.stores.metadatacollectionstore,org.odpi.openmetadata.repositoryservices.connectors.stores.metadatacollectionstore.properties,123,2,123.0,135.12931150617752
org.odpi.openmetadata.metadatasecurity.accessconnector,org.odpi.openmetadata.metadatasecurity.accessconnector.controls,123,2,123.0,135.12931150617752
org.odpi.openmetadata.platformservices.server,org.odpi.openmetadata.adminservices.configuration.registration,123,2,123.0,135.12931150617752
org.odpi.openmetadata.adapters.connectors.egeriainfrastructure.extractor,org.odpi.openmetadata.frameworks.connectors.properties.beans,69,6,69.0,134.26780028481662
org.odpi.openmetadata.adapters.repositoryservices.readonly.repositoryconnector,org.odpi.openmetadata.repositoryservices.connectors.stores.metadatacollectionstore,122,2,122.0,134.03069921750938
org.odpi.openmetadata.viewservices.automatedcuration.server,org.odpi.openmetadata.frameworks.auditlog,83,4,83.0,133.58334673203032
org.odpi.openmetadata.serveroperations.server,org.odpi.openmetadata.adminservices.ffdc.exception,83,4,83.0,133.58334673203032
org.odpi.openmetadata.viewservices.locationarena.server,org.odpi.openmetadata.frameworks.auditlog,83,4,83.0,133.58334673203032
org.odpi.openmetadata.viewservices.templatemanager.server,org.odpi.openmetadata.commonservices.multitenant,96,3,96.0,133.0842586675095
org.odpi.openmetadata.adminservices.client.rest,org.odpi.openmetadata.adminservices.ffdc.exception,74,5,74.0,132.59020072287606
org.odpi.openmetadata.repositoryservices.metadatahighway.cohortregistry,org.odpi.openmetadata.frameworks.auditlog,74,5,74.0,132.59020072287606
org.odpi.openmetadata.repositoryservices.localrepository.repositoryconnector,org.odpi.openmetadata.repositoryservices.connectors.stores.metadatacollectionstore.repositoryeventmapper,74,5,74.0,132.59020072287606
org.odpi.openmetadata.governanceservers.integrationdaemonservices.threads,org.odpi.openmetadata.frameworks.auditlog,74,5,74.0,132.59020072287606
org.odpi.openmetadata.governanceservers.integrationdaemonservices.handlers,org.odpi.openmetadata.frameworks.connectors.properties.beans,68,6,68.0,132.3218901357613
org.odpi.openmetadata.viewservices.automatedcuration.server,org.odpi.openmetadata.viewservices.automatedcuration.handlers,68,6,68.0,132.3218901357613
org.odpi.openmetadata.frameworks.integration.ffdc,org.odpi.openmetadata.frameworks.auditlog,82,4,82.0,131.97390881959623
org.odpi.openmetadata.frameworks.opengovernance,org.odpi.openmetadata.frameworks.openmetadata.connectorcontext,82,4,82.0,131.97390881959623
org.odpi.openmetadata.adminservices.ffdc,org.odpi.openmetadata.frameworks.auditlog,82,4,82.0,131.97390881959623
org.odpi.openmetadata.contentpacks.core.files,org.odpi.openmetadata.contentpacks.core,120,2,120.0,131.83347464017316
org.odpi.openmetadata.adapters.connectors.governanceactions.provisioning,org.odpi.openmetadata.frameworks.openmetadata.types,120,2,120.0,131.83347464017316
org.odpi.openmetadata.adapters.connectors.egeriainfrastructure.extractor,org.odpi.openmetadata.governanceservers.integrationdaemonservices.client,73,5,73.0,130.798441253648
org.odpi.openmetadata.accessservices.communityprofile.fvt,org.odpi.openmetadata.fvt.utilities,73,5,73.0,130.798441253648
org.odpi.openmetadata.frameworks.openmetadata.events,org.odpi.openmetadata.frameworks.openmetadata.search,73,5,73.0,130.798441253648
org.odpi.openmetadata.adminservices.configuration.properties,org.odpi.openmetadata.repositoryservices.connectors.stores.metadatacollectionstore.properties.typedefs,67,6,67.0,130.375979986706
org.odpi.openmetadata.frameworks.opengovernance.ffdc,org.odpi.openmetadata.frameworks.auditlog.messagesets,67,6,67.0,130.375979986706
org.odpi.openmetadata.contentpacks.core.egeria,org.odpi.openmetadata.contentpacks.core,81,4,81.0,130.36447090716212
org.odpi.openmetadata.contentpacks.core.core,org.odpi.openmetadata.frameworks.openmetadata.search,94,3,94.0,130.31166994526973
org.odpi.openmetadata.archiveutilities.designmodels.base,org.odpi.openmetadata.repositoryservices.connectors.stores.metadatacollectionstore.utilities,188,1,188.0,130.31166994526973
org.odpi.openmetadata.frameworkservices.gaf.outtopic,org.odpi.openmetadata.repositoryservices.connectors.stores.metadatacollectionstore.properties.instances,94,3,94.0,130.31166994526973
org.odpi.openmetadata.frameworkservices.omf.outtopic,org.odpi.openmetadata.repositoryservices.connectors.stores.metadatacollectionstore.properties.instances,94,3,94.0,130.31166994526973
org.odpi.openmetadata.contentpacks.core.unitycatalog,org.odpi.openmetadata.frameworks.openmetadata.types,118,2,118.0,129.63625006283695
org.odpi.openmetadata.frameworks.opengovernance,org.odpi.openmetadata.frameworks.openmetadata.types,118,2,118.0,129.63625006283695
org.odpi.openmetadata.frameworkservices.gaf.converters,org.odpi.openmetadata.repositoryservices.connectors.stores.metadatacollectionstore.repositoryconnector,72,5,72.0,129.00668178441995
org.odpi.openmetadata.repositoryservices.metadatahighway,org.odpi.openmetadata.frameworks.auditlog,72,5,72.0,129.00668178441995
org.odpi.openmetadata.frameworks.opensurvey,org.odpi.openmetadata.frameworks.openmetadata.handlers,72,5,72.0,129.00668178441995
org.odpi.openmetadata.frameworks.openmetadata.properties.communities,org.odpi.openmetadata.frameworks.openmetadata.properties,80,4,80.0,128.75503299472803
org.odpi.openmetadata.accessservices.governanceprogram.samples.leadership,org.odpi.openmetadata.frameworks.openmetadata.metadataelements,80,4,80.0,128.75503299472803
org.odpi.openmetadata.archiveutilities.simplecatalogs,org.odpi.openmetadata.archiveutilities.simplecatalogs.catalogcontent,80,4,80.0,128.75503299472803
org.odpi.openmetadata.viewservices.timekeeper.server.spring,org.odpi.openmetadata.viewservices.timekeeper.server,80,4,80.0,128.75503299472803
org.odpi.openmetadata.adapters.connectors.babbage,org.odpi.openmetadata.frameworks.integration.connectors,80,4,80.0,128.75503299472803
org.odpi.openmetadata.adapters.connectors.unitycatalog.controls,org.odpi.openmetadata.frameworks.opensurvey.controls,117,2,117.0,128.53763777416884
org.odpi.openmetadata.adapters.connectors.egeriainfrastructure.platform,org.odpi.openmetadata.frameworks.openmetadata.ffdc,117,2,117.0,128.53763777416884
org.odpi.openmetadata.repositoryservices.connectors.stores.archivestore.properties,org.odpi.openmetadata.repositoryservices.connectors.stores.metadatacollectionstore.properties.instances,66,6,66.0,128.43006983765068
org.odpi.openmetadata.adminservices.registration,org.odpi.openmetadata.adminservices.configuration.registration,66,6,66.0,128.43006983765068
org.odpi.openmetadata.adapters.repositoryservices.postgres.repositoryconnector,org.odpi.openmetadata.repositoryservices.connectors.stores.metadatacollectionstore.properties,92,3,92.0,127.53908122302994
org.odpi.openmetadata.frameworks.integration.context,org.odpi.openmetadata.frameworks.openmetadata.connectorcontext,71,5,71.0,127.2149223151919
org.odpi.openmetadata.viewservices.lineagelinker.server,org.odpi.openmetadata.commonservices.ffdc.rest,71,5,71.0,127.2149223151919
org.odpi.openmetadata.frameworks.openmetadata.properties.assets.reports,org.odpi.openmetadata.frameworks.openmetadata.properties.assets,79,4,79.0,127.14559508229392
org.odpi.openmetadata.adapters.connectors.resource.jdbc,org.odpi.openmetadata.frameworks.auditlog,61,7,61.0,126.84593404246998
org.odpi.openmetadata.adapters.connectors.baudot,org.odpi.openmetadata.frameworks.openmetadata.properties,61,7,61.0,126.84593404246998
org.odpi.openmetadata.adapters.connectors.datastore.csvfile.controls,org.odpi.openmetadata.frameworks.openmetadata.specificationproperties,61,7,61.0,126.84593404246998
org.odpi.openmetadata.repositoryservices.enterprise.connectormanager,org.odpi.openmetadata.repositoryservices.connectors.stores.metadatacollectionstore.repositoryconnector,65,6,65.0,126.48415968859535
org.odpi.openmetadata.engineservices.governanceaction.handlers,org.odpi.openmetadata.frameworkservices.gaf.client,65,6,65.0,126.48415968859535
org.odpi.openmetadata.adapters.repositoryservices.postgres.repositoryconnector.mappers,org.odpi.openmetadata.adapters.connectors.resource.jdbc.properties,91,3,91.0,126.15278686191004
org.odpi.openmetadata.frameworks.openmetadata.converters,org.odpi.openmetadata.frameworks.openmetadata.properties.operatingplatforms,78,4,78.0,125.53615716985982
org.odpi.openmetadata.viewservices.myprofile.server,org.odpi.openmetadata.tokencontroller,78,4,78.0,125.53615716985982
org.odpi.openmetadata.adapters.connectors.datastore.basicfile,org.odpi.openmetadata.frameworks.connectors,78,4,78.0,125.53615716985982
org.odpi.openmetadata.adapters.connectors.wedgwood,org.odpi.openmetadata.frameworks.opengovernance,78,4,78.0,125.53615716985982
org.odpi.openmetadata.governanceservers.integrationdaemonservices.server,org.odpi.openmetadata.tokencontroller,78,4,78.0,125.53615716985982
org.odpi.openmetadata.frameworkservices.gaf.handlers,org.odpi.openmetadata.frameworkservices.gaf.converters,70,5,70.0,125.42316284596384
org.odpi.openmetadata.frameworkservices.omf.outtopic,org.odpi.openmetadata.frameworkservices.omf.converters,70,5,70.0,125.42316284596384
org.odpi.openmetadata.repositoryservices.enterprise.repositoryconnector.accumulators,org.odpi.openmetadata.frameworks.auditlog,70,5,70.0,125.42316284596384
org.odpi.openmetadata.repositoryservices.metadatahighway.cohortregistry,org.odpi.openmetadata.repositoryservices.connectors.stores.cohortregistrystore,70,5,70.0,125.42316284596384
org.odpi.openmetadata.frameworks.opengovernance.handlers,org.odpi.openmetadata.frameworks.openmetadata.search,70,5,70.0,125.42316284596384
org.odpi.openmetadata.commonservices.ffdc,org.odpi.openmetadata.frameworks.auditlog.requestid,70,5,70.0,125.42316284596384
org.odpi.openmetadata.frameworkservices.gaf.outtopic,org.odpi.openmetadata.frameworkservices.omf.converters,70,5,70.0,125.42316284596384
org.odpi.openmetadata.frameworkservices.gaf.client.rest,org.odpi.openmetadata.frameworkservices.gaf.rest,90,3,90.0,124.76649250079015
org.odpi.openmetadata.adapters.connectors.dynamicarchivers.glossary,org.odpi.openmetadata.frameworks.openmetadata.specificationproperties,60,7,60.0,124.76649250079015
org.odpi.openmetadata.commonservices.repositoryhandler,org.odpi.openmetadata.commonservices.ffdc,64,6,64.0,124.53824953954005
org.odpi.openmetadata.governanceservers.enginehostservices.admin,org.odpi.openmetadata.governanceservers.enginehostservices.properties,64,6,64.0,124.53824953954005
org.odpi.openmetadata.adapters.connectors.apacheatlas.resource.ffdc,org.odpi.openmetadata.frameworks.auditlog.messagesets,64,6,64.0,124.53824953954005
org.odpi.openmetadata.contentpacks.core,org.odpi.openmetadata.frameworks.openmetadata.types,113,2,113.0,124.1431886194964
org.odpi.openmetadata.viewservices.myprofile.server,org.odpi.openmetadata.frameworks.auditlog,77,4,77.0,123.92671925742572
org.odpi.openmetadata.frameworkservices.gaf.client,org.odpi.openmetadata.frameworkservices.gaf.client.rest,69,5,69.0,123.63140337673579
org.odpi.openmetadata.repositoryservices.localrepository.repositoryconnector,org.odpi.openmetadata.repositoryservices.localrepository.repositorycontentmanager,69,5,69.0,123.63140337673579
org.odpi.openmetadata.adapters.connectors.subscriptions,org.odpi.openmetadata.frameworks.openmetadata.refdata,69,5,69.0,123.63140337673579
org.odpi.openmetadata.viewservices.runtimemanager.server,org.odpi.openmetadata.frameworks.openmetadata.metadataelements,69,5,69.0,123.63140337673579
org.odpi.openmetadata.adapters.connectors,org.odpi.openmetadata.frameworks.openmetadata.types,112,2,112.0,123.04457633082829
org.odpi.openmetadata.governanceservers.enginehostservices.server,org.odpi.openmetadata.governanceservers.enginehostservices.admin,59,7,59.0,122.68705095911031
org.odpi.openmetadata.repositoryservices.localrepository.repositoryconnector,org.odpi.openmetadata.frameworks.connectors.properties.beans,59,7,59.0,122.68705095911031
org.odpi.openmetadata.contentpacks.core.egeria,org.odpi.openmetadata.contentpacks.core.base,76,4,76.0,122.31728134499163
org.odpi.openmetadata.viewservices.assetcatalog.server,org.odpi.openmetadata.commonservices.multitenant,76,4,76.0,122.31728134499163
org.odpi.openmetadata.viewservices.metadataexpert.server.spring,org.odpi.openmetadata.frameworkservices.omf.rest,111,2,111.0,121.94596404216018
org.odpi.openmetadata.frameworks.openmetadata.handlers,org.odpi.openmetadata.frameworks.openmetadata.properties.connections,68,5,68.0,121.83964390750774
org.odpi.openmetadata.frameworkservices.gaf.handlers,org.odpi.openmetadata.commonservices.ffdc,68,5,68.0,121.83964390750774
org.odpi.openmetadata.viewservices.externallinks.server,org.odpi.openmetadata.adminservices.configuration.registration,68,5,68.0,121.83964390750774
org.odpi.openmetadata.viewservices.connectionmaker.server,org.odpi.openmetadata.adminservices.configuration.registration,68,5,68.0,121.83964390750774
org.odpi.openmetadata.viewservices.validmetadata.server,org.odpi.openmetadata.adminservices.configuration.registration,68,5,68.0,121.83964390750774
org.odpi.openmetadata.viewservices.governanceofficer.server,org.odpi.openmetadata.adminservices.configuration.registration,68,5,68.0,121.83964390750774
org.odpi.openmetadata.frameworks.openmetadata.properties.surveyreports,org.odpi.openmetadata.frameworks.openmetadata.types,110,2,110.0,120.84735175349208
org.odpi.openmetadata.adapters.connectors.unitycatalog.provision,org.odpi.openmetadata.adapters.connectors.controls,110,2,110.0,120.84735175349208
org.odpi.openmetadata.adapters.connectors.externalharvesters.harvestopenmetadata,org.odpi.openmetadata.frameworks.openmetadata.types,110,2,110.0,120.84735175349208
org.odpi.openmetadata.viewservices.peopleorganizer.server,org.odpi.openmetadata.frameworks.openmetadata.handlers,62,6,62.0,120.64642924142942
org.odpi.openmetadata.viewservices.assetcatalog.server,org.odpi.openmetadata.frameworks.openmetadata.handlers,62,6,62.0,120.64642924142942
org.odpi.openmetadata.engineservices.watchdogaction.handlers,org.odpi.openmetadata.frameworkservices.gaf.client,62,6,62.0,120.64642924142942
org.odpi.openmetadata.metadatasecurity.accessconnector,org.odpi.openmetadata.repositoryservices.connectors.stores.metadatacollectionstore.repositoryconnector,87,3,87.0,120.60760941743048
org.odpi.openmetadata.engineservices.watchdogaction.handlers,org.odpi.openmetadata.frameworks.openwatchdog,58,7,58.0,120.60760941743047
org.odpi.openmetadata.adapters.connectors.apacheatlas.survey.controls,org.odpi.openmetadata.frameworks.opensurvey.controls,67,5,67.0,120.04788443827968
org.odpi.openmetadata.accessservices.assetconsumer.fvt,org.odpi.openmetadata.frameworks.auditlog,67,5,67.0,120.04788443827968
org.odpi.openmetadata.accessservices.digitalarchitecture.fvt.locations,org.odpi.openmetadata.frameworks.openmetadata.properties.locations,67,5,67.0,120.04788443827968
org.odpi.openmetadata.commonservices.multitenant,org.odpi.openmetadata.commonservices.ffdc.properties,67,5,67.0,120.04788443827968
org.odpi.openmetadata.governanceservers.integrationdaemonservices.server,org.odpi.openmetadata.adminservices.configuration.properties,74,4,74.0,119.09840552012342
org.odpi.openmetadata.adapters.connectors.integration.jdbc.ffdc,org.odpi.openmetadata.frameworks.auditlog,74,4,74.0,119.09840552012342
org.odpi.openmetadata.adapters.connectors.integration.basicfiles,org.odpi.openmetadata.frameworks.connectors.properties.beans,74,4,74.0,119.09840552012342
org.odpi.openmetadata.frameworks.integration.connectors,org.odpi.openmetadata.frameworks.openmetadata.ffdc,74,4,74.0,119.09840552012342
org.odpi.openmetadata.conformance.ffdc,org.odpi.openmetadata.frameworks.auditlog,74,4,74.0,119.09840552012342
org.odpi.openmetadata.adapters.connectors.postgres.survey,org.odpi.openmetadata.adapters.connectors.resource.jdbc,61,6,61.0,118.70051909237411
org.odpi.openmetadata.frameworks.openmetadata.mermaid,org.odpi.openmetadata.frameworks.openmetadata.refdata,61,6,61.0,118.70051909237411
org.odpi.openmetadata.frameworks.openmetadata.properties.datadictionaries,org.odpi.openmetadata.frameworks.openmetadata.types,108,2,108.0,118.65012717615586
org.odpi.openmetadata.metadatasecurity.connectors,org.odpi.openmetadata.frameworks.auditlog,54,8,54.0,118.65012717615586
org.odpi.openmetadata.repositoryservices.enterprise.repositoryconnector.executors,org.odpi.openmetadata.frameworks.auditlog,108,2,108.0,118.65012717615586
org.odpi.openmetadata.repositoryservices.localrepository.repositorycontentmanager,org.odpi.openmetadata.repositoryservices.localrepository.repositoryconnector,66,5,66.0,118.25612496905163
org.odpi.openmetadata.adapters.repositoryservices.auditlogstore.slf4j,org.odpi.openmetadata.repositoryservices.connectors.stores.auditlogstore,66,5,66.0,118.25612496905163
org.odpi.openmetadata.viewservices.schemamaker.server.spring,org.odpi.openmetadata.commonservices.ffdc.rest,85,3,85.0,117.83502069519069
org.odpi.openmetadata.frameworks.openmetadata.properties.assets.infrastructure,org.odpi.openmetadata.frameworks.openmetadata.types,107,2,107.0,117.55151488748774
org.odpi.openmetadata.frameworkservices.ocf.metadatamanagement.server,org.odpi.openmetadata.commonservices.ffdc,73,4,73.0,117.48896760768932
org.odpi.openmetadata.adapters.connectors.integration.openapis,org.odpi.openmetadata.frameworks.openmetadata.ffdc,73,4,73.0,117.48896760768932
org.odpi.openmetadata.repositoryservices.connectors.stores.archivestore.properties,org.odpi.openmetadata.repositoryservices.connectors.stores.metadatacollectionstore.properties.typedefs,60,6,60.0,116.7546089433188
org.odpi.openmetadata.frameworkservices.gaf.handlers,org.odpi.openmetadata.commonservices.repositoryhandler,60,6,60.0,116.7546089433188
org.odpi.openmetadata.conformance.tests.repository,org.odpi.openmetadata.repositoryservices.connectors.stores.metadatacollectionstore.repositoryconnector,65,5,65.0,116.46436549982357
org.odpi.openmetadata.frameworks.openmetadata.properties.assets.processes.connectors,org.odpi.openmetadata.frameworks.openmetadata.types,106,2,106.0,116.45290259881963
org.odpi.openmetadata.adapters.connectors.controls,org.odpi.openmetadata.frameworks.openmetadata.types,106,2,106.0,116.45290259881963
org.odpi.openmetadata.viewservices.communitymatters.server,org.odpi.openmetadata.commonservices.multitenant,84,3,84.0,116.44872633407081
org.odpi.openmetadata.frameworks.openmetadata.handlers,org.odpi.openmetadata.frameworks.openmetadata.properties.assets.processes.actions,56,7,56.0,116.4487263340708
org.odpi.openmetadata.adapters.connectors.integration.openlineage,org.odpi.openmetadata.frameworks.openmetadata.ffdc,72,4,72.0,115.87952969525521
org.odpi.openmetadata.frameworkservices.omf.rest,org.odpi.openmetadata.repositoryservices.rest.properties,72,4,72.0,115.87952969525521
org.odpi.openmetadata.frameworks.openmetadata.properties.propertyfacets,org.odpi.openmetadata.frameworks.openmetadata.properties,72,4,72.0,115.87952969525521
org.odpi.openmetadata.serveroperations.server,org.odpi.openmetadata.tokencontroller,72,4,72.0,115.87952969525521
org.odpi.openmetadata.adapters.connectors.governanceactions.verification,org.odpi.openmetadata.frameworks.opengovernance,72,4,72.0,115.87952969525521
org.odpi.openmetadata.contentpacks.core.apacheatlas,org.odpi.openmetadata.contentpacks.core.base,72,4,72.0,115.87952969525521
org.odpi.openmetadata.adapters.connectors.jacquard.tabulardatasets.referencedata,org.odpi.openmetadata.adapters.connectors.jacquard.tabulardatasets,72,4,72.0,115.87952969525521
org.odpi.openmetadata.contentpacks.core.apachekafka,org.odpi.openmetadata.contentpacks.core.base,72,4,72.0,115.87952969525521
org.odpi.openmetadata.frameworks.openmetadata.properties.externalidentifiers,org.odpi.openmetadata.frameworks.openmetadata.properties,72,4,72.0,115.87952969525521
org.odpi.openmetadata.contentpacks.core,org.odpi.openmetadata.adapters.connectors.integration.basicfiles.controls,105,2,105.0,115.35429031015153
org.odpi.openmetadata.conformance.workbenches.repository,org.odpi.openmetadata.repositoryservices.connectors.stores.metadatacollectionstore.repositoryconnector,59,6,59.0,114.80869879426348
org.odpi.openmetadata.conformance.tests.repository,org.odpi.openmetadata.conformance.workbenches.repository,64,5,64.0,114.67260603059552
org.odpi.openmetadata.frameworks.openmetadata.properties.assets.referencedata,org.odpi.openmetadata.frameworks.openmetadata.properties.assets,64,5,64.0,114.67260603059552
org.odpi.openmetadata.repositoryservices.admin,org.odpi.openmetadata.repositoryservices.eventmanagement,64,5,64.0,114.67260603059552
org.odpi.openmetadata.frameworks.openmetadata.converters,org.odpi.openmetadata.frameworks.openmetadata.properties.templates,64,5,64.0,114.67260603059552
org.odpi.openmetadata.frameworks.openmetadata.properties.assets.infrastructure,org.odpi.openmetadata.frameworks.openmetadata.properties.assets,64,5,64.0,114.67260603059552
org.odpi.openmetadata.adapters.connectors.governanceactions.verification,org.odpi.openmetadata.frameworks.openmetadata.specificationproperties,55,7,55.0,114.36928479239097
org.odpi.openmetadata.adapters.connectors.apacheatlas.resource,org.odpi.openmetadata.adapters.connectors.restclients,71,4,71.0,114.27009178282113
org.odpi.openmetadata.adapters.connectors.apacheatlas.survey,org.odpi.openmetadata.frameworks.opensurvey.controls,71,4,71.0,114.27009178282113
org.odpi.openmetadata.adapters.connectors.jacquard,org.odpi.openmetadata.frameworks.openmetadata.properties.actors,71,4,71.0,114.27009178282113
org.odpi.openmetadata.frameworks.opengovernance,org.odpi.openmetadata.frameworks.auditlog,52,8,52.0,114.25567802148342
org.odpi.openmetadata.adapters.connectors.jacquard,org.odpi.openmetadata.frameworks.openmetadata.properties.datadictionaries,82,3,82.0,113.67613761183102
org.odpi.openmetadata.adapters.connectors.governanceactions.remediation,org.odpi.openmetadata.frameworks.openmetadata.types,103,2,103.0,113.15706573281531
org.odpi.openmetadata.accessservices.digitalarchitecture.fvt,org.odpi.openmetadata.fvt.utilities,63,5,63.0,112.88084656136746
org.odpi.openmetadata.utilities.serverops,org.odpi.openmetadata.governanceservers.integrationdaemonservices.properties,63,5,63.0,112.88084656136746
org.odpi.openmetadata.adapters.connectors.jacquard,org.odpi.openmetadata.frameworks.openmetadata.properties.solutions,63,5,63.0,112.88084656136746
org.odpi.openmetadata.accessservices.governanceserver.fvt,org.odpi.openmetadata.fvt.utilities,63,5,63.0,112.88084656136746
org.odpi.openmetadata.accessservices.assetmanager.samples.glossaryworkflow,org.odpi.openmetadata.frameworks.openmetadata.properties.glossaries,63,5,63.0,112.88084656136746
org.odpi.openmetadata.adapters.connectors.integration.openapis,org.odpi.openmetadata.frameworks.auditlog,63,5,63.0,112.88084656136746
org.odpi.openmetadata.governanceservers.enginehostservices.server,org.odpi.openmetadata.governanceservers.enginehostservices.enginemap,58,6,58.0,112.86278864520817
org.odpi.openmetadata.governanceservers.integrationdaemonservices.rest,org.odpi.openmetadata.commonservices.ffdc.rest,70,4,70.0,112.66065387038702
org.odpi.openmetadata.engineservices.governanceaction.ffdc,org.odpi.openmetadata.frameworks.auditlog,70,4,70.0,112.66065387038702
org.odpi.openmetadata.adapters.connectors.jacquard.ffdc,org.odpi.openmetadata.frameworks.auditlog,70,4,70.0,112.66065387038702
org.odpi.openmetadata.adapters.connectors.jacquard.tabulardatasets.openmetadatatypes,org.odpi.openmetadata.adapters.connectors.jacquard.productcatalog,70,4,70.0,112.66065387038702
org.odpi.openmetadata.adapters.connectors.datastore.basicfile,org.odpi.openmetadata.frameworks.connectors.properties.beans,70,4,70.0,112.66065387038702
org.odpi.openmetadata.userauthn.auth,org.odpi.openmetadata.frameworks.connectors.properties.users,81,3,81.0,112.28984325071113
org.odpi.openmetadata.samples.archiveutilities.clinicaltrialtemplates,org.odpi.openmetadata.frameworks.openmetadata.refdata,102,2,102.0,112.0584534441472
org.odpi.openmetadata.adminservices.registration,org.odpi.openmetadata.adminservices.ffdc,102,2,102.0,112.0584534441472
org.odpi.openmetadata.viewservices.timekeeper.server.spring,org.odpi.openmetadata.commonservices.ffdc.rest,102,2,102.0,112.0584534441472
org.odpi.openmetadata.frameworkservices.gaf.client,org.odpi.openmetadata.frameworks.auditlog,62,5,62.0,111.08908709213941
org.odpi.openmetadata.adapters.connectors.governanceactions.verification,org.odpi.openmetadata.frameworks.openmetadata.refdata,62,5,62.0,111.08908709213941
org.odpi.openmetadata.accessservices.assetmanager.fvt.dataassets,org.odpi.openmetadata.fvt.utilities,62,5,62.0,111.08908709213941
org.odpi.openmetadata.adapters.connectors.datastore.csvfile.ffdc,org.odpi.openmetadata.frameworks.auditlog.messagesets,62,5,62.0,111.08908709213941
org.odpi.openmetadata.adapters.connectors.jacquard.tabulardatasets.validmetadatavalues,org.odpi.openmetadata.frameworks.openmetadata.metadataelements,62,5,62.0,111.08908709213941
org.odpi.openmetadata.accessservices.assetowner.fvt.dataassets,org.odpi.openmetadata.fvt.utilities,62,5,62.0,111.08908709213941
org.odpi.openmetadata.frameworks.openmetadata.converters,org.odpi.openmetadata.frameworks.openmetadata.properties.translations,62,5,62.0,111.08908709213941
org.odpi.openmetadata.adapters.repositoryservices.archiveconnector.directory,org.odpi.openmetadata.frameworks.auditlog,62,5,62.0,111.08908709213941
org.odpi.openmetadata.platformservices.server,org.odpi.openmetadata.serveroperations.rest,62,5,62.0,111.08908709213941
org.odpi.openmetadata.accessservices.governanceprogram.fvt.errorhandling,org.odpi.openmetadata.frameworks.openmetadata.properties.governance,69,4,69.0,111.05121595795292
org.odpi.openmetadata.accessservices.communityprofile.fvt.errorhandling,org.odpi.openmetadata.fvt.utilities.exceptions,69,4,69.0,111.05121595795292
org.odpi.openmetadata.viewservices.subjectarea.server,org.odpi.openmetadata.commonservices.ffdc,69,4,69.0,111.05121595795292
org.odpi.openmetadata.frameworks.openmetadata.connectorcontext,org.odpi.openmetadata.frameworks.openmetadata.types,101,2,101.0,110.95984115547908
org.odpi.openmetadata.platformservices.client,org.odpi.openmetadata.adminservices.rest,57,6,57.0,110.91687849615285
org.odpi.openmetadata.adapters.connectors.integration.basicfiles,org.odpi.openmetadata.frameworks.connectors,57,6,57.0,110.91687849615285
org.odpi.openmetadata.adapters.connectors.integration.jdbc.transfer,org.odpi.openmetadata.frameworks.openmetadata.properties,160,1,160.0,110.90354888959125
org.odpi.openmetadata.frameworks.openmetadata.handlers,org.odpi.openmetadata.frameworks.openmetadata.properties.contextevents,80,3,80.0,110.90354888959125
org.odpi.openmetadata.frameworks.connectors.ffdc,org.odpi.openmetadata.frameworks.openmetadata.ffdc,80,3,80.0,110.90354888959125
org.odpi.openmetadata.contentpacks.core.unitycatalog,org.odpi.openmetadata.adapters.connectors.controls,79,3,79.0,109.51725452847136
org.odpi.openmetadata.adapters.connectors.subscriptions,org.odpi.openmetadata.frameworks.openmetadata.properties.digitalbusiness,68,4,68.0,109.44177804551882
org.odpi.openmetadata.adapters.connectors.datastore.basicfile.ffdc.exception,org.odpi.openmetadata.frameworks.connectors.ffdc,68,4,68.0,109.44177804551882
org.odpi.openmetadata.viewservices.schemamaker.server.spring,org.odpi.openmetadata.viewservices.schemamaker.server,68,4,68.0,109.44177804551882
org.odpi.openmetadata.adapters.connectors.integration.kafkaaudit,org.odpi.openmetadata.frameworks.integration.connectors,68,4,68.0,109.44177804551882
org.odpi.openmetadata.adminservices.server,org.odpi.openmetadata.adminservices.store,61,5,61.0,109.29732762291135
org.odpi.openmetadata.frameworks.connectors.ffdc,org.odpi.openmetadata.frameworks.auditlog.messagesets,56,6,56.0,108.97096834709754
org.odpi.openmetadata.viewservices.metadataexpert.server.spring,org.odpi.openmetadata.commonservices.ffdc.rest,99,2,99.0,108.76261657814287
org.odpi.openmetadata.adapters.connectors.integration.jdbc.transfer,org.odpi.openmetadata.frameworks.openmetadata.properties.schema,52,7,52.0,108.13096016735146
org.odpi.openmetadata.viewservices.myprofile.server,org.odpi.openmetadata.frameworks.openmetadata.ffdc,67,4,67.0,107.83234013308471
org.odpi.openmetadata.adapters.connectors.surveyaction.surveycsv,org.odpi.openmetadata.frameworks.opensurvey.controls,67,4,67.0,107.83234013308471
org.odpi.openmetadata.adapters.connectors.governanceactions.remediation,org.odpi.openmetadata.frameworks.connectors.ffdc,67,4,67.0,107.83234013308471
org.odpi.openmetadata.accessservices.assetmanager.fvt.connections,org.odpi.openmetadata.frameworks.openmetadata.properties.connections,67,4,67.0,107.83234013308471
org.odpi.openmetadata.adapters.connectors.integration.openlineage.ffdc,org.odpi.openmetadata.frameworks.auditlog.messagesets,60,5,60.0,107.5055681536833
org.odpi.openmetadata.adapters.connectors.dynamicarchivers.ffdc,org.odpi.openmetadata.frameworks.auditlog.messagesets,60,5,60.0,107.5055681536833
org.odpi.openmetadata.viewservices.connectionmaker.ffdc,org.odpi.openmetadata.frameworks.auditlog.messagesets,60,5,60.0,107.5055681536833
org.odpi.openmetadata.adapters.repositoryservices.archiveconnector.file.ffdc,org.odpi.openmetadata.frameworks.auditlog.messagesets,60,5,60.0,107.5055681536833
org.odpi.openmetadata.commonservices.repositoryhandler,org.odpi.openmetadata.frameworks.auditlog.messagesets,60,5,60.0,107.5055681536833
org.odpi.openmetadata.adapters.connectors.apacheatlas.survey.ffdc,org.odpi.openmetadata.frameworks.auditlog.messagesets,60,5,60.0,107.5055681536833
org.odpi.openmetadata.adapters.repositoryservices.postgres.repositoryconnector.ffdc,org.odpi.openmetadata.frameworks.auditlog.messagesets,60,5,60.0,107.5055681536833
org.odpi.openmetadata.adapters.eventbus.topic.kafka,org.odpi.openmetadata.frameworks.auditlog.messagesets,60,5,60.0,107.5055681536833
org.odpi.openmetadata.adapters.connectors.integration.kafkaaudit.ffdc,org.odpi.openmetadata.frameworks.auditlog.messagesets,60,5,60.0,107.5055681536833
org.odpi.openmetadata.adapters.repositoryservices.archiveconnector.directory.ffdc,org.odpi.openmetadata.frameworks.auditlog.messagesets,60,5,60.0,107.5055681536833
org.odpi.openmetadata.adapters.connectors.apacheatlas.integration.ffdc,org.odpi.openmetadata.frameworks.auditlog.messagesets,60,5,60.0,107.5055681536833
org.odpi.openmetadata.adapters.connectors.jacquard.tabulardatasets.ffdc,org.odpi.openmetadata.frameworks.auditlog.messagesets,60,5,60.0,107.5055681536833
org.odpi.openmetadata.frameworkservices.omf.ffdc,org.odpi.openmetadata.frameworks.auditlog.messagesets,60,5,60.0,107.5055681536833
org.odpi.openmetadata.frameworks.opensurvey.ffdc,org.odpi.openmetadata.frameworks.auditlog.messagesets,60,5,60.0,107.5055681536833
org.odpi.openmetadata.viewservices.metadataexpert.ffdc,org.odpi.openmetadata.frameworks.auditlog.messagesets,60,5,60.0,107.5055681536833
org.odpi.openmetadata.commonservices.multitenant.ffdc,org.odpi.openmetadata.frameworks.auditlog.messagesets,60,5,60.0,107.5055681536833
org.odpi.openmetadata.adapters.connectors.apachekafka.survey.ffdc,org.odpi.openmetadata.frameworks.auditlog.messagesets,60,5,60.0,107.5055681536833
org.odpi.openmetadata.serveroperations.ffdc,org.odpi.openmetadata.frameworks.auditlog.messagesets,60,5,60.0,107.5055681536833
org.odpi.openmetadata.frameworkservices.gaf.ffdc,org.odpi.openmetadata.frameworks.auditlog.messagesets,60,5,60.0,107.5055681536833
org.odpi.openmetadata.adapters.connectors.secretsstore.yaml.ffdc,org.odpi.openmetadata.frameworks.auditlog.messagesets,60,5,60.0,107.5055681536833
org.odpi.openmetadata.adapters.connectors.unitycatalog.ffdc,org.odpi.openmetadata.frameworks.auditlog.messagesets,60,5,60.0,107.5055681536833
org.odpi.openmetadata.adapters.connectors.egeriainfrastructure.extractor,org.odpi.openmetadata.adminservices.client,60,5,60.0,107.5055681536833
org.odpi.openmetadata.adapters.connectors.surveyaction.extractors,org.odpi.openmetadata.frameworks.openmetadata.properties.surveyreports,60,5,60.0,107.5055681536833
org.odpi.openmetadata.adapters.connectors.apachekafka.integration.ffdc,org.odpi.openmetadata.frameworks.auditlog.messagesets,60,5,60.0,107.5055681536833
org.odpi.openmetadata.frameworks.openwatchdog.ffdc,org.odpi.openmetadata.frameworks.auditlog.messagesets,60,5,60.0,107.5055681536833
org.odpi.openmetadata.conformance.ffdc,org.odpi.openmetadata.frameworks.auditlog.messagesets,60,5,60.0,107.5055681536833
org.odpi.openmetadata.viewservices.schemamaker.server,org.odpi.openmetadata.adminservices.configuration.registration,60,5,60.0,107.5055681536833
org.odpi.openmetadata.engineservices.governanceaction.ffdc,org.odpi.openmetadata.frameworks.auditlog.messagesets,60,5,60.0,107.5055681536833
org.odpi.openmetadata.adminservices.ffdc,org.odpi.openmetadata.frameworks.auditlog.messagesets,60,5,60.0,107.5055681536833
org.odpi.openmetadata.adapters.connectors.integration.basicfiles.ffdc,org.odpi.openmetadata.frameworks.auditlog.messagesets,60,5,60.0,107.5055681536833
org.odpi.openmetadata.viewservices.assetmaker.ffdc,org.odpi.openmetadata.frameworks.auditlog.messagesets,60,5,60.0,107.5055681536833
org.odpi.openmetadata.viewservices.solutionarchitect.server,org.odpi.openmetadata.adminservices.configuration.registration,60,5,60.0,107.5055681536833
org.odpi.openmetadata.adapters.connectors.apachekafka.resource.ffdc,org.odpi.openmetadata.frameworks.auditlog.messagesets,60,5,60.0,107.5055681536833
org.odpi.openmetadata.adapters.connectors.governanceactions.ffdc,org.odpi.openmetadata.frameworks.auditlog.messagesets,60,5,60.0,107.5055681536833
org.odpi.openmetadata.metadatasecurity.ffdc,org.odpi.openmetadata.frameworks.auditlog.messagesets,60,5,60.0,107.5055681536833
org.odpi.openmetadata.adapters.connectors.integration.openapis.ffdc,org.odpi.openmetadata.frameworks.auditlog.messagesets,60,5,60.0,107.5055681536833
org.odpi.openmetadata.adapters.connectors.integration.jdbc.ffdc,org.odpi.openmetadata.frameworks.auditlog.messagesets,60,5,60.0,107.5055681536833
org.odpi.openmetadata.viewservices.governanceofficer.ffdc,org.odpi.openmetadata.frameworks.auditlog.messagesets,60,5,60.0,107.5055681536833
org.odpi.openmetadata.repositoryservices.ffdc,org.odpi.openmetadata.frameworks.auditlog.messagesets,60,5,60.0,107.5055681536833
org.odpi.openmetadata.adapters.connectors.organizationinsight.ffdc,org.odpi.openmetadata.frameworks.auditlog.messagesets,60,5,60.0,107.5055681536833
org.odpi.openmetadata.viewservices.myprofile.server,org.odpi.openmetadata.adminservices.configuration.registration,60,5,60.0,107.5055681536833
org.odpi.openmetadata.governanceservers.enginehostservices.ffdc,org.odpi.openmetadata.frameworks.auditlog.messagesets,60,5,60.0,107.5055681536833
org.odpi.openmetadata.viewservices.assetmaker.server,org.odpi.openmetadata.adminservices.configuration.registration,60,5,60.0,107.5055681536833
org.odpi.openmetadata.engineservices.repositorygovernance.ffdc,org.odpi.openmetadata.frameworks.auditlog.messagesets,60,5,60.0,107.5055681536833
org.odpi.openmetadata.governanceservers.integrationdaemonservices.ffdc,org.odpi.openmetadata.frameworks.auditlog.messagesets,60,5,60.0,107.5055681536833
org.odpi.openmetadata.viewservices.classificationexplorer.server,org.odpi.openmetadata.adminservices.configuration.registration,60,5,60.0,107.5055681536833
org.odpi.openmetadata.viewservices.schemamaker.ffdc,org.odpi.openmetadata.frameworks.auditlog.messagesets,60,5,60.0,107.5055681536833
org.odpi.openmetadata.viewservices.lineagelinker.ffdc,org.odpi.openmetadata.frameworks.auditlog.messagesets,60,5,60.0,107.5055681536833
org.odpi.openmetadata.frameworkservices.ocf.metadatamanagement.ffdc,org.odpi.openmetadata.frameworks.auditlog.messagesets,60,5,60.0,107.5055681536833
org.odpi.openmetadata.adapters.connectors.egeriainfrastructure.ffdc,org.odpi.openmetadata.frameworks.auditlog.messagesets,60,5,60.0,107.5055681536833
org.odpi.openmetadata.adapters.connectors.postgres.ffdc,org.odpi.openmetadata.frameworks.auditlog.messagesets,60,5,60.0,107.5055681536833
org.odpi.openmetadata.frameworks.integration.ffdc,org.odpi.openmetadata.frameworks.auditlog.messagesets,60,5,60.0,107.5055681536833
org.odpi.openmetadata.engineservices.surveyaction.ffdc,org.odpi.openmetadata.frameworks.auditlog.messagesets,60,5,60.0,107.5055681536833
org.odpi.openmetadata.viewservices.feedbackmanager.ffdc,org.odpi.openmetadata.frameworks.auditlog.messagesets,60,5,60.0,107.5055681536833
org.odpi.openmetadata.samples.governanceactions.ffdc,org.odpi.openmetadata.frameworks.auditlog.messagesets,60,5,60.0,107.5055681536833
org.odpi.openmetadata.commonservices.generichandlers.ffdc,org.odpi.openmetadata.frameworks.auditlog.messagesets,60,5,60.0,107.5055681536833
org.odpi.openmetadata.engineservices.watchdogaction.ffdc,org.odpi.openmetadata.frameworks.auditlog.messagesets,60,5,60.0,107.5055681536833
org.odpi.openmetadata.viewservices.externallinks.ffdc,org.odpi.openmetadata.frameworks.auditlog.messagesets,60,5,60.0,107.5055681536833
org.odpi.openmetadata.adapters.connectors.resource.jdbc.ffdc,org.odpi.openmetadata.frameworks.auditlog.messagesets,60,5,60.0,107.5055681536833
org.odpi.openmetadata.viewservices.classificationexplorer.ffdc,org.odpi.openmetadata.frameworks.auditlog.messagesets,60,5,60.0,107.5055681536833
org.odpi.openmetadata.viewservices.myprofile.ffdc,org.odpi.openmetadata.frameworks.auditlog.messagesets,60,5,60.0,107.5055681536833
org.odpi.openmetadata.adapters.connectors.integration.csvlineageimporter.ffdc,org.odpi.openmetadata.frameworks.auditlog.messagesets,60,5,60.0,107.5055681536833
org.odpi.openmetadata.viewservices.actormanager.ffdc,org.odpi.openmetadata.frameworks.auditlog.messagesets,60,5,60.0,107.5055681536833
org.odpi.openmetadata.adapters.connectors.babbage.ffdc,org.odpi.openmetadata.frameworks.auditlog.messagesets,55,6,55.0,107.02505819804223
org.odpi.openmetadata.viewservices.automatedcuration.handlers,org.odpi.openmetadata.frameworks.openmetadata.mermaid,55,6,55.0,107.02505819804223
org.odpi.openmetadata.frameworks.opengovernance.properties,org.odpi.openmetadata.frameworks.openmetadata.specificationproperties,55,6,55.0,107.02505819804223
org.odpi.openmetadata.adapters.connectors.externalharvesters.harvestopenmetadata.ffdc,org.odpi.openmetadata.frameworks.auditlog.messagesets,55,6,55.0,107.02505819804223
org.odpi.openmetadata.adapters.connectors.jacquard.ffdc,org.odpi.openmetadata.frameworks.auditlog.messagesets,55,6,55.0,107.02505819804223
org.odpi.openmetadata.adapters.connectors.externalharvesters.harvestsurveys.ffdc,org.odpi.openmetadata.frameworks.auditlog.messagesets,55,6,55.0,107.02505819804223
org.odpi.openmetadata.adapters.repositoryservices.readonly.repositoryconnector,org.odpi.openmetadata.repositoryservices.ffdc.exception,154,1,154.0,106.74466580623158
org.odpi.openmetadata.frameworks.openmetadata.connectorcontext,org.odpi.openmetadata.frameworks.openmetadata.properties.actors,97,2,97.0,106.56539200080665
org.odpi.openmetadata.adapters.repositoryservices.cohortregistrystore.file,org.odpi.openmetadata.repositoryservices.connectors.stores.cohortregistrystore,66,4,66.0,106.22290222065062
org.odpi.openmetadata.repositoryservices.rest.server,org.odpi.openmetadata.tokencontroller,66,4,66.0,106.22290222065062
org.odpi.openmetadata.frameworkservices.ocf.metadatamanagement.server,org.odpi.openmetadata.commonservices.multitenant,66,4,66.0,106.22290222065062
org.odpi.openmetadata.frameworkservices.omf.ffdc,org.odpi.openmetadata.frameworks.auditlog,66,4,66.0,106.22290222065062
org.odpi.openmetadata.accessservices.governanceprogram.samples.leadership,org.odpi.openmetadata.frameworks.openmetadata.search,66,4,66.0,106.22290222065062
org.odpi.openmetadata.adapters.connectors.governanceactions.provisioning,org.odpi.openmetadata.frameworks.connectors.tabulardatasets,66,4,66.0,106.22290222065062
org.odpi.openmetadata.frameworks.openmetadata.properties.schema.events,org.odpi.openmetadata.frameworks.openmetadata.properties.schema,66,4,66.0,106.22290222065062
org.odpi.openmetadata.adapters.connectors.wedgwood,org.odpi.openmetadata.frameworks.connectors.tabulardatasets,66,4,66.0,106.22290222065062
org.odpi.openmetadata.frameworks.openmetadata.properties.dataprocessing,org.odpi.openmetadata.frameworks.openmetadata.properties,66,4,66.0,106.22290222065062
org.odpi.openmetadata.frameworks.openmetadata.api,org.odpi.openmetadata.frameworks.openmetadata.search,153,1,153.0,106.05151862567163
org.odpi.openmetadata.adapters.connectors.restclients.spring,org.odpi.openmetadata.frameworks.auditlog.requestid,59,5,59.0,105.71380868445524
org.odpi.openmetadata.adapters.connectors.integration.openlineage,org.odpi.openmetadata.frameworks.openmetadata.events,59,5,59.0,105.71380868445524
org.odpi.openmetadata.repositoryservices.clients,org.odpi.openmetadata.repositoryservices.ffdc,96,2,96.0,105.46677971213853
org.odpi.openmetadata.repositoryservices.connectors.stores.metadatacollectionstore.repositoryconnector,org.odpi.openmetadata.frameworks.openmetadata.ffdc,96,2,96.0,105.46677971213853
org.odpi.openmetadata.adapters.connectors.integration.basicfiles,org.odpi.openmetadata.frameworks.openmetadata.controls,96,2,96.0,105.46677971213853
org.odpi.openmetadata.viewservices.digitalbusiness.server,org.odpi.openmetadata.commonservices.multitenant,76,3,76.0,105.35837144511169
org.odpi.openmetadata.adapters.connectors.postgres.catalog,org.odpi.openmetadata.frameworks.openmetadata.search,76,3,76.0,105.35837144511169
org.odpi.openmetadata.repositoryservices.connectors.stores.auditlogstore,org.odpi.openmetadata.repositoryservices.ffdc.exception,65,4,65.0,104.61346430821652
org.odpi.openmetadata.governanceservers.integrationdaemonservices.server,org.odpi.openmetadata.governanceservers.integrationdaemonservices.ffdc,95,2,95.0,104.36816742347042
org.odpi.openmetadata.adapters.connectors.unitycatalog.sync,org.odpi.openmetadata.frameworks.openmetadata.properties,75,3,75.0,103.97207708399179
org.odpi.openmetadata.contentpacks.core,org.odpi.openmetadata.adapters.connectors.secretsstore.yaml,75,3,75.0,103.97207708399179
org.odpi.openmetadata.frameworks.opengovernance,org.odpi.openmetadata.frameworks.openmetadata.refdata,58,5,58.0,103.92204921522719
org.odpi.openmetadata.commonservices.ffdc.rest,org.odpi.openmetadata.commonservices.ffdc,58,5,58.0,103.92204921522719
org.odpi.openmetadata.contentpacks.core.egeria,org.odpi.openmetadata.samples.archiveutilities,94,2,94.0,103.26955513480232
org.odpi.openmetadata.frameworkservices.ocf.metadatamanagement.server,org.odpi.openmetadata.commonservices.generichandlers,53,6,53.0,103.1332378999316
org.odpi.openmetadata.viewservices.myprofile.server.spring,org.odpi.openmetadata.viewservices.myprofile.server,64,4,64.0,103.00402639578242
org.odpi.openmetadata.contentpacks.core.openlineage,org.odpi.openmetadata.contentpacks.core.base,64,4,64.0,103.00402639578242
org.odpi.openmetadata.adapters.connectors.restclients.spring,org.odpi.openmetadata.frameworks.auditlog,64,4,64.0,103.00402639578242
org.odpi.openmetadata.viewservices.locationarena.server.spring,org.odpi.openmetadata.viewservices.locationarena.server,64,4,64.0,103.00402639578242
org.odpi.openmetadata.adapters.connectors.apacheatlas.survey,org.odpi.openmetadata.frameworks.openmetadata.connectorcontext,64,4,64.0,103.00402639578242
org.odpi.openmetadata.adapters.connectors.postgres.tabulardatasource,org.odpi.openmetadata.frameworks.connectors.ffdc,64,4,64.0,103.00402639578242
org.odpi.openmetadata.viewservices.automatedcuration.server.spring,org.odpi.openmetadata.viewservices.automatedcuration.server,64,4,64.0,103.00402639578242
org.odpi.openmetadata.repositoryservices.rest.server,org.odpi.openmetadata.frameworks.auditlog.messagesets,74,3,74.0,102.5857827228719
org.odpi.openmetadata.adapters.connectors.externalharvesters.harvestsurveys,org.odpi.openmetadata.frameworks.openmetadata.search,148,1,148.0,102.5857827228719
org.odpi.openmetadata.adapters.connectors.egeriainfrastructure.servers,org.odpi.openmetadata.adapters.connectors.egeriainfrastructure.control,74,3,74.0,102.5857827228719
org.odpi.openmetadata.viewservices.validmetadata.server.spring,org.odpi.openmetadata.commonservices.ffdc.rest,93,2,93.0,102.17094284613421
org.odpi.openmetadata.frameworks.openmetadata.handlers,org.odpi.openmetadata.frameworks.openmetadata.specificationproperties,57,5,57.0,102.13028974599914
org.odpi.openmetadata.adapters.connectors.postgres.survey,org.odpi.openmetadata.frameworks.connectors,57,5,57.0,102.13028974599914
org.odpi.openmetadata.repositoryservices.connectors.stores.metadatacollectionstore.repositoryeventmapper,org.odpi.openmetadata.frameworks.connectors,57,5,57.0,102.13028974599914
org.odpi.openmetadata.viewservices.glossarymanager.server,org.odpi.openmetadata.viewservices.glossarymanager.rest,57,5,57.0,102.13028974599914
org.odpi.openmetadata.adapters.connectors.apacheatlas.resource,org.odpi.openmetadata.adapters.connectors.apacheatlas.resource.ffdc,57,5,57.0,102.13028974599914
org.odpi.openmetadata.adapters.connectors.integration.jdbc.transfer,org.odpi.openmetadata.frameworks.openmetadata.properties.schema.databases,57,5,57.0,102.13028974599914
org.odpi.openmetadata.accessservices.assetconsumer.samples.readcsvfile,org.odpi.openmetadata.adapters.connectors.datastore.csvfile,49,7,49.0,101.89263554231195
org.odpi.openmetadata.adapters.connectors.governanceactions.stewardship,org.odpi.openmetadata.frameworks.connectors.ffdc,63,4,63.0,101.39458848334831
org.odpi.openmetadata.platformchassis.springboot.ffdc,org.odpi.openmetadata.commonservices.ffdc.rest,63,4,63.0,101.39458848334831
org.odpi.openmetadata.adapters.repositoryservices.auditlogstore.slf4j,org.odpi.openmetadata.frameworks.auditlog,73,3,73.0,101.19948836175202
org.odpi.openmetadata.adapters.connectors.postgres.catalog,org.odpi.openmetadata.frameworks.openmetadata.connectorcontext,73,3,73.0,101.19948836175202
org.odpi.openmetadata.repositoryservices.ffdc.exception,org.odpi.openmetadata.repositoryservices.connectors.stores.metadatacollectionstore.properties.instances,73,3,73.0,101.19948836175202
org.odpi.openmetadata.repositoryservices.metadatahighway,org.odpi.openmetadata.repositoryservices.ffdc.exception,73,3,73.0,101.19948836175202
org.odpi.openmetadata.frameworkservices.ocf.metadatamanagement.client,org.odpi.openmetadata.commonservices.ffdc.rest,52,6,52.0,101.18732775087629
org.odpi.openmetadata.repositoryservices.rest.services,org.odpi.openmetadata.frameworks.auditlog,52,6,52.0,101.18732775087629
org.odpi.openmetadata.repositoryservices.eventmanagement,org.odpi.openmetadata.repositoryservices.ffdc,92,2,92.0,101.0723305574661
org.odpi.openmetadata.viewservices.runtimemanager.server,org.odpi.openmetadata.adminservices.configuration.registration,56,5,56.0,100.33853027677108
org.odpi.openmetadata.viewservices.datadesigner.server,org.odpi.openmetadata.adminservices.configuration.registration,56,5,56.0,100.33853027677108
org.odpi.openmetadata.frameworkservices.ocf.metadatamanagement.server,org.odpi.openmetadata.commonservices.ffdc.rest,56,5,56.0,100.33853027677108
org.odpi.openmetadata.adapters.connectors.apacheatlas.integration.modules,org.odpi.openmetadata.frameworks.openmetadata.properties.schema.databases,56,5,56.0,100.33853027677108
org.odpi.openmetadata.adapters.connectors.baudot,org.odpi.openmetadata.frameworks.auditlog.messagesets,56,5,56.0,100.33853027677108
org.odpi.openmetadata.adminservices.client,org.odpi.openmetadata.frameworks.auditlog,91,2,91.0,99.973718268798
org.odpi.openmetadata.adapters.connectors.egeriainfrastructure.platform.catalog,org.odpi.openmetadata.frameworks.openmetadata.properties,144,1,144.0,99.81319400063212
org.odpi.openmetadata.accessservices.assetmanager.fvt.connections,org.odpi.openmetadata.frameworks.openmetadata.properties,144,1,144.0,99.81319400063212
org.odpi.openmetadata.engineservices.governanceaction.handlers,org.odpi.openmetadata.adminservices.configuration.properties,72,3,72.0,99.81319400063212
org.odpi.openmetadata.repositoryservices.connectors.omrstopic,org.odpi.openmetadata.repositoryservices.events.future,48,7,48.0,99.81319400063211
org.odpi.openmetadata.repositoryservices.localrepository.repositoryconnector,org.odpi.openmetadata.frameworks.connectors,48,7,48.0,99.81319400063211
org.odpi.openmetadata.governanceservers.enginehostservices.enginemap,org.odpi.openmetadata.frameworkservices.gaf.client,48,7,48.0,99.81319400063211
org.odpi.openmetadata.samples.governanceactions.clinicaltrials.metadata,org.odpi.openmetadata.frameworks.auditlog,48,7,48.0,99.81319400063211
org.odpi.openmetadata.repositoryservices.rest.properties,org.odpi.openmetadata.repositoryservices.connectors.stores.metadatacollectionstore.properties.search,48,7,48.0,99.81319400063211
org.odpi.openmetadata.adapters.connectors.integration.openapis.ffdc,org.odpi.openmetadata.frameworks.auditlog,62,4,62.0,99.78515057091421
org.odpi.openmetadata.conformance.tests.repository,org.odpi.openmetadata.conformance.beans,62,4,62.0,99.78515057091421
org.odpi.openmetadata.engineservices.watchdogaction.ffdc,org.odpi.openmetadata.frameworks.auditlog,62,4,62.0,99.78515057091421
org.odpi.openmetadata.frameworkservices.gaf.converters,org.odpi.openmetadata.frameworks.openmetadata.types,90,2,90.0,98.87510598012987
org.odpi.openmetadata.frameworks.openwatchdog,org.odpi.openmetadata.frameworks.opengovernance.properties,55,5,55.0,98.54677080754303
org.odpi.openmetadata.adapters.connectors.jacquard.tabulardatasets,org.odpi.openmetadata.frameworks.openmetadata.connectorcontext,55,5,55.0,98.54677080754303
org.odpi.openmetadata.adapters.connectors.wedgwood,org.odpi.openmetadata.frameworks.openmetadata.refdata,55,5,55.0,98.54677080754303
org.odpi.openmetadata.adapters.connectors.integration.openlineage,org.odpi.openmetadata.frameworks.integration.context,55,5,55.0,98.54677080754303
org.odpi.openmetadata.adapters.connectors.unitycatalog.resource.rest,org.odpi.openmetadata.adapters.connectors.unitycatalog.properties,55,5,55.0,98.54677080754303
org.odpi.openmetadata.conformance.workbenches.repository.listener,org.odpi.openmetadata.conformance.tests.repository.types,71,3,71.0,98.42689963951223
org.odpi.openmetadata.viewservices.securityofficer.server,org.odpi.openmetadata.frameworks.connectors.client,61,4,61.0,98.17571265848012
org.odpi.openmetadata.utilities.serverops,org.odpi.openmetadata.platformservices.client,61,4,61.0,98.17571265848012
org.odpi.openmetadata.frameworks.openmetadata.properties.assets,org.odpi.openmetadata.frameworks.openmetadata.types,89,2,89.0,97.77649369146177
org.odpi.openmetadata.viewservices.runtimemanager.server,org.odpi.openmetadata.frameworks.connectors,89,2,89.0,97.77649369146177
org.odpi.openmetadata.repositoryservices.admin,org.odpi.openmetadata.repositoryservices.enterprise.connectormanager,47,7,47.0,97.73375245895228
org.odpi.openmetadata.adapters.connectors.integration.basicfiles,org.odpi.openmetadata.adapters.connectors.integration.basicfiles.ffdc.exception,50,6,50.0,97.29550745276566
org.odpi.openmetadata.frameworks.opengovernance,org.odpi.openmetadata.frameworks.connectors,50,6,50.0,97.29550745276566
org.odpi.openmetadata.adapters.connectors.integration.basicfiles,org.odpi.openmetadata.repositoryservices.connectors.stores.archivestore.properties,70,3,70.0,97.04060527839233
org.odpi.openmetadata.accessservices.digitalarchitecture.fvt.validvalues,org.odpi.openmetadata.frameworks.openmetadata.properties,140,1,140.0,97.04060527839233
org.odpi.openmetadata.frameworks.openmetadata.converters,org.odpi.openmetadata.frameworks.openmetadata.properties.communities,54,5,54.0,96.75501133831497
org.odpi.openmetadata.frameworks.openmetadata.converters,org.odpi.openmetadata.frameworks.openmetadata.properties.resources,54,5,54.0,96.75501133831497
org.odpi.openmetadata.conformance.workbenches.repository.connectorconsumer,org.odpi.openmetadata.conformance.workbenches.repository,54,5,54.0,96.75501133831497
org.odpi.openmetadata.adapters.connectors.apacheatlas.integration.modules,org.odpi.openmetadata.frameworks.connectors.properties.beans,54,5,54.0,96.75501133831497
org.odpi.openmetadata.frameworks.openmetadata.properties.schema.databases,org.odpi.openmetadata.frameworks.openmetadata.properties.schema,54,5,54.0,96.75501133831497
org.odpi.openmetadata.frameworks.openmetadata.converters,org.odpi.openmetadata.frameworks.openmetadata.properties.informationsupplychains,54,5,54.0,96.75501133831497
org.odpi.openmetadata.repositoryservices.localrepository.repositorycontentmanager,org.odpi.openmetadata.repositoryservices.connectors.stores.metadatacollectionstore.utilities,54,5,54.0,96.75501133831497
org.odpi.openmetadata.adapters.connectors.governanceactions.stewardship,org.odpi.openmetadata.adapters.connectors.governanceactions.ffdc,88,2,88.0,96.67788140279366
org.odpi.openmetadata.contentpacks.core.apacheatlas,org.odpi.openmetadata.contentpacks.core,88,2,88.0,96.67788140279366
org.odpi.openmetadata.contentpacks.core.apachekafka,org.odpi.openmetadata.contentpacks.core,88,2,88.0,96.67788140279366
org.odpi.openmetadata.adapters.repositoryservices.postgres.repositoryconnector.mappers,org.odpi.openmetadata.adapters.repositoryservices.postgres.repositoryconnector.ffdc,88,2,88.0,96.67788140279366
org.odpi.openmetadata.frameworks.openmetadata.properties.translations,org.odpi.openmetadata.frameworks.openmetadata.properties,60,4,60.0,96.56627474604602
org.odpi.openmetadata.accessservices.assetmanager.fvt.common,org.odpi.openmetadata.frameworks.openmetadata.metadataelements,60,4,60.0,96.56627474604602
org.odpi.openmetadata.contentpacks.core.digitalproducts,org.odpi.openmetadata.contentpacks.core.base,60,4,60.0,96.56627474604602
org.odpi.openmetadata.frameworks.openmetadata.properties.implementations,org.odpi.openmetadata.frameworks.openmetadata.properties,60,4,60.0,96.56627474604602
org.odpi.openmetadata.repositoryservices.admin,org.odpi.openmetadata.adapters.repositoryservices,60,4,60.0,96.56627474604602
org.odpi.openmetadata.viewservices.actionauthor.server,org.odpi.openmetadata.tokencontroller,60,4,60.0,96.56627474604602
org.odpi.openmetadata.governanceservers.integrationdaemonservices.server.spring,org.odpi.openmetadata.governanceservers.integrationdaemonservices.server,60,4,60.0,96.56627474604602
org.odpi.openmetadata.frameworks.openmetadata.properties.resources,org.odpi.openmetadata.frameworks.openmetadata.properties,60,4,60.0,96.56627474604602
org.odpi.openmetadata.repositoryservices.localrepository.repositoryconnector,org.odpi.openmetadata.repositoryservices.connectors.stores.metadatacollectionstore.properties,69,3,69.0,95.65431091727245
org.odpi.openmetadata.frameworks.openmetadata.properties.digitalbusiness,org.odpi.openmetadata.frameworks.openmetadata.types,87,2,87.0,95.57926911412555
org.odpi.openmetadata.frameworks.opensurvey,org.odpi.openmetadata.frameworks.opensurvey.ffdc,87,2,87.0,95.57926911412555
org.odpi.openmetadata.governanceservers.integrationdaemonservices.handlers,org.odpi.openmetadata.governanceservers.integrationdaemonservices.ffdc,87,2,87.0,95.57926911412555
org.odpi.openmetadata.frameworks.opensurvey,org.odpi.openmetadata.frameworks.openmetadata.types,87,2,87.0,95.57926911412555
org.odpi.openmetadata.adapters.repositoryservices.postgres.repositoryconnector,org.odpi.openmetadata.adapters.repositoryservices.postgres.repositoryconnector.ffdc,87,2,87.0,95.57926911412555
org.odpi.openmetadata.adapters.connectors.governanceactions.provisioning,org.odpi.openmetadata.adapters.connectors.governanceactions.ffdc,87,2,87.0,95.57926911412555
org.odpi.openmetadata.engineservices.surveyaction.handlers,org.odpi.openmetadata.frameworks.openmetadata.properties,49,6,49.0,95.34959730371035
org.odpi.openmetadata.repositoryservices.events,org.odpi.openmetadata.frameworks.connectors.properties.beans,53,5,53.0,94.96325186908692
org.odpi.openmetadata.frameworks.openmetadata.converters,org.odpi.openmetadata.frameworks.openmetadata.properties.implementations,53,5,53.0,94.96325186908692
org.odpi.openmetadata.accessservices.governanceprogram.fvt,org.odpi.openmetadata.fvt.utilities,53,5,53.0,94.96325186908692
org.odpi.openmetadata.adapters.connectors.egeriainfrastructure.extractor,org.odpi.openmetadata.serveroperations.properties,53,5,53.0,94.96325186908692
org.odpi.openmetadata.adapters.connectors.governanceactions.watchdog,org.odpi.openmetadata.frameworks.openmetadata.search,53,5,53.0,94.96325186908692
org.odpi.openmetadata.repositoryservices.localrepository.repositorycontentmanager,org.odpi.openmetadata.repositoryservices.connectors.stores.metadatacollectionstore,59,4,59.0,94.95683683361192
org.odpi.openmetadata.viewservices.actionauthor.server,org.odpi.openmetadata.frameworks.auditlog,59,4,59.0,94.95683683361192
org.odpi.openmetadata.accessservices.assetmanager.fvt.dataassets,org.odpi.openmetadata.frameworks.openmetadata.properties.assets,59,4,59.0,94.95683683361192
org.odpi.openmetadata.frameworks.openmetadata.properties.validvalues,org.odpi.openmetadata.frameworks.openmetadata.types,86,2,86.0,94.48065682545744
org.odpi.openmetadata.adapters.connectors.unitycatalog.provision,org.odpi.openmetadata.adapters.connectors.unitycatalog.controls,68,3,68.0,94.26801655615256
org.odpi.openmetadata.adapters.connectors.postgres.tabulardatasource,org.odpi.openmetadata.adapters.connectors.resource.jdbc.ddl.postgres,45,7,45.0,93.57486937559261
org.odpi.openmetadata.repositoryservices.admin,org.odpi.openmetadata.repositoryservices.connectors.omrstopic,45,7,45.0,93.57486937559261
org.odpi.openmetadata.viewservices.lineagelinker.server,org.odpi.openmetadata.frameworks.openmetadata.handlers,48,6,48.0,93.40368715465503
org.odpi.openmetadata.adapters.connectors.integration.jdbc.transfer,org.odpi.openmetadata.frameworks.openmetadata.properties.assets.databases,48,6,48.0,93.40368715465503
org.odpi.openmetadata.viewservices.assetcatalog.rest,org.odpi.openmetadata.commonservices.ffdc.rest,58,4,58.0,93.34739892117781
org.odpi.openmetadata.adapters.connectors.unitycatalog.sync,org.odpi.openmetadata.frameworks.openmetadata.enums,58,4,58.0,93.34739892117781
org.odpi.openmetadata.frameworkservices.gaf.ffdc,org.odpi.openmetadata.frameworks.auditlog,58,4,58.0,93.34739892117781
org.odpi.openmetadata.engineservices.surveyaction.ffdc,org.odpi.openmetadata.frameworks.auditlog,58,4,58.0,93.34739892117781
org.odpi.openmetadata.adapters.connectors.apachekafka.integration.ffdc,org.odpi.openmetadata.frameworks.auditlog,58,4,58.0,93.34739892117781
org.odpi.openmetadata.viewservices.timekeeper.server,org.odpi.openmetadata.adminservices.configuration.registration,52,5,52.0,93.17149239985886
org.odpi.openmetadata.viewservices.metadataexpert.server,org.odpi.openmetadata.adminservices.configuration.registration,52,5,52.0,93.17149239985886
org.odpi.openmetadata.repositoryservices.admin,org.odpi.openmetadata.frameworks.connectors.properties.beans,52,5,52.0,93.17149239985886
org.odpi.openmetadata.frameworks.openmetadata.properties.assets.processes.connectors,org.odpi.openmetadata.frameworks.openmetadata.enums,52,5,52.0,93.17149239985886
org.odpi.openmetadata.viewservices.lineagelinker.server,org.odpi.openmetadata.adminservices.configuration.registration,52,5,52.0,93.17149239985886
org.odpi.openmetadata.viewservices.collectionmanager.server,org.odpi.openmetadata.adminservices.configuration.registration,52,5,52.0,93.17149239985886
org.odpi.openmetadata.viewservices.glossarymanager.server,org.odpi.openmetadata.adminservices.configuration.registration,52,5,52.0,93.17149239985886
org.odpi.openmetadata.governanceservers.integrationdaemonservices.handlers,org.odpi.openmetadata.governanceservers.integrationdaemonservices.threads,52,5,52.0,93.17149239985886
org.odpi.openmetadata.viewservices.securityofficer.server,org.odpi.openmetadata.adminservices.configuration.registration,52,5,52.0,93.17149239985886
org.odpi.openmetadata.frameworks.integration.iterator,org.odpi.openmetadata.frameworks.openmetadata.connectorcontext,67,3,67.0,92.88172219503267
org.odpi.openmetadata.adapters.connectors.egeriainfrastructure.platform.catalog,org.odpi.openmetadata.frameworks.connectors,57,4,57.0,91.73796100874371
org.odpi.openmetadata.frameworkservices.omf.server,org.odpi.openmetadata.frameworks.openmetadata.mermaid,57,4,57.0,91.73796100874371
org.odpi.openmetadata.adapters.connectors.apachekafka.survey.controls,org.odpi.openmetadata.frameworks.openmetadata.specificationproperties,44,7,44.0,91.49542783391277
org.odpi.openmetadata.governanceservers.enginehostservices.admin,org.odpi.openmetadata.frameworks.connectors,44,7,44.0,91.49542783391277
org.odpi.openmetadata.accessservices.datamanager.fvt.errorhandling,org.odpi.openmetadata.frameworks.openmetadata.properties.softwarecapabilities,66,3,66.0,91.49542783391277
org.odpi.openmetadata.adapters.repositoryservices.auditlogstore.postgres,org.odpi.openmetadata.repositoryservices.connectors.stores.auditlogstore,47,6,47.0,91.45777700559972
org.odpi.openmetadata.adapters.connectors.egeriainfrastructure.platform.catalog,org.odpi.openmetadata.frameworks.openmetadata.properties.assets.infrastructure,47,6,47.0,91.45777700559972
org.odpi.openmetadata.frameworks.openmetadata.connectorcontext,org.odpi.openmetadata.frameworks.openmetadata.filelistener,47,6,47.0,91.45777700559972
org.odpi.openmetadata.governanceservers.enginehostservices.enginemap,org.odpi.openmetadata.governanceservers.enginehostservices.admin,47,6,47.0,91.45777700559972
org.odpi.openmetadata.samples.governanceactions.clinicaltrials,org.odpi.openmetadata.frameworks.opensurvey.measurements,51,5,51.0,91.37973293063081
org.odpi.openmetadata.samples.governanceactions.clinicaltrials,org.odpi.openmetadata.frameworks.openmetadata.controls,83,2,83.0,91.18481995945311
org.odpi.openmetadata.repositoryservices.connectors.stores.auditlogstore,org.odpi.openmetadata.frameworks.openmetadata.ffdc,56,4,56.0,90.12852309630962
org.odpi.openmetadata.frameworks.openmetadata.properties.communities,org.odpi.openmetadata.frameworks.openmetadata.properties.actors,56,4,56.0,90.12852309630962
org.odpi.openmetadata.governanceservers.enginehostservices.server,org.odpi.openmetadata.adminservices.ffdc.exception,56,4,56.0,90.12852309630962
org.odpi.openmetadata.viewservices.metadataexpert.rest,org.odpi.openmetadata.commonservices.ffdc.rest,56,4,56.0,90.12852309630962
org.odpi.openmetadata.governanceservers.integrationdaemonservices.listener,org.odpi.openmetadata.frameworks.openmetadata.events,56,4,56.0,90.12852309630962
org.odpi.openmetadata.frameworks.integration.connectors,org.odpi.openmetadata.frameworks.openmetadata.properties.assets.processes.connectors,56,4,56.0,90.12852309630962
org.odpi.openmetadata.adapters.connectors.datastore.csvfile,org.odpi.openmetadata.frameworks.openmetadata.controls,65,3,65.0,90.10913347279289
org.odpi.openmetadata.repositoryservices.metadatahighway.cohortregistry,org.odpi.openmetadata.repositoryservices.ffdc,82,2,82.0,90.086207670785
org.odpi.openmetadata.frameworks.openwatchdog,org.odpi.openmetadata.frameworks.opengovernance.handlers,50,5,50.0,89.58797346140275
org.odpi.openmetadata.adapters.repositoryservices.auditlogstore.console,org.odpi.openmetadata.repositoryservices.connectors.stores.auditlogstore,50,5,50.0,89.58797346140275
org.odpi.openmetadata.frameworks.opengovernance.controls,org.odpi.openmetadata.frameworks.openmetadata.refdata,50,5,50.0,89.58797346140275
org.odpi.openmetadata.frameworks.opensurvey,org.odpi.openmetadata.frameworks.connectors.properties.beans,46,6,46.0,89.51186685654442
org.odpi.openmetadata.viewservices.subjectarea.server,org.odpi.openmetadata.frameworks.openmetadata.handlers,46,6,46.0,89.51186685654442
org.odpi.openmetadata.frameworkservices.gaf.connectors.outtopic,org.odpi.openmetadata.frameworks.openmetadata.events,46,6,46.0,89.51186685654442
org.odpi.openmetadata.adapters.connectors.jacquard,org.odpi.openmetadata.frameworks.integration.properties,46,6,46.0,89.51186685654442
org.odpi.openmetadata.frameworkservices.omf.connectors.outtopic,org.odpi.openmetadata.frameworks.openmetadata.events,46,6,46.0,89.51186685654442
org.odpi.openmetadata.adapters.connectors.egeriainfrastructure.platform.catalog,org.odpi.openmetadata.frameworks.openmetadata.controls,81,2,81.0,88.9875953821169
org.odpi.openmetadata.frameworks.openmetadata.properties.designmodels,org.odpi.openmetadata.frameworks.openmetadata.types,81,2,81.0,88.9875953821169
org.odpi.openmetadata.viewservices.runtimemanager.server,org.odpi.openmetadata.adapters.connectors.egeriainfrastructure.servers,64,3,64.0,88.722839111673
org.odpi.openmetadata.accessservices.digitalarchitecture.fvt.connections,org.odpi.openmetadata.frameworks.openmetadata.properties.connections,64,3,64.0,88.722839111673
org.odpi.openmetadata.frameworks.openmetadata.api,org.odpi.openmetadata.frameworks.openmetadata.properties,64,3,64.0,88.722839111673
org.odpi.openmetadata.repositoryservices.archiveutilities,org.odpi.openmetadata.repositoryservices.connectors.stores.metadatacollectionstore.properties,128,1,128.0,88.722839111673
org.odpi.openmetadata.engineservices.surveyaction.handlers,org.odpi.openmetadata.frameworks.openmetadata.ffdc,55,4,55.0,88.51908518387552
org.odpi.openmetadata.accessservices.assetowner.fvt.dataassets,org.odpi.openmetadata.frameworks.openmetadata.properties.assets,55,4,55.0,88.51908518387552
org.odpi.openmetadata.frameworks.openmetadata.properties.datadictionaries,org.odpi.openmetadata.frameworks.openmetadata.properties.collections,55,4,55.0,88.51908518387552
org.odpi.openmetadata.adapters.connectors.surveyaction.surveyfolder,org.odpi.openmetadata.frameworks.openmetadata.search,55,4,55.0,88.51908518387552
org.odpi.openmetadata.frameworks.openmetadata.properties.assets.processes.actions,org.odpi.openmetadata.frameworks.openmetadata.types,80,2,80.0,87.88898309344879
org.odpi.openmetadata.frameworks.openmetadata.properties.glossaries,org.odpi.openmetadata.frameworks.openmetadata.types,80,2,80.0,87.88898309344879
org.odpi.openmetadata.frameworks.openmetadata.events,org.odpi.openmetadata.frameworks.openmetadata.metadataelements,49,5,49.0,87.7962139921747
org.odpi.openmetadata.accessservices.assetowner.fvt.assets,org.odpi.openmetadata.frameworks.openmetadata.properties.assets,49,5,49.0,87.7962139921747
org.odpi.openmetadata.governanceservers.integrationdaemonservices.handlers,org.odpi.openmetadata.frameworks.openmetadata.ffdc,49,5,49.0,87.7962139921747
org.odpi.openmetadata.adapters.repositoryservices.auditlogstore.file,org.odpi.openmetadata.repositoryservices.connectors.stores.auditlogstore,45,6,45.0,87.5659567074891
org.odpi.openmetadata.commonservices.ffdc,org.odpi.openmetadata.frameworks.auditlog,45,6,45.0,87.5659567074891
org.odpi.openmetadata.governanceservers.enginehostservices.server,org.odpi.openmetadata.governanceservers.enginehostservices.properties,42,7,42.0,87.3365447505531
org.odpi.openmetadata.adapters.connectors.organizationinsight.karmapoints,org.odpi.openmetadata.frameworks.openmetadata.connectorcontext,63,3,63.0,87.3365447505531
org.odpi.openmetadata.adapters.repositoryservices.cohortregistrystore.file.ffdc,org.odpi.openmetadata.frameworks.auditlog,54,4,54.0,86.90964727144141
org.odpi.openmetadata.accessservices.assetowner.fvt.validmetadatavalues,org.odpi.openmetadata.fvt.utilities.exceptions,54,4,54.0,86.90964727144141
org.odpi.openmetadata.adapters.connectors.egeriainfrastructure.platform.catalog,org.odpi.openmetadata.frameworks.openmetadata.properties.softwarecapabilities,54,4,54.0,86.90964727144141
org.odpi.openmetadata.viewservices.securityofficer.server,org.odpi.openmetadata.tokencontroller,54,4,54.0,86.90964727144141
org.odpi.openmetadata.engineservices.repositorygovernance.ffdc,org.odpi.openmetadata.frameworks.auditlog,54,4,54.0,86.90964727144141
org.odpi.openmetadata.adapters.connectors.apacheatlas.integration.modules,org.odpi.openmetadata.frameworks.connectors.ffdc,54,4,54.0,86.90964727144141
org.odpi.openmetadata.viewservices.templatemanager.server,org.odpi.openmetadata.tokencontroller,54,4,54.0,86.90964727144141
org.odpi.openmetadata.adapters.connectors.egeriainfrastructure.platform.catalog,org.odpi.openmetadata.adapters.connectors.controls,79,2,79.0,86.79037080478068
org.odpi.openmetadata.viewservices.assetcatalog.server,org.odpi.openmetadata.adminservices.configuration.registration,48,5,48.0,86.00445452294665
org.odpi.openmetadata.viewservices.dataofficer.server,org.odpi.openmetadata.adminservices.configuration.registration,48,5,48.0,86.00445452294665
org.odpi.openmetadata.viewservices.peopleorganizer.server,org.odpi.openmetadata.adminservices.configuration.registration,48,5,48.0,86.00445452294665
org.odpi.openmetadata.viewservices.projectmanager.server,org.odpi.openmetadata.adminservices.configuration.registration,48,5,48.0,86.00445452294665
org.odpi.openmetadata.viewservices.productmanager.server,org.odpi.openmetadata.adminservices.configuration.registration,48,5,48.0,86.00445452294665
org.odpi.openmetadata.viewservices.projectmanager.server,org.odpi.openmetadata.frameworks.openmetadata.search,48,5,48.0,86.00445452294665
org.odpi.openmetadata.frameworkservices.omf.handlers,org.odpi.openmetadata.frameworkservices.omf.converters,48,5,48.0,86.00445452294665
org.odpi.openmetadata.frameworks.opengovernance.connectorcontext,org.odpi.openmetadata.frameworks.openmetadata.connectorcontext,48,5,48.0,86.00445452294665
org.odpi.openmetadata.viewservices.datadiscovery.server,org.odpi.openmetadata.adminservices.configuration.registration,48,5,48.0,86.00445452294665
org.odpi.openmetadata.viewservices.subjectarea.server,org.odpi.openmetadata.adminservices.configuration.registration,48,5,48.0,86.00445452294665
org.odpi.openmetadata.viewservices.templatemanager.server,org.odpi.openmetadata.adminservices.configuration.registration,48,5,48.0,86.00445452294665
org.odpi.openmetadata.viewservices.digitalbusiness.server,org.odpi.openmetadata.adminservices.configuration.registration,48,5,48.0,86.00445452294665
org.odpi.openmetadata.viewservices.privacyofficer.server,org.odpi.openmetadata.adminservices.configuration.registration,48,5,48.0,86.00445452294665
org.odpi.openmetadata.adapters.repositoryservices.rest.repositoryconnector,org.odpi.openmetadata.repositoryservices.connectors.stores.metadatacollectionstore.repositoryconnector,48,5,48.0,86.00445452294665
org.odpi.openmetadata.viewservices.referencedata.server,org.odpi.openmetadata.adminservices.configuration.registration,48,5,48.0,86.00445452294665
org.odpi.openmetadata.viewservices.actionauthor.server,org.odpi.openmetadata.adminservices.configuration.registration,48,5,48.0,86.00445452294665
org.odpi.openmetadata.viewservices.communitymatters.server,org.odpi.openmetadata.adminservices.configuration.registration,48,5,48.0,86.00445452294665
org.odpi.openmetadata.repositoryservices.enterprise.repositoryconnector,org.odpi.openmetadata.frameworks.auditlog,48,5,48.0,86.00445452294665
org.odpi.openmetadata.viewservices.notificationmanager.server,org.odpi.openmetadata.adminservices.configuration.registration,48,5,48.0,86.00445452294665
org.odpi.openmetadata.viewservices.locationarena.server,org.odpi.openmetadata.adminservices.configuration.registration,48,5,48.0,86.00445452294665
org.odpi.openmetadata.repositoryservices.connectors.stores.metadatacollectionstore.properties.instances,org.odpi.openmetadata.repositoryservices.connectors.stores.metadatacollectionstore.properties,62,3,62.0,85.95025038943322
org.odpi.openmetadata.viewservices.locationarena.server.spring,org.odpi.openmetadata.commonservices.ffdc.rest,78,2,78.0,85.69175851611256
org.odpi.openmetadata.frameworkservices.omf.server,org.odpi.openmetadata.frameworks.openmetadata.types,78,2,78.0,85.69175851611256
org.odpi.openmetadata.frameworkservices.gaf.server,org.odpi.openmetadata.frameworks.openmetadata.ffdc,78,2,78.0,85.69175851611256
org.odpi.openmetadata.adapters.connectors.jacquard,org.odpi.openmetadata.adapters.connectors.subscriptions,78,2,78.0,85.69175851611256
org.odpi.openmetadata.adapters.connectors.surveyaction.surveycsv,org.odpi.openmetadata.frameworks.openmetadata.types,78,2,78.0,85.69175851611256
org.odpi.openmetadata.frameworks.opengovernance.handlers,org.odpi.openmetadata.frameworks.openmetadata.types,78,2,78.0,85.69175851611256
org.odpi.openmetadata.viewservices.securityofficer.server,org.odpi.openmetadata.frameworks.auditlog,53,4,53.0,85.30020935900731
org.odpi.openmetadata.frameworks.openmetadata.properties.lineage,org.odpi.openmetadata.frameworks.openmetadata.properties,53,4,53.0,85.30020935900731
org.odpi.openmetadata.adapters.connectors.unitycatalog.survey,org.odpi.openmetadata.frameworks.connectors.ffdc,53,4,53.0,85.30020935900731
org.odpi.openmetadata.adapters.connectors.apacheatlas.resource,org.odpi.openmetadata.frameworks.openmetadata.search,53,4,53.0,85.30020935900731
org.odpi.openmetadata.viewservices.templatemanager.server,org.odpi.openmetadata.frameworks.auditlog,53,4,53.0,85.30020935900731
org.odpi.openmetadata.adapters.connectors.jacquard.tabulardatasets.referencedata,org.odpi.openmetadata.frameworks.openmetadata.metadataelements,53,4,53.0,85.30020935900731
org.odpi.openmetadata.accessservices.assetowner.fvt.errorhandling,org.odpi.openmetadata.fvt.utilities.exceptions,53,4,53.0,85.30020935900731
org.odpi.openmetadata.accessservices.digitalarchitecture.fvt.errorhandling,org.odpi.openmetadata.fvt.utilities.exceptions,53,4,53.0,85.30020935900731
org.odpi.openmetadata.adapters.connectors.unitycatalog.controls,org.odpi.openmetadata.frameworks.integration.controls,41,7,41.0,85.25710320887326
org.odpi.openmetadata.frameworks.openmetadata.types,org.odpi.openmetadata.frameworks.openmetadata.properties.actors,77,2,77.0,84.59314622744445
org.odpi.openmetadata.governanceservers.enginehostservices.server,org.odpi.openmetadata.adminservices.configuration.properties,61,3,61.0,84.56395602831333
org.odpi.openmetadata.adapters.repositoryservices.auditlogstore.console,org.odpi.openmetadata.frameworks.auditlog,61,3,61.0,84.56395602831333
org.odpi.openmetadata.accessservices.communityprofile.fvt.todos,org.odpi.openmetadata.frameworks.openmetadata.metadataelements,61,3,61.0,84.56395602831333
org.odpi.openmetadata.adapters.connectors.integration.kafkaaudit,org.odpi.openmetadata.frameworks.connectors,47,5,47.0,84.21269505371858
org.odpi.openmetadata.adapters.connectors.postgres.catalog,org.odpi.openmetadata.frameworks.openmetadata.properties,47,5,47.0,84.21269505371858
org.odpi.openmetadata.adapters.connectors.surveyaction.surveyfolder,org.odpi.openmetadata.frameworks.auditlog,47,5,47.0,84.21269505371858
org.odpi.openmetadata.contentpacks.core.apis,org.odpi.openmetadata.contentpacks.core.base,52,4,52.0,83.69077144657321
org.odpi.openmetadata.repositoryservices.metadatahighway,org.odpi.openmetadata.frameworks.connectors,52,4,52.0,83.69077144657321
org.odpi.openmetadata.frameworkservices.ocf.metadatamanagement.client,org.odpi.openmetadata.commonservices.ffdc,52,4,52.0,83.69077144657321
org.odpi.openmetadata.serveroperations.client,org.odpi.openmetadata.commonservices.ffdc,52,4,52.0,83.69077144657321
org.odpi.openmetadata.adapters.connectors.integration.basicfiles.ffdc.exception,org.odpi.openmetadata.frameworks.connectors.ffdc,52,4,52.0,83.69077144657321
org.odpi.openmetadata.governanceservers.enginehostservices.client,org.odpi.openmetadata.commonservices.ffdc,52,4,52.0,83.69077144657321
org.odpi.openmetadata.repositoryservices.enterprise.repositoryconnector.executors,org.odpi.openmetadata.repositoryservices.connectors.stores.metadatacollectionstore.properties.search,52,4,52.0,83.69077144657321
org.odpi.openmetadata.repositoryservices.admin,org.odpi.openmetadata.repositoryservices.localrepository.repositorycontentmanager,43,6,43.0,83.67413640937846
org.odpi.openmetadata.adapters.connectors.apacheatlas.survey,org.odpi.openmetadata.adapters.connectors.apacheatlas.resource,43,6,43.0,83.67413640937846
org.odpi.openmetadata.repositoryservices.metadatahighway.cohortregistry,org.odpi.openmetadata.repositoryservices.events,43,6,43.0,83.67413640937846
org.odpi.openmetadata.repositoryservices.connectors.stores.metadatacollectionstore.repositoryeventmapper,org.odpi.openmetadata.frameworks.auditlog,40,7,40.0,83.17766166719343
org.odpi.openmetadata.repositoryservices.connectors.stores.metadatacollectionstore.repositoryconnector,org.odpi.openmetadata.frameworks.auditlog,40,7,40.0,83.17766166719343
org.odpi.openmetadata.frameworks.openwatchdog,org.odpi.openmetadata.frameworks.openmetadata.enums,60,3,60.0,83.17766166719343
org.odpi.openmetadata.repositoryservices.connectors.stores.metadatacollectionstore.properties.instances,org.odpi.openmetadata.repositoryservices.ffdc.exception,60,3,60.0,83.17766166719343
org.odpi.openmetadata.adapters.connectors.unitycatalog.resource,org.odpi.openmetadata.frameworks.auditlog,40,7,40.0,83.17766166719343
org.odpi.openmetadata.viewservices.peopleorganizer.server,org.odpi.openmetadata.commonservices.multitenant,60,3,60.0,83.17766166719343
org.odpi.openmetadata.adapters.connectors.apacheatlas.resource,org.odpi.openmetadata.frameworks.auditlog,40,7,40.0,83.17766166719343
org.odpi.openmetadata.governanceservers.integrationdaemonservices.server,org.odpi.openmetadata.governanceservers.integrationdaemonservices.properties,40,7,40.0,83.17766166719343
org.odpi.openmetadata.viewservices.notificationmanager.server,org.odpi.openmetadata.commonservices.multitenant,60,3,60.0,83.17766166719343
org.odpi.openmetadata.viewservices.productmanager.server,org.odpi.openmetadata.commonservices.multitenant,60,3,60.0,83.17766166719343
org.odpi.openmetadata.adapters.connectors.jacquard.tabulardatasets.controls,org.odpi.openmetadata.frameworks.openmetadata.specificationproperties,40,7,40.0,83.17766166719343
org.odpi.openmetadata.adapters.connectors.apacheatlas.controls,org.odpi.openmetadata.frameworks.openmetadata.specificationproperties,40,7,40.0,83.17766166719343
org.odpi.openmetadata.frameworkservices.gaf.converters,org.odpi.openmetadata.frameworks.openmetadata.properties,120,1,120.0,83.17766166719343
org.odpi.openmetadata.adapters.connectors.integration.openlineage.controls,org.odpi.openmetadata.frameworks.openmetadata.specificationproperties,40,7,40.0,83.17766166719343
org.odpi.openmetadata.repositoryservices.connectors.stores.metadatacollectionstore,org.odpi.openmetadata.frameworks.auditlog,40,7,40.0,83.17766166719343
org.odpi.openmetadata.metadatasecurity.accessconnector.controls,org.odpi.openmetadata.frameworks.openmetadata.specificationproperties,40,7,40.0,83.17766166719343
org.odpi.openmetadata.frameworks.opensurvey,org.odpi.openmetadata.frameworks.openmetadata.client,46,5,46.0,82.42093558449052
org.odpi.openmetadata.repositoryservices.connectors.stores.metadatacollectionstore.properties.typedefs,org.odpi.openmetadata.repositoryservices.connectors.stores.metadatacollectionstore.properties.instances,46,5,46.0,82.42093558449052
org.odpi.openmetadata.adapters.repositoryservices.archiveconnector.directory,org.odpi.openmetadata.repositoryservices.connectors.stores.archivestore,46,5,46.0,82.42093558449052
org.odpi.openmetadata.samples.archiveutilities,org.odpi.openmetadata.frameworks.connectors,46,5,46.0,82.42093558449052
org.odpi.openmetadata.adapters.repositoryservices.postgres.repositoryconnector.mappers,org.odpi.openmetadata.repositoryservices.connectors.stores.metadatacollectionstore.repositoryconnector,46,5,46.0,82.42093558449052
org.odpi.openmetadata.repositoryservices.metadatahighway,org.odpi.openmetadata.repositoryservices.metadatahighway.cohortregistry,46,5,46.0,82.42093558449052
org.odpi.openmetadata.frameworkservices.gaf.listener,org.odpi.openmetadata.repositoryservices.connectors.stores.metadatacollectionstore.repositoryconnector,46,5,46.0,82.42093558449052
org.odpi.openmetadata.frameworks.openmetadata.properties.security,org.odpi.openmetadata.frameworks.openmetadata.types,75,2,75.0,82.39592165010824
org.odpi.openmetadata.viewservices.myprofile.server.spring,org.odpi.openmetadata.commonservices.ffdc.rest,75,2,75.0,82.39592165010824
org.odpi.openmetadata.governanceservers.integrationdaemonservices.server,org.odpi.openmetadata.adminservices.ffdc.exception,51,4,51.0,82.08133353413912
org.odpi.openmetadata.adapters.connectors.unitycatalog.provision,org.odpi.openmetadata.frameworks.openmetadata.properties,42,6,42.0,81.72822626032315
org.odpi.openmetadata.conformance.workbenches.repository,org.odpi.openmetadata.frameworks.auditlog,42,6,42.0,81.72822626032315
org.odpi.openmetadata.commonservices.multitenant,org.odpi.openmetadata.repositoryservices.connectors.stores.metadatacollectionstore.repositoryconnector,42,6,42.0,81.72822626032315
org.odpi.openmetadata.governanceservers.enginehostservices.server,org.odpi.openmetadata.serveroperations.properties,42,6,42.0,81.72822626032315
org.odpi.openmetadata.adapters.repositoryservices.postgres.repositoryconnector,org.odpi.openmetadata.adapters.connectors.resource.jdbc,42,6,42.0,81.72822626032315
org.odpi.openmetadata.adapters.connectors.resource.jdbc,org.odpi.openmetadata.adapters.connectors.resource.jdbc.ffdc,74,2,74.0,81.29730936144013
org.odpi.openmetadata.adapters.connectors.jacquard.tabulardatasets.openmetadatatypes,org.odpi.openmetadata.adapters.connectors.jacquard.tabulardatasets,50,4,50.0,80.47189562170502
org.odpi.openmetadata.frameworks.openmetadata.properties.schema.tabular,org.odpi.openmetadata.frameworks.openmetadata.properties.schema,50,4,50.0,80.47189562170502
org.odpi.openmetadata.frameworks.openmetadata.converters,org.odpi.openmetadata.frameworks.openmetadata.properties.assets.databases,50,4,50.0,80.47189562170502
org.odpi.openmetadata.adapters.connectors.jacquard,org.odpi.openmetadata.frameworks.connectors.ffdc,50,4,50.0,80.47189562170502
org.odpi.openmetadata.repositoryservices.archivemanager,org.odpi.openmetadata.repositoryservices.events,50,4,50.0,80.47189562170502
org.odpi.openmetadata.adapters.connectors.surveyaction.surveycsv,org.odpi.openmetadata.frameworks.openmetadata.connectorcontext,50,4,50.0,80.47189562170502
org.odpi.openmetadata.platformservices.rest,org.odpi.openmetadata.commonservices.ffdc.rest,50,4,50.0,80.47189562170502
org.odpi.openmetadata.frameworks.openmetadata.properties.schema.display,org.odpi.openmetadata.frameworks.openmetadata.properties.schema,50,4,50.0,80.47189562170502
org.odpi.openmetadata.metadataobservability.ffdc,org.odpi.openmetadata.frameworks.auditlog,50,4,50.0,80.47189562170502
org.odpi.openmetadata.frameworks.integration.connectors,org.odpi.openmetadata.frameworks.openmetadata.types,58,3,58.0,80.40507294495366
org.odpi.openmetadata.frameworkservices.omf.server,org.odpi.openmetadata.repositoryservices.connectors.stores.metadatacollectionstore.properties,58,3,58.0,80.40507294495366
org.odpi.openmetadata.adapters.connectors.jacquard,org.odpi.openmetadata.frameworks.connectors.properties.beans,58,3,58.0,80.40507294495366
org.odpi.openmetadata.adapters.connectors.jacquard.tabulardatasets.validmetadatavalues,org.odpi.openmetadata.frameworks.openmetadata.connectorcontext,58,3,58.0,80.40507294495366
org.odpi.openmetadata.metadatasecurity.server,org.odpi.openmetadata.repositoryservices.connectors.stores.metadatacollectionstore.repositoryconnector,73,2,73.0,80.19869707277202
org.odpi.openmetadata.samples.governanceactions.clinicaltrials,org.odpi.openmetadata.samples.governanceactions.clinicaltrials.metadata,73,2,73.0,80.19869707277202
org.odpi.openmetadata.samples.archiveutilities.cloudinformationmodel,org.odpi.openmetadata.frameworks.openmetadata.types,73,2,73.0,80.19869707277202
org.odpi.openmetadata.adapters.connectors.resource.jdbc.mappers,org.odpi.openmetadata.adapters.connectors.resource.jdbc.ffdc,73,2,73.0,80.19869707277202
org.odpi.openmetadata.governanceservers.enginehostservices.admin,org.odpi.openmetadata.governanceservers.enginehostservices.ffdc,73,2,73.0,80.19869707277202
org.odpi.openmetadata.metadatasecurity,org.odpi.openmetadata.repositoryservices.connectors.stores.metadatacollectionstore.repositoryconnector,73,2,73.0,80.19869707277202
org.odpi.openmetadata.adapters.connectors.egeriainfrastructure.platform.catalog,org.odpi.openmetadata.adminservices.configuration.registration,73,2,73.0,80.19869707277202
org.odpi.openmetadata.frameworks.openmetadata.client,org.odpi.openmetadata.frameworks.openmetadata.types,72,2,72.0,79.1000847841039
org.odpi.openmetadata.contentpacks.core.openlineage,org.odpi.openmetadata.contentpacks.core,72,2,72.0,79.1000847841039
org.odpi.openmetadata.repositoryservices.connectors.omrstopic,org.odpi.openmetadata.repositoryservices.ffdc,72,2,72.0,79.1000847841039
org.odpi.openmetadata.frameworks.openmetadata.connectorcontext,org.odpi.openmetadata.frameworks.openmetadata.properties.externalidentifiers,38,7,38.0,79.01877858383376
org.odpi.openmetadata.adapters.repositoryservices.inmemory.repositoryconnector,org.odpi.openmetadata.repositoryservices.connectors.stores.metadatacollectionstore.properties,57,3,57.0,79.01877858383376
org.odpi.openmetadata.samples.archiveutilities.governanceengines,org.odpi.openmetadata.samples.archiveutilities.governanceprogram,49,4,49.0,78.86245770927091
org.odpi.openmetadata.viewservices.assetcatalog.server,org.odpi.openmetadata.frameworks.openmetadata.properties,49,4,49.0,78.86245770927091
org.odpi.openmetadata.adapters.connectors.integration.openapis,org.odpi.openmetadata.adapters.connectors.restclients,49,4,49.0,78.86245770927091
org.odpi.openmetadata.commonservices.ffdc.rest,org.odpi.openmetadata.adapters.connectors.restclients,49,4,49.0,78.86245770927091
org.odpi.openmetadata.viewservices.devopspipeline.server,org.odpi.openmetadata.adminservices.configuration.registration,44,5,44.0,78.83741664603441
org.odpi.openmetadata.frameworkservices.omf.server,org.odpi.openmetadata.adminservices.configuration.registration,44,5,44.0,78.83741664603441
org.odpi.openmetadata.frameworkservices.gaf.server,org.odpi.openmetadata.adminservices.configuration.registration,44,5,44.0,78.83741664603441
org.odpi.openmetadata.engineservices.surveyaction.handlers,org.odpi.openmetadata.frameworks.auditlog,44,5,44.0,78.83741664603441
org.odpi.openmetadata.frameworkservices.ocf.metadatamanagement.client,org.odpi.openmetadata.frameworks.connectors,44,5,44.0,78.83741664603441
org.odpi.openmetadata.adapters.repositoryservices.auditlogstore.console.eventdisplay,org.odpi.openmetadata.repositoryservices.connectors.stores.auditlogstore,44,5,44.0,78.83741664603441
org.odpi.openmetadata.viewservices.multilanguage.server,org.odpi.openmetadata.adminservices.configuration.registration,44,5,44.0,78.83741664603441
org.odpi.openmetadata.adapters.connectors.integration.openlineage,org.odpi.openmetadata.frameworks.openmetadata.search,44,5,44.0,78.83741664603441
org.odpi.openmetadata.frameworks.openmetadata.properties.assets.processes.connectors,org.odpi.openmetadata.frameworks.openmetadata.properties.assets.processes,44,5,44.0,78.83741664603441
org.odpi.openmetadata.viewservices.dataengineer.server,org.odpi.openmetadata.adminservices.configuration.registration,44,5,44.0,78.83741664603441
org.odpi.openmetadata.viewservices.productcatalog.server,org.odpi.openmetadata.adminservices.configuration.registration,44,5,44.0,78.83741664603441
org.odpi.openmetadata.adapters.connectors.integration.openapis,org.odpi.openmetadata.adapters.connectors.integration.openapis.ffdc,71,2,71.0,78.00147249543579
org.odpi.openmetadata.adapters.connectors.egeriainfrastructure.platform.catalog,org.odpi.openmetadata.frameworks.openmetadata.ffdc,71,2,71.0,78.00147249543579
org.odpi.openmetadata.frameworkservices.gaf.client.rest,org.odpi.openmetadata.frameworks.openmetadata.ffdc,71,2,71.0,78.00147249543579
org.odpi.openmetadata.commonservices.multitenant,org.odpi.openmetadata.commonservices.multitenant.ffdc,71,2,71.0,78.00147249543579
org.odpi.openmetadata.frameworks.openwatchdog,org.odpi.openmetadata.frameworks.openmetadata.properties.assets.processes.actions,40,6,40.0,77.83640596221252
org.odpi.openmetadata.engineservices.governanceaction.handlers,org.odpi.openmetadata.frameworks.auditlog,56,3,56.0,77.63248422271387
org.odpi.openmetadata.accessservices.digitalarchitecture.fvt.connections,org.odpi.openmetadata.frameworks.openmetadata.properties,112,1,112.0,77.63248422271387
org.odpi.openmetadata.viewservices.automatedcuration.server,org.odpi.openmetadata.frameworks.openmetadata.builders,48,4,48.0,77.25301979683681
org.odpi.openmetadata.frameworks.opengovernance.properties,org.odpi.openmetadata.frameworks.openmetadata.properties.assets.processes,48,4,48.0,77.25301979683681
org.odpi.openmetadata.viewservices.communitymatters.server,org.odpi.openmetadata.tokencontroller,48,4,48.0,77.25301979683681
org.odpi.openmetadata.governanceservers.integrationdaemonservices.client,org.odpi.openmetadata.commonservices.ffdc,48,4,48.0,77.25301979683681
org.odpi.openmetadata.frameworks.openmetadata.connectorcontext,org.odpi.openmetadata.frameworks.openmetadata.properties.validvalues,48,4,48.0,77.25301979683681
org.odpi.openmetadata.adapters.connectors.subscriptions,org.odpi.openmetadata.frameworks.openmetadata.properties.governance,48,4,48.0,77.25301979683681
org.odpi.openmetadata.viewservices.automatedcuration.rest,org.odpi.openmetadata.commonservices.ffdc.rest,48,4,48.0,77.25301979683681
org.odpi.openmetadata.adminservices.server,org.odpi.openmetadata.frameworks.connectors,48,4,48.0,77.25301979683681
org.odpi.openmetadata.viewservices.actionauthor.server.spring,org.odpi.openmetadata.viewservices.actionauthor.server,48,4,48.0,77.25301979683681
org.odpi.openmetadata.conformance.server.spring,org.odpi.openmetadata.conformance.server,48,4,48.0,77.25301979683681
org.odpi.openmetadata.samples.governanceactions.clinicaltrials,org.odpi.openmetadata.frameworks.openmetadata.properties.assets.processes.connectors,48,4,48.0,77.25301979683681
org.odpi.openmetadata.engineservices.governanceaction.handlers,org.odpi.openmetadata.frameworks.opengovernance,43,5,43.0,77.04565717680636
org.odpi.openmetadata.frameworks.openmetadata.properties.assets.processes,org.odpi.openmetadata.frameworks.openmetadata.enums,43,5,43.0,77.04565717680636
org.odpi.openmetadata.repositoryservices.rest.properties,org.odpi.openmetadata.repositoryservices.connectors.stores.metadatacollectionstore.properties,43,5,43.0,77.04565717680636
org.odpi.openmetadata.accessservices.stewardshipaction.fvt,org.odpi.openmetadata.fvt.utilities,43,5,43.0,77.04565717680636
org.odpi.openmetadata.conformance.workbenches.repository.listener,org.odpi.openmetadata.conformance.workbenches.repository,43,5,43.0,77.04565717680636
org.odpi.openmetadata.adapters.connectors.governanceactions.stewardship,org.odpi.openmetadata.frameworks.openmetadata.search,43,5,43.0,77.04565717680636
org.odpi.openmetadata.adapters.connectors.subscriptions,org.odpi.openmetadata.frameworks.connectors.properties.beans,43,5,43.0,77.04565717680636
org.odpi.openmetadata.frameworks.openmetadata.handlers,org.odpi.openmetadata.frameworks.openmetadata.properties.assets.filesandfolders,43,5,43.0,77.04565717680636
org.odpi.openmetadata.repositoryservices.eventmanagement,org.odpi.openmetadata.repositoryservices.connectors.stores.metadatacollectionstore.repositoryeventmapper,43,5,43.0,77.04565717680636
org.odpi.openmetadata.accessservices.assetconsumer.samples.readavrofile,org.odpi.openmetadata.adapters.connectors.datastore.basicfile,37,7,37.0,76.93933704215392
org.odpi.openmetadata.serveroperations.server,org.odpi.openmetadata.governanceservers.enginehostservices.server,37,7,37.0,76.93933704215392
org.odpi.openmetadata.viewservices.automatedcuration.handlers,org.odpi.openmetadata.frameworks.openmetadata.types,70,2,70.0,76.90286020676768
org.odpi.openmetadata.frameworks.openmetadata.properties.feedback,org.odpi.openmetadata.frameworks.openmetadata.types,70,2,70.0,76.90286020676768
org.odpi.openmetadata.platformservices.server,org.odpi.openmetadata.metadatasecurity.server,55,3,55.0,76.24618986159398
org.odpi.openmetadata.frameworks.openmetadata.types,org.odpi.openmetadata.frameworks.openmetadata.properties.governance,110,1,110.0,76.24618986159398
org.odpi.openmetadata.frameworkservices.gaf.server.spring,org.odpi.openmetadata.frameworkservices.gaf.rest,55,3,55.0,76.24618986159398
org.odpi.openmetadata.frameworks.openmetadata.handlers,org.odpi.openmetadata.frameworks.openmetadata.mapper,55,3,55.0,76.24618986159398
org.odpi.openmetadata.frameworks.openmetadata.builders,org.odpi.openmetadata.frameworks.openmetadata.properties,55,3,55.0,76.24618986159398
org.odpi.openmetadata.commonservices.ffdc.rest,org.odpi.openmetadata.frameworks.auditlog,39,6,39.0,75.89049581315722
org.odpi.openmetadata.commonservices.ffdc.rest,org.odpi.openmetadata.frameworks.connectors.properties.beans,39,6,39.0,75.89049581315722
org.odpi.openmetadata.frameworkservices.ocf.metadatamanagement.client,org.odpi.openmetadata.frameworks.openmetadata.ffdc,69,2,69.0,75.80424791809958
org.odpi.openmetadata.conformance.beans,org.odpi.openmetadata.frameworks.openmetadata.ffdc,47,4,47.0,75.6435818844027
org.odpi.openmetadata.viewservices.communitymatters.server,org.odpi.openmetadata.frameworks.auditlog,47,4,47.0,75.6435818844027
org.odpi.openmetadata.adapters.connectors.integration.openlineage,org.odpi.openmetadata.frameworks.connectors.ffdc,47,4,47.0,75.6435818844027
org.odpi.openmetadata.contentpacks.core,org.odpi.openmetadata.adapters.connectors.governanceactions.stewardship,47,4,47.0,75.6435818844027
org.odpi.openmetadata.adapters.repositoryservices.auditlogstore.eventtopic,org.odpi.openmetadata.repositoryservices.connectors.stores.auditlogstore,42,5,42.0,75.2538977075783
org.odpi.openmetadata.adapters.connectors.governanceactions.verification,org.odpi.openmetadata.frameworks.connectors.properties.beans,42,5,42.0,75.2538977075783
org.odpi.openmetadata.adapters.connectors.governanceactions.watchdog,org.odpi.openmetadata.frameworks.openmetadata.refdata,42,5,42.0,75.2538977075783
org.odpi.openmetadata.governanceservers.enginehostservices.threads,org.odpi.openmetadata.adminservices.configuration.properties,42,5,42.0,75.2538977075783
org.odpi.openmetadata.adapters.connectors.egeriainfrastructure.platform.survey,org.odpi.openmetadata.frameworks.connectors.properties.beans,42,5,42.0,75.2538977075783
org.odpi.openmetadata.contentpacks.core.base,org.odpi.openmetadata.repositoryservices.connectors.stores.metadatacollectionstore.properties.instances,42,5,42.0,75.2538977075783
org.odpi.openmetadata.adapters.connectors.egeriainfrastructure.extractor,org.odpi.openmetadata.serveroperations.client,42,5,42.0,75.2538977075783
org.odpi.openmetadata.viewservices.subjectarea.server,org.odpi.openmetadata.commonservices.ffdc.rest,42,5,42.0,75.2538977075783
org.odpi.openmetadata.repositoryservices.metadatahighway,org.odpi.openmetadata.repositoryservices.localrepository,42,5,42.0,75.2538977075783
org.odpi.openmetadata.frameworks.openmetadata.handlers,org.odpi.openmetadata.frameworks.openmetadata.properties.assets,42,5,42.0,75.2538977075783
org.odpi.openmetadata.accessservices.communityprofile.fvt.profiles,org.odpi.openmetadata.frameworks.openmetadata.properties,108,1,108.0,74.8598955004741
org.odpi.openmetadata.commonservices.ffdc.rest,org.odpi.openmetadata.frameworks.openmetadata.enums,54,3,54.0,74.8598955004741
org.odpi.openmetadata.adapters.connectors.integration.kafkaaudit.controls,org.odpi.openmetadata.frameworks.integration.controls,36,7,36.0,74.85989550047408
org.odpi.openmetadata.adapters.connectors.integration.basicfiles,org.odpi.openmetadata.frameworks.openmetadata.specificationproperties,36,7,36.0,74.85989550047408
org.odpi.openmetadata.adapters.connectors.resource.jdbc.controls,org.odpi.openmetadata.frameworks.openmetadata.specificationproperties,36,7,36.0,74.85989550047408
org.odpi.openmetadata.adapters.repositoryservices.postgres.repositoryconnector.controls,org.odpi.openmetadata.frameworks.openmetadata.specificationproperties,36,7,36.0,74.85989550047408
org.odpi.openmetadata.adapters.connectors.postgres.controls,org.odpi.openmetadata.frameworks.integration.controls,36,7,36.0,74.85989550047408
org.odpi.openmetadata.adapters.connectors.egeriainfrastructure.platform,org.odpi.openmetadata.frameworks.auditlog,36,7,36.0,74.85989550047408
org.odpi.openmetadata.adapters.connectors.egeriainfrastructure.control,org.odpi.openmetadata.frameworks.integration.controls,36,7,36.0,74.85989550047408
org.odpi.openmetadata.adapters.connectors.organizationinsight.controls,org.odpi.openmetadata.frameworks.openmetadata.specificationproperties,36,7,36.0,74.85989550047408
org.odpi.openmetadata.adapters.repositoryservices.auditlogstore.postgres.controls,org.odpi.openmetadata.frameworks.openmetadata.specificationproperties,36,7,36.0,74.85989550047408
org.odpi.openmetadata.adapters.connectors.integration.jdbc.controls,org.odpi.openmetadata.frameworks.integration.controls,36,7,36.0,74.85989550047408
org.odpi.openmetadata.adapters.connectors.integration.jdbc.controls,org.odpi.openmetadata.frameworks.openmetadata.specificationproperties,36,7,36.0,74.85989550047408
org.odpi.openmetadata.adapters.connectors.surveyaction.controls,org.odpi.openmetadata.frameworks.openmetadata.specificationproperties,36,7,36.0,74.85989550047408
org.odpi.openmetadata.adapters.connectors.apachekafka.resource,org.odpi.openmetadata.frameworks.auditlog,36,7,36.0,74.85989550047408
org.odpi.openmetadata.repositoryservices.metadatahighway,org.odpi.openmetadata.repositoryservices.ffdc,68,2,68.0,74.70563562943147
org.odpi.openmetadata.adapters.connectors.integration.basicfiles,org.odpi.openmetadata.frameworks.openmetadata.ffdc,68,2,68.0,74.70563562943147
org.odpi.openmetadata.adapters.connectors.jacquard.tabulardatasets,org.odpi.openmetadata.adapters.connectors.jacquard.tabulardatasets.ffdc,68,2,68.0,74.70563562943147
org.odpi.openmetadata.adapters.connectors.baudot.ffdc,org.odpi.openmetadata.frameworks.auditlog,46,4,46.0,74.03414397196862
org.odpi.openmetadata.adapters.connectors.unitycatalog.sync,org.odpi.openmetadata.frameworks.integration.properties,46,4,46.0,74.03414397196862
org.odpi.openmetadata.frameworkservices.gaf.converters,org.odpi.openmetadata.frameworkservices.omf.converters,46,4,46.0,74.03414397196862
org.odpi.openmetadata.frameworks.opensurvey.ffdc,org.odpi.openmetadata.frameworks.auditlog,46,4,46.0,74.03414397196862
org.odpi.openmetadata.conformance.tests.repository.connector,org.odpi.openmetadata.conformance.workbenches.repository,46,4,46.0,74.03414397196862
org.odpi.openmetadata.metadatasecurity.server,org.odpi.openmetadata.frameworks.connectors,46,4,46.0,74.03414397196862
org.odpi.openmetadata.adapters.connectors.resource.jdbc,org.odpi.openmetadata.frameworks.connectors,46,4,46.0,74.03414397196862
org.odpi.openmetadata.opentypes,org.odpi.openmetadata.frameworks.openmetadata.refdata,46,4,46.0,74.03414397196862
org.odpi.openmetadata.viewservices.myprofile.server,org.odpi.openmetadata.frameworks.openmetadata.properties.security,46,4,46.0,74.03414397196862
org.odpi.openmetadata.conformance.tests.repository.connector,org.odpi.openmetadata.conformance.tests.repository,46,4,46.0,74.03414397196862
org.odpi.openmetadata.adapters.connectors.egeriainfrastructure.ffdc,org.odpi.openmetadata.frameworks.auditlog,46,4,46.0,74.03414397196862
org.odpi.openmetadata.conformance.workbenches.platform,org.odpi.openmetadata.frameworks.auditlog,38,6,38.0,73.94458566410191
org.odpi.openmetadata.viewservices.classificationexplorer.server.spring,org.odpi.openmetadata.frameworks.openmetadata.search,67,2,67.0,73.60702334076336
org.odpi.openmetadata.conformance.ffdc.exception,org.odpi.openmetadata.frameworks.auditlog.messagesets,53,3,53.0,73.4736011393542
org.odpi.openmetadata.adapters.repositoryservices.auditlogstore.console.eventdisplay,org.odpi.openmetadata.frameworks.auditlog,53,3,53.0,73.4736011393542
org.odpi.openmetadata.repositoryservices.connectors.stores.archivestore,org.odpi.openmetadata.repositoryservices.connectors.stores.metadatacollectionstore.properties.typedefs,53,3,53.0,73.4736011393542
org.odpi.openmetadata.repositoryservices.eventmanagement,org.odpi.openmetadata.repositoryservices.ffdc.exception,53,3,53.0,73.4736011393542
org.odpi.openmetadata.accessservices.governanceprogram.samples.leadership,org.odpi.openmetadata.frameworks.openmetadata.properties.actors,41,5,41.0,73.46213823835025
org.odpi.openmetadata.frameworks.opensurvey.controls,org.odpi.openmetadata.frameworks.openmetadata.refdata,41,5,41.0,73.46213823835025
org.odpi.openmetadata.adapters.repositoryservices.rest.repositoryconnector,org.odpi.openmetadata.repositoryservices.connectors.stores.metadatacollectionstore.properties.typedefs,66,2,66.0,72.50841105209524
org.odpi.openmetadata.frameworkservices.gaf.handlers,org.odpi.openmetadata.frameworks.openmetadata.ffdc,66,2,66.0,72.50841105209524
org.odpi.openmetadata.frameworks.opengovernance.connectorcontext,org.odpi.openmetadata.frameworks.openmetadata.ffdc,66,2,66.0,72.50841105209524
org.odpi.openmetadata.frameworks.openmetadata.enums,org.odpi.openmetadata.frameworks.openmetadata.mapper,66,2,66.0,72.50841105209524
org.odpi.openmetadata.engineservices.governanceaction.server,org.odpi.openmetadata.commonservices.ffdc,45,4,45.0,72.42470605953451
org.odpi.openmetadata.viewservices.automatedcuration.server,org.odpi.openmetadata.frameworks.opengovernance.client,45,4,45.0,72.42470605953451
org.odpi.openmetadata.engineservices.watchdogaction.server,org.odpi.openmetadata.commonservices.ffdc,45,4,45.0,72.42470605953451
org.odpi.openmetadata.engineservices.repositorygovernance.server,org.odpi.openmetadata.commonservices.ffdc,45,4,45.0,72.42470605953451
org.odpi.openmetadata.accessservices.datamanager.fvt.errorhandling,org.odpi.openmetadata.frameworks.openmetadata.properties.assets.databases,45,4,45.0,72.42470605953451
org.odpi.openmetadata.contentpacks.core.core,org.odpi.openmetadata.frameworks.connectors.properties.users,45,4,45.0,72.42470605953451
org.odpi.openmetadata.engineservices.surveyaction.server,org.odpi.openmetadata.commonservices.ffdc,45,4,45.0,72.42470605953451
org.odpi.openmetadata.adapters.connectors.governanceactions.stewardship,org.odpi.openmetadata.frameworks.opengovernance.properties,45,4,45.0,72.42470605953451
org.odpi.openmetadata.repositoryservices.rest.services,org.odpi.openmetadata.commonservices.multitenant,45,4,45.0,72.42470605953451
org.odpi.openmetadata.accessservices.datamanager.fvt.connections,org.odpi.openmetadata.frameworks.openmetadata.properties.connections,45,4,45.0,72.42470605953451
org.odpi.openmetadata.accessservices.assetowner.fvt.connections,org.odpi.openmetadata.frameworks.openmetadata.properties.connections,45,4,45.0,72.42470605953451
org.odpi.openmetadata.adapters.connectors.organizationinsight.karmapoints,org.odpi.openmetadata.frameworks.openmetadata.events,45,4,45.0,72.42470605953451
org.odpi.openmetadata.viewservices.dataengineer.server,org.odpi.openmetadata.commonservices.ffdc,45,4,45.0,72.42470605953451
org.odpi.openmetadata.accessservices.communityprofile.fvt.todos,org.odpi.openmetadata.frameworks.openmetadata.search,45,4,45.0,72.42470605953451
org.odpi.openmetadata.frameworks.connectors,org.odpi.openmetadata.frameworks.connectors.controls,52,3,52.0,72.0873067782343
org.odpi.openmetadata.adapters.connectors.governanceactions.provisioning,org.odpi.openmetadata.frameworks.auditlog,52,3,52.0,72.0873067782343
org.odpi.openmetadata.commonservices.ffdc.properties,org.odpi.openmetadata.frameworks.openmetadata.specificationproperties,52,3,52.0,72.0873067782343
org.odpi.openmetadata.engineservices.watchdogaction.handlers,org.odpi.openmetadata.adminservices.configuration.properties,52,3,52.0,72.0873067782343
org.odpi.openmetadata.samples.archiveutilities,org.odpi.openmetadata.frameworks.opensurvey.controls,52,3,52.0,72.0873067782343
org.odpi.openmetadata.repositoryservices.admin,org.odpi.openmetadata.repositoryservices.archivemanager,37,6,37.0,71.99867551504659
org.odpi.openmetadata.adapters.connectors.egeriainfrastructure.control,org.odpi.openmetadata.frameworks.openmetadata.definitions,37,6,37.0,71.99867551504659
org.odpi.openmetadata.accessservices.communityprofile.fvt.todos,org.odpi.openmetadata.frameworks.openmetadata.client,40,5,40.0,71.6703787691222
org.odpi.openmetadata.adapters.connectors.jacquard,org.odpi.openmetadata.frameworks.connectors,40,5,40.0,71.6703787691222
org.odpi.openmetadata.frameworks.openmetadata.converters,org.odpi.openmetadata.frameworks.openmetadata.properties.propertyfacets,40,5,40.0,71.6703787691222
org.odpi.openmetadata.frameworks.openwatchdog,org.odpi.openmetadata.frameworks.opengovernance.client,40,5,40.0,71.6703787691222
org.odpi.openmetadata.repositoryservices.enterprise.repositoryconnector,org.odpi.openmetadata.repositoryservices.ffdc,65,2,65.0,71.40979876342713
org.odpi.openmetadata.adapters.connectors.integration.openlineage,org.odpi.openmetadata.adapters.connectors.integration.openlineage.ffdc,65,2,65.0,71.40979876342713
org.odpi.openmetadata.adminservices.configuration.registration,org.odpi.openmetadata.frameworks.openmetadata.refdata,65,2,65.0,71.40979876342713
org.odpi.openmetadata.viewservices.actormanager.server,org.odpi.openmetadata.frameworks.openmetadata.ffdc,65,2,65.0,71.40979876342713
org.odpi.openmetadata.adapters.connectors.unitycatalog.sync,org.odpi.openmetadata.frameworks.openmetadata.events,44,4,44.0,70.81526814710041
org.odpi.openmetadata.frameworks.opengovernance.handlers,org.odpi.openmetadata.frameworks.openmetadata.enums,44,4,44.0,70.81526814710041
org.odpi.openmetadata.viewservices.templatemanager.server.spring,org.odpi.openmetadata.viewservices.templatemanager.server,44,4,44.0,70.81526814710041
org.odpi.openmetadata.frameworkservices.gaf.converters,org.odpi.openmetadata.frameworks.openmetadata.properties.softwarecapabilities,44,4,44.0,70.81526814710041
org.odpi.openmetadata.platformservices.server.spring,org.odpi.openmetadata.serveroperations.server,44,4,44.0,70.81526814710041
org.odpi.openmetadata.viewservices.myprofile.server,org.odpi.openmetadata.frameworks.openmetadata.search,44,4,44.0,70.81526814710041
org.odpi.openmetadata.viewservices.securityofficer.server.spring,org.odpi.openmetadata.viewservices.securityofficer.server,44,4,44.0,70.81526814710041
org.odpi.openmetadata.adapters.connectors.integration.jdbc.transfer.requests,org.odpi.openmetadata.frameworks.integration.context,44,4,44.0,70.81526814710041
org.odpi.openmetadata.adapters.connectors.jacquard.productcatalog,org.odpi.openmetadata.adapters.connectors.jacquard.solutionblueprint,51,3,51.0,70.70101241711441
org.odpi.openmetadata.repositoryservices.rest.server,org.odpi.openmetadata.repositoryservices.connectors.stores.metadatacollectionstore.properties.search,51,3,51.0,70.70101241711441
org.odpi.openmetadata.adapters.connectors.integration.basicfiles,org.odpi.openmetadata.frameworks.openmetadata.enums,51,3,51.0,70.70101241711441
org.odpi.openmetadata.frameworks.openmetadata.properties.projects,org.odpi.openmetadata.frameworks.openmetadata.types,64,2,64.0,70.31118647475903
org.odpi.openmetadata.adapters.connectors.subscriptions,org.odpi.openmetadata.adapters.connectors.governanceactions.ffdc,64,2,64.0,70.31118647475903
org.odpi.openmetadata.frameworks.integration.contextmanager,org.odpi.openmetadata.frameworks.integration.openlineage,36,6,36.0,70.05276536599128
org.odpi.openmetadata.adminservices.rest,org.odpi.openmetadata.frameworks.connectors.properties.beans,36,6,36.0,70.05276536599128
org.odpi.openmetadata.serveroperations.client,org.odpi.openmetadata.serveroperations.client.rest,39,5,39.0,69.87861929989414
org.odpi.openmetadata.platformservices.client,org.odpi.openmetadata.serveroperations.properties,39,5,39.0,69.87861929989414
org.odpi.openmetadata.repositoryservices.connectors.stores.metadatacollectionstore.repositoryconnector,org.odpi.openmetadata.frameworks.connectors,39,5,39.0,69.87861929989414
org.odpi.openmetadata.frameworks.openmetadata.properties.externalreferences,org.odpi.openmetadata.frameworks.openmetadata.enums,39,5,39.0,69.87861929989414
org.odpi.openmetadata.adapters.connectors.jacquard,org.odpi.openmetadata.frameworks.openmetadata.properties.digitalbusiness,39,5,39.0,69.87861929989414
org.odpi.openmetadata.serveroperations.client,org.odpi.openmetadata.serveroperations.properties,39,5,39.0,69.87861929989414
org.odpi.openmetadata.accessservices.datamanager.fvt.connections,org.odpi.openmetadata.frameworks.openmetadata.properties,100,1,100.0,69.31471805599453
org.odpi.openmetadata.conformance.tests.repository.connector,org.odpi.openmetadata.repositoryservices.connectors.stores.metadatacollectionstore.repositoryconnector,50,3,50.0,69.31471805599453
org.odpi.openmetadata.adapters.connectors.unitycatalog.sync,org.odpi.openmetadata.adapters.connectors.unitycatalog.ffdc,63,2,63.0,69.21257418609092
org.odpi.openmetadata.repositoryservices.ffdc.exception,org.odpi.openmetadata.frameworks.openmetadata.types,63,2,63.0,69.21257418609092
org.odpi.openmetadata.adapters.connectors.integration.openapis,org.odpi.openmetadata.frameworks.openmetadata.search,43,4,43.0,69.20583023466631
org.odpi.openmetadata.adapters.repositoryservices.postgres.repositoryconnector,org.odpi.openmetadata.frameworks.connectors,43,4,43.0,69.20583023466631
org.odpi.openmetadata.adapters.connectors.secretsstore.yaml,org.odpi.openmetadata.frameworks.connectors.ffdc,43,4,43.0,69.20583023466631
org.odpi.openmetadata.commonservices.multitenant,org.odpi.openmetadata.frameworks.connectors,43,4,43.0,69.20583023466631
org.odpi.openmetadata.adapters.connectors.unitycatalog.sync,org.odpi.openmetadata.frameworks.openmetadata.search,43,4,43.0,69.20583023466631
org.odpi.openmetadata.frameworks.opengovernance,org.odpi.openmetadata.frameworks.openmetadata.enums,43,4,43.0,69.20583023466631
org.odpi.openmetadata.adapters.connectors.restclients.spring,org.odpi.openmetadata.frameworks.connectors,43,4,43.0,69.20583023466631
org.odpi.openmetadata.adapters.connectors.jacquard,org.odpi.openmetadata.frameworks.openmetadata.properties.collections,43,4,43.0,69.20583023466631
org.odpi.openmetadata.serveroperations.server,org.odpi.openmetadata.conformance.server,33,7,33.0,68.62157087543459
org.odpi.openmetadata.serveroperations.server,org.odpi.openmetadata.governanceservers.integrationdaemonservices.server,33,7,33.0,68.62157087543459
org.odpi.openmetadata.adapters.connectors.integration.kafkaaudit,org.odpi.openmetadata.frameworks.connectors.properties.beans,33,7,33.0,68.62157087543459
org.odpi.openmetadata.adapters.connectors.jacquard.solutionblueprint,org.odpi.openmetadata.frameworks.openmetadata.refdata,62,2,62.0,68.11396189742281
org.odpi.openmetadata.contentpacks.core,org.odpi.openmetadata.adapters.connectors.jacquard.solutionblueprint,62,2,62.0,68.11396189742281
org.odpi.openmetadata.contentpacks.core.digitalproducts,org.odpi.openmetadata.contentpacks.core,62,2,62.0,68.11396189742281
org.odpi.openmetadata.accessservices.governanceprogram.samples.leadership,org.odpi.openmetadata.frameworks.openmetadata.types,62,2,62.0,68.11396189742281
org.odpi.openmetadata.frameworks.openmetadata.fileclassifier,org.odpi.openmetadata.frameworks.openmetadata.types,62,2,62.0,68.11396189742281
org.odpi.openmetadata.opentypes,org.odpi.openmetadata.repositoryservices.connectors.stores.metadatacollectionstore.properties.instances,35,6,35.0,68.10685521693597
org.odpi.openmetadata.platformservices.server,org.odpi.openmetadata.adminservices.rest,35,6,35.0,68.10685521693597
org.odpi.openmetadata.repositoryservices.admin,org.odpi.openmetadata.repositoryservices.enterprise.repositoryconnector,38,5,38.0,68.08685983066609
org.odpi.openmetadata.repositoryservices.enterprise.repositoryconnector.accumulators,org.odpi.openmetadata.frameworks.openmetadata.ffdc,38,5,38.0,68.08685983066609
org.odpi.openmetadata.adapters.connectors.unitycatalog.provision,org.odpi.openmetadata.frameworks.openmetadata.refdata,38,5,38.0,68.08685983066609
org.odpi.openmetadata.repositoryservices.metadatahighway.cohortregistry,org.odpi.openmetadata.frameworks.connectors.properties.beans,38,5,38.0,68.08685983066609
org.odpi.openmetadata.adapters.connectors.jacquard.tabulardatasets,org.odpi.openmetadata.frameworks.openmetadata.search,38,5,38.0,68.08685983066609
org.odpi.openmetadata.viewservices.metadataexpert.server,org.odpi.openmetadata.viewservices.metadataexpert.rest,38,5,38.0,68.08685983066609
org.odpi.openmetadata.viewservices.dataengineer.server,org.odpi.openmetadata.frameworks.connectors.tabulardatasets,38,5,38.0,68.08685983066609
org.odpi.openmetadata.governanceservers.enginehostservices.server,org.odpi.openmetadata.governanceservers.enginehostservices.rest,38,5,38.0,68.08685983066609
org.odpi.openmetadata.viewservices.runtimemanager.server,org.odpi.openmetadata.viewservices.runtimemanager.rest,38,5,38.0,68.08685983066609
org.odpi.openmetadata.adapters.connectors.organizationinsight.karmapoints,org.odpi.openmetadata.frameworks.openmetadata.properties.actors,38,5,38.0,68.08685983066609
org.odpi.openmetadata.repositoryservices.enterprise.connectormanager,org.odpi.openmetadata.frameworks.auditlog,38,5,38.0,68.08685983066609
org.odpi.openmetadata.accessservices.assetmanager.fvt.connections,org.odpi.openmetadata.frameworks.openmetadata.metadataelements,49,3,49.0,67.92842369487464
org.odpi.openmetadata.adapters.connectors.postgres.catalog,org.odpi.openmetadata.frameworks.openmetadata.properties.assets.processes.connectors,49,3,49.0,67.92842369487464
org.odpi.openmetadata.frameworks.openmetadata.handlers,org.odpi.openmetadata.frameworks.openmetadata.properties.feedback,49,3,49.0,67.92842369487464
org.odpi.openmetadata.viewservices.securityofficer.server,org.odpi.openmetadata.frameworks.openmetadata.metadataelements,49,3,49.0,67.92842369487464
org.odpi.openmetadata.adminservices.client,org.odpi.openmetadata.frameworks.connectors.properties.beans,42,4,42.0,67.5963923222322
org.odpi.openmetadata.contentpacks.core.organizationinsight,org.odpi.openmetadata.contentpacks.core.base,42,4,42.0,67.5963923222322
org.odpi.openmetadata.viewservices.digitalbusiness.server,org.odpi.openmetadata.tokencontroller,42,4,42.0,67.5963923222322
org.odpi.openmetadata.repositoryservices.enterprise.repositoryconnector.accumulators,org.odpi.openmetadata.repositoryservices.connectors.stores.metadatacollectionstore.repositoryconnector,42,4,42.0,67.5963923222322
org.odpi.openmetadata.adapters.connectors.datastore.csvfile.controls,org.odpi.openmetadata.frameworks.openmetadata.refdata,42,4,42.0,67.5963923222322
org.odpi.openmetadata.viewservices.automatedcuration.handlers,org.odpi.openmetadata.frameworks.openmetadata.handlers,42,4,42.0,67.5963923222322
org.odpi.openmetadata.adapters.repositoryservices.postgres.repositoryconnector.ffdc,org.odpi.openmetadata.frameworks.auditlog,42,4,42.0,67.5963923222322
org.odpi.openmetadata.repositoryservices.connectors.stores.metadatacollectionstore.repositoryeventmapper,org.odpi.openmetadata.repositoryservices.connectors.stores.metadatacollectionstore.repositoryconnector,42,4,42.0,67.5963923222322
org.odpi.openmetadata.adapters.connectors.jacquard.tabulardatasets.validmetadatavalues,org.odpi.openmetadata.frameworks.connectors.ffdc,42,4,42.0,67.5963923222322
org.odpi.openmetadata.adapters.connectors.apacheatlas.survey,org.odpi.openmetadata.frameworks.openmetadata.ffdc,61,2,61.0,67.01534960875469
org.odpi.openmetadata.adapters.repositoryservices.cohortregistrystore.file,org.odpi.openmetadata.adapters.repositoryservices.cohortregistrystore.file.ffdc,61,2,61.0,67.01534960875469
org.odpi.openmetadata.repositoryservices.connectors.stores.archivestore,org.odpi.openmetadata.frameworks.auditlog,32,7,32.0,66.54212933375474
org.odpi.openmetadata.frameworkservices.omf.client.rest,org.odpi.openmetadata.commonservices.ffdc,96,1,96.0,66.54212933375474
org.odpi.openmetadata.adapters.connectors.dynamicarchivers,org.odpi.openmetadata.repositoryservices.connectors.stores.metadatacollectionstore.properties.instances,48,3,48.0,66.54212933375474
org.odpi.openmetadata.adapters.connectors.governanceactions.stewardship,org.odpi.openmetadata.frameworks.openmetadata.connectorcontext,96,1,96.0,66.54212933375474
org.odpi.openmetadata.repositoryservices.connectors.stores.metadatacollectionstore.utilities,org.odpi.openmetadata.repositoryservices.ffdc.exception,48,3,48.0,66.54212933375474
org.odpi.openmetadata.adapters.connectors.datastore.basicfile.ffdc.exception,org.odpi.openmetadata.frameworks.openmetadata.ffdc,96,1,96.0,66.54212933375474
org.odpi.openmetadata.archiveutilities.simplecatalogs.catalogcontent,org.odpi.openmetadata.opentypes,48,3,48.0,66.54212933375474
org.odpi.openmetadata.adapters.connectors.egeriainfrastructure.servers,org.odpi.openmetadata.frameworks.auditlog,32,7,32.0,66.54212933375474
org.odpi.openmetadata.repositoryservices.connectors.stores.cohortregistrystore,org.odpi.openmetadata.frameworks.auditlog,32,7,32.0,66.54212933375474
org.odpi.openmetadata.engineservices.surveyaction.handlers,org.odpi.openmetadata.adminservices.configuration.properties,48,3,48.0,66.54212933375474
org.odpi.openmetadata.adapters.connectors.jacquard.tabulardatasets,org.odpi.openmetadata.frameworks.auditlog,32,7,32.0,66.54212933375474
org.odpi.openmetadata.frameworks.opengovernance,org.odpi.openmetadata.frameworks.openmetadata.client,48,3,48.0,66.54212933375474
org.odpi.openmetadata.engineservices.repositorygovernance.connector,org.odpi.openmetadata.frameworks.auditlog,32,7,32.0,66.54212933375474
org.odpi.openmetadata.adapters.connectors.unitycatalog.provision,org.odpi.openmetadata.frameworks.openmetadata.connectorcontext,96,1,96.0,66.54212933375474
org.odpi.openmetadata.adapters.connectors.restclients,org.odpi.openmetadata.frameworks.auditlog,32,7,32.0,66.54212933375474
org.odpi.openmetadata.adapters.connectors.integration.basicfiles.ffdc.exception,org.odpi.openmetadata.frameworks.openmetadata.ffdc,96,1,96.0,66.54212933375474
org.odpi.openmetadata.repositoryservices.properties,org.odpi.openmetadata.frameworks.connectors.properties.beans,37,5,37.0,66.29510036143803
org.odpi.openmetadata.adapters.connectors.egeriainfrastructure.extractor,org.odpi.openmetadata.governanceservers.enginehostservices.client,37,5,37.0,66.29510036143803
org.odpi.openmetadata.metadatasecurity.accessconnector,org.odpi.openmetadata.frameworks.auditlog,37,5,37.0,66.29510036143803
org.odpi.openmetadata.governanceservers.integrationdaemonservices.server,org.odpi.openmetadata.frameworks.integration.contextmanager,37,5,37.0,66.29510036143803
org.odpi.openmetadata.adapters.connectors.externalharvesters.harvestsurveys,org.odpi.openmetadata.frameworks.openmetadata.events,37,5,37.0,66.29510036143803
org.odpi.openmetadata.platformservices.server,org.odpi.openmetadata.platformservices.rest,37,5,37.0,66.29510036143803
org.odpi.openmetadata.frameworks.openmetadata.converters,org.odpi.openmetadata.frameworks.openmetadata.properties.assets.metadatarepositories,37,5,37.0,66.29510036143803
org.odpi.openmetadata.adapters.connectors.egeriainfrastructure.platform.survey,org.odpi.openmetadata.frameworks.auditlog,37,5,37.0,66.29510036143803
org.odpi.openmetadata.viewservices.assetmaker.server,org.odpi.openmetadata.frameworkservices.omf.rest,37,5,37.0,66.29510036143803
org.odpi.openmetadata.repositoryservices.rest.server,org.odpi.openmetadata.repositoryservices.ffdc.exception,34,6,34.0,66.16094506788065
org.odpi.openmetadata.governanceservers.integrationdaemonservices.handlers,org.odpi.openmetadata.frameworks.connectors,34,6,34.0,66.16094506788065
org.odpi.openmetadata.samples.archiveutilities.cloudinformationmodel,org.odpi.openmetadata.repositoryservices.archiveutilities,34,6,34.0,66.16094506788065
org.odpi.openmetadata.repositoryservices.enterprise.repositoryconnector,org.odpi.openmetadata.frameworks.connectors.properties.beans,34,6,34.0,66.16094506788065
org.odpi.openmetadata.frameworks.integration.context,org.odpi.openmetadata.frameworks.opengovernance.connectorcontext,34,6,34.0,66.16094506788065
org.odpi.openmetadata.repositoryservices.enterprise.repositoryconnector,org.odpi.openmetadata.repositoryservices.enterprise.connectormanager,34,6,34.0,66.16094506788065
org.odpi.openmetadata.commonservices.multitenant,org.odpi.openmetadata.commonservices.repositoryhandler,34,6,34.0,66.16094506788065
org.odpi.openmetadata.adapters.connectors.datastore.csvfile,org.odpi.openmetadata.frameworks.connectors.ffdc,41,4,41.0,65.98695440979812
org.odpi.openmetadata.viewservices.digitalbusiness.server,org.odpi.openmetadata.frameworks.auditlog,41,4,41.0,65.98695440979812
org.odpi.openmetadata.adapters.connectors.egeriainfrastructure.servers,org.odpi.openmetadata.frameworks.connectors.properties.beans,41,4,41.0,65.98695440979812
org.odpi.openmetadata.frameworks.openmetadata.properties.assets.reports,org.odpi.openmetadata.frameworks.openmetadata.types,60,2,60.0,65.91673732008658
org.odpi.openmetadata.contentpacks.core.files,org.odpi.openmetadata.samples.archiveutilities,60,2,60.0,65.91673732008658
org.odpi.openmetadata.adapters.connectors.postgres.tabulardatasource,org.odpi.openmetadata.adapters.connectors.postgres.controls,47,3,47.0,65.15583497263486
org.odpi.openmetadata.frameworks.openmetadata.properties,org.odpi.openmetadata.frameworks.openmetadata.types,59,2,59.0,64.81812503141848
org.odpi.openmetadata.adapters.connectors.jacquard.tabulardatasets.referencedata,org.odpi.openmetadata.adapters.connectors.jacquard.tabulardatasets.controls,59,2,59.0,64.81812503141848
org.odpi.openmetadata.adapters.connectors.externalharvesters.harvestopenmetadata,org.odpi.openmetadata.adapters.connectors.externalharvesters.harvestopenmetadata.ffdc,59,2,59.0,64.81812503141848
org.odpi.openmetadata.frameworks.integration.iterator,org.odpi.openmetadata.frameworks.auditlog,36,5,36.0,64.50334089220998
org.odpi.openmetadata.adapters.connectors.dynamicarchivers,org.odpi.openmetadata.engineservices.repositorygovernance.connector,36,5,36.0,64.50334089220998
org.odpi.openmetadata.engineservices.repositorygovernance.server,org.odpi.openmetadata.adminservices.configuration.registration,36,5,36.0,64.50334089220998
org.odpi.openmetadata.engineservices.governanceaction.server,org.odpi.openmetadata.adminservices.configuration.registration,36,5,36.0,64.50334089220998
org.odpi.openmetadata.engineservices.watchdogaction.server,org.odpi.openmetadata.adminservices.configuration.registration,36,5,36.0,64.50334089220998
org.odpi.openmetadata.accessservices.governanceprogram.fvt.clientconstructors,org.odpi.openmetadata.frameworks.auditlog,36,5,36.0,64.50334089220998
org.odpi.openmetadata.engineservices.surveyaction.server,org.odpi.openmetadata.adminservices.configuration.registration,36,5,36.0,64.50334089220998
org.odpi.openmetadata.governanceservers.enginehostservices.listener,org.odpi.openmetadata.frameworks.auditlog,36,5,36.0,64.50334089220998
org.odpi.openmetadata.frameworkservices.omf.client,org.odpi.openmetadata.frameworks.openmetadata.events,36,5,36.0,64.50334089220998
org.odpi.openmetadata.accessservices.assetmanager.fvt.common,org.odpi.openmetadata.frameworks.openmetadata.properties.glossaries,36,5,36.0,64.50334089220998
org.odpi.openmetadata.adapters.connectors.apachekafka.survey,org.odpi.openmetadata.frameworks.openmetadata.properties.surveyreports,36,5,36.0,64.50334089220998
org.odpi.openmetadata.accessservices.governanceprogram.fvt.errorhandling,org.odpi.openmetadata.frameworks.auditlog,36,5,36.0,64.50334089220998
org.odpi.openmetadata.frameworkservices.ocf.metadatamanagement.server,org.odpi.openmetadata.adminservices.configuration.registration,36,5,36.0,64.50334089220998
org.odpi.openmetadata.accessservices.assetmanager.fvt.dataassets,org.odpi.openmetadata.frameworks.auditlog,36,5,36.0,64.50334089220998
org.odpi.openmetadata.adapters.connectors.integration.jdbc.transfer.requests,org.odpi.openmetadata.frameworks.openmetadata.ffdc,93,1,93.0,64.46268779207492
org.odpi.openmetadata.frameworks.openmetadata.connectorcontext,org.odpi.openmetadata.frameworks.openmetadata.properties.governance,93,1,93.0,64.46268779207492
org.odpi.openmetadata.adapters.connectors.jacquard,org.odpi.openmetadata.frameworks.openmetadata.properties.assets.processes.connectors,40,4,40.0,64.37751649736401
org.odpi.openmetadata.frameworks.openmetadata.properties.assets.processes,org.odpi.openmetadata.frameworks.openmetadata.properties.assets,40,4,40.0,64.37751649736401
org.odpi.openmetadata.conformance.tests.platform,org.odpi.openmetadata.conformance.beans,40,4,40.0,64.37751649736401
org.odpi.openmetadata.adapters.connectors.apachekafka.integration,org.odpi.openmetadata.frameworks.openmetadata.search,40,4,40.0,64.37751649736401
org.odpi.openmetadata.viewservices.communitymatters.server.spring,org.odpi.openmetadata.viewservices.communitymatters.server,40,4,40.0,64.37751649736401
org.odpi.openmetadata.adapters.connectors.egeriainfrastructure.platform.catalog,org.odpi.openmetadata.adminservices.configuration.properties,40,4,40.0,64.37751649736401
org.odpi.openmetadata.platformservices.server,org.odpi.openmetadata.serveroperations.server,40,4,40.0,64.37751649736401
org.odpi.openmetadata.repositoryservices.localrepository.repositorycontentmanager,org.odpi.openmetadata.frameworks.auditlog.requestid,40,4,40.0,64.37751649736401
org.odpi.openmetadata.conformance.server,org.odpi.openmetadata.adminservices.configuration.properties,33,6,33.0,64.21503491882534
org.odpi.openmetadata.repositoryservices.eventmanagement,org.odpi.openmetadata.metadatasecurity,33,6,33.0,64.21503491882534
org.odpi.openmetadata.repositoryservices.admin,org.odpi.openmetadata.repositoryservices.metadatahighway,33,6,33.0,64.21503491882534
org.odpi.openmetadata.frameworkservices.gaf.handlers,org.odpi.openmetadata.frameworks.openmetadata.properties.assets.processes.connectors,33,6,33.0,64.21503491882534
org.odpi.openmetadata.adapters.connectors.jacquard.tabulardatasets.validmetadatavalues,org.odpi.openmetadata.frameworks.openmetadata.types,46,3,46.0,63.76954061151497
org.odpi.openmetadata.adapters.connectors.apachekafka.integration,org.odpi.openmetadata.frameworks.openmetadata.connectorcontext,46,3,46.0,63.76954061151497
org.odpi.openmetadata.repositoryservices.connectors.stores.metadatacollectionstore,org.odpi.openmetadata.repositoryservices.connectors.stores.metadatacollectionstore.properties.search,46,3,46.0,63.76954061151497
org.odpi.openmetadata.contentpacks.core.core,org.odpi.openmetadata.adapters.connectors.governanceactions.stewardship,58,2,58.0,63.71951274275037
org.odpi.openmetadata.contentpacks.core.egeria,org.odpi.openmetadata.frameworks.openmetadata.refdata,58,2,58.0,63.71951274275037
org.odpi.openmetadata.engineservices.governanceaction.handlers,org.odpi.openmetadata.engineservices.governanceaction.ffdc,58,2,58.0,63.71951274275037
org.odpi.openmetadata.frameworks.openmetadata.properties.security,org.odpi.openmetadata.frameworks.openmetadata.properties.governance,39,4,39.0,62.76807858492991
org.odpi.openmetadata.adapters.connectors.apachekafka.survey,org.odpi.openmetadata.frameworks.opensurvey.controls,39,4,39.0,62.76807858492991
org.odpi.openmetadata.adapters.connectors.reports.surveyreport,org.odpi.openmetadata.frameworks.openmetadata.connectorcontext,39,4,39.0,62.76807858492991
org.odpi.openmetadata.samples.archiveutilities.clinicaltrialtemplates,org.odpi.openmetadata.samples.archiveutilities.governanceprogram,39,4,39.0,62.76807858492991
org.odpi.openmetadata.frameworkservices.omf.server,org.odpi.openmetadata.frameworkservices.omf.converters,39,4,39.0,62.76807858492991
org.odpi.openmetadata.adapters.repositoryservices.archiveconnector.directory,org.odpi.openmetadata.repositoryservices.connectors.stores.metadatacollectionstore.properties,35,5,35.0,62.71158142298192
org.odpi.openmetadata.adapters.connectors.restclients,org.odpi.openmetadata.frameworks.connectors,35,5,35.0,62.71158142298192
org.odpi.openmetadata.frameworks.openmetadata.fileclassifier,org.odpi.openmetadata.frameworks.openmetadata.connectorcontext,35,5,35.0,62.71158142298192
org.odpi.openmetadata.adminservices.registration,org.odpi.openmetadata.frameworks.connectors,35,5,35.0,62.71158142298192
org.odpi.openmetadata.frameworks.opengovernance.connectorcontext,org.odpi.openmetadata.frameworks.opengovernance.client,35,5,35.0,62.71158142298192
org.odpi.openmetadata.frameworks.opengovernance.controls,org.odpi.openmetadata.frameworks.openmetadata.types,57,2,57.0,62.62090045408226
org.odpi.openmetadata.accessservices.datamanager.fvt.connections,org.odpi.openmetadata.frameworks.openmetadata.metadataelements,45,3,45.0,62.383246250395075
org.odpi.openmetadata.frameworks.openmetadata.converters,org.odpi.openmetadata.frameworks.openmetadata.properties.assets.apis,45,3,45.0,62.383246250395075
org.odpi.openmetadata.adapters.connectors.surveyaction.surveyfolder,org.odpi.openmetadata.frameworks.openmetadata.metadataelements,45,3,45.0,62.383246250395075
org.odpi.openmetadata.contentpacks.core.core,org.odpi.openmetadata.frameworks.openmetadata.controls,45,3,45.0,62.383246250395075
org.odpi.openmetadata.adapters.connectors.apachekafka.integration,org.odpi.openmetadata.adapters.connectors.controls,45,3,45.0,62.383246250395075
org.odpi.openmetadata.adapters.connectors.apacheatlas.integration.modules,org.odpi.openmetadata.adapters.connectors.apacheatlas.integration,56,2,56.0,61.522288165414146
org.odpi.openmetadata.adapters.connectors.governanceactions.provisioning,org.odpi.openmetadata.frameworks.connectors,56,2,56.0,61.522288165414146
org.odpi.openmetadata.frameworks.openmetadata.connectorcontext,org.odpi.openmetadata.frameworks.openmetadata.properties.schema,56,2,56.0,61.522288165414146
org.odpi.openmetadata.viewservices.actormanager.server,org.odpi.openmetadata.frameworks.openmetadata.properties.actors,56,2,56.0,61.522288165414146
org.odpi.openmetadata.adapters.connectors.governanceactions.stewardship,org.odpi.openmetadata.frameworks.connectors,56,2,56.0,61.522288165414146
org.odpi.openmetadata.adapters.eventbus.topic.kafka,org.odpi.openmetadata.frameworks.connectors.ffdc,38,4,38.0,61.158640672495814
org.odpi.openmetadata.adapters.connectors.apacheatlas.resource,org.odpi.openmetadata.frameworks.connectors,38,4,38.0,61.158640672495814
org.odpi.openmetadata.engineservices.governanceaction.handlers,org.odpi.openmetadata.frameworks.openmetadata.ffdc,38,4,38.0,61.158640672495814
org.odpi.openmetadata.adapters.connectors.integration.openlineage,org.odpi.openmetadata.frameworks.connectors,38,4,38.0,61.158640672495814
org.odpi.openmetadata.repositoryservices.eventmanagement,org.odpi.openmetadata.adminservices.configuration.properties,38,4,38.0,61.158640672495814
org.odpi.openmetadata.conformance.client,org.odpi.openmetadata.adapters.connectors.restclients.ffdc.exceptions,38,4,38.0,61.158640672495814
org.odpi.openmetadata.adapters.connectors.integration.csvlineageimporter,org.odpi.openmetadata.frameworks.integration.connectors,38,4,38.0,61.158640672495814
org.odpi.openmetadata.commonservices.multitenant,org.odpi.openmetadata.commonservices.multitenant.ffdc.exceptions,38,4,38.0,61.158640672495814
org.odpi.openmetadata.adapters.connectors.secretsstore.yaml,org.odpi.openmetadata.frameworks.connectors.properties.beans,44,3,44.0,60.99695188927519
org.odpi.openmetadata.viewservices.subjectarea.server,org.odpi.openmetadata.commonservices.multitenant,44,3,44.0,60.99695188927519
org.odpi.openmetadata.repositoryservices.enterprise.repositoryconnector.accumulators,org.odpi.openmetadata.repositoryservices.enterprise.repositoryconnector,44,3,44.0,60.99695188927519
org.odpi.openmetadata.adapters.connectors.apachekafka.integration,org.odpi.openmetadata.frameworks.connectors,44,3,44.0,60.99695188927519
org.odpi.openmetadata.adapters.connectors.apacheatlas.integration,org.odpi.openmetadata.frameworks.auditlog,44,3,44.0,60.99695188927519
org.odpi.openmetadata.adapters.connectors.externalharvesters.harvestopenmetadata,org.odpi.openmetadata.frameworks.connectors.properties.beans,34,5,34.0,60.91982195375387
org.odpi.openmetadata.adapters.connectors.externalharvesters.harvestsurveys,org.odpi.openmetadata.frameworks.connectors.properties.beans,34,5,34.0,60.91982195375387
org.odpi.openmetadata.frameworks.openmetadata.converters,org.odpi.openmetadata.frameworks.openmetadata.properties.assets.topics,34,5,34.0,60.91982195375387
org.odpi.openmetadata.frameworks.openmetadata.properties.assets,org.odpi.openmetadata.frameworks.openmetadata.enums,34,5,34.0,60.91982195375387
org.odpi.openmetadata.conformance.client,org.odpi.openmetadata.frameworks.auditlog,34,5,34.0,60.91982195375387
org.odpi.openmetadata.repositoryservices.connectors.stores.metadatacollectionstore.properties.search,org.odpi.openmetadata.repositoryservices.connectors.stores.metadatacollectionstore.properties,34,5,34.0,60.91982195375387
org.odpi.openmetadata.governanceservers.integrationdaemonservices.threads,org.odpi.openmetadata.adminservices.configuration.properties,34,5,34.0,60.91982195375387
org.odpi.openmetadata.frameworks.opengovernance.connectorcontext,org.odpi.openmetadata.frameworks.opengovernance.handlers,34,5,34.0,60.91982195375387
org.odpi.openmetadata.repositoryservices.archivemanager,org.odpi.openmetadata.frameworks.auditlog,34,5,34.0,60.91982195375387
org.odpi.openmetadata.samples.archiveutilities.governanceengines,org.odpi.openmetadata.frameworks.opengovernance,34,5,34.0,60.91982195375387
org.odpi.openmetadata.contentpacks.core,org.odpi.openmetadata.frameworks.opengovernance,34,5,34.0,60.91982195375387
org.odpi.openmetadata.frameworks.openmetadata.properties.governance,org.odpi.openmetadata.frameworks.openmetadata.enums,34,5,34.0,60.91982195375387
org.odpi.openmetadata.frameworkservices.omf.admin,org.odpi.openmetadata.frameworks.auditlog,34,5,34.0,60.91982195375387
org.odpi.openmetadata.frameworkservices.gaf.admin,org.odpi.openmetadata.frameworks.auditlog,34,5,34.0,60.91982195375387
org.odpi.openmetadata.adapters.connectors.babbage,org.odpi.openmetadata.frameworks.openmetadata.metadataelements,34,5,34.0,60.91982195375387
org.odpi.openmetadata.frameworks.openmetadata.search,org.odpi.openmetadata.frameworks.openmetadata.enums,34,5,34.0,60.91982195375387
org.odpi.openmetadata.frameworks.integration.context,org.odpi.openmetadata.frameworks.integration.openlineage,34,5,34.0,60.91982195375387
org.odpi.openmetadata.adapters.connectors.unitycatalog.provision,org.odpi.openmetadata.frameworks.openmetadata.types,55,2,55.0,60.42367587674604
org.odpi.openmetadata.viewservices.classificationexplorer.server,org.odpi.openmetadata.frameworks.openmetadata.properties.governance,55,2,55.0,60.42367587674604
org.odpi.openmetadata.viewservices.feedbackmanager.server,org.odpi.openmetadata.frameworks.openmetadata.ffdc,55,2,55.0,60.42367587674604
org.odpi.openmetadata.adapters.connectors.postgres.tabulardatasource,org.odpi.openmetadata.adapters.connectors.resource.jdbc,31,6,31.0,60.32321462071471
org.odpi.openmetadata.samples.archiveutilities.sustainability,org.odpi.openmetadata.samples.archiveutilities.governanceprogram,29,7,29.0,60.303804708715234
org.odpi.openmetadata.repositoryservices.connectors.omrstopic,org.odpi.openmetadata.repositoryservices.connectors.openmetadatatopic,29,7,29.0,60.303804708715234
org.odpi.openmetadata.frameworks.openmetadata.types,org.odpi.openmetadata.frameworks.openmetadata.properties.softwarecapabilities,86,1,86.0,59.61065752815529
org.odpi.openmetadata.viewservices.securityofficer.server.spring,org.odpi.openmetadata.commonservices.ffdc.rest,43,3,43.0,59.61065752815529
org.odpi.openmetadata.serveroperations.client,org.odpi.openmetadata.serveroperations.rest,43,3,43.0,59.61065752815529
org.odpi.openmetadata.contentpacks.core,org.odpi.openmetadata.frameworks.openmetadata.specificationproperties,43,3,43.0,59.61065752815529
org.odpi.openmetadata.repositoryservices.connectors.stores.auditlogstore,org.odpi.openmetadata.frameworks.connectors.properties.beans,37,4,37.0,59.54920276006171
org.odpi.openmetadata.adapters.connectors.governanceactions.watchdog,org.odpi.openmetadata.frameworks.opengovernance.ffdc,37,4,37.0,59.54920276006171
org.odpi.openmetadata.adapters.connectors.jacquard.tabulardatasets,org.odpi.openmetadata.frameworks.connectors.properties.beans,37,4,37.0,59.54920276006171
org.odpi.openmetadata.engineservices.watchdogaction.handlers,org.odpi.openmetadata.frameworks.openmetadata.ffdc,37,4,37.0,59.54920276006171
org.odpi.openmetadata.conformance.workbenches.repository.listener,org.odpi.openmetadata.repositoryservices.events,37,4,37.0,59.54920276006171
org.odpi.openmetadata.archiveutilities.simplecatalogs.catalogcontent,org.odpi.openmetadata.frameworks.openmetadata.types,54,2,54.0,59.32506358807793
org.odpi.openmetadata.viewservices.actionauthor.server.spring,org.odpi.openmetadata.commonservices.ffdc.rest,54,2,54.0,59.32506358807793
org.odpi.openmetadata.adapters.connectors.postgres.tabulardatasource,org.odpi.openmetadata.adapters.connectors.postgres.ffdc,54,2,54.0,59.32506358807793
org.odpi.openmetadata.adapters.connectors.apacheatlas.integration,org.odpi.openmetadata.adapters.connectors.apacheatlas.integration.ffdc,54,2,54.0,59.32506358807793
org.odpi.openmetadata.adapters.connectors.governanceactions.stewardship,org.odpi.openmetadata.frameworks.openmetadata.types,54,2,54.0,59.32506358807793
org.odpi.openmetadata.contentpacks.core.apis,org.odpi.openmetadata.contentpacks.core,54,2,54.0,59.32506358807793
org.odpi.openmetadata.repositoryservices.connectors.stores.auditlogstore,org.odpi.openmetadata.frameworks.connectors,33,5,33.0,59.12806248452581
org.odpi.openmetadata.repositoryservices.connectors.stores.archivestore,org.odpi.openmetadata.frameworks.connectors,33,5,33.0,59.12806248452581
org.odpi.openmetadata.repositoryservices.connectors.stores.cohortregistrystore,org.odpi.openmetadata.frameworks.connectors,33,5,33.0,59.12806248452581
org.odpi.openmetadata.frameworks.opengovernance.handlers,org.odpi.openmetadata.frameworks.openmetadata.properties.governance,33,5,33.0,59.12806248452581
org.odpi.openmetadata.conformance.workbenches.repository.connectorconsumer,org.odpi.openmetadata.repositoryservices.connectors.stores.metadatacollectionstore.repositoryconnector,33,5,33.0,59.12806248452581
org.odpi.openmetadata.adapters.connectors.dynamicarchivers,org.odpi.openmetadata.repositoryservices.connectors.stores.archivestore.properties,33,5,33.0,59.12806248452581
org.odpi.openmetadata.adapters.connectors.externalharvesters.harvestsurveys,org.odpi.openmetadata.adapters.connectors.resource.jdbc,33,5,33.0,59.12806248452581
org.odpi.openmetadata.contentpacks.core,org.odpi.openmetadata.frameworks.openmetadata.properties,30,6,30.0,58.3773044716594
org.odpi.openmetadata.engineservices.repositorygovernance.handlers,org.odpi.openmetadata.frameworks.openmetadata.refdata,30,6,30.0,58.3773044716594
org.odpi.openmetadata.samples.archiveutilities.governanceprogram,org.odpi.openmetadata.frameworks.openmetadata.types,53,2,53.0,58.22645129940982
org.odpi.openmetadata.frameworks.openmetadata.properties.externalreferences,org.odpi.openmetadata.frameworks.openmetadata.types,53,2,53.0,58.22645129940982
org.odpi.openmetadata.adapters.connectors.unitycatalog.provision,org.odpi.openmetadata.frameworks.openmetadata.ffdc,53,2,53.0,58.22645129940982
org.odpi.openmetadata.adapters.repositoryservices.archiveconnector.directory,org.odpi.openmetadata.adapters.repositoryservices.archiveconnector.directory.ffdc,53,2,53.0,58.22645129940982
org.odpi.openmetadata.accessservices.assetowner.fvt.connections,org.odpi.openmetadata.frameworks.openmetadata.properties,84,1,84.0,58.224363167035406
org.odpi.openmetadata.accessservices.assetmanager.fvt.common,org.odpi.openmetadata.frameworks.openmetadata.properties,84,1,84.0,58.224363167035406
org.odpi.openmetadata.governanceservers.enginehostservices.admin,org.odpi.openmetadata.frameworks.openmetadata.properties.assets.processes.connectors,36,4,36.0,57.93976484762761
org.odpi.openmetadata.viewservices.digitalbusiness.server.spring,org.odpi.openmetadata.viewservices.digitalbusiness.server,36,4,36.0,57.93976484762761
org.odpi.openmetadata.frameworks.openmetadata.search,org.odpi.openmetadata.frameworks.openmetadata.converters,36,4,36.0,57.93976484762761
org.odpi.openmetadata.serveroperations.server.spring,org.odpi.openmetadata.serveroperations.server,36,4,36.0,57.93976484762761
org.odpi.openmetadata.adapters.connectors.jacquard.tabulardatasets.openmetadatatypes,org.odpi.openmetadata.frameworks.connectors.ffdc,36,4,36.0,57.93976484762761
org.odpi.openmetadata.adapters.connectors.apachekafka.resource,org.odpi.openmetadata.frameworks.connectors,36,4,36.0,57.93976484762761
org.odpi.openmetadata.adapters.connectors.integration.basicfiles,org.odpi.openmetadata.frameworks.openmetadata.builders,36,4,36.0,57.93976484762761
org.odpi.openmetadata.viewservices.assetcatalog.server,org.odpi.openmetadata.tokencontroller,36,4,36.0,57.93976484762761
org.odpi.openmetadata.archiveutilities.simplecatalogs,org.odpi.openmetadata.repositoryservices.archiveutilities,36,4,36.0,57.93976484762761
org.odpi.openmetadata.frameworks.openwatchdog,org.odpi.openmetadata.frameworks.opengovernance,32,5,32.0,57.33630301529776
org.odpi.openmetadata.utilities.serverconfig,org.odpi.openmetadata.frameworks.auditlog,32,5,32.0,57.33630301529776
org.odpi.openmetadata.frameworks.openmetadata.client,org.odpi.openmetadata.frameworks.openmetadata.reports,32,5,32.0,57.33630301529776
org.odpi.openmetadata.frameworkservices.ocf.metadatamanagement.client,org.odpi.openmetadata.frameworks.connectors.properties.beans,32,5,32.0,57.33630301529776
org.odpi.openmetadata.governanceservers.integrationdaemonservices.rest,org.odpi.openmetadata.governanceservers.integrationdaemonservices.properties,32,5,32.0,57.33630301529776
org.odpi.openmetadata.adapters.adminservices.configurationstore.file,org.odpi.openmetadata.adminservices.store,32,5,32.0,57.33630301529776
org.odpi.openmetadata.governanceservers.integrationdaemonservices.handlers,org.odpi.openmetadata.frameworks.integration.connectors,32,5,32.0,57.33630301529776
org.odpi.openmetadata.viewservices.automatedcuration.rest,org.odpi.openmetadata.viewservices.automatedcuration.properties,32,5,32.0,57.33630301529776
org.odpi.openmetadata.adapters.connectors.postgres.catalog,org.odpi.openmetadata.frameworks.connectors,32,5,32.0,57.33630301529776
org.odpi.openmetadata.adapters.connectors.egeriainfrastructure.platform.catalog,org.odpi.openmetadata.adapters.connectors.egeriainfrastructure.control,52,2,52.0,57.12783901074171
org.odpi.openmetadata.repositoryservices.connectors.openmetadatatopic,org.odpi.openmetadata.frameworks.connectors.properties.beans,41,3,41.0,56.83806880591551
org.odpi.openmetadata.adapters.connectors.apacheatlas.integration,org.odpi.openmetadata.frameworks.connectors.properties.beans,41,3,41.0,56.83806880591551
org.odpi.openmetadata.viewservices.governanceofficer.server,org.odpi.openmetadata.frameworks.opengovernance.properties,41,3,41.0,56.83806880591551
org.odpi.openmetadata.conformance.workbenches.repository.connectorconsumer,org.odpi.openmetadata.frameworks.auditlog,41,3,41.0,56.83806880591551
org.odpi.openmetadata.metadatasecurity.server,org.odpi.openmetadata.metadatasecurity.connectors,29,6,29.0,56.431394322604085
org.odpi.openmetadata.adapters.connectors.apachekafka.survey,org.odpi.openmetadata.adapters.connectors.apachekafka.survey.controls,35,4,35.0,56.33032693519351
org.odpi.openmetadata.repositoryservices.metadatahighway,org.odpi.openmetadata.frameworks.connectors.properties.beans,35,4,35.0,56.33032693519351
org.odpi.openmetadata.adapters.repositoryservices,org.odpi.openmetadata.frameworks.auditlog,35,4,35.0,56.33032693519351
org.odpi.openmetadata.viewservices.assetcatalog.server,org.odpi.openmetadata.frameworks.auditlog,35,4,35.0,56.33032693519351
org.odpi.openmetadata.frameworks.integration.iterator,org.odpi.openmetadata.frameworks.openmetadata.ffdc,51,2,51.0,56.0292267220736
org.odpi.openmetadata.accessservices.digitalarchitecture.fvt.locations,org.odpi.openmetadata.fvt.utilities,31,5,31.0,55.544543546069704
org.odpi.openmetadata.accessservices.communityprofile.fvt.locations,org.odpi.openmetadata.fvt.utilities,31,5,31.0,55.544543546069704
org.odpi.openmetadata.accessservices.digitalarchitecture.fvt.clientconstructors,org.odpi.openmetadata.fvt.utilities,31,5,31.0,55.544543546069704
org.odpi.openmetadata.governanceservers.enginehostservices.client,org.odpi.openmetadata.governanceservers.enginehostservices.client.rest,31,5,31.0,55.544543546069704
org.odpi.openmetadata.accessservices.assetmanager.fvt.connections,org.odpi.openmetadata.fvt.utilities,31,5,31.0,55.544543546069704
org.odpi.openmetadata.adapters.connectors.apacheatlas.integration.modules,org.odpi.openmetadata.frameworks.openmetadata.properties.assets.processes,31,5,31.0,55.544543546069704
org.odpi.openmetadata.accessservices.communityprofile.fvt.metadatasources,org.odpi.openmetadata.fvt.utilities,31,5,31.0,55.544543546069704
org.odpi.openmetadata.accessservices.governanceprogram.fvt.clientconstructors,org.odpi.openmetadata.fvt.utilities,31,5,31.0,55.544543546069704
org.odpi.openmetadata.accessservices.stewardshipaction.fvt.duplicateprocessing,org.odpi.openmetadata.fvt.utilities,31,5,31.0,55.544543546069704
org.odpi.openmetadata.accessservices.assetowner.fvt.duplicateprocessing,org.odpi.openmetadata.fvt.utilities,31,5,31.0,55.544543546069704
org.odpi.openmetadata.accessservices.stewardshipaction.fvt.clientconstructors,org.odpi.openmetadata.fvt.utilities,31,5,31.0,55.544543546069704
org.odpi.openmetadata.accessservices.governanceprogram.fvt.definitions,org.odpi.openmetadata.fvt.utilities,31,5,31.0,55.544543546069704
org.odpi.openmetadata.accessservices.assetmanager.fvt.externalidentifiers,org.odpi.openmetadata.fvt.utilities,31,5,31.0,55.544543546069704
org.odpi.openmetadata.accessservices.governanceserver.fvt.duplicates,org.odpi.openmetadata.fvt.utilities,31,5,31.0,55.544543546069704
org.odpi.openmetadata.repositoryservices.archiveutilities,org.odpi.openmetadata.frameworks.connectors,31,5,31.0,55.544543546069704
org.odpi.openmetadata.accessservices.assetmanager.fvt.clientconstructors,org.odpi.openmetadata.fvt.utilities,31,5,31.0,55.544543546069704
org.odpi.openmetadata.accessservices.assetowner.fvt.errorhandling,org.odpi.openmetadata.fvt.utilities,31,5,31.0,55.544543546069704
org.odpi.openmetadata.accessservices.assetowner.fvt.connections,org.odpi.openmetadata.fvt.utilities,31,5,31.0,55.544543546069704
org.odpi.openmetadata.accessservices.digitalarchitecture.fvt.errorhandling,org.odpi.openmetadata.fvt.utilities,31,5,31.0,55.544543546069704
org.odpi.openmetadata.frameworks.opengovernance,org.odpi.openmetadata.frameworks.opengovernance.properties,31,5,31.0,55.544543546069704
org.odpi.openmetadata.accessservices.datamanager.fvt.errorhandling,org.odpi.openmetadata.fvt.utilities,31,5,31.0,55.544543546069704
org.odpi.openmetadata.accessservices.datamanager.fvt.connections,org.odpi.openmetadata.fvt.utilities,31,5,31.0,55.544543546069704
org.odpi.openmetadata.accessservices.assetowner.fvt.validmetadatavalues,org.odpi.openmetadata.fvt.utilities,31,5,31.0,55.544543546069704
org.odpi.openmetadata.accessservices.governanceserver.fvt.engines,org.odpi.openmetadata.fvt.utilities,31,5,31.0,55.544543546069704
org.odpi.openmetadata.accessservices.communityprofile.fvt.todos,org.odpi.openmetadata.fvt.utilities,31,5,31.0,55.544543546069704
org.odpi.openmetadata.accessservices.assetowner.fvt.assets,org.odpi.openmetadata.fvt.utilities,31,5,31.0,55.544543546069704
org.odpi.openmetadata.repositoryservices.enterprise.repositoryconnector.control,org.odpi.openmetadata.repositoryservices.connectors.stores.metadatacollectionstore.repositoryconnector,31,5,31.0,55.544543546069704
org.odpi.openmetadata.accessservices.assetowner.fvt.clientconstructors,org.odpi.openmetadata.fvt.utilities,31,5,31.0,55.544543546069704
org.odpi.openmetadata.frameworks.openmetadata.properties.datadictionaries,org.odpi.openmetadata.frameworks.openmetadata.enums,31,5,31.0,55.544543546069704
org.odpi.openmetadata.accessservices.datamanager.fvt.databases,org.odpi.openmetadata.fvt.utilities,31,5,31.0,55.544543546069704
org.odpi.openmetadata.accessservices.communityprofile.fvt.errorhandling,org.odpi.openmetadata.fvt.utilities,31,5,31.0,55.544543546069704
org.odpi.openmetadata.accessservices.communityprofile.fvt.validvalues,org.odpi.openmetadata.fvt.utilities,31,5,31.0,55.544543546069704
org.odpi.openmetadata.accessservices.assetmanager.fvt.errorhandling,org.odpi.openmetadata.fvt.utilities,31,5,31.0,55.544543546069704
org.odpi.openmetadata.accessservices.datamanager.fvt.clientconstructors,org.odpi.openmetadata.fvt.utilities,31,5,31.0,55.544543546069704
org.odpi.openmetadata.accessservices.communityprofile.fvt.profiles,org.odpi.openmetadata.fvt.utilities,31,5,31.0,55.544543546069704
org.odpi.openmetadata.accessservices.digitalarchitecture.fvt.validvalues,org.odpi.openmetadata.fvt.utilities,31,5,31.0,55.544543546069704
org.odpi.openmetadata.accessservices.assetmanager.fvt.glossaries,org.odpi.openmetadata.fvt.utilities,31,5,31.0,55.544543546069704
org.odpi.openmetadata.accessservices.datamanager.fvt.validvalues,org.odpi.openmetadata.fvt.utilities,31,5,31.0,55.544543546069704
org.odpi.openmetadata.accessservices.governanceserver.fvt.errorhandling,org.odpi.openmetadata.fvt.utilities,31,5,31.0,55.544543546069704
org.odpi.openmetadata.adapters.connectors.integration.csvlineageimporter,org.odpi.openmetadata.frameworks.openmetadata.search,31,5,31.0,55.544543546069704
org.odpi.openmetadata.frameworks.integration.context,org.odpi.openmetadata.frameworks.opengovernance.client,31,5,31.0,55.544543546069704
org.odpi.openmetadata.accessservices.governanceprogram.fvt.errorhandling,org.odpi.openmetadata.fvt.utilities,31,5,31.0,55.544543546069704
org.odpi.openmetadata.accessservices.communityprofile.fvt.clientconstructors,org.odpi.openmetadata.fvt.utilities,31,5,31.0,55.544543546069704
org.odpi.openmetadata.accessservices.digitalarchitecture.fvt.connections,org.odpi.openmetadata.fvt.utilities,31,5,31.0,55.544543546069704
org.odpi.openmetadata.frameworks.openmetadata.properties,org.odpi.openmetadata.frameworks.openmetadata.enums,31,5,31.0,55.544543546069704
org.odpi.openmetadata.accessservices.datamanager.fvt.events,org.odpi.openmetadata.fvt.utilities,31,5,31.0,55.544543546069704
org.odpi.openmetadata.engineservices.surveyaction.handlers,org.odpi.openmetadata.frameworks.opengovernance.properties,31,5,31.0,55.544543546069704
org.odpi.openmetadata.accessservices.governanceserver.fvt.clientconstructors,org.odpi.openmetadata.fvt.utilities,31,5,31.0,55.544543546069704
org.odpi.openmetadata.adapters.connectors.integration.openlineage,org.odpi.openmetadata.frameworks.auditlog,40,3,40.0,55.451774444795625
org.odpi.openmetadata.accessservices.assetowner.fvt.duplicateprocessing,org.odpi.openmetadata.frameworks.openmetadata.properties,80,1,80.0,55.451774444795625
org.odpi.openmetadata.viewservices.dataengineer.server,org.odpi.openmetadata.commonservices.multitenant,40,3,40.0,55.451774444795625
org.odpi.openmetadata.adapters.connectors.postgres.catalog,org.odpi.openmetadata.frameworks.openmetadata.types,50,2,50.0,54.93061443340549
org.odpi.openmetadata.adapters.connectors.governanceactions.remediation,org.odpi.openmetadata.adapters.connectors.governanceactions.ffdc,50,2,50.0,54.93061443340549
org.odpi.openmetadata.viewservices.referencedata.ffdc,org.odpi.openmetadata.frameworks.auditlog,34,4,34.0,54.72088902275941
org.odpi.openmetadata.viewservices.runtimemanager.ffdc,org.odpi.openmetadata.frameworks.auditlog,34,4,34.0,54.72088902275941
org.odpi.openmetadata.viewservices.solutionarchitect.ffdc,org.odpi.openmetadata.frameworks.auditlog,34,4,34.0,54.72088902275941
org.odpi.openmetadata.viewservices.locationarena.ffdc,org.odpi.openmetadata.frameworks.auditlog,34,4,34.0,54.72088902275941
org.odpi.openmetadata.frameworks.openmetadata.properties.governance,org.odpi.openmetadata.frameworks.openmetadata.properties.collections,34,4,34.0,54.72088902275941
org.odpi.openmetadata.viewservices.actionauthor.ffdc,org.odpi.openmetadata.frameworks.auditlog,34,4,34.0,54.72088902275941
org.odpi.openmetadata.viewservices.validmetadata.ffdc,org.odpi.openmetadata.frameworks.auditlog,34,4,34.0,54.72088902275941
org.odpi.openmetadata.viewservices.projectmanager.ffdc,org.odpi.openmetadata.frameworks.auditlog,34,4,34.0,54.72088902275941
org.odpi.openmetadata.viewservices.peopleorganizer.ffdc,org.odpi.openmetadata.frameworks.auditlog,34,4,34.0,54.72088902275941
org.odpi.openmetadata.adapters.connectors.surveyaction.ffdc,org.odpi.openmetadata.frameworks.auditlog,34,4,34.0,54.72088902275941
org.odpi.openmetadata.viewservices.communitymatters.ffdc,org.odpi.openmetadata.frameworks.auditlog,34,4,34.0,54.72088902275941
org.odpi.openmetadata.adapters.connectors.integration.openlineage.ffdc,org.odpi.openmetadata.frameworks.auditlog,34,4,34.0,54.72088902275941
org.odpi.openmetadata.viewservices.datadiscovery.ffdc,org.odpi.openmetadata.frameworks.auditlog,34,4,34.0,54.72088902275941
org.odpi.openmetadata.frameworks.openmetadata.properties.security,org.odpi.openmetadata.frameworks.openmetadata.properties.collections,34,4,34.0,54.72088902275941
org.odpi.openmetadata.frameworks.openmetadata.properties.surveyreports,org.odpi.openmetadata.frameworks.openmetadata.properties.assets.processes.actions,34,4,34.0,54.72088902275941
org.odpi.openmetadata.viewservices.actormanager.ffdc,org.odpi.openmetadata.frameworks.auditlog,34,4,34.0,54.72088902275941
org.odpi.openmetadata.viewservices.glossarymanager.ffdc,org.odpi.openmetadata.frameworks.auditlog,34,4,34.0,54.72088902275941
org.odpi.openmetadata.viewservices.dataofficer.ffdc,org.odpi.openmetadata.frameworks.auditlog,34,4,34.0,54.72088902275941
org.odpi.openmetadata.viewservices.classificationexplorer.ffdc,org.odpi.openmetadata.frameworks.auditlog,34,4,34.0,54.72088902275941
org.odpi.openmetadata.viewservices.myprofile.ffdc,org.odpi.openmetadata.frameworks.auditlog,34,4,34.0,54.72088902275941
org.odpi.openmetadata.accessservices.assetmanager.fvt.glossaries,org.odpi.openmetadata.frameworks.openmetadata.properties.glossaries,34,4,34.0,54.72088902275941
org.odpi.openmetadata.adapters.connectors.postgres.ffdc,org.odpi.openmetadata.frameworks.auditlog,34,4,34.0,54.72088902275941
org.odpi.openmetadata.frameworks.openmetadata.properties.informationsupplychains,org.odpi.openmetadata.frameworks.openmetadata.properties.collections,34,4,34.0,54.72088902275941
org.odpi.openmetadata.adapters.connectors.surveyaction.surveyfile,org.odpi.openmetadata.frameworks.opensurvey.controls,34,4,34.0,54.72088902275941
org.odpi.openmetadata.viewservices.metadataexpert.ffdc,org.odpi.openmetadata.frameworks.auditlog,34,4,34.0,54.72088902275941
org.odpi.openmetadata.viewservices.externallinks.ffdc,org.odpi.openmetadata.frameworks.auditlog,34,4,34.0,54.72088902275941
org.odpi.openmetadata.viewservices.privacyofficer.ffdc,org.odpi.openmetadata.frameworks.auditlog,34,4,34.0,54.72088902275941
org.odpi.openmetadata.viewservices.lineagelinker.ffdc,org.odpi.openmetadata.frameworks.auditlog,34,4,34.0,54.72088902275941
org.odpi.openmetadata.frameworks.openmetadata.properties.assets.topics,org.odpi.openmetadata.frameworks.openmetadata.properties.assets,34,4,34.0,54.72088902275941
org.odpi.openmetadata.adminservices.ffdc.exception,org.odpi.openmetadata.frameworks.openmetadata.ffdc,34,4,34.0,54.72088902275941
org.odpi.openmetadata.viewservices.assetcatalog.ffdc,org.odpi.openmetadata.frameworks.auditlog,34,4,34.0,54.72088902275941
org.odpi.openmetadata.frameworks.openmetadata.properties.schema.databases,org.odpi.openmetadata.frameworks.openmetadata.properties.schema.tabular,34,4,34.0,54.72088902275941
org.odpi.openmetadata.viewservices.dataengineer.ffdc,org.odpi.openmetadata.frameworks.auditlog,34,4,34.0,54.72088902275941
org.odpi.openmetadata.viewservices.datadesigner.ffdc,org.odpi.openmetadata.frameworks.auditlog,34,4,34.0,54.72088902275941
org.odpi.openmetadata.viewservices.automatedcuration.ffdc,org.odpi.openmetadata.frameworks.auditlog,34,4,34.0,54.72088902275941
org.odpi.openmetadata.viewservices.subjectarea.ffdc,org.odpi.openmetadata.frameworks.auditlog,34,4,34.0,54.72088902275941
org.odpi.openmetadata.viewservices.devopspipeline.ffdc,org.odpi.openmetadata.frameworks.auditlog,34,4,34.0,54.72088902275941
org.odpi.openmetadata.adapters.connectors.restclients.factory,org.odpi.openmetadata.frameworks.connectors,34,4,34.0,54.72088902275941
org.odpi.openmetadata.viewservices.feedbackmanager.ffdc,org.odpi.openmetadata.frameworks.auditlog,34,4,34.0,54.72088902275941
org.odpi.openmetadata.viewservices.notificationmanager.ffdc,org.odpi.openmetadata.frameworks.auditlog,34,4,34.0,54.72088902275941
org.odpi.openmetadata.viewservices.productmanager.ffdc,org.odpi.openmetadata.frameworks.auditlog,34,4,34.0,54.72088902275941
org.odpi.openmetadata.viewservices.assetmaker.ffdc,org.odpi.openmetadata.frameworks.auditlog,34,4,34.0,54.72088902275941
org.odpi.openmetadata.viewservices.schemamaker.ffdc,org.odpi.openmetadata.frameworks.auditlog,34,4,34.0,54.72088902275941
org.odpi.openmetadata.adapters.connectors.egeriainfrastructure.platform.catalog,org.odpi.openmetadata.frameworks.openmetadata.properties.implementations,34,4,34.0,54.72088902275941
org.odpi.openmetadata.viewservices.productcatalog.ffdc,org.odpi.openmetadata.frameworks.auditlog,34,4,34.0,54.72088902275941
org.odpi.openmetadata.viewservices.timekeeper.ffdc,org.odpi.openmetadata.frameworks.auditlog,34,4,34.0,54.72088902275941
org.odpi.openmetadata.frameworks.openmetadata.properties.assets.processes.actions,org.odpi.openmetadata.frameworks.openmetadata.properties.assets.processes,34,4,34.0,54.72088902275941
org.odpi.openmetadata.viewservices.collectionmanager.ffdc,org.odpi.openmetadata.frameworks.auditlog,34,4,34.0,54.72088902275941
org.odpi.openmetadata.viewservices.governanceofficer.ffdc,org.odpi.openmetadata.frameworks.auditlog,34,4,34.0,54.72088902275941
org.odpi.openmetadata.viewservices.securityofficer.ffdc,org.odpi.openmetadata.frameworks.auditlog,34,4,34.0,54.72088902275941
org.odpi.openmetadata.viewservices.templatemanager.ffdc,org.odpi.openmetadata.frameworks.auditlog,34,4,34.0,54.72088902275941
org.odpi.openmetadata.viewservices.connectionmaker.ffdc,org.odpi.openmetadata.frameworks.auditlog,34,4,34.0,54.72088902275941
org.odpi.openmetadata.viewservices.digitalbusiness.ffdc,org.odpi.openmetadata.frameworks.auditlog,34,4,34.0,54.72088902275941
org.odpi.openmetadata.viewservices.multilanguage.ffdc,org.odpi.openmetadata.frameworks.auditlog,34,4,34.0,54.72088902275941
org.odpi.openmetadata.repositoryservices.enterprise.connectormanager,org.odpi.openmetadata.repositoryservices.localrepository.repositorycontentmanager,28,6,28.0,54.48548417354877
org.odpi.openmetadata.metadatasecurity.server,org.odpi.openmetadata.frameworks.connectors.properties.beans,28,6,28.0,54.48548417354877
org.odpi.openmetadata.contentpacks.core,org.odpi.openmetadata.adapters.connectors.datastore.csvfile,39,3,39.0,54.06548008367573
org.odpi.openmetadata.frameworks.openmetadata.client,org.odpi.openmetadata.frameworks.openmetadata.properties.assets.reports,39,3,39.0,54.06548008367573
org.odpi.openmetadata.contentpacks.core.postgres,org.odpi.openmetadata.adapters.connectors.controls,39,3,39.0,54.06548008367573
org.odpi.openmetadata.frameworkservices.gaf.server.spring,org.odpi.openmetadata.commonservices.ffdc.rest,39,3,39.0,54.06548008367573
org.odpi.openmetadata.adapters.connectors.governanceactions.watchdog,org.odpi.openmetadata.adapters.connectors.governanceactions.ffdc,49,2,49.0,53.83200214473738
org.odpi.openmetadata.adapters.connectors.apacheatlas.survey.controls,org.odpi.openmetadata.frameworks.openmetadata.types,49,2,49.0,53.83200214473738
org.odpi.openmetadata.adapters.connectors.governanceactions.provisioning,org.odpi.openmetadata.frameworks.openmetadata.controls,49,2,49.0,53.83200214473738
org.odpi.openmetadata.contentpacks.core,org.odpi.openmetadata.adapters.connectors.jacquard.productcatalog,49,2,49.0,53.83200214473738
org.odpi.openmetadata.frameworks.openmetadata.handlers,org.odpi.openmetadata.frameworks.openmetadata.properties.datadictionaries,49,2,49.0,53.83200214473738
org.odpi.openmetadata.serveroperations.client,org.odpi.openmetadata.frameworks.openmetadata.ffdc,49,2,49.0,53.83200214473738
org.odpi.openmetadata.samples.governanceactions.clinicaltrials.metadata,org.odpi.openmetadata.frameworks.openmetadata.refdata,49,2,49.0,53.83200214473738
org.odpi.openmetadata.samples.archiveutilities.clinicaltrialtemplates,org.odpi.openmetadata.frameworks.openmetadata.controls,49,2,49.0,53.83200214473738
org.odpi.openmetadata.repositoryservices.archiveutilities,org.odpi.openmetadata.repositoryservices.connectors.stores.metadatacollectionstore.utilities,30,5,30.0,53.75278407684165
org.odpi.openmetadata.adapters.repositoryservices,org.odpi.openmetadata.frameworks.auditlog.messagesets,30,5,30.0,53.75278407684165
org.odpi.openmetadata.metadataobservability.ffdc,org.odpi.openmetadata.frameworks.auditlog.messagesets,30,5,30.0,53.75278407684165
org.odpi.openmetadata.viewservices.assetmaker.admin,org.odpi.openmetadata.frameworks.auditlog,30,5,30.0,53.75278407684165
org.odpi.openmetadata.adapters.connectors.baudot.ffdc,org.odpi.openmetadata.frameworks.auditlog.messagesets,30,5,30.0,53.75278407684165
org.odpi.openmetadata.accessservices.assetowner.fvt.dataassets,org.odpi.openmetadata.frameworks.auditlog,30,5,30.0,53.75278407684165
org.odpi.openmetadata.adapters.repositoryservices.cohortregistrystore.file.ffdc,org.odpi.openmetadata.frameworks.auditlog.messagesets,30,5,30.0,53.75278407684165
org.odpi.openmetadata.viewservices.notificationmanager.admin,org.odpi.openmetadata.frameworks.auditlog,30,5,30.0,53.75278407684165
org.odpi.openmetadata.viewservices.datadiscovery.admin,org.odpi.openmetadata.frameworks.auditlog,30,5,30.0,53.75278407684165
org.odpi.openmetadata.viewservices.validmetadata.admin,org.odpi.openmetadata.frameworks.auditlog,30,5,30.0,53.75278407684165
org.odpi.openmetadata.viewservices.glossarymanager.ffdc,org.odpi.openmetadata.frameworks.auditlog.messagesets,30,5,30.0,53.75278407684165
org.odpi.openmetadata.viewservices.locationarena.admin,org.odpi.openmetadata.frameworks.auditlog,30,5,30.0,53.75278407684165
org.odpi.openmetadata.metadatasecurity.accessconnector.ffdc,org.odpi.openmetadata.frameworks.auditlog.messagesets,30,5,30.0,53.75278407684165
org.odpi.openmetadata.viewservices.subjectarea.admin,org.odpi.openmetadata.frameworks.auditlog,30,5,30.0,53.75278407684165
org.odpi.openmetadata.adapters.connectors.datastore.basicfile.ffdc,org.odpi.openmetadata.frameworks.auditlog.messagesets,30,5,30.0,53.75278407684165
org.odpi.openmetadata.viewservices.digitalbusiness.admin,org.odpi.openmetadata.frameworks.auditlog,30,5,30.0,53.75278407684165
org.odpi.openmetadata.adapters.connectors.reports.ffdc,org.odpi.openmetadata.frameworks.auditlog.messagesets,30,5,30.0,53.75278407684165
org.odpi.openmetadata.viewservices.connectionmaker.admin,org.odpi.openmetadata.frameworks.auditlog,30,5,30.0,53.75278407684165
org.odpi.openmetadata.tokencontroller.ffdc,org.odpi.openmetadata.frameworks.auditlog.messagesets,30,5,30.0,53.75278407684165
org.odpi.openmetadata.adapters.connectors.datastore.datafolder.ffdc,org.odpi.openmetadata.frameworks.auditlog.messagesets,30,5,30.0,53.75278407684165
org.odpi.openmetadata.viewservices.projectmanager.admin,org.odpi.openmetadata.frameworks.auditlog,30,5,30.0,53.75278407684165
org.odpi.openmetadata.adapters.repositoryservices.readonly.repositoryconnector,org.odpi.openmetadata.repositoryservices.connectors.stores.metadatacollectionstore.repositoryconnector,30,5,30.0,53.75278407684165
org.odpi.openmetadata.viewservices.runtimemanager.ffdc,org.odpi.openmetadata.frameworks.auditlog.messagesets,30,5,30.0,53.75278407684165
org.odpi.openmetadata.viewservices.dataengineer.admin,org.odpi.openmetadata.frameworks.auditlog,30,5,30.0,53.75278407684165
org.odpi.openmetadata.viewservices.productcatalog.ffdc,org.odpi.openmetadata.frameworks.auditlog.messagesets,30,5,30.0,53.75278407684165
org.odpi.openmetadata.viewservices.validmetadata.ffdc,org.odpi.openmetadata.frameworks.auditlog.messagesets,30,5,30.0,53.75278407684165
org.odpi.openmetadata.viewservices.assetcatalog.admin,org.odpi.openmetadata.frameworks.auditlog,30,5,30.0,53.75278407684165
org.odpi.openmetadata.frameworks.openmetadata.properties.digitalbusiness,org.odpi.openmetadata.frameworks.openmetadata.enums,30,5,30.0,53.75278407684165
org.odpi.openmetadata.viewservices.solutionarchitect.ffdc,org.odpi.openmetadata.frameworks.auditlog.messagesets,30,5,30.0,53.75278407684165
org.odpi.openmetadata.governanceservers.integrationdaemonservices.listener,org.odpi.openmetadata.governanceservers.integrationdaemonservices.handlers,30,5,30.0,53.75278407684165
org.odpi.openmetadata.viewservices.multilanguage.ffdc,org.odpi.openmetadata.frameworks.auditlog.messagesets,30,5,30.0,53.75278407684165
org.odpi.openmetadata.viewservices.privacyofficer.admin,org.odpi.openmetadata.frameworks.auditlog,30,5,30.0,53.75278407684165
org.odpi.openmetadata.viewservices.securityofficer.ffdc,org.odpi.openmetadata.frameworks.auditlog.messagesets,30,5,30.0,53.75278407684165
org.odpi.openmetadata.viewservices.timekeeper.ffdc,org.odpi.openmetadata.frameworks.auditlog.messagesets,30,5,30.0,53.75278407684165
org.odpi.openmetadata.viewservices.peopleorganizer.admin,org.odpi.openmetadata.frameworks.auditlog,30,5,30.0,53.75278407684165
org.odpi.openmetadata.viewservices.actionauthor.ffdc,org.odpi.openmetadata.frameworks.auditlog.messagesets,30,5,30.0,53.75278407684165
org.odpi.openmetadata.viewservices.actionauthor.admin,org.odpi.openmetadata.frameworks.auditlog,30,5,30.0,53.75278407684165
org.odpi.openmetadata.adminservices.configuration.properties,org.odpi.openmetadata.frameworks.auditlog,30,5,30.0,53.75278407684165
org.odpi.openmetadata.viewservices.productcatalog.admin,org.odpi.openmetadata.frameworks.auditlog,30,5,30.0,53.75278407684165
org.odpi.openmetadata.viewservices.locationarena.ffdc,org.odpi.openmetadata.frameworks.auditlog.messagesets,30,5,30.0,53.75278407684165
org.odpi.openmetadata.adapters.connectors.restclients.ffdc,org.odpi.openmetadata.frameworks.auditlog.messagesets,30,5,30.0,53.75278407684165
org.odpi.openmetadata.viewservices.feedbackmanager.admin,org.odpi.openmetadata.frameworks.auditlog,30,5,30.0,53.75278407684165
org.odpi.openmetadata.frameworkservices.gaf.outtopic,org.odpi.openmetadata.frameworks.auditlog,30,5,30.0,53.75278407684165
org.odpi.openmetadata.viewservices.solutionarchitect.admin,org.odpi.openmetadata.frameworks.auditlog,30,5,30.0,53.75278407684165
org.odpi.openmetadata.viewservices.collectionmanager.ffdc,org.odpi.openmetadata.frameworks.auditlog.messagesets,30,5,30.0,53.75278407684165
org.odpi.openmetadata.frameworks.openmetadata.connectorcontext,org.odpi.openmetadata.frameworks.openmetadata.properties.assets.processes.actions,30,5,30.0,53.75278407684165
org.odpi.openmetadata.viewservices.runtimemanager.admin,org.odpi.openmetadata.frameworks.auditlog,30,5,30.0,53.75278407684165
org.odpi.openmetadata.viewservices.peopleorganizer.ffdc,org.odpi.openmetadata.frameworks.auditlog.messagesets,30,5,30.0,53.75278407684165
org.odpi.openmetadata.adapters.connectors.surveyaction.ffdc,org.odpi.openmetadata.frameworks.auditlog.messagesets,30,5,30.0,53.75278407684165
org.odpi.openmetadata.viewservices.securityofficer.admin,org.odpi.openmetadata.frameworks.auditlog,30,5,30.0,53.75278407684165
org.odpi.openmetadata.viewservices.datadiscovery.ffdc,org.odpi.openmetadata.frameworks.auditlog.messagesets,30,5,30.0,53.75278407684165
org.odpi.openmetadata.viewservices.notificationmanager.ffdc,org.odpi.openmetadata.frameworks.auditlog.messagesets,30,5,30.0,53.75278407684165
org.odpi.openmetadata.viewservices.projectmanager.ffdc,org.odpi.openmetadata.frameworks.auditlog.messagesets,30,5,30.0,53.75278407684165
org.odpi.openmetadata.viewservices.actormanager.admin,org.odpi.openmetadata.frameworks.auditlog,30,5,30.0,53.75278407684165
org.odpi.openmetadata.viewservices.multilanguage.admin,org.odpi.openmetadata.frameworks.auditlog,30,5,30.0,53.75278407684165
org.odpi.openmetadata.viewservices.collectionmanager.admin,org.odpi.openmetadata.frameworks.auditlog,30,5,30.0,53.75278407684165
org.odpi.openmetadata.adapters.adminservices.configurationstore.file,org.odpi.openmetadata.frameworks.auditlog.messagesets,30,5,30.0,53.75278407684165
org.odpi.openmetadata.viewservices.externallinks.admin,org.odpi.openmetadata.frameworks.auditlog,30,5,30.0,53.75278407684165
org.odpi.openmetadata.viewservices.productmanager.admin,org.odpi.openmetadata.frameworks.auditlog,30,5,30.0,53.75278407684165
org.odpi.openmetadata.viewservices.templatemanager.ffdc,org.odpi.openmetadata.frameworks.auditlog.messagesets,30,5,30.0,53.75278407684165
org.odpi.openmetadata.viewservices.devopspipeline.admin,org.odpi.openmetadata.frameworks.auditlog,30,5,30.0,53.75278407684165
org.odpi.openmetadata.viewservices.devopspipeline.ffdc,org.odpi.openmetadata.frameworks.auditlog.messagesets,30,5,30.0,53.75278407684165
org.odpi.openmetadata.viewservices.datadesigner.ffdc,org.odpi.openmetadata.frameworks.auditlog.messagesets,30,5,30.0,53.75278407684165
org.odpi.openmetadata.viewservices.communitymatters.ffdc,org.odpi.openmetadata.frameworks.auditlog.messagesets,30,5,30.0,53.75278407684165
org.odpi.openmetadata.viewservices.myprofile.admin,org.odpi.openmetadata.frameworks.auditlog,30,5,30.0,53.75278407684165
org.odpi.openmetadata.viewservices.dataengineer.ffdc,org.odpi.openmetadata.frameworks.auditlog.messagesets,30,5,30.0,53.75278407684165
org.odpi.openmetadata.viewservices.glossarymanager.admin,org.odpi.openmetadata.frameworks.auditlog,30,5,30.0,53.75278407684165
org.odpi.openmetadata.viewservices.lineagelinker.admin,org.odpi.openmetadata.frameworks.auditlog,30,5,30.0,53.75278407684165
org.odpi.openmetadata.viewservices.templatemanager.admin,org.odpi.openmetadata.frameworks.auditlog,30,5,30.0,53.75278407684165
org.odpi.openmetadata.viewservices.communitymatters.admin,org.odpi.openmetadata.frameworks.auditlog,30,5,30.0,53.75278407684165
org.odpi.openmetadata.viewservices.timekeeper.admin,org.odpi.openmetadata.frameworks.auditlog,30,5,30.0,53.75278407684165
org.odpi.openmetadata.viewservices.datadesigner.admin,org.odpi.openmetadata.frameworks.auditlog,30,5,30.0,53.75278407684165
org.odpi.openmetadata.viewservices.assetcatalog.ffdc,org.odpi.openmetadata.frameworks.auditlog.messagesets,30,5,30.0,53.75278407684165
org.odpi.openmetadata.viewservices.referencedata.admin,org.odpi.openmetadata.frameworks.auditlog,30,5,30.0,53.75278407684165
org.odpi.openmetadata.viewservices.governanceofficer.admin,org.odpi.openmetadata.frameworks.auditlog,30,5,30.0,53.75278407684165
org.odpi.openmetadata.viewservices.productmanager.ffdc,org.odpi.openmetadata.frameworks.auditlog.messagesets,30,5,30.0,53.75278407684165
org.odpi.openmetadata.viewservices.referencedata.ffdc,org.odpi.openmetadata.frameworks.auditlog.messagesets,30,5,30.0,53.75278407684165
org.odpi.openmetadata.viewservices.classificationexplorer.admin,org.odpi.openmetadata.frameworks.auditlog,30,5,30.0,53.75278407684165
org.odpi.openmetadata.viewservices.automatedcuration.admin,org.odpi.openmetadata.frameworks.auditlog,30,5,30.0,53.75278407684165
org.odpi.openmetadata.viewservices.dataofficer.ffdc,org.odpi.openmetadata.frameworks.auditlog.messagesets,30,5,30.0,53.75278407684165
org.odpi.openmetadata.viewservices.privacyofficer.ffdc,org.odpi.openmetadata.frameworks.auditlog.messagesets,30,5,30.0,53.75278407684165
org.odpi.openmetadata.viewservices.subjectarea.ffdc,org.odpi.openmetadata.frameworks.auditlog.messagesets,30,5,30.0,53.75278407684165
org.odpi.openmetadata.adapters.connectors.jacquard.productcatalog,org.odpi.openmetadata.frameworks.connectors,30,5,30.0,53.75278407684165
org.odpi.openmetadata.frameworkservices.omf.outtopic,org.odpi.openmetadata.frameworks.auditlog,30,5,30.0,53.75278407684165
org.odpi.openmetadata.viewservices.metadataexpert.admin,org.odpi.openmetadata.frameworks.auditlog,30,5,30.0,53.75278407684165
org.odpi.openmetadata.viewservices.schemamaker.admin,org.odpi.openmetadata.frameworks.auditlog,30,5,30.0,53.75278407684165
org.odpi.openmetadata.viewservices.automatedcuration.ffdc,org.odpi.openmetadata.frameworks.auditlog.messagesets,30,5,30.0,53.75278407684165
org.odpi.openmetadata.viewservices.dataofficer.admin,org.odpi.openmetadata.frameworks.auditlog,30,5,30.0,53.75278407684165
org.odpi.openmetadata.viewservices.digitalbusiness.ffdc,org.odpi.openmetadata.frameworks.auditlog.messagesets,30,5,30.0,53.75278407684165
org.odpi.openmetadata.adminservices.client.rest,org.odpi.openmetadata.adapters.connectors.restclients,33,4,33.0,53.11145111032531
org.odpi.openmetadata.adapters.connectors.integration.jdbc.transfer.requests,org.odpi.openmetadata.frameworks.openmetadata.properties.schema,33,4,33.0,53.11145111032531
org.odpi.openmetadata.conformance.client,org.odpi.openmetadata.adapters.connectors.restclients,33,4,33.0,53.11145111032531
org.odpi.openmetadata.adapters.repositoryservices.cohortregistrystore.file,org.odpi.openmetadata.frameworks.connectors.properties.beans,33,4,33.0,53.11145111032531
org.odpi.openmetadata.adapters.repositoryservices.auditlogstore.postgres,org.odpi.openmetadata.repositoryservices.ffdc.exception,33,4,33.0,53.11145111032531
org.odpi.openmetadata.governanceservers.enginehostservices.properties,org.odpi.openmetadata.adminservices.configuration.properties,33,4,33.0,53.11145111032531
org.odpi.openmetadata.viewservices.templatemanager.server.spring,org.odpi.openmetadata.commonservices.ffdc.rest,48,2,48.0,52.733389856069266
org.odpi.openmetadata.repositoryservices.clients,org.odpi.openmetadata.repositoryservices.connectors.stores.metadatacollectionstore.properties,48,2,48.0,52.733389856069266
org.odpi.openmetadata.repositoryservices.enterprise.repositoryconnector.executors,org.odpi.openmetadata.repositoryservices.connectors.stores.metadatacollectionstore.repositoryconnector,48,2,48.0,52.733389856069266
org.odpi.openmetadata.frameworks.openmetadata.properties.assets.processes,org.odpi.openmetadata.frameworks.openmetadata.types,48,2,48.0,52.733389856069266
org.odpi.openmetadata.accessservices.digitalarchitecture.fvt.connections,org.odpi.openmetadata.frameworks.openmetadata.metadataelements,48,2,48.0,52.733389856069266
org.odpi.openmetadata.viewservices.automatedcuration.server.spring,org.odpi.openmetadata.commonservices.ffdc.rest,48,2,48.0,52.733389856069266
org.odpi.openmetadata.adminservices.server,org.odpi.openmetadata.adminservices.registration,38,3,38.0,52.67918572255584
org.odpi.openmetadata.accessservices.communityprofile.fvt.metadatasources,org.odpi.openmetadata.frameworks.openmetadata.metadataelements,38,3,38.0,52.67918572255584
org.odpi.openmetadata.contentpacks.core,org.odpi.openmetadata.adapters.connectors.resource.jdbc,38,3,38.0,52.67918572255584
org.odpi.openmetadata.adapters.connectors.egeriainfrastructure.extractor,org.odpi.openmetadata.governanceservers.integrationdaemonservices.properties,38,3,38.0,52.67918572255584
org.odpi.openmetadata.accessservices.assetmanager.fvt.glossaries,org.odpi.openmetadata.accessservices.assetmanager.fvt.common,38,3,38.0,52.67918572255584
org.odpi.openmetadata.adapters.connectors.apacheatlas.integration.modules,org.odpi.openmetadata.frameworks.openmetadata.properties.validvalues,27,6,27.0,52.539574024493454
org.odpi.openmetadata.adapters.connectors.egeriainfrastructure.platform.catalog,org.odpi.openmetadata.frameworks.openmetadata.properties.lineage,27,6,27.0,52.539574024493454
org.odpi.openmetadata.governanceservers.integrationdaemonservices.handlers,org.odpi.openmetadata.frameworks.integration.contextmanager,27,6,27.0,52.539574024493454
org.odpi.openmetadata.repositoryservices.enterprise.repositoryconnector,org.odpi.openmetadata.repositoryservices.localrepository.repositoryconnector,29,5,29.0,51.961024607613595
org.odpi.openmetadata.adapters.connectors.egeriainfrastructure.properties,org.odpi.openmetadata.serveroperations.properties,29,5,29.0,51.961024607613595
org.odpi.openmetadata.governanceservers.enginehostservices.server,org.odpi.openmetadata.commonservices.ffdc.rest,29,5,29.0,51.961024607613595
org.odpi.openmetadata.governanceservers.integrationdaemonservices.handlers,org.odpi.openmetadata.frameworks.integration.context,29,5,29.0,51.961024607613595
org.odpi.openmetadata.adapters.connectors.reports,org.odpi.openmetadata.frameworks.openmetadata.refdata,29,5,29.0,51.961024607613595
org.odpi.openmetadata.adapters.connectors.controls,org.odpi.openmetadata.frameworks.openmetadata.controls,47,2,47.0,51.63477756740116
org.odpi.openmetadata.frameworks.openmetadata.properties,org.odpi.openmetadata.frameworks.openmetadata.properties.governance,47,2,47.0,51.63477756740116
org.odpi.openmetadata.adapters.connectors.datastore.csvfile,org.odpi.openmetadata.adapters.connectors.datastore.csvfile.ffdc,47,2,47.0,51.63477756740116
org.odpi.openmetadata.adapters.connectors.jacquard,org.odpi.openmetadata.frameworks.openmetadata.refdata,47,2,47.0,51.63477756740116
org.odpi.openmetadata.conformance.tests.repository.instances,org.odpi.openmetadata.conformance.ffdc,47,2,47.0,51.63477756740116
org.odpi.openmetadata.governanceservers.integrationdaemonservices.threads,org.odpi.openmetadata.governanceservers.integrationdaemonservices.ffdc,47,2,47.0,51.63477756740116
org.odpi.openmetadata.samples.archiveutilities.organization,org.odpi.openmetadata.frameworks.openmetadata.types,47,2,47.0,51.63477756740116
org.odpi.openmetadata.governanceservers.enginehostservices.admin,org.odpi.openmetadata.frameworks.openmetadata.enums,32,4,32.0,51.50201319789121
org.odpi.openmetadata.adminservices.samples.configure,org.odpi.openmetadata.frameworks.connectors.properties.beans,32,4,32.0,51.50201319789121
org.odpi.openmetadata.repositoryservices.connectors.omrstopic,org.odpi.openmetadata.frameworks.connectors.ffdc,32,4,32.0,51.50201319789121
org.odpi.openmetadata.adapters.eventbus.topic.inmemory,org.odpi.openmetadata.repositoryservices.connectors.openmetadatatopic,32,4,32.0,51.50201319789121
org.odpi.openmetadata.userauthn,org.odpi.openmetadata.commonservices.ffdc.rest,32,4,32.0,51.50201319789121
org.odpi.openmetadata.viewservices.assetcatalog.server.spring,org.odpi.openmetadata.viewservices.assetcatalog.server,32,4,32.0,51.50201319789121
org.odpi.openmetadata.platformservices.server,org.odpi.openmetadata.adminservices.server,32,4,32.0,51.50201319789121
org.odpi.openmetadata.viewservices.automatedcuration.handlers,org.odpi.openmetadata.commonservices.ffdc,32,4,32.0,51.50201319789121
org.odpi.openmetadata.governanceservers.integrationdaemonservices.server,org.odpi.openmetadata.frameworkservices.gaf.client,32,4,32.0,51.50201319789121
org.odpi.openmetadata.repositoryservices.enterprise.connectormanager,org.odpi.openmetadata.frameworks.connectors.ffdc,32,4,32.0,51.50201319789121
org.odpi.openmetadata.serveroperations.server,org.odpi.openmetadata.adminservices.classifier,32,4,32.0,51.50201319789121
org.odpi.openmetadata.governanceservers.enginehostservices.listener,org.odpi.openmetadata.frameworks.openmetadata.search,32,4,32.0,51.50201319789121
org.odpi.openmetadata.accessservices.stewardshipaction.fvt.duplicateprocessing,org.odpi.openmetadata.fvt.utilities.exceptions,32,4,32.0,51.50201319789121
org.odpi.openmetadata.adapters.connectors.jacquard,org.odpi.openmetadata.frameworks.openmetadata.properties.feedback,32,4,32.0,51.50201319789121
org.odpi.openmetadata.frameworkservices.gaf.client.rest,org.odpi.openmetadata.commonservices.ffdc.rest,32,4,32.0,51.50201319789121
org.odpi.openmetadata.viewservices.externallinks.server,org.odpi.openmetadata.frameworks.openmetadata.search,32,4,32.0,51.50201319789121
org.odpi.openmetadata.frameworkservices.gaf.client,org.odpi.openmetadata.frameworkservices.omf.rest,32,4,32.0,51.50201319789121
org.odpi.openmetadata.frameworks.openmetadata.properties.assets.referencedata,org.odpi.openmetadata.frameworks.openmetadata.properties,32,4,32.0,51.50201319789121
org.odpi.openmetadata.frameworks.integration.properties,org.odpi.openmetadata.frameworks.opengovernance.properties,32,4,32.0,51.50201319789121
org.odpi.openmetadata.adapters.connectors.unitycatalog.sync,org.odpi.openmetadata.frameworks.openmetadata.properties.propertyfacets,32,4,32.0,51.50201319789121
org.odpi.openmetadata.accessservices.datamanager.fvt.events,org.odpi.openmetadata.frameworks.openmetadata.properties.assets.topics,32,4,32.0,51.50201319789121
org.odpi.openmetadata.conformance.client,org.odpi.openmetadata.conformance.beans,37,3,37.0,51.29289136143595
org.odpi.openmetadata.adapters.connectors.egeriainfrastructure.platform.catalog,org.odpi.openmetadata.governanceservers.enginehostservices.properties,37,3,37.0,51.29289136143595
org.odpi.openmetadata.accessservices.governanceprogram.samples.subjectareas,org.odpi.openmetadata.frameworks.openmetadata.handlers,37,3,37.0,51.29289136143595
org.odpi.openmetadata.adapters.connectors.integration.openlineage,org.odpi.openmetadata.frameworks.openmetadata.properties.assets.processes,26,6,26.0,50.593663875438146
org.odpi.openmetadata.adapters.connectors.integration.csvlineageimporter,org.odpi.openmetadata.adapters.connectors.datastore.csvfile,26,6,26.0,50.593663875438146
org.odpi.openmetadata.viewservices.myprofile.server,org.odpi.openmetadata.frameworks.openmetadata.properties.actors,26,6,26.0,50.593663875438146
org.odpi.openmetadata.repositoryservices.archivemanager,org.odpi.openmetadata.repositoryservices.connectors.stores.archivestore,26,6,26.0,50.593663875438146
org.odpi.openmetadata.repositoryservices.enterprise.repositoryconnector,org.odpi.openmetadata.repositoryservices.localrepository.repositorycontentmanager,26,6,26.0,50.593663875438146
org.odpi.openmetadata.adapters.repositoryservices.readonly.repositoryconnector,org.odpi.openmetadata.frameworks.openmetadata.ffdc,46,2,46.0,50.53616527873305
org.odpi.openmetadata.contentpacks.core.files,org.odpi.openmetadata.frameworks.openmetadata.types,46,2,46.0,50.53616527873305
org.odpi.openmetadata.adapters.connectors.datastore.csvfile.controls,org.odpi.openmetadata.frameworks.openmetadata.controls,46,2,46.0,50.53616527873305
org.odpi.openmetadata.adapters.connectors.governanceactions.stewardship,org.odpi.openmetadata.frameworks.opengovernance.controls,46,2,46.0,50.53616527873305
org.odpi.openmetadata.frameworks.integration.context,org.odpi.openmetadata.frameworks.connectors.client,28,5,28.0,50.16926513838554
org.odpi.openmetadata.governanceservers.enginehostservices.listener,org.odpi.openmetadata.governanceservers.enginehostservices.enginemap,28,5,28.0,50.16926513838554
org.odpi.openmetadata.frameworks.openwatchdog,org.odpi.openmetadata.frameworks.connectors,28,5,28.0,50.16926513838554
org.odpi.openmetadata.repositoryservices.enterprise.repositoryconnector.executors,org.odpi.openmetadata.repositoryservices.connectors.stores.metadatacollectionstore.properties.typedefs,28,5,28.0,50.16926513838554
org.odpi.openmetadata.frameworkservices.gaf.client,org.odpi.openmetadata.frameworkservices.ocf.metadatamanagement.client,28,5,28.0,50.16926513838554
org.odpi.openmetadata.adapters.connectors.postgres.catalog,org.odpi.openmetadata.frameworks.openmetadata.metadataelements,36,3,36.0,49.90659700031606
org.odpi.openmetadata.viewservices.assetcatalog.admin,org.odpi.openmetadata.adminservices.configuration.properties,36,3,36.0,49.90659700031606
org.odpi.openmetadata.adapters.connectors.postgres.catalog,org.odpi.openmetadata.frameworks.auditlog,36,3,36.0,49.90659700031606
org.odpi.openmetadata.adapters.connectors.egeriainfrastructure.control,org.odpi.openmetadata.adapters.connectors.secretsstore.yaml,36,3,36.0,49.90659700031606
org.odpi.openmetadata.engineservices.watchdogaction.server,org.odpi.openmetadata.commonservices.multitenant,36,3,36.0,49.90659700031606
org.odpi.openmetadata.engineservices.governanceaction.server,org.odpi.openmetadata.commonservices.multitenant,36,3,36.0,49.90659700031606
org.odpi.openmetadata.contentpacks.core.unitycatalog,org.odpi.openmetadata.repositoryservices.connectors.stores.metadatacollectionstore.properties.instances,36,3,36.0,49.90659700031606
org.odpi.openmetadata.engineservices.repositorygovernance.server,org.odpi.openmetadata.commonservices.multitenant,36,3,36.0,49.90659700031606
org.odpi.openmetadata.viewservices.automatedcuration.mermaid,org.odpi.openmetadata.frameworks.openmetadata.metadataelements,72,1,72.0,49.90659700031606
org.odpi.openmetadata.engineservices.repositorygovernance.handlers,org.odpi.openmetadata.frameworks.auditlog,36,3,36.0,49.90659700031606
org.odpi.openmetadata.reports,org.odpi.openmetadata.frameworks.connectors.properties.beans,36,3,36.0,49.90659700031606
org.odpi.openmetadata.viewservices.automatedcuration.handlers,org.odpi.openmetadata.frameworks.openmetadata.client,36,3,36.0,49.90659700031606
org.odpi.openmetadata.engineservices.watchdogaction.handlers,org.odpi.openmetadata.frameworks.auditlog,36,3,36.0,49.90659700031606
org.odpi.openmetadata.repositoryservices.enterprise.repositoryconnector,org.odpi.openmetadata.frameworks.connectors,36,3,36.0,49.90659700031606
org.odpi.openmetadata.adapters.connectors.unitycatalog.sync,org.odpi.openmetadata.frameworks.opengovernance.properties,36,3,36.0,49.90659700031606
org.odpi.openmetadata.engineservices.surveyaction.server,org.odpi.openmetadata.commonservices.multitenant,36,3,36.0,49.90659700031606
org.odpi.openmetadata.accessservices.datamanager.fvt.events,org.odpi.openmetadata.frameworks.openmetadata.properties.schema,31,4,31.0,49.892575285457106
org.odpi.openmetadata.commonservices.ffdc.rest,org.odpi.openmetadata.adapters.connectors.restclients.factory,31,4,31.0,49.892575285457106
org.odpi.openmetadata.conformance.client,org.odpi.openmetadata.adapters.connectors.restclients.factory,31,4,31.0,49.892575285457106
org.odpi.openmetadata.governanceservers.enginehostservices.server,org.odpi.openmetadata.adminservices.configuration.registration,31,4,31.0,49.892575285457106
org.odpi.openmetadata.viewservices.automatedcuration.handlers,org.odpi.openmetadata.viewservices.automatedcuration.converters,31,4,31.0,49.892575285457106
org.odpi.openmetadata.adminservices.client.rest,org.odpi.openmetadata.adapters.connectors.restclients.factory,31,4,31.0,49.892575285457106
org.odpi.openmetadata.adapters.connectors.externalharvesters.harvestopenmetadata,org.odpi.openmetadata.frameworks.connectors.ffdc,31,4,31.0,49.892575285457106
org.odpi.openmetadata.adapters.repositoryservices.auditlogstore.postgres,org.odpi.openmetadata.frameworks.connectors,31,4,31.0,49.892575285457106
org.odpi.openmetadata.adapters.connectors.apacheatlas.integration,org.odpi.openmetadata.frameworks.connectors.ffdc,31,4,31.0,49.892575285457106
org.odpi.openmetadata.repositoryservices.connectors.openmetadatatopic,org.odpi.openmetadata.repositoryservices.connectors.omrstopic,31,4,31.0,49.892575285457106
org.odpi.openmetadata.adapters.connectors.integration.openapis,org.odpi.openmetadata.adapters.connectors.restclients.factory,31,4,31.0,49.892575285457106
org.odpi.openmetadata.adapters.connectors.unitycatalog.sync,org.odpi.openmetadata.frameworks.openmetadata.properties.assets.infrastructure,31,4,31.0,49.892575285457106
org.odpi.openmetadata.frameworks.openmetadata.properties.solutions,org.odpi.openmetadata.frameworks.openmetadata.types,45,2,45.0,49.43755299006494
org.odpi.openmetadata.frameworks.openmetadata.properties.governance.governanceactions,org.odpi.openmetadata.frameworks.openmetadata.types,45,2,45.0,49.43755299006494
org.odpi.openmetadata.frameworks.openmetadata.refdata,org.odpi.openmetadata.frameworks.openmetadata.mapper,45,2,45.0,49.43755299006494
org.odpi.openmetadata.frameworks.openmetadata.definitions,org.odpi.openmetadata.frameworks.openmetadata.types,45,2,45.0,49.43755299006494
org.odpi.openmetadata.accessservices.governanceserver.fvt.duplicates,org.odpi.openmetadata.frameworks.openmetadata.ffdc,45,2,45.0,49.43755299006494
org.odpi.openmetadata.viewservices.automatedcuration.server,org.odpi.openmetadata.frameworks.openmetadata.ffdc,45,2,45.0,49.43755299006494
org.odpi.openmetadata.adapters.connectors.unitycatalog.survey,org.odpi.openmetadata.adapters.connectors.controls,45,2,45.0,49.43755299006494
org.odpi.openmetadata.frameworkservices.omf.handlers,org.odpi.openmetadata.frameworks.openmetadata.properties,45,2,45.0,49.43755299006494
org.odpi.openmetadata.contentpacks.core,org.odpi.openmetadata.frameworks.connectors.controls,45,2,45.0,49.43755299006494
org.odpi.openmetadata.adapters.repositoryservices.rest.repositoryconnector,org.odpi.openmetadata.repositoryservices.connectors.stores.metadatacollectionstore.properties,45,2,45.0,49.43755299006494
org.odpi.openmetadata.frameworks.openmetadata.properties.connections,org.odpi.openmetadata.frameworks.openmetadata.types,45,2,45.0,49.43755299006494
org.odpi.openmetadata.repositoryservices.enterprise.repositoryconnector,org.odpi.openmetadata.repositoryservices.connectors.stores.metadatacollectionstore.properties,45,2,45.0,49.43755299006494
org.odpi.openmetadata.governanceservers.integrationdaemonservices.server,org.odpi.openmetadata.governanceservers.integrationdaemonservices.threads,25,6,25.0,48.64775372638283
org.odpi.openmetadata.adapters.repositoryservices.auditlogstore.postgres.ffdc,org.odpi.openmetadata.frameworks.auditlog.messagesets,25,6,25.0,48.64775372638283
org.odpi.openmetadata.frameworks.openmetadata.types,org.odpi.openmetadata.frameworks.openmetadata.properties.assets.filesandfolders,70,1,70.0,48.52030263919617
org.odpi.openmetadata.adapters.connectors.postgres.survey,org.odpi.openmetadata.frameworks.connectors.properties.beans,35,3,35.0,48.52030263919617
org.odpi.openmetadata.engineservices.repositorygovernance.connector,org.odpi.openmetadata.repositoryservices.connectors.stores.metadatacollectionstore.properties.instances,35,3,35.0,48.52030263919617
org.odpi.openmetadata.engineservices.repositorygovernance.handlers,org.odpi.openmetadata.repositoryservices.connectors.stores.metadatacollectionstore.properties.instances,35,3,35.0,48.52030263919617
org.odpi.openmetadata.governanceservers.enginehostservices.threads,org.odpi.openmetadata.frameworks.openmetadata.events,27,5,27.0,48.377505669157486
org.odpi.openmetadata.accessservices.assetowner.fvt.clientconstructors,org.odpi.openmetadata.frameworks.auditlog,27,5,27.0,48.377505669157486
org.odpi.openmetadata.adapters.connectors.integration.openapis,org.odpi.openmetadata.frameworks.openmetadata.events,27,5,27.0,48.377505669157486
org.odpi.openmetadata.conformance.tests.platform,org.odpi.openmetadata.conformance.workbenches.platform,27,5,27.0,48.377505669157486
org.odpi.openmetadata.adapters.connectors.apachekafka.survey.controls,org.odpi.openmetadata.frameworks.opensurvey.controls,27,5,27.0,48.377505669157486
org.odpi.openmetadata.adapters.connectors.externalharvesters.harvestsurveys,org.odpi.openmetadata.frameworks.integration.context,27,5,27.0,48.377505669157486
org.odpi.openmetadata.platformservices.client,org.odpi.openmetadata.platformservices.rest,27,5,27.0,48.377505669157486
org.odpi.openmetadata.frameworks.opengovernance,org.odpi.openmetadata.frameworks.opengovernance.ffdc,27,5,27.0,48.377505669157486
org.odpi.openmetadata.frameworks.opengovernance.handlers,org.odpi.openmetadata.frameworks.openmetadata.properties.assets.processes.actions,27,5,27.0,48.377505669157486
org.odpi.openmetadata.accessservices.assetmanager.fvt.externalidentifiers,org.odpi.openmetadata.frameworks.auditlog,27,5,27.0,48.377505669157486
org.odpi.openmetadata.governanceservers.enginehostservices.enginemap,org.odpi.openmetadata.governanceservers.enginehostservices.registration,27,5,27.0,48.377505669157486
org.odpi.openmetadata.frameworks.openmetadata.connectorcontext,org.odpi.openmetadata.frameworks.openmetadata.properties.datadictionaries,44,2,44.0,48.33894070139683
org.odpi.openmetadata.samples.governanceactions.clinicaltrials,org.odpi.openmetadata.adapters.connectors.governanceactions.provisioning,44,2,44.0,48.33894070139683
org.odpi.openmetadata.accessservices.assetowner.fvt.connections,org.odpi.openmetadata.frameworks.openmetadata.metadataelements,44,2,44.0,48.33894070139683
org.odpi.openmetadata.viewservices.validmetadata.server,org.odpi.openmetadata.frameworks.openmetadata.ffdc,44,2,44.0,48.33894070139683
org.odpi.openmetadata.accessservices.assetconsumer.fvt,org.odpi.openmetadata.adminservices.configuration.registration,44,2,44.0,48.33894070139683
org.odpi.openmetadata.adapters.connectors.integration.jdbc.transfer.requests,org.odpi.openmetadata.frameworks.openmetadata.properties.schema.databases,44,2,44.0,48.33894070139683
org.odpi.openmetadata.metadatasecurity.connectors,org.odpi.openmetadata.frameworks.auditlog.messagesets,30,4,30.0,48.28313737302301
org.odpi.openmetadata.adapters.repositoryservices.archiveconnector.file,org.odpi.openmetadata.repositoryservices.connectors.stores.archivestore,30,4,30.0,48.28313737302301
org.odpi.openmetadata.serveroperations.client.rest,org.odpi.openmetadata.serveroperations.rest,30,4,30.0,48.28313737302301
org.odpi.openmetadata.adapters.connectors.unitycatalog.resource,org.odpi.openmetadata.frameworks.connectors,30,4,30.0,48.28313737302301
org.odpi.openmetadata.viewservices.productmanager.server,org.odpi.openmetadata.tokencontroller,30,4,30.0,48.28313737302301
org.odpi.openmetadata.adapters.connectors.externalharvesters.harvestsurveys.ffdc,org.odpi.openmetadata.frameworks.auditlog,30,4,30.0,48.28313737302301
org.odpi.openmetadata.repositoryservices.clients,org.odpi.openmetadata.frameworks.connectors,30,4,30.0,48.28313737302301
org.odpi.openmetadata.frameworks.openmetadata.converters,org.odpi.openmetadata.frameworks.openmetadata.properties.schema.tabular,30,4,30.0,48.28313737302301
org.odpi.openmetadata.frameworks.openmetadata.converters,org.odpi.openmetadata.frameworks.openmetadata.properties.schema.events,30,4,30.0,48.28313737302301
org.odpi.openmetadata.frameworks.openmetadata.converters,org.odpi.openmetadata.frameworks.openmetadata.properties.dataprocessing,30,4,30.0,48.28313737302301
org.odpi.openmetadata.frameworks.openmetadata.converters,org.odpi.openmetadata.frameworks.openmetadata.properties.assets.referencedata,30,4,30.0,48.28313737302301
org.odpi.openmetadata.viewservices.notificationmanager.server,org.odpi.openmetadata.tokencontroller,30,4,30.0,48.28313737302301
org.odpi.openmetadata.accessservices.communityprofile.fvt.profiles,org.odpi.openmetadata.fvt.utilities.exceptions,30,4,30.0,48.28313737302301
org.odpi.openmetadata.repositoryservices.enterprise.connectormanager,org.odpi.openmetadata.frameworks.connectors,30,4,30.0,48.28313737302301
org.odpi.openmetadata.governanceservers.enginehostservices.server,org.odpi.openmetadata.tokencontroller,30,4,30.0,48.28313737302301
org.odpi.openmetadata.frameworks.openmetadata.properties.governance.governanceactions,org.odpi.openmetadata.frameworks.openmetadata.properties.governance,30,4,30.0,48.28313737302301
org.odpi.openmetadata.frameworkservices.gaf.connectors.outtopic,org.odpi.openmetadata.repositoryservices.connectors.openmetadatatopic,30,4,30.0,48.28313737302301
org.odpi.openmetadata.viewservices.peopleorganizer.server,org.odpi.openmetadata.tokencontroller,30,4,30.0,48.28313737302301
org.odpi.openmetadata.adapters.connectors.egeriainfrastructure.platform,org.odpi.openmetadata.frameworks.connectors,30,4,30.0,48.28313737302301
org.odpi.openmetadata.frameworks.openmetadata.converters,org.odpi.openmetadata.frameworks.openmetadata.properties.schema.databases,30,4,30.0,48.28313737302301
org.odpi.openmetadata.frameworkservices.omf.connectors.outtopic,org.odpi.openmetadata.repositoryservices.connectors.openmetadatatopic,30,4,30.0,48.28313737302301
org.odpi.openmetadata.adapters.connectors.resource.jdbc.ffdc,org.odpi.openmetadata.frameworks.auditlog,30,4,30.0,48.28313737302301
org.odpi.openmetadata.frameworkservices.ocf.metadatamanagement.ffdc,org.odpi.openmetadata.frameworks.auditlog,30,4,30.0,48.28313737302301
org.odpi.openmetadata.repositoryservices.archivemanager,org.odpi.openmetadata.repositoryservices.connectors.stores.metadatacollectionstore.properties.typedefs,30,4,30.0,48.28313737302301
org.odpi.openmetadata.samples.governanceactions.ffdc,org.odpi.openmetadata.frameworks.auditlog,30,4,30.0,48.28313737302301
org.odpi.openmetadata.viewservices.automatedcuration.handlers,org.odpi.openmetadata.frameworks.openmetadata.ffdc,43,2,43.0,47.24032841272872
org.odpi.openmetadata.adapters.connectors.apacheatlas.integration.modules,org.odpi.openmetadata.adapters.connectors.controls,43,2,43.0,47.24032841272872
org.odpi.openmetadata.viewservices.automatedcuration.converters,org.odpi.openmetadata.frameworks.openmetadata.converters,34,3,34.0,47.13400827807628
org.odpi.openmetadata.frameworks.opengovernance,org.odpi.openmetadata.frameworks.openmetadata.specificationproperties,34,3,34.0,47.13400827807628
org.odpi.openmetadata.frameworks.connectors,org.odpi.openmetadata.frameworks.auditlog.messagesets,34,3,34.0,47.13400827807628
org.odpi.openmetadata.accessservices.assetconsumer.fvt,org.odpi.openmetadata.frameworks.openmetadata.enums,34,3,34.0,47.13400827807628
org.odpi.openmetadata.adapters.connectors.jacquard.tabulardatasets.referencedata,org.odpi.openmetadata.frameworks.openmetadata.connectorcontext,34,3,34.0,47.13400827807628
org.odpi.openmetadata.adapters.connectors.resource.jdbc,org.odpi.openmetadata.adapters.connectors.resource.jdbc.controls,34,3,34.0,47.13400827807628
org.odpi.openmetadata.conformance.tests.repository,org.odpi.openmetadata.repositoryservices.connectors.stores.metadatacollectionstore,24,6,24.0,46.701843577327516
org.odpi.openmetadata.adapters.connectors.wedgwood,org.odpi.openmetadata.frameworks.openmetadata.properties,29,4,29.0,46.67369946058891
org.odpi.openmetadata.viewservices.peopleorganizer.server,org.odpi.openmetadata.frameworks.auditlog,29,4,29.0,46.67369946058891
org.odpi.openmetadata.viewservices.notificationmanager.server,org.odpi.openmetadata.frameworks.auditlog,29,4,29.0,46.67369946058891
org.odpi.openmetadata.contentpacks.core.core,org.odpi.openmetadata.frameworks.opensurvey.controls,29,4,29.0,46.67369946058891
org.odpi.openmetadata.conformance.beans,org.odpi.openmetadata.conformance.ffdc.exception,29,4,29.0,46.67369946058891
org.odpi.openmetadata.viewservices.productmanager.server,org.odpi.openmetadata.frameworks.auditlog,29,4,29.0,46.67369946058891
org.odpi.openmetadata.engineservices.repositorygovernance.connector,org.odpi.openmetadata.frameworks.connectors.ffdc,29,4,29.0,46.67369946058891
org.odpi.openmetadata.adapters.connectors.egeriainfrastructure.properties,org.odpi.openmetadata.frameworks.connectors.properties.beans,26,5,26.0,46.58574619992943
org.odpi.openmetadata.adapters.connectors.integration.openlineage,org.odpi.openmetadata.repositoryservices.connectors.openmetadatatopic,26,5,26.0,46.58574619992943
org.odpi.openmetadata.adapters.connectors.egeriainfrastructure.properties,org.odpi.openmetadata.platformservices.properties,26,5,26.0,46.58574619992943
org.odpi.openmetadata.viewservices.glossarymanager.rest,org.odpi.openmetadata.frameworks.openmetadata.properties,26,5,26.0,46.58574619992943
org.odpi.openmetadata.commonservices.ffdc.rest,org.odpi.openmetadata.frameworks.openmetadata.properties.externalidentifiers,26,5,26.0,46.58574619992943
org.odpi.openmetadata.adapters.connectors.integration.basicfiles,org.odpi.openmetadata.adapters.repositoryservices.archiveconnector.file,26,5,26.0,46.58574619992943
org.odpi.openmetadata.repositoryservices.metadatahighway.cohortregistry,org.odpi.openmetadata.repositoryservices.localrepository,26,5,26.0,46.58574619992943
org.odpi.openmetadata.frameworks.integration.connectors,org.odpi.openmetadata.frameworks.connectors.client,26,5,26.0,46.58574619992943
org.odpi.openmetadata.governanceservers.integrationdaemonservices.handlers,org.odpi.openmetadata.frameworkservices.gaf.client,26,5,26.0,46.58574619992943
org.odpi.openmetadata.repositoryservices.events.beans.v2,org.odpi.openmetadata.frameworks.connectors.properties.beans,26,5,26.0,46.58574619992943
org.odpi.openmetadata.archiveutilities.bigglossaries.catalogcontent,org.odpi.openmetadata.samples.archiveutilities,26,5,26.0,46.58574619992943
org.odpi.openmetadata.frameworks.openmetadata.properties.feedback,org.odpi.openmetadata.frameworks.openmetadata.enums,26,5,26.0,46.58574619992943
org.odpi.openmetadata.frameworks.openmetadata.metadataelements,org.odpi.openmetadata.frameworks.openmetadata.search,26,5,26.0,46.58574619992943
org.odpi.openmetadata.viewservices.runtimemanager.rest,org.odpi.openmetadata.adapters.connectors.egeriainfrastructure.properties,26,5,26.0,46.58574619992943
org.odpi.openmetadata.governanceservers.enginehostservices.threads,org.odpi.openmetadata.frameworks.auditlog,26,5,26.0,46.58574619992943
org.odpi.openmetadata.frameworks.openmetadata.properties.glossaries,org.odpi.openmetadata.frameworks.openmetadata.enums,26,5,26.0,46.58574619992943
org.odpi.openmetadata.frameworks.openmetadata.properties.schema,org.odpi.openmetadata.frameworks.openmetadata.enums,26,5,26.0,46.58574619992943
org.odpi.openmetadata.adapters.connectors.externalharvesters.harvestsurveys,org.odpi.openmetadata.frameworks.connectors,26,5,26.0,46.58574619992943
org.odpi.openmetadata.frameworks.opengovernance.properties,org.odpi.openmetadata.frameworks.openmetadata.properties.softwarecapabilities,26,5,26.0,46.58574619992943
org.odpi.openmetadata.frameworks.opengovernance.properties,org.odpi.openmetadata.frameworks.connectors.properties.beans,26,5,26.0,46.58574619992943
org.odpi.openmetadata.frameworks.openmetadata.properties.externalidentifiers,org.odpi.openmetadata.frameworks.openmetadata.enums,26,5,26.0,46.58574619992943
org.odpi.openmetadata.frameworks.integration.contextmanager,org.odpi.openmetadata.frameworks.auditlog,26,5,26.0,46.58574619992943
org.odpi.openmetadata.adminservices.rest,org.odpi.openmetadata.adminservices.properties,26,5,26.0,46.58574619992943
org.odpi.openmetadata.frameworkservices.ocf.metadatamanagement.admin,org.odpi.openmetadata.frameworks.auditlog,26,5,26.0,46.58574619992943
org.odpi.openmetadata.adminservices.spring,org.odpi.openmetadata.adminservices.configuration.properties,42,2,42.0,46.14171612406061
org.odpi.openmetadata.engineservices.repositorygovernance.handlers,org.odpi.openmetadata.repositoryservices.connectors.stores.metadatacollectionstore.properties,42,2,42.0,46.14171612406061
org.odpi.openmetadata.commonservices.generichandlers,org.odpi.openmetadata.metadataobservability.ffdc,42,2,42.0,46.14171612406061
org.odpi.openmetadata.adapters.connectors.egeriainfrastructure.platform.catalog,org.odpi.openmetadata.adapters.connectors.egeriainfrastructure.ffdc,42,2,42.0,46.14171612406061
org.odpi.openmetadata.viewservices.communitymatters.server.spring,org.odpi.openmetadata.commonservices.ffdc.rest,42,2,42.0,46.14171612406061
org.odpi.openmetadata.viewservices.datadesigner.server,org.odpi.openmetadata.frameworks.openmetadata.properties.datadictionaries,42,2,42.0,46.14171612406061
org.odpi.openmetadata.adapters.connectors.governanceactions.remediation,org.odpi.openmetadata.frameworks.connectors,42,2,42.0,46.14171612406061
org.odpi.openmetadata.engineservices.repositorygovernance.connector,org.odpi.openmetadata.repositoryservices.connectors.stores.metadatacollectionstore.properties,42,2,42.0,46.14171612406061
org.odpi.openmetadata.engineservices.repositorygovernance.handlers,org.odpi.openmetadata.repositoryservices.connectors.stores.metadatacollectionstore.properties.typedefs,33,3,33.0,45.747713916956386
org.odpi.openmetadata.conformance.client,org.odpi.openmetadata.frameworks.auditlog.messagesets,33,3,33.0,45.747713916956386
org.odpi.openmetadata.adapters.connectors.babbage,org.odpi.openmetadata.frameworks.openmetadata.connectorcontext,33,3,33.0,45.747713916956386
org.odpi.openmetadata.adapters.connectors.apacheatlas.resource,org.odpi.openmetadata.frameworks.connectors.properties.beans,33,3,33.0,45.747713916956386
org.odpi.openmetadata.adapters.connectors.datastore.csvfile,org.odpi.openmetadata.frameworks.connectors.tabulardatasets,33,3,33.0,45.747713916956386
org.odpi.openmetadata.engineservices.repositorygovernance.connector,org.odpi.openmetadata.repositoryservices.connectors.stores.metadatacollectionstore.properties.typedefs,33,3,33.0,45.747713916956386
org.odpi.openmetadata.userauthn,org.odpi.openmetadata.frameworks.connectors.properties.users,33,3,33.0,45.747713916956386
org.odpi.openmetadata.frameworkservices.gaf.listener,org.odpi.openmetadata.repositoryservices.connectors.omrstopic,28,4,28.0,45.06426154815481
org.odpi.openmetadata.adapters.connectors.surveyaction.surveyfile,org.odpi.openmetadata.frameworks.openmetadata.specificationproperties,28,4,28.0,45.06426154815481
org.odpi.openmetadata.viewservices.myprofile.server,org.odpi.openmetadata.frameworks.openmetadata.properties,28,4,28.0,45.06426154815481
org.odpi.openmetadata.adapters.connectors.unitycatalog.survey,org.odpi.openmetadata.frameworks.openmetadata.specificationproperties,28,4,28.0,45.06426154815481
org.odpi.openmetadata.engineservices.assetanalysis.server.spring,org.odpi.openmetadata.governanceservers.enginehostservices.server,28,4,28.0,45.06426154815481
org.odpi.openmetadata.frameworks.openmetadata.properties.projects,org.odpi.openmetadata.frameworks.openmetadata.properties.actors,28,4,28.0,45.06426154815481
org.odpi.openmetadata.adapters.connectors.surveyaction.surveyfolder,org.odpi.openmetadata.frameworks.openmetadata.specificationproperties,28,4,28.0,45.06426154815481
org.odpi.openmetadata.frameworks.openmetadata.properties.designmodels,org.odpi.openmetadata.frameworks.openmetadata.properties.collections,28,4,28.0,45.06426154815481
org.odpi.openmetadata.adapters.connectors.apacheatlas.survey,org.odpi.openmetadata.frameworks.openmetadata.specificationproperties,28,4,28.0,45.06426154815481
org.odpi.openmetadata.adapters.connectors.jacquard.tabulardatasets.referencedata,org.odpi.openmetadata.frameworks.connectors,28,4,28.0,45.06426154815481
org.odpi.openmetadata.repositoryservices.connectors.openmetadatatopic,org.odpi.openmetadata.frameworks.connectors.ffdc,28,4,28.0,45.06426154815481
org.odpi.openmetadata.frameworks.openmetadata.properties.assets.analytics,org.odpi.openmetadata.frameworks.openmetadata.properties.assets.processes.actions,28,4,28.0,45.06426154815481
org.odpi.openmetadata.frameworks.openmetadata.properties.assets.analytics,org.odpi.openmetadata.frameworks.openmetadata.properties.assets.processes,28,4,28.0,45.06426154815481
org.odpi.openmetadata.conformance.ffdc.exception,org.odpi.openmetadata.frameworks.auditlog,28,4,28.0,45.06426154815481
org.odpi.openmetadata.adapters.connectors.surveyaction.surveycsv,org.odpi.openmetadata.frameworks.openmetadata.specificationproperties,28,4,28.0,45.06426154815481
org.odpi.openmetadata.repositoryservices.ffdc.exception,org.odpi.openmetadata.frameworks.auditlog,28,4,28.0,45.06426154815481
org.odpi.openmetadata.viewservices.notificationmanager.server.spring,org.odpi.openmetadata.viewservices.notificationmanager.server,28,4,28.0,45.06426154815481
org.odpi.openmetadata.adapters.connectors.unitycatalog.sync,org.odpi.openmetadata.frameworks.connectors,28,4,28.0,45.06426154815481
org.odpi.openmetadata.frameworkservices.ocf.metadatamanagement.client,org.odpi.openmetadata.frameworks.connectors.client,28,4,28.0,45.06426154815481
org.odpi.openmetadata.viewservices.productmanager.server.spring,org.odpi.openmetadata.viewservices.productmanager.server,28,4,28.0,45.06426154815481
org.odpi.openmetadata.viewservices.peopleorganizer.server.spring,org.odpi.openmetadata.viewservices.peopleorganizer.server,28,4,28.0,45.06426154815481
org.odpi.openmetadata.adapters.connectors.apachekafka.survey,org.odpi.openmetadata.frameworks.openmetadata.specificationproperties,28,4,28.0,45.06426154815481
org.odpi.openmetadata.samples.archiveutilities.governanceengines,org.odpi.openmetadata.frameworks.openmetadata.types,41,2,41.0,45.0431038353925
org.odpi.openmetadata.contentpacks.core.organizationinsight,org.odpi.openmetadata.contentpacks.core,41,2,41.0,45.0431038353925
org.odpi.openmetadata.adapters.repositoryservices.auditlogstore.postgres,org.odpi.openmetadata.metadataobservability.ffdc,41,2,41.0,45.0431038353925
org.odpi.openmetadata.samples.archiveutilities.governanceengines,org.odpi.openmetadata.samples.governanceactions.clinicaltrials.metadata,41,2,41.0,45.0431038353925
org.odpi.openmetadata.frameworks.integration.context,org.odpi.openmetadata.frameworks.openmetadata.enums,25,5,25.0,44.79398673070138
org.odpi.openmetadata.adapters.connectors.externalharvesters.harvestopenmetadata,org.odpi.openmetadata.adapters.connectors.resource.jdbc,25,5,25.0,44.79398673070138
org.odpi.openmetadata.conformance.server,org.odpi.openmetadata.conformance.workbenches,25,5,25.0,44.79398673070138
org.odpi.openmetadata.frameworks.openwatchdog.controls,org.odpi.openmetadata.frameworks.openmetadata.refdata,25,5,25.0,44.79398673070138
org.odpi.openmetadata.adapters.connectors.integration.kafkaaudit,org.odpi.openmetadata.repositoryservices.connectors.stores.auditlogstore,23,6,23.0,44.75593342827221
org.odpi.openmetadata.repositoryservices.clients,org.odpi.openmetadata.repositoryservices.connectors.omrstopic,23,6,23.0,44.75593342827221
org.odpi.openmetadata.viewservices.securityofficer.admin,org.odpi.openmetadata.adminservices.configuration.properties,32,3,32.0,44.3614195558365
org.odpi.openmetadata.viewservices.referencedata.admin,org.odpi.openmetadata.adminservices.configuration.properties,32,3,32.0,44.3614195558365
org.odpi.openmetadata.adapters.connectors.integration.basicfiles,org.odpi.openmetadata.frameworks.openmetadata.definitions,32,3,32.0,44.3614195558365
org.odpi.openmetadata.adapters.connectors.integration.jdbc,org.odpi.openmetadata.frameworks.auditlog,32,3,32.0,44.3614195558365
org.odpi.openmetadata.viewservices.communitymatters.admin,org.odpi.openmetadata.adminservices.configuration.properties,32,3,32.0,44.3614195558365
org.odpi.openmetadata.viewservices.subjectarea.admin,org.odpi.openmetadata.adminservices.configuration.properties,32,3,32.0,44.3614195558365
org.odpi.openmetadata.viewservices.dataengineer.admin,org.odpi.openmetadata.adminservices.configuration.properties,32,3,32.0,44.3614195558365
org.odpi.openmetadata.viewservices.devopspipeline.admin,org.odpi.openmetadata.adminservices.configuration.properties,32,3,32.0,44.3614195558365
org.odpi.openmetadata.viewservices.locationarena.admin,org.odpi.openmetadata.adminservices.configuration.properties,32,3,32.0,44.3614195558365
org.odpi.openmetadata.viewservices.productmanager.admin,org.odpi.openmetadata.adminservices.configuration.properties,32,3,32.0,44.3614195558365
org.odpi.openmetadata.viewservices.templatemanager.admin,org.odpi.openmetadata.adminservices.configuration.properties,32,3,32.0,44.3614195558365
org.odpi.openmetadata.viewservices.actionauthor.admin,org.odpi.openmetadata.adminservices.configuration.properties,32,3,32.0,44.3614195558365
org.odpi.openmetadata.viewservices.digitalbusiness.admin,org.odpi.openmetadata.adminservices.configuration.properties,32,3,32.0,44.3614195558365
org.odpi.openmetadata.viewservices.datadiscovery.admin,org.odpi.openmetadata.adminservices.configuration.properties,32,3,32.0,44.3614195558365
org.odpi.openmetadata.engineservices.repositorygovernance.handlers,org.odpi.openmetadata.adminservices.configuration.properties,32,3,32.0,44.3614195558365
org.odpi.openmetadata.viewservices.solutionarchitect.admin,org.odpi.openmetadata.adminservices.configuration.properties,32,3,32.0,44.3614195558365
org.odpi.openmetadata.viewservices.runtimemanager.admin,org.odpi.openmetadata.adminservices.configuration.properties,32,3,32.0,44.3614195558365
org.odpi.openmetadata.contentpacks.core,org.odpi.openmetadata.adapters.connectors.governanceactions.remediation,32,3,32.0,44.3614195558365
org.odpi.openmetadata.adapters.connectors.egeriainfrastructure.control,org.odpi.openmetadata.adapters.connectors.egeriainfrastructure.servers,32,3,32.0,44.3614195558365
org.odpi.openmetadata.contentpacks.core,org.odpi.openmetadata.adapters.connectors.unitycatalog.survey,32,3,32.0,44.3614195558365
org.odpi.openmetadata.viewservices.privacyofficer.admin,org.odpi.openmetadata.adminservices.configuration.properties,32,3,32.0,44.3614195558365
org.odpi.openmetadata.governanceservers.integrationdaemonservices.handlers,org.odpi.openmetadata.frameworks.openmetadata.properties.assets.processes.connectors,64,1,64.0,44.3614195558365
org.odpi.openmetadata.viewservices.peopleorganizer.admin,org.odpi.openmetadata.adminservices.configuration.properties,32,3,32.0,44.3614195558365
org.odpi.openmetadata.viewservices.datadesigner.admin,org.odpi.openmetadata.adminservices.configuration.properties,32,3,32.0,44.3614195558365
org.odpi.openmetadata.viewservices.notificationmanager.admin,org.odpi.openmetadata.adminservices.configuration.properties,32,3,32.0,44.3614195558365
org.odpi.openmetadata.frameworkservices.omf.handlers,org.odpi.openmetadata.commonservices.repositoryhandler,32,3,32.0,44.3614195558365
org.odpi.openmetadata.viewservices.dataofficer.admin,org.odpi.openmetadata.adminservices.configuration.properties,32,3,32.0,44.3614195558365
org.odpi.openmetadata.adapters.connectors.unitycatalog.survey,org.odpi.openmetadata.frameworks.openmetadata.definitions,32,3,32.0,44.3614195558365
org.odpi.openmetadata.viewservices.projectmanager.admin,org.odpi.openmetadata.adminservices.configuration.properties,32,3,32.0,44.3614195558365
org.odpi.openmetadata.viewservices.myprofile.admin,org.odpi.openmetadata.adminservices.configuration.properties,32,3,32.0,44.3614195558365
org.odpi.openmetadata.viewservices.productcatalog.admin,org.odpi.openmetadata.adminservices.configuration.properties,32,3,32.0,44.3614195558365
org.odpi.openmetadata.viewservices.glossarymanager.admin,org.odpi.openmetadata.adminservices.configuration.properties,32,3,32.0,44.3614195558365
org.odpi.openmetadata.frameworks.openmetadata.properties.locations,org.odpi.openmetadata.frameworks.openmetadata.types,40,2,40.0,43.94449154672439
org.odpi.openmetadata.engineservices.surveyaction.handlers,org.odpi.openmetadata.engineservices.surveyaction.ffdc,40,2,40.0,43.94449154672439
org.odpi.openmetadata.accessservices.communityprofile.fvt.profiles,org.odpi.openmetadata.frameworks.openmetadata.types,40,2,40.0,43.94449154672439
org.odpi.openmetadata.frameworks.openmetadata.properties.lineage,org.odpi.openmetadata.frameworks.openmetadata.types,40,2,40.0,43.94449154672439
org.odpi.openmetadata.frameworks.openmetadata.properties.schema.apis,org.odpi.openmetadata.frameworks.openmetadata.types,40,2,40.0,43.94449154672439
org.odpi.openmetadata.metadatasecurity.server,org.odpi.openmetadata.repositoryservices.connectors.stores.metadatacollectionstore.properties.typedefs,40,2,40.0,43.94449154672439
org.odpi.openmetadata.metadatasecurity.accessconnector,org.odpi.openmetadata.repositoryservices.connectors.stores.metadatacollectionstore.properties.typedefs,40,2,40.0,43.94449154672439
org.odpi.openmetadata.metadatasecurity,org.odpi.openmetadata.repositoryservices.connectors.stores.metadatacollectionstore.properties.typedefs,40,2,40.0,43.94449154672439
org.odpi.openmetadata.repositoryservices.rest.properties,org.odpi.openmetadata.repositoryservices.auditlog,21,7,21.0,43.66827237527655
org.odpi.openmetadata.adapters.connectors.integration.csvlineageimporter,org.odpi.openmetadata.frameworks.openmetadata.connectorcontext,27,4,27.0,43.45482363572071
org.odpi.openmetadata.adapters.connectors.unitycatalog.resource,org.odpi.openmetadata.adapters.connectors.restclients,27,4,27.0,43.45482363572071
org.odpi.openmetadata.frameworkservices.gaf.client,org.odpi.openmetadata.frameworkservices.omf.client,27,4,27.0,43.45482363572071
org.odpi.openmetadata.reports.componentid,org.odpi.openmetadata.repositoryservices.auditlog,27,4,27.0,43.45482363572071
org.odpi.openmetadata.accessservices.datamanager.fvt.clientconstructors,org.odpi.openmetadata.frameworks.auditlog,24,5,24.0,43.00222726147332
org.odpi.openmetadata.repositoryservices.eventmanagement,org.odpi.openmetadata.repositoryservices.events.future,24,5,24.0,43.00222726147332
org.odpi.openmetadata.adapters.connectors.egeriainfrastructure.extractor,org.odpi.openmetadata.repositoryservices.properties,24,5,24.0,43.00222726147332
org.odpi.openmetadata.commonservices.ffdc,org.odpi.openmetadata.repositoryservices.connectors.stores.metadatacollectionstore.properties.typedefs,24,5,24.0,43.00222726147332
org.odpi.openmetadata.adapters.repositoryservices.postgres.repositoryconnector.database,org.odpi.openmetadata.repositoryservices.connectors.stores.metadatacollectionstore.properties,24,5,24.0,43.00222726147332
org.odpi.openmetadata.governanceservers.enginehostservices.listener,org.odpi.openmetadata.adminservices.configuration.properties,24,5,24.0,43.00222726147332
org.odpi.openmetadata.accessservices.datamanager.fvt.errorhandling,org.odpi.openmetadata.frameworks.auditlog,24,5,24.0,43.00222726147332
org.odpi.openmetadata.adapters.connectors.egeriainfrastructure.extractor,org.odpi.openmetadata.adminservices.configuration.registration,24,5,24.0,43.00222726147332
org.odpi.openmetadata.frameworkservices.ocf.metadatamanagement.client,org.odpi.openmetadata.frameworks.connectors.ffdc,31,3,31.0,42.97512519471661
org.odpi.openmetadata.repositoryservices.metadatahighway.cohortregistry,org.odpi.openmetadata.repositoryservices.ffdc.exception,31,3,31.0,42.97512519471661
org.odpi.openmetadata.adapters.connectors.integration.jdbc.transfer.requests,org.odpi.openmetadata.frameworks.openmetadata.types,39,2,39.0,42.84587925805628
org.odpi.openmetadata.frameworks.integration.context,org.odpi.openmetadata.frameworks.openmetadata.ffdc,39,2,39.0,42.84587925805628
org.odpi.openmetadata.adapters.connectors.postgres.catalog,org.odpi.openmetadata.adapters.connectors.postgres.ffdc,39,2,39.0,42.84587925805628
org.odpi.openmetadata.frameworks.opengovernance.handlers,org.odpi.openmetadata.frameworks.openmetadata.ffdc,39,2,39.0,42.84587925805628
org.odpi.openmetadata.adapters.connectors.egeriainfrastructure.platform.catalog,org.odpi.openmetadata.frameworks.openmetadata.properties.connections,22,6,22.0,42.81002327921689
org.odpi.openmetadata.repositoryservices.metadatahighway,org.odpi.openmetadata.repositoryservices.localrepository.repositorycontentmanager,22,6,22.0,42.81002327921689
org.odpi.openmetadata.adminservices.classifier,org.odpi.openmetadata.adminservices.ffdc.exception,26,4,26.0,41.845385723286604
org.odpi.openmetadata.adapters.connectors.apacheatlas.survey.ffdc,org.odpi.openmetadata.frameworks.auditlog,26,4,26.0,41.845385723286604
org.odpi.openmetadata.frameworks.opensurvey,org.odpi.openmetadata.frameworks.opengovernance,26,4,26.0,41.845385723286604
org.odpi.openmetadata.adapters.connectors.egeriainfrastructure.platform.survey,org.odpi.openmetadata.frameworks.opensurvey.controls,26,4,26.0,41.845385723286604
org.odpi.openmetadata.adapters.connectors.babbage.ffdc,org.odpi.openmetadata.frameworks.auditlog,26,4,26.0,41.845385723286604
org.odpi.openmetadata.adapters.connectors.apacheatlas.resource.ffdc,org.odpi.openmetadata.frameworks.auditlog,26,4,26.0,41.845385723286604
org.odpi.openmetadata.frameworks.openmetadata.properties.assets.topics,org.odpi.openmetadata.frameworks.openmetadata.properties,26,4,26.0,41.845385723286604
org.odpi.openmetadata.adapters.connectors.externalharvesters.harvestopenmetadata.ffdc,org.odpi.openmetadata.frameworks.auditlog,26,4,26.0,41.845385723286604
org.odpi.openmetadata.adapters.connectors.governanceactions.watchdog,org.odpi.openmetadata.frameworks.openmetadata.ffdc,26,4,26.0,41.845385723286604
org.odpi.openmetadata.frameworks.integration.connectors,org.odpi.openmetadata.frameworks.connectors.properties.beans,26,4,26.0,41.845385723286604
org.odpi.openmetadata.adapters.connectors.jacquard,org.odpi.openmetadata.adapters.connectors.jacquard.tabulardatasets,26,4,26.0,41.845385723286604
org.odpi.openmetadata.conformance.workbenches.repository,org.odpi.openmetadata.conformance.workbenches,26,4,26.0,41.845385723286604
org.odpi.openmetadata.frameworks.openmetadata.properties.assets.reports,org.odpi.openmetadata.frameworks.openmetadata.properties.datadictionaries,26,4,26.0,41.845385723286604
org.odpi.openmetadata.viewservices.governanceofficer.server,org.odpi.openmetadata.frameworkservices.gaf.rest,26,4,26.0,41.845385723286604
org.odpi.openmetadata.adapters.connectors.egeriainfrastructure.platform.catalog,org.odpi.openmetadata.frameworks.openmetadata.events,26,4,26.0,41.845385723286604
org.odpi.openmetadata.adapters.connectors.secretsstore.yaml.ffdc,org.odpi.openmetadata.frameworks.auditlog,26,4,26.0,41.845385723286604
org.odpi.openmetadata.frameworks.openmetadata.properties.informationsupplychains,org.odpi.openmetadata.frameworks.openmetadata.properties,26,4,26.0,41.845385723286604
org.odpi.openmetadata.adapters.connectors.apacheatlas.survey,org.odpi.openmetadata.frameworks.connectors.ffdc,26,4,26.0,41.845385723286604
org.odpi.openmetadata.adapters.connectors.governanceactions.provisioning,org.odpi.openmetadata.frameworks.connectors.ffdc,26,4,26.0,41.845385723286604
org.odpi.openmetadata.viewservices.externallinks.server,org.odpi.openmetadata.frameworks.openmetadata.ffdc,38,2,38.0,41.74726696938817
org.odpi.openmetadata.adapters.connectors.subscriptions,org.odpi.openmetadata.frameworks.openmetadata.ffdc,38,2,38.0,41.74726696938817
org.odpi.openmetadata.adapters.connectors.apachekafka.integration,org.odpi.openmetadata.frameworks.openmetadata.types,38,2,38.0,41.74726696938817
org.odpi.openmetadata.contentpacks.core.apachekafka,org.odpi.openmetadata.samples.archiveutilities,38,2,38.0,41.74726696938817
org.odpi.openmetadata.accessservices.assetowner.fvt.dataassets,org.odpi.openmetadata.frameworks.openmetadata.types,38,2,38.0,41.74726696938817
org.odpi.openmetadata.viewservices.myprofile.server,org.odpi.openmetadata.frameworks.openmetadata.types,38,2,38.0,41.74726696938817
org.odpi.openmetadata.repositoryservices.enterprise.connectormanager,org.odpi.openmetadata.repositoryservices.ffdc,38,2,38.0,41.74726696938817
org.odpi.openmetadata.frameworks.opengovernance.mermaid,org.odpi.openmetadata.frameworks.openmetadata.metadataelements,60,1,60.0,41.58883083359672
org.odpi.openmetadata.adapters.connectors.apachekafka.integration,org.odpi.openmetadata.frameworks.connectors.properties.beans,60,1,60.0,41.58883083359672
org.odpi.openmetadata.adapters.connectors.apacheatlas.integration,org.odpi.openmetadata.frameworks.integration.properties,30,3,30.0,41.58883083359672
org.odpi.openmetadata.adapters.repositoryservices.postgres.repositoryconnector,org.odpi.openmetadata.adapters.repositoryservices.postgres.repositoryconnector.controls,30,3,30.0,41.58883083359672
org.odpi.openmetadata.accessservices.assetmanager.fvt.externalidentifiers,org.odpi.openmetadata.frameworks.openmetadata.enums,30,3,30.0,41.58883083359672
org.odpi.openmetadata.repositoryservices.connectors.stores.archivestore,org.odpi.openmetadata.repositoryservices.connectors.stores.metadatacollectionstore.properties.instances,30,3,30.0,41.58883083359672
org.odpi.openmetadata.frameworkservices.omf.handlers,org.odpi.openmetadata.repositoryservices.connectors.stores.metadatacollectionstore.repositoryconnector,30,3,30.0,41.58883083359672
org.odpi.openmetadata.samples.archiveutilities,org.odpi.openmetadata.frameworks.openmetadata.mapper,30,3,30.0,41.58883083359672
org.odpi.openmetadata.accessservices.governanceprogram.samples.subjectareas,org.odpi.openmetadata.frameworks.openmetadata.properties,60,1,60.0,41.58883083359672
org.odpi.openmetadata.governanceservers.enginehostservices.listener,org.odpi.openmetadata.governanceservers.enginehostservices.admin,30,3,30.0,41.58883083359672
org.odpi.openmetadata.adapters.repositoryservices.cohortregistrystore.file,org.odpi.openmetadata.frameworks.auditlog,60,1,60.0,41.58883083359672
org.odpi.openmetadata.adapters.connectors.apachekafka.integration,org.odpi.openmetadata.frameworks.integration.properties,30,3,30.0,41.58883083359672
org.odpi.openmetadata.contentpacks.core.files,org.odpi.openmetadata.frameworks.openmetadata.mapper,30,3,30.0,41.58883083359672
org.odpi.openmetadata.repositoryservices.connectors.stores.cohortregistrystore.properties,org.odpi.openmetadata.frameworks.connectors.properties.beans,20,7,20.0,41.58883083359672
org.odpi.openmetadata.userauthn.auth,org.odpi.openmetadata.metadatasecurity.properties,23,5,23.0,41.21046779224526
org.odpi.openmetadata.engineservices.surveyaction.client,org.odpi.openmetadata.engineservices.surveyaction.client.rest,23,5,23.0,41.21046779224526
org.odpi.openmetadata.engineservices.repositorygovernance.client,org.odpi.openmetadata.engineservices.repositorygovernance.client.rest,23,5,23.0,41.21046779224526
org.odpi.openmetadata.engineservices.governanceaction.client,org.odpi.openmetadata.engineservices.governanceaction.client.rest,23,5,23.0,41.21046779224526
org.odpi.openmetadata.engineservices.watchdogaction.client,org.odpi.openmetadata.engineservices.watchdogaction.client.rest,23,5,23.0,41.21046779224526
org.odpi.openmetadata.viewservices.dataofficer.server,org.odpi.openmetadata.frameworks.openmetadata.handlers,21,6,21.0,40.86411313016158
org.odpi.openmetadata.frameworks.integration.properties,org.odpi.openmetadata.frameworks.connectors,21,6,21.0,40.86411313016158
org.odpi.openmetadata.viewservices.privacyofficer.server,org.odpi.openmetadata.frameworks.openmetadata.handlers,21,6,21.0,40.86411313016158
org.odpi.openmetadata.contentpacks.core,org.odpi.openmetadata.samples.archiveutilities,21,6,21.0,40.86411313016158
org.odpi.openmetadata.frameworkservices.gaf.listener,org.odpi.openmetadata.frameworks.openmetadata.types,37,2,37.0,40.648654680720064
org.odpi.openmetadata.adapters.connectors.integration.openlineage,org.odpi.openmetadata.frameworks.openmetadata.types,37,2,37.0,40.648654680720064
org.odpi.openmetadata.samples.governanceactions.clinicaltrials,org.odpi.openmetadata.adapters.connectors.unitycatalog.controls,37,2,37.0,40.648654680720064
org.odpi.openmetadata.conformance.client,org.odpi.openmetadata.conformance.ffdc,25,4,25.0,40.23594781085251
org.odpi.openmetadata.adapters.connectors.egeriainfrastructure.platform,org.odpi.openmetadata.frameworks.connectors.properties.beans,25,4,25.0,40.23594781085251
org.odpi.openmetadata.adapters.repositoryservices.archiveconnector.directory,org.odpi.openmetadata.frameworks.connectors.properties.beans,25,4,25.0,40.23594781085251
org.odpi.openmetadata.adapters.connectors.postgres.catalog,org.odpi.openmetadata.frameworks.connectors.ffdc,25,4,25.0,40.23594781085251
org.odpi.openmetadata.adapters.repositoryservices.archiveconnector.directory,org.odpi.openmetadata.repositoryservices.ffdc.exception,25,4,25.0,40.23594781085251
org.odpi.openmetadata.conformance.tests.platform.origin,org.odpi.openmetadata.conformance.workbenches.platform,25,4,25.0,40.23594781085251
org.odpi.openmetadata.accessservices.assetconsumer.samples.assetlookup,org.odpi.openmetadata.frameworks.connectors.properties.beans,29,3,29.0,40.20253647247683
org.odpi.openmetadata.adapters.connectors.governanceactions.stewardship,org.odpi.openmetadata.frameworks.opensurvey.controls,29,3,29.0,40.20253647247683
org.odpi.openmetadata.frameworks.openmetadata.connectorcontext,org.odpi.openmetadata.frameworks.openmetadata.properties.connections,36,2,36.0,39.55004239205195
org.odpi.openmetadata.frameworks.openwatchdog,org.odpi.openmetadata.frameworks.openwatchdog.controls,36,2,36.0,39.55004239205195
org.odpi.openmetadata.viewservices.assetcatalog.server,org.odpi.openmetadata.frameworks.openmetadata.ffdc,36,2,36.0,39.55004239205195
org.odpi.openmetadata.viewservices.runtimemanager.server,org.odpi.openmetadata.frameworks.openmetadata.ffdc,36,2,36.0,39.55004239205195
org.odpi.openmetadata.viewservices.digitalbusiness.server.spring,org.odpi.openmetadata.commonservices.ffdc.rest,36,2,36.0,39.55004239205195
org.odpi.openmetadata.governanceservers.integrationdaemonservices.server.spring,org.odpi.openmetadata.commonservices.ffdc.rest,36,2,36.0,39.55004239205195
org.odpi.openmetadata.frameworks.openmetadata.connectorcontext,org.odpi.openmetadata.frameworks.openmetadata.properties.feedback,36,2,36.0,39.55004239205195
org.odpi.openmetadata.frameworks.openmetadata.properties,org.odpi.openmetadata.frameworks.openmetadata.properties.schema,36,2,36.0,39.55004239205195
org.odpi.openmetadata.repositoryservices.connectors.stores.metadatacollectionstore.properties.instances,org.odpi.openmetadata.repositoryservices.ffdc,36,2,36.0,39.55004239205195
org.odpi.openmetadata.repositoryservices.connectors.omrstopic,org.odpi.openmetadata.repositoryservices.connectors.stores.metadatacollectionstore.properties.typedefs,57,1,57.0,39.50938929191688
org.odpi.openmetadata.repositoryservices.localrepository.repositoryconnector,org.odpi.openmetadata.adminservices.configuration.properties,22,5,22.0,39.418708323017206
org.odpi.openmetadata.adapters.adminservices.configurationstore.file,org.odpi.openmetadata.adminservices.configuration.properties,22,5,22.0,39.418708323017206
org.odpi.openmetadata.engineservices.surveyaction.handlers,org.odpi.openmetadata.frameworks.openmetadata.handlers,22,5,22.0,39.418708323017206
org.odpi.openmetadata.frameworks.integration.context,org.odpi.openmetadata.frameworks.openmetadata.events,22,5,22.0,39.418708323017206
org.odpi.openmetadata.frameworks.opengovernance.handlers,org.odpi.openmetadata.frameworks.openmetadata.converters,22,5,22.0,39.418708323017206
org.odpi.openmetadata.adapters.connectors.jacquard.tabulardatasets.validmetadatavalues,org.odpi.openmetadata.frameworks.openmetadata.properties,22,5,22.0,39.418708323017206
org.odpi.openmetadata.repositoryservices.connectors.stores.metadatacollectionstore.repositoryeventmapper,org.odpi.openmetadata.repositoryservices.connectors.openmetadatatopic,22,5,22.0,39.418708323017206
org.odpi.openmetadata.repositoryservices.enterprise.repositoryconnector.control,org.odpi.openmetadata.frameworks.auditlog,22,5,22.0,39.418708323017206
org.odpi.openmetadata.viewservices.automatedcuration.mermaid,org.odpi.openmetadata.frameworks.openmetadata.specificationproperties,22,5,22.0,39.418708323017206
org.odpi.openmetadata.repositoryservices.metadatahighway.cohortregistry,org.odpi.openmetadata.repositoryservices.enterprise.connectormanager,22,5,22.0,39.418708323017206
org.odpi.openmetadata.adapters.connectors.egeriainfrastructure.properties,org.odpi.openmetadata.governanceservers.integrationdaemonservices.properties,22,5,22.0,39.418708323017206
org.odpi.openmetadata.governanceservers.integrationdaemonservices.listener,org.odpi.openmetadata.frameworks.auditlog,22,5,22.0,39.418708323017206
org.odpi.openmetadata.adapters.connectors.jacquard,org.odpi.openmetadata.frameworks.openmetadata.properties.assets.processes.actions,20,6,20.0,38.91820298110626
org.odpi.openmetadata.accessservices.assetconsumer.fvt,org.odpi.openmetadata.frameworks.openmetadata.properties,56,1,56.0,38.816242111356935
org.odpi.openmetadata.frameworkservices.omf.converters,org.odpi.openmetadata.repositoryservices.connectors.stores.metadatacollectionstore.repositoryconnector,28,3,28.0,38.816242111356935
org.odpi.openmetadata.commonservices.multitenant,org.odpi.openmetadata.adminservices.registration,28,3,28.0,38.816242111356935
org.odpi.openmetadata.accessservices.assetmanager.samples.glossaryworkflow,org.odpi.openmetadata.frameworks.openmetadata.properties,56,1,56.0,38.816242111356935
org.odpi.openmetadata.frameworkservices.gaf.server,org.odpi.openmetadata.frameworkservices.omf.rest,28,3,28.0,38.816242111356935
org.odpi.openmetadata.adapters.connectors.apachekafka.integration,org.odpi.openmetadata.frameworks.opengovernance.properties,28,3,28.0,38.816242111356935
org.odpi.openmetadata.repositoryservices.enterprise.repositoryconnector.control,org.odpi.openmetadata.repositoryservices.enterprise.repositoryconnector.executors,28,3,28.0,38.816242111356935
org.odpi.openmetadata.frameworkservices.gaf.converters,org.odpi.openmetadata.repositoryservices.connectors.stores.metadatacollectionstore.utilities,56,1,56.0,38.816242111356935
org.odpi.openmetadata.adapters.connectors.integration.basicfiles,org.odpi.openmetadata.frameworks.connectors.controls,28,3,28.0,38.816242111356935
org.odpi.openmetadata.adapters.connectors.unitycatalog.sync,org.odpi.openmetadata.frameworks.openmetadata.properties.assets,28,3,28.0,38.816242111356935
org.odpi.openmetadata.viewservices.dataofficer.server,org.odpi.openmetadata.commonservices.multitenant,28,3,28.0,38.816242111356935
org.odpi.openmetadata.adapters.connectors.unitycatalog.survey,org.odpi.openmetadata.frameworks.connectors.controls,28,3,28.0,38.816242111356935
org.odpi.openmetadata.viewservices.privacyofficer.server,org.odpi.openmetadata.commonservices.multitenant,28,3,28.0,38.816242111356935
org.odpi.openmetadata.conformance.server,org.odpi.openmetadata.conformance.workbenches.platform,24,4,24.0,38.626509898418405
org.odpi.openmetadata.viewservices.multilanguage.server,org.odpi.openmetadata.commonservices.ffdc,24,4,24.0,38.626509898418405
org.odpi.openmetadata.frameworkservices.omf.client,org.odpi.openmetadata.frameworks.openmetadata.builders,24,4,24.0,38.626509898418405
org.odpi.openmetadata.governanceservers.integrationdaemonservices.listener,org.odpi.openmetadata.frameworks.openmetadata.search,24,4,24.0,38.626509898418405
org.odpi.openmetadata.adapters.connectors.babbage,org.odpi.openmetadata.frameworks.connectors.ffdc,24,4,24.0,38.626509898418405
org.odpi.openmetadata.governanceservers.enginehostservices.admin,org.odpi.openmetadata.commonservices.ffdc,24,4,24.0,38.626509898418405
org.odpi.openmetadata.frameworkservices.gaf.admin,org.odpi.openmetadata.adminservices.registration,24,4,24.0,38.626509898418405
org.odpi.openmetadata.frameworkservices.omf.admin,org.odpi.openmetadata.frameworkservices.omf.server,24,4,24.0,38.626509898418405
org.odpi.openmetadata.metadatasecurity.server,org.odpi.openmetadata.metadatasecurity.properties,24,4,24.0,38.626509898418405
org.odpi.openmetadata.frameworkservices.gaf.admin,org.odpi.openmetadata.frameworkservices.gaf.server,24,4,24.0,38.626509898418405
org.odpi.openmetadata.adapters.connectors.apacheatlas.resource,org.odpi.openmetadata.frameworks.connectors.ffdc,24,4,24.0,38.626509898418405
org.odpi.openmetadata.frameworkservices.omf.admin,org.odpi.openmetadata.adminservices.registration,24,4,24.0,38.626509898418405
org.odpi.openmetadata.conformance.server,org.odpi.openmetadata.conformance.workbenches.repository,24,4,24.0,38.626509898418405
org.odpi.openmetadata.frameworks.openmetadata.handlers,org.odpi.openmetadata.frameworks.openmetadata.properties.schema.tabular,24,4,24.0,38.626509898418405
org.odpi.openmetadata.adapters.connectors.dynamicarchivers.glossary,org.odpi.openmetadata.adapters.connectors.dynamicarchivers,24,4,24.0,38.626509898418405
org.odpi.openmetadata.conformance.server,org.odpi.openmetadata.adminservices.ffdc.exception,24,4,24.0,38.626509898418405
org.odpi.openmetadata.frameworks.integration.connectors,org.odpi.openmetadata.frameworks.openmetadata.properties.softwarecapabilities,24,4,24.0,38.626509898418405
org.odpi.openmetadata.adapters.connectors.apacheatlas.integration.modules,org.odpi.openmetadata.frameworks.openmetadata.properties.governance,24,4,24.0,38.626509898418405
org.odpi.openmetadata.platformchassis.springboot,org.odpi.openmetadata.adminservices.server,24,4,24.0,38.626509898418405
org.odpi.openmetadata.viewservices.lineagelinker.server.spring,org.odpi.openmetadata.viewservices.lineagelinker.server,24,4,24.0,38.626509898418405
org.odpi.openmetadata.adapters.connectors.integration.jdbc,org.odpi.openmetadata.adapters.connectors.integration.jdbc.transfer,24,4,24.0,38.626509898418405
org.odpi.openmetadata.accessservices.itinfrastructure.samples.assetdeploy,org.odpi.openmetadata.frameworks.openmetadata.properties.assets.infrastructure,24,4,24.0,38.626509898418405
org.odpi.openmetadata.viewservices.lineagelinker.server,org.odpi.openmetadata.tokencontroller,24,4,24.0,38.626509898418405
org.odpi.openmetadata.conformance.workbenches.repository,org.odpi.openmetadata.conformance.tests.repository.connector,24,4,24.0,38.626509898418405
org.odpi.openmetadata.adapters.connectors.apachekafka.integration,org.odpi.openmetadata.frameworks.integration.controls,24,4,24.0,38.626509898418405
org.odpi.openmetadata.adminservices.server,org.odpi.openmetadata.adminservices.properties,24,4,24.0,38.626509898418405
org.odpi.openmetadata.viewservices.dataofficer.server,org.odpi.openmetadata.commonservices.ffdc,24,4,24.0,38.626509898418405
org.odpi.openmetadata.adminservices.store,org.odpi.openmetadata.frameworks.connectors,24,4,24.0,38.626509898418405
org.odpi.openmetadata.adapters.connectors.integration.csvlineageimporter,org.odpi.openmetadata.frameworks.integration.controls,24,4,24.0,38.626509898418405
org.odpi.openmetadata.viewservices.privacyofficer.server,org.odpi.openmetadata.commonservices.ffdc,24,4,24.0,38.626509898418405
org.odpi.openmetadata.commonservices.repositoryhandler,org.odpi.openmetadata.repositoryservices.connectors.stores.metadatacollectionstore.properties.typedefs,24,4,24.0,38.626509898418405
org.odpi.openmetadata.viewservices.devopspipeline.server,org.odpi.openmetadata.commonservices.ffdc,24,4,24.0,38.626509898418405
org.odpi.openmetadata.viewservices.productcatalog.server,org.odpi.openmetadata.commonservices.ffdc,24,4,24.0,38.626509898418405
org.odpi.openmetadata.adapters.connectors.apacheatlas.integration,org.odpi.openmetadata.frameworks.integration.controls,24,4,24.0,38.626509898418405
org.odpi.openmetadata.frameworkservices.ocf.metadatamanagement.server.spring,org.odpi.openmetadata.frameworkservices.ocf.metadatamanagement.server,24,4,24.0,38.626509898418405
org.odpi.openmetadata.adapters.connectors.egeriainfrastructure.servers,org.odpi.openmetadata.frameworks.connectors.ffdc,24,4,24.0,38.626509898418405
org.odpi.openmetadata.viewservices.governanceofficer.server,org.odpi.openmetadata.frameworks.openmetadata.ffdc,35,2,35.0,38.45143010338384
org.odpi.openmetadata.frameworks.openmetadata.connectorcontext,org.odpi.openmetadata.frameworks.openmetadata.properties.glossaries,35,2,35.0,38.45143010338384
org.odpi.openmetadata.frameworks.openmetadata.properties,org.odpi.openmetadata.frameworks.openmetadata.properties.datadictionaries,35,2,35.0,38.45143010338384
org.odpi.openmetadata.viewservices.connectionmaker.server,org.odpi.openmetadata.frameworks.openmetadata.ffdc,35,2,35.0,38.45143010338384
org.odpi.openmetadata.adapters.connectors.secretsstore.yaml,org.odpi.openmetadata.adapters.connectors.secretsstore.yaml.ffdc,35,2,35.0,38.45143010338384
org.odpi.openmetadata.engineservices.repositorygovernance.handlers,org.odpi.openmetadata.engineservices.repositorygovernance.ffdc,35,2,35.0,38.45143010338384
org.odpi.openmetadata.engineservices.watchdogaction.handlers,org.odpi.openmetadata.engineservices.watchdogaction.ffdc,35,2,35.0,38.45143010338384
org.odpi.openmetadata.accessservices.communityprofile.fvt.clientconstructors,org.odpi.openmetadata.frameworks.auditlog,21,5,21.0,37.62694885378915
org.odpi.openmetadata.accessservices.assetmanager.fvt.errorhandling,org.odpi.openmetadata.frameworks.auditlog,21,5,21.0,37.62694885378915
org.odpi.openmetadata.samples.archiveutilities,org.odpi.openmetadata.repositoryservices.connectors.stores.archivestore.properties,21,5,21.0,37.62694885378915
org.odpi.openmetadata.frameworks.integration.connectors,org.odpi.openmetadata.frameworks.openmetadata.properties.assets.metadatarepositories,21,5,21.0,37.62694885378915
org.odpi.openmetadata.frameworkservices.gaf.client,org.odpi.openmetadata.frameworks.opengovernance,21,5,21.0,37.62694885378915
org.odpi.openmetadata.accessservices.stewardshipaction.fvt.duplicateprocessing,org.odpi.openmetadata.frameworks.auditlog,21,5,21.0,37.62694885378915
org.odpi.openmetadata.accessservices.assetmanager.fvt.clientconstructors,org.odpi.openmetadata.frameworks.auditlog,21,5,21.0,37.62694885378915
org.odpi.openmetadata.adapters.repositoryservices.auditlogstore.postgres,org.odpi.openmetadata.adapters.connectors.resource.jdbc,21,5,21.0,37.62694885378915
org.odpi.openmetadata.adapters.connectors.dynamicarchivers,org.odpi.openmetadata.frameworks.openmetadata.refdata,21,5,21.0,37.62694885378915
org.odpi.openmetadata.frameworks.openmetadata.handlers,org.odpi.openmetadata.frameworks.openmetadata.properties.security,27,3,27.0,37.42994775023705
org.odpi.openmetadata.frameworks.openmetadata.handlers,org.odpi.openmetadata.frameworks.openmetadata.properties.digitalbusiness,27,3,27.0,37.42994775023705
org.odpi.openmetadata.viewservices.validmetadata.server.spring,org.odpi.openmetadata.frameworks.openmetadata.properties,27,3,27.0,37.42994775023705
org.odpi.openmetadata.contentpacks.core,org.odpi.openmetadata.adapters.connectors.unitycatalog.controls,27,3,27.0,37.42994775023705
org.odpi.openmetadata.viewservices.peopleorganizer.server.spring,org.odpi.openmetadata.commonservices.ffdc.rest,27,3,27.0,37.42994775023705
org.odpi.openmetadata.adapters.connectors.secretsstore.yaml,org.odpi.openmetadata.frameworks.connectors.controls,27,3,27.0,37.42994775023705
org.odpi.openmetadata.viewservices.productmanager.server.spring,org.odpi.openmetadata.commonservices.ffdc.rest,27,3,27.0,37.42994775023705
org.odpi.openmetadata.viewservices.notificationmanager.server.spring,org.odpi.openmetadata.commonservices.ffdc.rest,27,3,27.0,37.42994775023705
org.odpi.openmetadata.adapters.connectors.restclients.spring,org.odpi.openmetadata.frameworks.connectors.controls,34,2,34.0,37.352817814715735
org.odpi.openmetadata.contentpacks.core.postgres,org.odpi.openmetadata.samples.archiveutilities,34,2,34.0,37.352817814715735
org.odpi.openmetadata.frameworks.openmetadata.properties,org.odpi.openmetadata.frameworks.openmetadata.properties.feedback,34,2,34.0,37.352817814715735
org.odpi.openmetadata.adapters.connectors.jacquard.tabulardatasets,org.odpi.openmetadata.adapters.connectors.jacquard.tabulardatasets.controls,34,2,34.0,37.352817814715735
org.odpi.openmetadata.frameworkservices.gaf.handlers,org.odpi.openmetadata.repositoryservices.connectors.stores.metadatacollectionstore.properties,34,2,34.0,37.352817814715735
org.odpi.openmetadata.adapters.connectors.egeriainfrastructure.control,org.odpi.openmetadata.adapters.connectors.controls,34,2,34.0,37.352817814715735
org.odpi.openmetadata.viewservices.lineagelinker.server,org.odpi.openmetadata.frameworks.auditlog,23,4,23.0,37.01707198598431
org.odpi.openmetadata.adapters.connectors.apachekafka.resource,org.odpi.openmetadata.frameworks.connectors.ffdc,23,4,23.0,37.01707198598431
org.odpi.openmetadata.contentpacks.core.base,org.odpi.openmetadata.adapters.connectors.controls,23,4,23.0,37.01707198598431
org.odpi.openmetadata.accessservices.assetmanager.fvt.errorhandling,org.odpi.openmetadata.frameworks.openmetadata.properties.glossaries,23,4,23.0,37.01707198598431
org.odpi.openmetadata.frameworkservices.ocf.metadatamanagement.server,org.odpi.openmetadata.frameworks.auditlog,23,4,23.0,37.01707198598431
org.odpi.openmetadata.frameworks.connectors.controls,org.odpi.openmetadata.frameworks.openmetadata.definitions,23,4,23.0,37.01707198598431
org.odpi.openmetadata.accessservices.governanceprogram.fvt.errorhandling,org.odpi.openmetadata.frameworks.openmetadata.properties.externalreferences,23,4,23.0,37.01707198598431
org.odpi.openmetadata.frameworkservices.omf.client,org.odpi.openmetadata.frameworks.connectors,23,4,23.0,37.01707198598431
org.odpi.openmetadata.frameworks.connectors.client,org.odpi.openmetadata.frameworks.openmetadata.ffdc,33,2,33.0,36.25420552604762
org.odpi.openmetadata.viewservices.connectionmaker.server,org.odpi.openmetadata.frameworks.openmetadata.properties.connections,33,2,33.0,36.25420552604762
org.odpi.openmetadata.accessservices.governanceprogram.samples.leadership,org.odpi.openmetadata.frameworks.openmetadata.ffdc,33,2,33.0,36.25420552604762
org.odpi.openmetadata.frameworks.connectors.api,org.odpi.openmetadata.frameworks.openmetadata.ffdc,33,2,33.0,36.25420552604762
org.odpi.openmetadata.adapters.connectors.integration.jdbc.transfer.customization,org.odpi.openmetadata.adapters.connectors.integration.jdbc.controls,33,2,33.0,36.25420552604762
org.odpi.openmetadata.repositoryservices.connectors.stores.metadatacollectionstore.utilities,org.odpi.openmetadata.repositoryservices.ffdc,33,2,33.0,36.25420552604762
org.odpi.openmetadata.adapters.connectors.integration.openlineage,org.odpi.openmetadata.frameworks.openmetadata.enums,33,2,33.0,36.25420552604762
org.odpi.openmetadata.frameworkservices.gaf.server,org.odpi.openmetadata.repositoryservices.connectors.stores.metadatacollectionstore.properties,33,2,33.0,36.25420552604762
org.odpi.openmetadata.adapters.connectors.governanceactions.provisioning,org.odpi.openmetadata.frameworks.opengovernance.properties,26,3,26.0,36.04365338911715
org.odpi.openmetadata.accessservices.assetmanager.fvt.dataassets,org.odpi.openmetadata.frameworks.openmetadata.metadataelements,26,3,26.0,36.04365338911715
org.odpi.openmetadata.governanceservers.enginehostservices.admin,org.odpi.openmetadata.frameworks.openmetadata.metadataelements,52,1,52.0,36.04365338911715
org.odpi.openmetadata.frameworks.openmetadata.types,org.odpi.openmetadata.frameworks.openmetadata.properties.schema,52,1,52.0,36.04365338911715
org.odpi.openmetadata.accessservices.datamanager.fvt.databases,org.odpi.openmetadata.frameworks.openmetadata.properties,52,1,52.0,36.04365338911715
org.odpi.openmetadata.adapters.connectors.apacheatlas.resource,org.odpi.openmetadata.adapters.connectors.restclients.spring,26,3,26.0,36.04365338911715
org.odpi.openmetadata.viewservices.automatedcuration.converters,org.odpi.openmetadata.frameworks.openmetadata.search,20,5,20.0,35.8351893845611
org.odpi.openmetadata.samples.governanceactions.clinicaltrials,org.odpi.openmetadata.adapters.connectors.datastore.csvfile,20,5,20.0,35.8351893845611
org.odpi.openmetadata.adapters.connectors.surveyaction.surveycsv,org.odpi.openmetadata.adapters.connectors.datastore.csvfile,20,5,20.0,35.8351893845611
org.odpi.openmetadata.adapters.connectors.organizationinsight.ffdc,org.odpi.openmetadata.frameworks.auditlog,22,4,22.0,35.407634073550206
org.odpi.openmetadata.engineservices.governanceaction.admin,org.odpi.openmetadata.frameworks.auditlog,22,4,22.0,35.407634073550206
org.odpi.openmetadata.serveroperations.client.rest,org.odpi.openmetadata.commonservices.ffdc.rest,22,4,22.0,35.407634073550206
org.odpi.openmetadata.engineservices.governanceaction.admin,org.odpi.openmetadata.governanceservers.enginehostservices.admin,22,4,22.0,35.407634073550206
org.odpi.openmetadata.engineservices.surveyaction.admin,org.odpi.openmetadata.frameworks.auditlog,22,4,22.0,35.407634073550206
org.odpi.openmetadata.frameworks.openmetadata.properties.governance.governanceactions,org.odpi.openmetadata.frameworks.openmetadata.properties.assets.processes.actions,22,4,22.0,35.407634073550206
org.odpi.openmetadata.repositoryservices.admin,org.odpi.openmetadata.frameworks.openmetadata.ffdc,22,4,22.0,35.407634073550206
org.odpi.openmetadata.frameworkservices.ocf.metadatamanagement.client,org.odpi.openmetadata.frameworks.auditlog,22,4,22.0,35.407634073550206
org.odpi.openmetadata.engineservices.surveyaction.admin,org.odpi.openmetadata.governanceservers.enginehostservices.admin,22,4,22.0,35.407634073550206
org.odpi.openmetadata.platformservices.client,org.odpi.openmetadata.frameworks.auditlog,22,4,22.0,35.407634073550206
org.odpi.openmetadata.adapters.connectors.restclients.spring,org.odpi.openmetadata.adapters.connectors.restclients,22,4,22.0,35.407634073550206
org.odpi.openmetadata.frameworks.openmetadata.handlers,org.odpi.openmetadata.frameworks.openmetadata.properties.projects,22,4,22.0,35.407634073550206
org.odpi.openmetadata.engineservices.repositorygovernance.admin,org.odpi.openmetadata.governanceservers.enginehostservices.admin,22,4,22.0,35.407634073550206
org.odpi.openmetadata.adapters.connectors.egeriainfrastructure.platform.survey,org.odpi.openmetadata.frameworks.opensurvey,22,4,22.0,35.407634073550206
org.odpi.openmetadata.frameworks.openmetadata.properties.dataprocessing,org.odpi.openmetadata.frameworks.openmetadata.properties.governance,22,4,22.0,35.407634073550206
org.odpi.openmetadata.contentpacks.core.core,org.odpi.openmetadata.adapters.connectors,22,4,22.0,35.407634073550206
org.odpi.openmetadata.repositoryservices.connectors.stores.metadatacollectionstore.utilities,org.odpi.openmetadata.frameworks.openmetadata.ffdc,22,4,22.0,35.407634073550206
org.odpi.openmetadata.engineservices.watchdogaction.admin,org.odpi.openmetadata.governanceservers.enginehostservices.admin,22,4,22.0,35.407634073550206
org.odpi.openmetadata.repositoryservices.clients,org.odpi.openmetadata.frameworks.connectors.ffdc,22,4,22.0,35.407634073550206
org.odpi.openmetadata.engineservices.repositorygovernance.admin,org.odpi.openmetadata.frameworks.auditlog,22,4,22.0,35.407634073550206
org.odpi.openmetadata.frameworks.openwatchdog.ffdc,org.odpi.openmetadata.frameworks.auditlog,22,4,22.0,35.407634073550206
org.odpi.openmetadata.frameworks.openmetadata.properties.assets.apis,org.odpi.openmetadata.frameworks.openmetadata.properties.assets.processes,22,4,22.0,35.407634073550206
org.odpi.openmetadata.engineservices.watchdogaction.admin,org.odpi.openmetadata.frameworks.auditlog,22,4,22.0,35.407634073550206
org.odpi.openmetadata.frameworks.opengovernance.ffdc,org.odpi.openmetadata.frameworks.auditlog,22,4,22.0,35.407634073550206
org.odpi.openmetadata.frameworks.openmetadata.properties.digitalbusiness,org.odpi.openmetadata.frameworks.openmetadata.properties.lineage,22,4,22.0,35.407634073550206
org.odpi.openmetadata.frameworks.openmetadata.connectorcontext,org.odpi.openmetadata.frameworks.openmetadata.enums,22,4,22.0,35.407634073550206
org.odpi.openmetadata.adapters.connectors.jacquard.tabulardatasets.validmetadatavalues,org.odpi.openmetadata.adapters.connectors.jacquard.tabulardatasets.ffdc,32,2,32.0,35.15559323737951
org.odpi.openmetadata.frameworks.openmetadata.handlers,org.odpi.openmetadata.frameworks.openmetadata.properties.glossaries,32,2,32.0,35.15559323737951
org.odpi.openmetadata.frameworkservices.gaf.client,org.odpi.openmetadata.frameworkservices.gaf.ffdc,32,2,32.0,35.15559323737951
org.odpi.openmetadata.contentpacks.core.apacheatlas,org.odpi.openmetadata.samples.archiveutilities,32,2,32.0,35.15559323737951
org.odpi.openmetadata.adapters.connectors.integration.openapis,org.odpi.openmetadata.frameworks.openmetadata.properties.connections,18,6,18.0,35.02638268299564
org.odpi.openmetadata.frameworkservices.gaf.server,org.odpi.openmetadata.commonservices.repositoryhandler,25,3,25.0,34.657359027997266
org.odpi.openmetadata.adminservices.rest,org.odpi.openmetadata.adminservices.configuration.registration,25,3,25.0,34.657359027997266
org.odpi.openmetadata.adapters.connectors.resource.jdbc,org.odpi.openmetadata.frameworks.connectors.properties.beans,25,3,25.0,34.657359027997266
org.odpi.openmetadata.adapters.connectors.restclients.spring,org.odpi.openmetadata.frameworks.connectors.properties.beans,25,3,25.0,34.657359027997266
org.odpi.openmetadata.platformservices.server,org.odpi.openmetadata.serveroperations.properties,25,3,25.0,34.657359027997266
org.odpi.openmetadata.viewservices.automatedcuration.server,org.odpi.openmetadata.frameworks.connectors,25,3,25.0,34.657359027997266
org.odpi.openmetadata.governanceservers.enginehostservices.admin,org.odpi.openmetadata.frameworks.openmetadata.properties,25,3,25.0,34.657359027997266
org.odpi.openmetadata.serveroperations.client.rest,org.odpi.openmetadata.frameworks.openmetadata.ffdc,31,2,31.0,34.056980948711406
org.odpi.openmetadata.adapters.connectors.externalharvesters.harvestsurveys,org.odpi.openmetadata.frameworks.opensurvey.controls,31,2,31.0,34.056980948711406
org.odpi.openmetadata.governanceservers.enginehostservices.client,org.odpi.openmetadata.frameworks.openmetadata.ffdc,31,2,31.0,34.056980948711406
org.odpi.openmetadata.samples.archiveutilities.governanceengines,org.odpi.openmetadata.contentpacks.core,31,2,31.0,34.056980948711406
org.odpi.openmetadata.metadatasecurity.accessconnector,org.odpi.openmetadata.metadatasecurity,31,2,31.0,34.056980948711406
org.odpi.openmetadata.viewservices.feedbackmanager.server,org.odpi.openmetadata.frameworks.openmetadata.properties.feedback,31,2,31.0,34.056980948711406
org.odpi.openmetadata.frameworks.openmetadata.filelistener,org.odpi.openmetadata.frameworks.openmetadata.types,31,2,31.0,34.056980948711406
org.odpi.openmetadata.adapters.repositoryservices.rest.repositoryconnector,org.odpi.openmetadata.repositoryservices.ffdc,31,2,31.0,34.056980948711406
org.odpi.openmetadata.adapters.connectors.surveyaction.surveyfolder,org.odpi.openmetadata.frameworks.openmetadata.ffdc,31,2,31.0,34.056980948711406
org.odpi.openmetadata.fvt.utilities,org.odpi.openmetadata.fvt.utilities.auditlog,19,5,19.0,34.04342991533304
org.odpi.openmetadata.governanceservers.enginehostservices.registration,org.odpi.openmetadata.frameworks.auditlog,19,5,19.0,34.04342991533304
org.odpi.openmetadata.viewservices.runtimemanager.server,org.odpi.openmetadata.serveroperations.rest,19,5,19.0,34.04342991533304
org.odpi.openmetadata.adapters.connectors.egeriainfrastructure.control,org.odpi.openmetadata.frameworks.opensurvey.measurements,19,5,19.0,34.04342991533304
org.odpi.openmetadata.adapters.connectors.apacheatlas.integration.modules,org.odpi.openmetadata.frameworks.openmetadata.properties.collections,19,5,19.0,34.04342991533304
org.odpi.openmetadata.serveroperations.server,org.odpi.openmetadata.adminservices.rest,19,5,19.0,34.04342991533304
org.odpi.openmetadata.engineservices.governanceaction.server,org.odpi.openmetadata.commonservices.ffdc.rest,19,5,19.0,34.04342991533304
org.odpi.openmetadata.commonservices.ffdc.rest,org.odpi.openmetadata.frameworks.openmetadata.reports,19,5,19.0,34.04342991533304
org.odpi.openmetadata.governanceservers.enginehostservices.rest,org.odpi.openmetadata.governanceservers.enginehostservices.properties,19,5,19.0,34.04342991533304
org.odpi.openmetadata.frameworkservices.omf.rest,org.odpi.openmetadata.frameworks.openmetadata.properties.translations,19,5,19.0,34.04342991533304
org.odpi.openmetadata.serveroperations.rest,org.odpi.openmetadata.serveroperations.properties,19,5,19.0,34.04342991533304
org.odpi.openmetadata.engineservices.surveyaction.server,org.odpi.openmetadata.commonservices.ffdc.rest,19,5,19.0,34.04342991533304
org.odpi.openmetadata.repositoryservices.rest.properties,org.odpi.openmetadata.repositoryservices.connectors.stores.cohortregistrystore.properties,19,5,19.0,34.04342991533304
org.odpi.openmetadata.adapters.connectors.integration.kafkaaudit,org.odpi.openmetadata.frameworks.integration.properties,19,5,19.0,34.04342991533304
org.odpi.openmetadata.contentpacks.core.egeria,org.odpi.openmetadata.frameworks.openmetadata.definitions,19,5,19.0,34.04342991533304
org.odpi.openmetadata.engineservices.repositorygovernance.server,org.odpi.openmetadata.commonservices.ffdc.rest,19,5,19.0,34.04342991533304
org.odpi.openmetadata.viewservices.automatedcuration.properties,org.odpi.openmetadata.frameworks.openmetadata.metadataelements,19,5,19.0,34.04342991533304
org.odpi.openmetadata.viewservices.solutionarchitect.server,org.odpi.openmetadata.frameworkservices.omf.rest,19,5,19.0,34.04342991533304
org.odpi.openmetadata.viewservices.dataengineer.server,org.odpi.openmetadata.commonservices.ffdc.rest,19,5,19.0,34.04342991533304
org.odpi.openmetadata.engineservices.watchdogaction.server,org.odpi.openmetadata.commonservices.ffdc.rest,19,5,19.0,34.04342991533304
org.odpi.openmetadata.viewservices.dataengineer.server,org.odpi.openmetadata.frameworks.connectors.client,21,4,21.0,33.7981961611161
org.odpi.openmetadata.frameworkservices.gaf.client,org.odpi.openmetadata.frameworks.connectors,21,4,21.0,33.7981961611161
org.odpi.openmetadata.adminservices.classifier,org.odpi.openmetadata.frameworks.openmetadata.ffdc,21,4,21.0,33.7981961611161
org.odpi.openmetadata.governanceservers.integrationdaemonservices.handlers,org.odpi.openmetadata.frameworks.openmetadata.enums,21,4,21.0,33.7981961611161
org.odpi.openmetadata.repositoryservices.auditlog,org.odpi.openmetadata.frameworks.auditlog.messagesets,21,4,21.0,33.7981961611161
org.odpi.openmetadata.adapters.connectors.dynamicarchivers,org.odpi.openmetadata.frameworks.connectors.ffdc,21,4,21.0,33.7981961611161
org.odpi.openmetadata.viewservices.automatedcuration.server,org.odpi.openmetadata.frameworks.connectors.client,21,4,21.0,33.7981961611161
org.odpi.openmetadata.frameworks.openwatchdog,org.odpi.openmetadata.frameworks.connectors.ffdc,21,4,21.0,33.7981961611161
org.odpi.openmetadata.adapters.connectors.governanceactions.watchdog,org.odpi.openmetadata.frameworks.connectors.ffdc,21,4,21.0,33.7981961611161
org.odpi.openmetadata.repositoryservices.enterprise.repositoryconnector.control,org.odpi.openmetadata.repositoryservices.ffdc.exception,21,4,21.0,33.7981961611161
org.odpi.openmetadata.adapters.connectors.postgres.tabulardatasource,org.odpi.openmetadata.frameworks.connectors.tabulardatasets,24,3,24.0,33.27106466687737
org.odpi.openmetadata.frameworkservices.ocf.metadatamanagement.server,org.odpi.openmetadata.frameworks.connectors.properties.beans,24,3,24.0,33.27106466687737
org.odpi.openmetadata.frameworkservices.gaf.rest,org.odpi.openmetadata.frameworks.openmetadata.properties,24,3,24.0,33.27106466687737
org.odpi.openmetadata.adapters.connectors.jacquard,org.odpi.openmetadata.frameworks.integration.context,24,3,24.0,33.27106466687737
org.odpi.openmetadata.viewservices.multilanguage.server,org.odpi.openmetadata.commonservices.multitenant,24,3,24.0,33.27106466687737
org.odpi.openmetadata.frameworkservices.gaf.server,org.odpi.openmetadata.frameworkservices.gaf.converters,24,3,24.0,33.27106466687737
org.odpi.openmetadata.adapters.connectors.datastore.csvfile,org.odpi.openmetadata.frameworks.openmetadata.definitions,24,3,24.0,33.27106466687737
org.odpi.openmetadata.accessservices.governanceprogram.samples.subjectareas,org.odpi.openmetadata.frameworks.openmetadata.search,24,3,24.0,33.27106466687737
org.odpi.openmetadata.engineservices.surveyaction.handlers,org.odpi.openmetadata.frameworkservices.gaf.client,24,3,24.0,33.27106466687737
org.odpi.openmetadata.adapters.connectors.integration.jdbc,org.odpi.openmetadata.frameworks.opengovernance.properties,24,3,24.0,33.27106466687737
org.odpi.openmetadata.viewservices.productcatalog.server,org.odpi.openmetadata.commonservices.multitenant,24,3,24.0,33.27106466687737
org.odpi.openmetadata.viewservices.devopspipeline.server,org.odpi.openmetadata.commonservices.multitenant,24,3,24.0,33.27106466687737
org.odpi.openmetadata.adapters.connectors.baudot,org.odpi.openmetadata.frameworks.openwatchdog.controls,24,3,24.0,33.27106466687737
org.odpi.openmetadata.repositoryservices.rest.server,org.odpi.openmetadata.commonservices.multitenant,48,1,48.0,33.27106466687737
org.odpi.openmetadata.adapters.connectors.apachekafka.integration,org.odpi.openmetadata.frameworks.auditlog,24,3,24.0,33.27106466687737
org.odpi.openmetadata.adapters.connectors.governanceactions.stewardship,org.odpi.openmetadata.frameworks.openmetadata.definitions,24,3,24.0,33.27106466687737
org.odpi.openmetadata.frameworks.openmetadata.connectorcontext,org.odpi.openmetadata.frameworks.openmetadata.fileclassifier,17,6,17.0,33.08047253394032
org.odpi.openmetadata.frameworks.opengovernance,org.odpi.openmetadata.frameworks.opengovernance.connectorcontext,17,6,17.0,33.08047253394032
org.odpi.openmetadata.frameworks.integration.contextmanager,org.odpi.openmetadata.frameworks.integration.context,17,6,17.0,33.08047253394032
org.odpi.openmetadata.frameworks.openmetadata.properties.contextevents,org.odpi.openmetadata.frameworks.openmetadata.types,30,2,30.0,32.95836866004329
org.odpi.openmetadata.adapters.connectors.governanceactions.provisioning,org.odpi.openmetadata.frameworks.openmetadata.ffdc,30,2,30.0,32.95836866004329
org.odpi.openmetadata.viewservices.glossarymanager.server,org.odpi.openmetadata.frameworks.openmetadata.properties.glossaries,30,2,30.0,32.95836866004329
org.odpi.openmetadata.adapters.repositoryservices.postgres.repositoryconnector,org.odpi.openmetadata.repositoryservices.connectors.stores.metadatacollectionstore.properties.search,30,2,30.0,32.95836866004329
org.odpi.openmetadata.adapters.connectors.integration.jdbc.transfer.requests,org.odpi.openmetadata.frameworks.openmetadata.properties.assets.databases,30,2,30.0,32.95836866004329
org.odpi.openmetadata.repositoryservices.metadatahighway,org.odpi.openmetadata.repositoryservices.auditlog,30,2,30.0,32.95836866004329
org.odpi.openmetadata.samples.governanceactions.clinicaltrials,org.odpi.openmetadata.frameworks.auditlog.messagesets,30,2,30.0,32.95836866004329
org.odpi.openmetadata.viewservices.solutionarchitect.server,org.odpi.openmetadata.frameworks.openmetadata.ffdc,30,2,30.0,32.95836866004329
org.odpi.openmetadata.adapters.connectors.organizationinsight.karmapoints,org.odpi.openmetadata.adapters.connectors.organizationinsight.ffdc,30,2,30.0,32.95836866004329
org.odpi.openmetadata.frameworks.connectors.controls,org.odpi.openmetadata.frameworks.openmetadata.types,30,2,30.0,32.95836866004329
org.odpi.openmetadata.accessservices.assetmanager.fvt.dataassets,org.odpi.openmetadata.frameworks.openmetadata.types,30,2,30.0,32.95836866004329
org.odpi.openmetadata.repositoryservices.enterprise.connectormanager,org.odpi.openmetadata.repositoryservices.localrepository.repositoryconnector,18,5,18.0,32.25167044610499
org.odpi.openmetadata.platformservices.server,org.odpi.openmetadata.frameworks.connectors.properties.beans,18,5,18.0,32.25167044610499
org.odpi.openmetadata.samples.archiveutilities.cloudinformationmodel,org.odpi.openmetadata.repositoryservices.connectors.stores.archivestore.properties,18,5,18.0,32.25167044610499
org.odpi.openmetadata.frameworks.opengovernance.client,org.odpi.openmetadata.frameworks.openmetadata.search,18,5,18.0,32.25167044610499
org.odpi.openmetadata.engineservices.repositorygovernance.connector,org.odpi.openmetadata.frameworks.connectors,18,5,18.0,32.25167044610499
org.odpi.openmetadata.accessservices.assetconsumer.samples.assetlookup,org.odpi.openmetadata.frameworks.openmetadata.metadataelements,18,5,18.0,32.25167044610499
org.odpi.openmetadata.frameworks.openmetadata.client,org.odpi.openmetadata.frameworks.openmetadata.converters,18,5,18.0,32.25167044610499
org.odpi.openmetadata.adapters.connectors.integration.csvlineageimporter,org.odpi.openmetadata.frameworks.connectors,18,5,18.0,32.25167044610499
org.odpi.openmetadata.governanceservers.enginehostservices.threads,org.odpi.openmetadata.governanceservers.enginehostservices.enginemap,18,5,18.0,32.25167044610499
org.odpi.openmetadata.frameworkservices.gaf.outtopic,org.odpi.openmetadata.frameworkservices.gaf.connectors.outtopic,18,5,18.0,32.25167044610499
org.odpi.openmetadata.samples.archiveutilities,org.odpi.openmetadata.frameworks.integration.connectors,18,5,18.0,32.25167044610499
org.odpi.openmetadata.frameworkservices.gaf.admin,org.odpi.openmetadata.frameworkservices.gaf.outtopic,18,5,18.0,32.25167044610499
org.odpi.openmetadata.frameworkservices.omf.admin,org.odpi.openmetadata.frameworkservices.omf.outtopic,18,5,18.0,32.25167044610499
org.odpi.openmetadata.accessservices.datamanager.fvt.databases,org.odpi.openmetadata.frameworks.auditlog,18,5,18.0,32.25167044610499
org.odpi.openmetadata.accessservices.communityprofile.fvt.profiles,org.odpi.openmetadata.frameworks.auditlog,18,5,18.0,32.25167044610499
org.odpi.openmetadata.adapters.connectors.egeriainfrastructure.properties,org.odpi.openmetadata.repositoryservices.connectors.stores.cohortregistrystore.properties,18,5,18.0,32.25167044610499
org.odpi.openmetadata.samples.archiveutilities.types,org.odpi.openmetadata.repositoryservices.connectors.stores.archivestore.properties,18,5,18.0,32.25167044610499
org.odpi.openmetadata.frameworks.opengovernance.handlers,org.odpi.openmetadata.frameworks.opengovernance.client,18,5,18.0,32.25167044610499
org.odpi.openmetadata.governanceservers.enginehostservices.admin,org.odpi.openmetadata.adminservices.configuration.properties,18,5,18.0,32.25167044610499
org.odpi.openmetadata.adapters.connectors.jacquard,org.odpi.openmetadata.adapters.connectors.jacquard.tabulardatasets.validmetadatavalues,18,5,18.0,32.25167044610499
org.odpi.openmetadata.frameworks.opensurvey,org.odpi.openmetadata.frameworks.connectors.client,18,5,18.0,32.25167044610499
org.odpi.openmetadata.accessservices.samples.assetsetup,org.odpi.openmetadata.frameworks.openmetadata.handlers,18,5,18.0,32.25167044610499
org.odpi.openmetadata.repositoryservices.localrepository.repositorycontentmanager,org.odpi.openmetadata.repositoryservices.eventmanagement,18,5,18.0,32.25167044610499
org.odpi.openmetadata.frameworkservices.omf.outtopic,org.odpi.openmetadata.frameworkservices.omf.connectors.outtopic,18,5,18.0,32.25167044610499
org.odpi.openmetadata.frameworkservices.omf.client,org.odpi.openmetadata.frameworkservices.ocf.metadatamanagement.client,18,5,18.0,32.25167044610499
org.odpi.openmetadata.adapters.connectors.jacquard,org.odpi.openmetadata.adapters.connectors.jacquard.tabulardatasets.referencedata,18,5,18.0,32.25167044610499
org.odpi.openmetadata.archiveutilities.bigglossaries.catalogcontent,org.odpi.openmetadata.repositoryservices.connectors.stores.archivestore.properties,18,5,18.0,32.25167044610499
org.odpi.openmetadata.archiveutilities.bigglossaries.catalogcontent,org.odpi.openmetadata.repositoryservices.archiveutilities,18,5,18.0,32.25167044610499
org.odpi.openmetadata.accessservices.assetmanager.fvt.connections,org.odpi.openmetadata.frameworks.auditlog,18,5,18.0,32.25167044610499
org.odpi.openmetadata.governanceservers.integrationdaemonservices.handlers,org.odpi.openmetadata.frameworks.auditlog.requestid,20,4,20.0,32.18875824868201
org.odpi.openmetadata.adapters.connectors.subscriptions,org.odpi.openmetadata.frameworks.connectors.ffdc,20,4,20.0,32.18875824868201
org.odpi.openmetadata.adapters.connectors.subscriptions,org.odpi.openmetadata.frameworks.openmetadata.properties.resources,20,4,20.0,32.18875824868201
org.odpi.openmetadata.platformchassis.springboot,org.odpi.openmetadata.serveroperations.server,20,4,20.0,32.18875824868201
org.odpi.openmetadata.adapters.repositoryservices.postgres.repositoryconnector.database,org.odpi.openmetadata.repositoryservices.connectors.stores.metadatacollectionstore.repositoryconnector,20,4,20.0,32.18875824868201
org.odpi.openmetadata.adapters.connectors.jacquard,org.odpi.openmetadata.frameworks.openmetadata.properties.glossaries,20,4,20.0,32.18875824868201
org.odpi.openmetadata.adapters.connectors.egeriainfrastructure.platform.catalog,org.odpi.openmetadata.frameworks.openmetadata.properties.assets,20,4,20.0,32.18875824868201
org.odpi.openmetadata.adapters.connectors.jacquard,org.odpi.openmetadata.frameworks.openmetadata.properties.resources,20,4,20.0,32.18875824868201
org.odpi.openmetadata.frameworks.openmetadata.converters,org.odpi.openmetadata.frameworks.openmetadata.properties.assets.analytics,20,4,20.0,32.18875824868201
org.odpi.openmetadata.adapters.connectors.apacheatlas.integration,org.odpi.openmetadata.frameworks.openmetadata.events,20,4,20.0,32.18875824868201
org.odpi.openmetadata.governanceservers.enginehostservices.admin,org.odpi.openmetadata.frameworks.auditlog.requestid,20,4,20.0,32.18875824868201
org.odpi.openmetadata.adapters.connectors.governanceactions.watchdog,org.odpi.openmetadata.frameworks.opengovernance.properties,20,4,20.0,32.18875824868201
org.odpi.openmetadata.frameworkservices.gaf.handlers,org.odpi.openmetadata.repositoryservices.connectors.stores.metadatacollectionstore.repositoryconnector,20,4,20.0,32.18875824868201
org.odpi.openmetadata.repositoryservices.archivemanager,org.odpi.openmetadata.opentypes,20,4,20.0,32.18875824868201
org.odpi.openmetadata.viewservices.subjectarea.server.spring,org.odpi.openmetadata.viewservices.subjectarea.server,20,4,20.0,32.18875824868201
org.odpi.openmetadata.accessservices.samples.assetsetup,org.odpi.openmetadata.frameworks.openmetadata.search,20,4,20.0,32.18875824868201
org.odpi.openmetadata.governanceservers.enginehostservices.client.rest,org.odpi.openmetadata.governanceservers.enginehostservices.rest,20,4,20.0,32.18875824868201
org.odpi.openmetadata.samples.governanceactions.clinicaltrials,org.odpi.openmetadata.frameworks.openmetadata.properties.contextevents,20,4,20.0,32.18875824868201
org.odpi.openmetadata.frameworks.opengovernance,org.odpi.openmetadata.frameworks.openmetadata.properties,23,3,23.0,31.884770305757485
org.odpi.openmetadata.adapters.connectors.reports.surveyreport,org.odpi.openmetadata.adapters.connectors.reports,23,3,23.0,31.884770305757485
org.odpi.openmetadata.platformservices.server.spring,org.odpi.openmetadata.serveroperations.rest,23,3,23.0,31.884770305757485
org.odpi.openmetadata.viewservices.collectionmanager.server,org.odpi.openmetadata.frameworks.openmetadata.search,23,3,23.0,31.884770305757485
org.odpi.openmetadata.adapters.connectors.postgres.survey,org.odpi.openmetadata.adapters.connectors.postgres.controls,23,3,23.0,31.884770305757485
org.odpi.openmetadata.frameworks.openmetadata.properties,org.odpi.openmetadata.frameworks.openmetadata.properties.actors,29,2,29.0,31.859756371375184
org.odpi.openmetadata.adapters.connectors.resource.jdbc.controls,org.odpi.openmetadata.frameworks.openmetadata.types,29,2,29.0,31.859756371375184
org.odpi.openmetadata.adapters.connectors.integration.jdbc,org.odpi.openmetadata.adapters.connectors.integration.jdbc.ffdc,29,2,29.0,31.859756371375184
org.odpi.openmetadata.adapters.connectors.surveyaction.surveyfolder,org.odpi.openmetadata.adapters.connectors.surveyaction.ffdc,29,2,29.0,31.859756371375184
org.odpi.openmetadata.repositoryservices.rest.server,org.odpi.openmetadata.repositoryservices.ffdc,29,2,29.0,31.859756371375184
org.odpi.openmetadata.adapters.connectors.jacquard.solutionblueprint,org.odpi.openmetadata.frameworks.openmetadata.types,29,2,29.0,31.859756371375184
org.odpi.openmetadata.accessservices.communityprofile.fvt.todos,org.odpi.openmetadata.frameworks.openmetadata.types,29,2,29.0,31.859756371375184
org.odpi.openmetadata.frameworkservices.gaf.converters,org.odpi.openmetadata.frameworks.openmetadata.ffdc,29,2,29.0,31.859756371375184
org.odpi.openmetadata.adapters.repositoryservices.auditlogstore.eventtopic,org.odpi.openmetadata.repositoryservices.connectors.openmetadatatopic,16,6,16.0,31.13456238488501
org.odpi.openmetadata.repositoryservices.connectors.openmetadatatopic,org.odpi.openmetadata.repositoryservices.ffdc,28,2,28.0,30.761144082707073
org.odpi.openmetadata.frameworks.openmetadata.properties.communities,org.odpi.openmetadata.frameworks.openmetadata.types,28,2,28.0,30.761144082707073
org.odpi.openmetadata.frameworkservices.omf.server,org.odpi.openmetadata.frameworks.openmetadata.ffdc,28,2,28.0,30.761144082707073
org.odpi.openmetadata.frameworks.openmetadata.properties.assets.databases,org.odpi.openmetadata.frameworks.openmetadata.types,28,2,28.0,30.761144082707073
org.odpi.openmetadata.frameworks.openmetadata.connectorcontext,org.odpi.openmetadata.frameworks.openmetadata.properties.contextevents,28,2,28.0,30.761144082707073
org.odpi.openmetadata.adapters.connectors.babbage,org.odpi.openmetadata.adapters.connectors.babbage.ffdc,28,2,28.0,30.761144082707073
org.odpi.openmetadata.repositoryservices.enterprise.repositoryconnector.executors,org.odpi.openmetadata.repositoryservices.enterprise.repositoryconnector,28,2,28.0,30.761144082707073
org.odpi.openmetadata.adapters.connectors.unitycatalog.provision,org.odpi.openmetadata.frameworks.connectors.ffdc,19,4,19.0,30.579320336247907
org.odpi.openmetadata.repositoryservices.connectors.omrstopic,org.odpi.openmetadata.repositoryservices.events.beans.v2,19,4,19.0,30.579320336247907
org.odpi.openmetadata.engineservices.governanceaction.handlers,org.odpi.openmetadata.frameworks.openmetadata.client,19,4,19.0,30.579320336247907
org.odpi.openmetadata.accessservices.communityprofile.fvt.errorhandling,org.odpi.openmetadata.frameworks.openmetadata.properties.communities,19,4,19.0,30.579320336247907
org.odpi.openmetadata.engineservices.governanceaction.handlers,org.odpi.openmetadata.frameworks.connectors.client,19,4,19.0,30.579320336247907
org.odpi.openmetadata.repositoryservices.rest.services,org.odpi.openmetadata.repositoryservices.connectors.stores.metadatacollectionstore,19,4,19.0,30.579320336247907
org.odpi.openmetadata.repositoryservices.metadatahighway,org.odpi.openmetadata.repositoryservices.connectors.stores.cohortregistrystore.properties,19,4,19.0,30.579320336247907
org.odpi.openmetadata.repositoryservices.connectors.omrstopic,org.odpi.openmetadata.frameworks.connectors.properties.beans,22,3,22.0,30.498475944637594
org.odpi.openmetadata.repositoryservices.connectors.omrstopic,org.odpi.openmetadata.repositoryservices.ffdc.exception,22,3,22.0,30.498475944637594
org.odpi.openmetadata.frameworkservices.omf.client,org.odpi.openmetadata.frameworks.auditlog,22,3,22.0,30.498475944637594
org.odpi.openmetadata.contentpacks.core,org.odpi.openmetadata.contentpacks.core.base,44,1,44.0,30.498475944637594
org.odpi.openmetadata.adapters.connectors.egeriainfrastructure.platform.catalog,org.odpi.openmetadata.frameworks.integration.context,44,1,44.0,30.498475944637594
org.odpi.openmetadata.frameworks.openmetadata.types,org.odpi.openmetadata.frameworks.openmetadata.properties.surveyreports,44,1,44.0,30.498475944637594
org.odpi.openmetadata.adapters.connectors.integration.jdbc.transfer.requests,org.odpi.openmetadata.frameworks.openmetadata.properties,44,1,44.0,30.498475944637594
org.odpi.openmetadata.adapters.connectors.jacquard.tabulardatasets.validmetadatavalues,org.odpi.openmetadata.frameworks.connectors,22,3,22.0,30.498475944637594
org.odpi.openmetadata.frameworkservices.gaf.handlers,org.odpi.openmetadata.repositoryservices.connectors.stores.metadatacollectionstore.utilities,44,1,44.0,30.498475944637594
org.odpi.openmetadata.contentpacks.core.core,org.odpi.openmetadata.frameworks.openmetadata.mapper,22,3,22.0,30.498475944637594
org.odpi.openmetadata.conformance.tests.repository.instances,org.odpi.openmetadata.frameworks.auditlog,44,1,44.0,30.498475944637594
org.odpi.openmetadata.commonservices.multitenant.ffdc.exceptions,org.odpi.openmetadata.commonservices.ffdc.exceptions,22,3,22.0,30.498475944637594
org.odpi.openmetadata.frameworkservices.gaf.admin,org.odpi.openmetadata.frameworks.connectors.properties.beans,22,3,22.0,30.498475944637594
org.odpi.openmetadata.repositoryservices.connectors.stores.metadatacollectionstore.repositoryconnector,org.odpi.openmetadata.repositoryservices.connectors.stores.metadatacollectionstore.properties.search,22,3,22.0,30.498475944637594
org.odpi.openmetadata.adapters.connectors.apacheatlas.integration,org.odpi.openmetadata.frameworks.openmetadata.properties,22,3,22.0,30.498475944637594
org.odpi.openmetadata.frameworkservices.gaf.client.rest,org.odpi.openmetadata.commonservices.ffdc,44,1,44.0,30.498475944637594
org.odpi.openmetadata.conformance.workbenches.repository,org.odpi.openmetadata.repositoryservices.connectors.stores.metadatacollectionstore.properties.instances,22,3,22.0,30.498475944637594
org.odpi.openmetadata.adapters.connectors.postgres.catalog,org.odpi.openmetadata.frameworks.integration.properties,22,3,22.0,30.498475944637594
org.odpi.openmetadata.frameworks.openmetadata.properties.assets.processes.actions,org.odpi.openmetadata.frameworks.openmetadata.enums,17,5,17.0,30.459910976876934
org.odpi.openmetadata.serveroperations.server,org.odpi.openmetadata.repositoryservices.connectors.stores.archivestore.properties,17,5,17.0,30.459910976876934
org.odpi.openmetadata.frameworks.openmetadata.metadataelements,org.odpi.openmetadata.frameworks.openmetadata.refdata,17,5,17.0,30.459910976876934
org.odpi.openmetadata.frameworks.openwatchdog,org.odpi.openmetadata.frameworks.openmetadata.refdata,17,5,17.0,30.459910976876934
org.odpi.openmetadata.conformance.server,org.odpi.openmetadata.frameworks.auditlog,17,5,17.0,30.459910976876934
org.odpi.openmetadata.governanceservers.enginehostservices.enginemap,org.odpi.openmetadata.frameworks.openmetadata.events,17,5,17.0,30.459910976876934
org.odpi.openmetadata.frameworks.openmetadata.properties.softwarecapabilities,org.odpi.openmetadata.frameworks.openmetadata.enums,17,5,17.0,30.459910976876934
org.odpi.openmetadata.governanceservers.enginehostservices.enginemap,org.odpi.openmetadata.governanceservers.enginehostservices.threads,17,5,17.0,30.459910976876934
org.odpi.openmetadata.adapters.connectors.postgres.catalog,org.odpi.openmetadata.adapters.connectors.resource.jdbc,17,5,17.0,30.459910976876934
org.odpi.openmetadata.frameworks.openmetadata.properties.surveyreports,org.odpi.openmetadata.frameworks.openmetadata.enums,17,5,17.0,30.459910976876934
org.odpi.openmetadata.repositoryservices.connectors.openmetadatatopic,org.odpi.openmetadata.repositoryservices.events.future,17,5,17.0,30.459910976876934
org.odpi.openmetadata.frameworks.openmetadata.properties,org.odpi.openmetadata.frameworks.openmetadata.properties.security,27,2,27.0,29.662531794038966
org.odpi.openmetadata.frameworks.openmetadata.properties.schema.databases,org.odpi.openmetadata.frameworks.openmetadata.types,27,2,27.0,29.662531794038966
org.odpi.openmetadata.viewservices.referencedata.server,org.odpi.openmetadata.frameworks.openmetadata.properties.validvalues,27,2,27.0,29.662531794038966
org.odpi.openmetadata.frameworks.openmetadata.fileclassifier,org.odpi.openmetadata.frameworks.openmetadata.ffdc,27,2,27.0,29.662531794038966
org.odpi.openmetadata.frameworks.connectors.tabulardatasets,org.odpi.openmetadata.frameworks.connectors.ffdc,27,2,27.0,29.662531794038966
org.odpi.openmetadata.adapters.connectors.governanceactions.watchdog,org.odpi.openmetadata.frameworks.openmetadata.types,27,2,27.0,29.662531794038966
org.odpi.openmetadata.adapters.connectors.integration.jdbc.transfer,org.odpi.openmetadata.adapters.connectors.integration.jdbc.ffdc,27,2,27.0,29.662531794038966
org.odpi.openmetadata.adapters.connectors.integration.openapis,org.odpi.openmetadata.frameworks.openmetadata.properties.schema.apis,15,6,15.0,29.1886522358297
org.odpi.openmetadata.adapters.connectors.datastore.csvfile,org.odpi.openmetadata.frameworks.connectors.controls,21,3,21.0,29.112181583517703
org.odpi.openmetadata.conformance.tests.platform,org.odpi.openmetadata.frameworks.auditlog,21,3,21.0,29.112181583517703
org.odpi.openmetadata.adapters.connectors.unitycatalog.resource,org.odpi.openmetadata.frameworks.connectors.properties.beans,21,3,21.0,29.112181583517703
org.odpi.openmetadata.conformance.tests.repository,org.odpi.openmetadata.frameworks.auditlog,21,3,21.0,29.112181583517703
org.odpi.openmetadata.adapters.connectors.governanceactions.stewardship,org.odpi.openmetadata.frameworks.connectors.controls,21,3,21.0,29.112181583517703
org.odpi.openmetadata.adapters.connectors.integration.openapis,org.odpi.openmetadata.frameworks.connectors,21,3,21.0,29.112181583517703
org.odpi.openmetadata.adapters.connectors.apachekafka.resource,org.odpi.openmetadata.frameworks.connectors.properties.beans,21,3,21.0,29.112181583517703
org.odpi.openmetadata.commonservices.ffdc.rest,org.odpi.openmetadata.adapters.connectors.restclients.spring,21,3,21.0,29.112181583517703
org.odpi.openmetadata.frameworkservices.gaf.server,org.odpi.openmetadata.frameworks.openmetadata.enums,21,3,21.0,29.112181583517703
org.odpi.openmetadata.adapters.connectors.integration.openapis,org.odpi.openmetadata.adapters.connectors.restclients.spring,21,3,21.0,29.112181583517703
org.odpi.openmetadata.governanceservers.enginehostservices.threads,org.odpi.openmetadata.governanceservers.enginehostservices.admin,21,3,21.0,29.112181583517703
org.odpi.openmetadata.accessservices.assetmanager.fvt.glossaries,org.odpi.openmetadata.frameworks.openmetadata.enums,21,3,21.0,29.112181583517703
org.odpi.openmetadata.reports.componentid,org.odpi.openmetadata.adminservices.configuration.registration,21,3,21.0,29.112181583517703
org.odpi.openmetadata.governanceservers.enginehostservices.client.rest,org.odpi.openmetadata.commonservices.ffdc.rest,18,4,18.0,28.969882423813804
org.odpi.openmetadata.viewservices.assetcatalog.admin,org.odpi.openmetadata.adminservices.registration,18,4,18.0,28.969882423813804
org.odpi.openmetadata.repositoryservices.localrepository.repositoryconnector,org.odpi.openmetadata.frameworks.connectors.ffdc,18,4,18.0,28.969882423813804
org.odpi.openmetadata.viewservices.subjectarea.server,org.odpi.openmetadata.tokencontroller,18,4,18.0,28.969882423813804
org.odpi.openmetadata.adapters.connectors.reports.ffdc,org.odpi.openmetadata.frameworks.auditlog,18,4,18.0,28.969882423813804
org.odpi.openmetadata.adapters.repositoryservices.archiveconnector.file.ffdc,org.odpi.openmetadata.frameworks.auditlog,18,4,18.0,28.969882423813804
org.odpi.openmetadata.adapters.repositoryservices.archiveconnector.directory.ffdc,org.odpi.openmetadata.frameworks.auditlog,18,4,18.0,28.969882423813804
org.odpi.openmetadata.adapters.connectors.externalharvesters.harvestopenmetadata,org.odpi.openmetadata.frameworks.connectors,18,4,18.0,28.969882423813804
org.odpi.openmetadata.conformance.workbenches.platform,org.odpi.openmetadata.conformance.workbenches,18,4,18.0,28.969882423813804
org.odpi.openmetadata.adapters.adminservices.configurationstore.file,org.odpi.openmetadata.frameworks.openmetadata.ffdc,18,4,18.0,28.969882423813804
org.odpi.openmetadata.frameworks.integration.iterator,org.odpi.openmetadata.frameworks.integration.context,18,4,18.0,28.969882423813804
org.odpi.openmetadata.commonservices.multitenant.ffdc,org.odpi.openmetadata.frameworks.auditlog,18,4,18.0,28.969882423813804
org.odpi.openmetadata.repositoryservices.enterprise.repositoryconnector,org.odpi.openmetadata.frameworks.connectors.ffdc,18,4,18.0,28.969882423813804
org.odpi.openmetadata.adapters.connectors.integration.jdbc,org.odpi.openmetadata.adapters.connectors.resource.jdbc,16,5,16.0,28.66815150764888
org.odpi.openmetadata.frameworks.openmetadata.handlers,org.odpi.openmetadata.frameworks.openmetadata.properties.assets.processes,16,5,16.0,28.66815150764888
org.odpi.openmetadata.adapters.connectors.dynamicarchivers,org.odpi.openmetadata.repositoryservices.archiveutilities,16,5,16.0,28.66815150764888
org.odpi.openmetadata.commonservices.ffdc.exceptions,org.odpi.openmetadata.frameworks.auditlog.messagesets,26,2,26.0,28.563919505370855
org.odpi.openmetadata.adapters.connectors.unitycatalog.provision,org.odpi.openmetadata.adapters.connectors.unitycatalog.ffdc,26,2,26.0,28.563919505370855
org.odpi.openmetadata.conformance.server,org.odpi.openmetadata.conformance.ffdc,26,2,26.0,28.563919505370855
org.odpi.openmetadata.conformance.beans,org.odpi.openmetadata.conformance.ffdc,26,2,26.0,28.563919505370855
org.odpi.openmetadata.adapters.connectors.datastore.basicfile.ffdc.exception,org.odpi.openmetadata.frameworks.auditlog.messagesets,26,2,26.0,28.563919505370855
org.odpi.openmetadata.adapters.connectors.baudot,org.odpi.openmetadata.adapters.connectors.governanceactions.ffdc,26,2,26.0,28.563919505370855
org.odpi.openmetadata.adapters.connectors.integration.basicfiles.ffdc.exception,org.odpi.openmetadata.frameworks.auditlog.messagesets,26,2,26.0,28.563919505370855
org.odpi.openmetadata.frameworkservices.omf.handlers,org.odpi.openmetadata.repositoryservices.connectors.stores.metadatacollectionstore.properties,26,2,26.0,28.563919505370855
org.odpi.openmetadata.adapters.connectors.apachekafka.integration,org.odpi.openmetadata.adapters.connectors.apachekafka.integration.ffdc,26,2,26.0,28.563919505370855
org.odpi.openmetadata.contentpacks.core.apis,org.odpi.openmetadata.samples.archiveutilities,26,2,26.0,28.563919505370855
org.odpi.openmetadata.viewservices.governanceofficer.server,org.odpi.openmetadata.frameworks.openmetadata.properties.governance,26,2,26.0,28.563919505370855
org.odpi.openmetadata.repositoryservices.connectors.omrstopic,org.odpi.openmetadata.repositoryservices.auditlog,26,2,26.0,28.563919505370855
org.odpi.openmetadata.metadatasecurity.accessconnector,org.odpi.openmetadata.frameworks.openmetadata.types,26,2,26.0,28.563919505370855
org.odpi.openmetadata.contentpacks.core.files,org.odpi.openmetadata.frameworks.opensurvey.controls,20,3,20.0,27.725887222397812
org.odpi.openmetadata.adapters.connectors.reports.surveyreport,org.odpi.openmetadata.frameworks.openmetadata.metadataelements,40,1,40.0,27.725887222397812
org.odpi.openmetadata.viewservices.actormanager.admin,org.odpi.openmetadata.adminservices.configuration.properties,20,3,20.0,27.725887222397812
org.odpi.openmetadata.adapters.connectors.postgres.catalog,org.odpi.openmetadata.frameworks.integration.context,20,3,20.0,27.725887222397812
org.odpi.openmetadata.adapters.connectors.postgres.tabulardatasource,org.odpi.openmetadata.adapters.connectors.resource.jdbc.properties,20,3,20.0,27.725887222397812
org.odpi.openmetadata.adapters.connectors.integration.kafkaaudit,org.odpi.openmetadata.frameworks.auditlog,20,3,20.0,27.725887222397812
org.odpi.openmetadata.viewservices.multilanguage.admin,org.odpi.openmetadata.adminservices.configuration.properties,20,3,20.0,27.725887222397812
org.odpi.openmetadata.frameworks.openmetadata.types,org.odpi.openmetadata.frameworks.openmetadata.properties.datadictionaries,40,1,40.0,27.725887222397812
org.odpi.openmetadata.frameworkservices.omf.connectors.outtopic,org.odpi.openmetadata.frameworks.connectors,20,3,20.0,27.725887222397812
org.odpi.openmetadata.repositoryservices.connectors.stores.archivestore,org.odpi.openmetadata.repositoryservices.connectors.stores.archivestore.properties,20,3,20.0,27.725887222397812
org.odpi.openmetadata.viewservices.metadataexpert.admin,org.odpi.openmetadata.adminservices.configuration.properties,20,3,20.0,27.725887222397812
org.odpi.openmetadata.viewservices.classificationexplorer.admin,org.odpi.openmetadata.adminservices.configuration.properties,20,3,20.0,27.725887222397812
org.odpi.openmetadata.viewservices.automatedcuration.properties,org.odpi.openmetadata.frameworks.openmetadata.properties.resources,20,3,20.0,27.725887222397812
org.odpi.openmetadata.viewservices.automatedcuration.properties,org.odpi.openmetadata.frameworks.openmetadata.properties.templates,20,3,20.0,27.725887222397812
org.odpi.openmetadata.adapters.connectors.integration.kafkaaudit,org.odpi.openmetadata.frameworks.opengovernance.properties,20,3,20.0,27.725887222397812
org.odpi.openmetadata.viewservices.assetmaker.admin,org.odpi.openmetadata.adminservices.configuration.properties,20,3,20.0,27.725887222397812
org.odpi.openmetadata.viewservices.feedbackmanager.admin,org.odpi.openmetadata.adminservices.configuration.properties,20,3,20.0,27.725887222397812
org.odpi.openmetadata.governanceservers.integrationdaemonservices.listener,org.odpi.openmetadata.frameworks.openmetadata.metadataelements,20,3,20.0,27.725887222397812
org.odpi.openmetadata.repositoryservices.localrepository.repositorycontentmanager,org.odpi.openmetadata.repositoryservices.connectors.stores.metadatacollectionstore.repositoryconnector,20,3,20.0,27.725887222397812
org.odpi.openmetadata.viewservices.governanceofficer.admin,org.odpi.openmetadata.adminservices.configuration.properties,20,3,20.0,27.725887222397812
org.odpi.openmetadata.adapters.connectors.apacheatlas.integration.modules,org.odpi.openmetadata.frameworks.openmetadata.events,20,3,20.0,27.725887222397812
org.odpi.openmetadata.viewservices.collectionmanager.admin,org.odpi.openmetadata.adminservices.configuration.properties,20,3,20.0,27.725887222397812
org.odpi.openmetadata.adapters.connectors.postgres.catalog,org.odpi.openmetadata.frameworks.opengovernance.properties,20,3,20.0,27.725887222397812
org.odpi.openmetadata.viewservices.timekeeper.admin,org.odpi.openmetadata.adminservices.configuration.properties,20,3,20.0,27.725887222397812
org.odpi.openmetadata.frameworks.opengovernance.handlers,org.odpi.openmetadata.frameworks.auditlog,20,3,20.0,27.725887222397812
org.odpi.openmetadata.adapters.connectors.egeriainfrastructure.control,org.odpi.openmetadata.frameworks.connectors,40,1,40.0,27.725887222397812
org.odpi.openmetadata.adapters.connectors.apacheatlas.survey,org.odpi.openmetadata.frameworks.openmetadata.properties,40,1,40.0,27.725887222397812
org.odpi.openmetadata.viewservices.validmetadata.admin,org.odpi.openmetadata.adminservices.configuration.properties,20,3,20.0,27.725887222397812
org.odpi.openmetadata.adapters.connectors.integration.jdbc,org.odpi.openmetadata.frameworks.openmetadata.metadataelements,20,3,20.0,27.725887222397812
org.odpi.openmetadata.viewservices.externallinks.admin,org.odpi.openmetadata.adminservices.configuration.properties,20,3,20.0,27.725887222397812
org.odpi.openmetadata.adapters.connectors.egeriainfrastructure.control,org.odpi.openmetadata.frameworks.connectors.properties.beans,40,1,40.0,27.725887222397812
org.odpi.openmetadata.viewservices.connectionmaker.admin,org.odpi.openmetadata.adminservices.configuration.properties,20,3,20.0,27.725887222397812
org.odpi.openmetadata.accessservices.assetmanager.fvt.glossaries,org.odpi.openmetadata.frameworks.openmetadata.properties,40,1,40.0,27.725887222397812
org.odpi.openmetadata.platformservices.client,org.odpi.openmetadata.platformservices.properties,20,3,20.0,27.725887222397812
org.odpi.openmetadata.viewservices.lineagelinker.admin,org.odpi.openmetadata.adminservices.configuration.properties,20,3,20.0,27.725887222397812
org.odpi.openmetadata.frameworkservices.gaf.connectors.outtopic,org.odpi.openmetadata.frameworks.connectors,20,3,20.0,27.725887222397812
org.odpi.openmetadata.viewservices.automatedcuration.admin,org.odpi.openmetadata.adminservices.configuration.properties,20,3,20.0,27.725887222397812
org.odpi.openmetadata.viewservices.schemamaker.admin,org.odpi.openmetadata.adminservices.configuration.properties,20,3,20.0,27.725887222397812
org.odpi.openmetadata.adapters.connectors.integration.jdbc,org.odpi.openmetadata.adapters.connectors.integration.jdbc.controls,20,3,20.0,27.725887222397812
org.odpi.openmetadata.adapters.connectors.babbage,org.odpi.openmetadata.frameworks.auditlog,20,3,20.0,27.725887222397812
org.odpi.openmetadata.frameworks.integration.connectors,org.odpi.openmetadata.frameworks.openmetadata.events,20,3,20.0,27.725887222397812
org.odpi.openmetadata.frameworks.opengovernance.handlers,org.odpi.openmetadata.frameworks.openmetadata.client,20,3,20.0,27.725887222397812
org.odpi.openmetadata.adapters.connectors.jacquard.tabulardatasets.validmetadatavalues,org.odpi.openmetadata.adapters.connectors.jacquard.tabulardatasets.controls,25,2,25.0,27.465307216702744
org.odpi.openmetadata.frameworkservices.gaf.converters,org.odpi.openmetadata.repositoryservices.connectors.stores.metadatacollectionstore.properties.typedefs,25,2,25.0,27.465307216702744
org.odpi.openmetadata.archiveutilities.simplecatalogs.catalogcontent,org.odpi.openmetadata.repositoryservices.connectors.stores.metadatacollectionstore.properties.instances,25,2,25.0,27.465307216702744
org.odpi.openmetadata.frameworkservices.gaf.admin,org.odpi.openmetadata.adminservices.configuration.registration,25,2,25.0,27.465307216702744
org.odpi.openmetadata.adapters.connectors.secretsstore.yaml,org.odpi.openmetadata.frameworks.openmetadata.types,25,2,25.0,27.465307216702744
org.odpi.openmetadata.repositoryservices.archivemanager,org.odpi.openmetadata.repositoryservices.ffdc,25,2,25.0,27.465307216702744
org.odpi.openmetadata.accessservices.governanceprogram.samples.subjectareas,org.odpi.openmetadata.frameworks.openmetadata.types,25,2,25.0,27.465307216702744
org.odpi.openmetadata.contentpacks.core.unitycatalog,org.odpi.openmetadata.frameworks.openmetadata.mapper,25,2,25.0,27.465307216702744
org.odpi.openmetadata.viewservices.securityofficer.server,org.odpi.openmetadata.frameworks.connectors,25,2,25.0,27.465307216702744
org.odpi.openmetadata.adapters.repositoryservices,org.odpi.openmetadata.adapters.repositoryservices.postgres.repositoryconnector.controls,25,2,25.0,27.465307216702744
org.odpi.openmetadata.adapters.repositoryservices,org.odpi.openmetadata.repositoryservices.connectors.openmetadatatopic,25,2,25.0,27.465307216702744
org.odpi.openmetadata.contentpacks.core,org.odpi.openmetadata.adapters.connectors.datastore.csvfile.controls,25,2,25.0,27.465307216702744
org.odpi.openmetadata.adapters.connectors.governanceactions.stewardship,org.odpi.openmetadata.frameworks.auditlog.messagesets,25,2,25.0,27.465307216702744
org.odpi.openmetadata.frameworks.openmetadata.properties.assets.apis,org.odpi.openmetadata.frameworks.openmetadata.types,25,2,25.0,27.465307216702744
org.odpi.openmetadata.viewservices.schemamaker.server,org.odpi.openmetadata.frameworks.openmetadata.ffdc,25,2,25.0,27.465307216702744
org.odpi.openmetadata.viewservices.classificationexplorer.server,org.odpi.openmetadata.frameworks.openmetadata.ffdc,25,2,25.0,27.465307216702744
org.odpi.openmetadata.adapters.connectors.integration.openlineage,org.odpi.openmetadata.adapters.connectors,25,2,25.0,27.465307216702744
org.odpi.openmetadata.adapters.connectors.egeriainfrastructure.servers,org.odpi.openmetadata.adapters.connectors,25,2,25.0,27.465307216702744
org.odpi.openmetadata.adapters.connectors.apachekafka.integration,org.odpi.openmetadata.frameworks.openmetadata.controls,25,2,25.0,27.465307216702744
org.odpi.openmetadata.viewservices.automatedcuration.mermaid,org.odpi.openmetadata.frameworks.openmetadata.types,25,2,25.0,27.465307216702744
org.odpi.openmetadata.frameworkservices.omf.admin,org.odpi.openmetadata.adminservices.configuration.registration,25,2,25.0,27.465307216702744
org.odpi.openmetadata.adapters.repositoryservices,org.odpi.openmetadata.adapters.connectors.resource.jdbc.controls,25,2,25.0,27.465307216702744
org.odpi.openmetadata.viewservices.assetmaker.server,org.odpi.openmetadata.frameworks.openmetadata.ffdc,25,2,25.0,27.465307216702744
org.odpi.openmetadata.adapters.connectors.integration.basicfiles,org.odpi.openmetadata.adapters.connectors,25,2,25.0,27.465307216702744
org.odpi.openmetadata.adapters.repositoryservices.postgres.repositoryconnector.controls,org.odpi.openmetadata.frameworks.openmetadata.types,25,2,25.0,27.465307216702744
org.odpi.openmetadata.adapters.connectors.governanceactions.verification,org.odpi.openmetadata.frameworks.connectors.ffdc,17,4,17.0,27.360444511379704
org.odpi.openmetadata.viewservices.subjectarea.server,org.odpi.openmetadata.frameworks.auditlog,17,4,17.0,27.360444511379704
org.odpi.openmetadata.accessservices.governanceprogram.samples.subjectareas,org.odpi.openmetadata.frameworks.openmetadata.metadataelements,17,4,17.0,27.360444511379704
org.odpi.openmetadata.repositoryservices.enterprise.repositoryconnector.control,org.odpi.openmetadata.repositoryservices.connectors.stores.metadatacollectionstore,17,4,17.0,27.360444511379704
org.odpi.openmetadata.viewservices.automatedcuration.server,org.odpi.openmetadata.frameworks.openmetadata.client,17,4,17.0,27.360444511379704
org.odpi.openmetadata.adapters.connectors.unitycatalog.resource,org.odpi.openmetadata.frameworks.connectors.ffdc,17,4,17.0,27.360444511379704
org.odpi.openmetadata.governanceservers.enginehostservices.admin,org.odpi.openmetadata.frameworks.openmetadata.properties.softwarecapabilities,17,4,17.0,27.360444511379704
org.odpi.openmetadata.viewservices.governanceofficer.server,org.odpi.openmetadata.frameworks.openmetadata.client,17,4,17.0,27.360444511379704
org.odpi.openmetadata.adapters.connectors.resource.jdbc,org.odpi.openmetadata.frameworks.connectors.ffdc,17,4,17.0,27.360444511379704
org.odpi.openmetadata.adapters.connectors.egeriainfrastructure.platform,org.odpi.openmetadata.frameworks.connectors.ffdc,17,4,17.0,27.360444511379704
org.odpi.openmetadata.adapters.repositoryservices.archiveconnector.directory,org.odpi.openmetadata.frameworks.connectors.ffdc,17,4,17.0,27.360444511379704
org.odpi.openmetadata.adapters.repositoryservices.archiveconnector.file,org.odpi.openmetadata.frameworks.connectors.properties.beans,17,4,17.0,27.360444511379704
org.odpi.openmetadata.accessservices.communityprofile.fvt.locations,org.odpi.openmetadata.frameworks.auditlog,15,5,15.0,26.876392038420825
org.odpi.openmetadata.accessservices.digitalarchitecture.fvt.locations,org.odpi.openmetadata.frameworks.auditlog,15,5,15.0,26.876392038420825
org.odpi.openmetadata.accessservices.assetowner.fvt.duplicateprocessing,org.odpi.openmetadata.frameworks.auditlog,15,5,15.0,26.876392038420825
org.odpi.openmetadata.accessservices.digitalarchitecture.fvt.errorhandling,org.odpi.openmetadata.frameworks.auditlog,15,5,15.0,26.876392038420825
org.odpi.openmetadata.accessservices.datamanager.fvt.connections,org.odpi.openmetadata.frameworks.auditlog,15,5,15.0,26.876392038420825
org.odpi.openmetadata.accessservices.assetowner.fvt.assets,org.odpi.openmetadata.frameworks.auditlog,15,5,15.0,26.876392038420825
org.odpi.openmetadata.accessservices.digitalarchitecture.fvt.validvalues,org.odpi.openmetadata.frameworks.auditlog,15,5,15.0,26.876392038420825
org.odpi.openmetadata.accessservices.communityprofile.fvt.validvalues,org.odpi.openmetadata.frameworks.auditlog,15,5,15.0,26.876392038420825
org.odpi.openmetadata.accessservices.assetowner.fvt.connections,org.odpi.openmetadata.frameworks.auditlog,15,5,15.0,26.876392038420825
org.odpi.openmetadata.accessservices.digitalarchitecture.fvt.clientconstructors,org.odpi.openmetadata.frameworks.auditlog,15,5,15.0,26.876392038420825
org.odpi.openmetadata.accessservices.datamanager.fvt.validvalues,org.odpi.openmetadata.frameworks.auditlog,15,5,15.0,26.876392038420825
org.odpi.openmetadata.accessservices.governanceserver.fvt.clientconstructors,org.odpi.openmetadata.frameworks.auditlog,15,5,15.0,26.876392038420825
org.odpi.openmetadata.frameworkservices.gaf.connectors.outtopic,org.odpi.openmetadata.frameworks.openmetadata.ffdc,15,5,15.0,26.876392038420825
org.odpi.openmetadata.accessservices.communityprofile.fvt.errorhandling,org.odpi.openmetadata.frameworks.auditlog,15,5,15.0,26.876392038420825
org.odpi.openmetadata.frameworkservices.gaf.client,org.odpi.openmetadata.frameworkservices.gaf.connectors.outtopic,15,5,15.0,26.876392038420825
org.odpi.openmetadata.accessservices.datamanager.fvt.events,org.odpi.openmetadata.frameworks.auditlog,15,5,15.0,26.876392038420825
org.odpi.openmetadata.accessservices.digitalarchitecture.fvt.connections,org.odpi.openmetadata.frameworks.auditlog,15,5,15.0,26.876392038420825
org.odpi.openmetadata.frameworkservices.omf.connectors.outtopic,org.odpi.openmetadata.frameworks.openmetadata.ffdc,15,5,15.0,26.876392038420825
org.odpi.openmetadata.accessservices.communityprofile.fvt.todos,org.odpi.openmetadata.frameworks.auditlog,15,5,15.0,26.876392038420825
org.odpi.openmetadata.accessservices.communityprofile.fvt.metadatasources,org.odpi.openmetadata.frameworks.auditlog,15,5,15.0,26.876392038420825
org.odpi.openmetadata.accessservices.stewardshipaction.fvt.clientconstructors,org.odpi.openmetadata.frameworks.auditlog,15,5,15.0,26.876392038420825
org.odpi.openmetadata.accessservices.assetowner.fvt.errorhandling,org.odpi.openmetadata.frameworks.auditlog,15,5,15.0,26.876392038420825
org.odpi.openmetadata.frameworkservices.omf.client,org.odpi.openmetadata.frameworkservices.omf.connectors.outtopic,15,5,15.0,26.876392038420825
org.odpi.openmetadata.viewservices.datadesigner.server,org.odpi.openmetadata.frameworks.openmetadata.ffdc,24,2,24.0,26.366694928034633
org.odpi.openmetadata.viewservices.datadiscovery.server,org.odpi.openmetadata.frameworks.openmetadata.properties.surveyreports,24,2,24.0,26.366694928034633
org.odpi.openmetadata.adapters.connectors.unitycatalog.survey,org.odpi.openmetadata.frameworks.openmetadata.ffdc,24,2,24.0,26.366694928034633
org.odpi.openmetadata.viewservices.assetcatalog.server.spring,org.odpi.openmetadata.commonservices.ffdc.rest,24,2,24.0,26.366694928034633
org.odpi.openmetadata.adapters.connectors.unitycatalog.survey,org.odpi.openmetadata.adapters.connectors.unitycatalog.ffdc,24,2,24.0,26.366694928034633
org.odpi.openmetadata.viewservices.securityofficer.server,org.odpi.openmetadata.frameworks.openmetadata.ffdc,24,2,24.0,26.366694928034633
org.odpi.openmetadata.viewservices.solutionarchitect.server,org.odpi.openmetadata.frameworks.openmetadata.properties.solutions,24,2,24.0,26.366694928034633
org.odpi.openmetadata.adminservices.spring,org.odpi.openmetadata.frameworks.connectors.properties.beans,24,2,24.0,26.366694928034633
org.odpi.openmetadata.frameworks.opengovernance.client,org.odpi.openmetadata.frameworks.opengovernance.properties,24,2,24.0,26.366694928034633
org.odpi.openmetadata.frameworks.openmetadata.properties,org.odpi.openmetadata.frameworks.openmetadata.properties.projects,24,2,24.0,26.366694928034633
org.odpi.openmetadata.frameworks.openmetadata.properties,org.odpi.openmetadata.frameworks.openmetadata.properties.locations,24,2,24.0,26.366694928034633
org.odpi.openmetadata.repositoryservices.admin,org.odpi.openmetadata.repositoryservices.rest.server,19,3,19.0,26.33959286127792
org.odpi.openmetadata.contentpacks.core.apacheatlas,org.odpi.openmetadata.adapters.connectors.controls,19,3,19.0,26.33959286127792
org.odpi.openmetadata.viewservices.actionauthor.server,org.odpi.openmetadata.frameworks.openmetadata.properties.governance.governanceactions,19,3,19.0,26.33959286127792
org.odpi.openmetadata.viewservices.lineagelinker.server.spring,org.odpi.openmetadata.commonservices.ffdc.rest,19,3,19.0,26.33959286127792
org.odpi.openmetadata.viewservices.securityofficer.server,org.odpi.openmetadata.frameworks.openmetadata.properties.assets,19,3,19.0,26.33959286127792
org.odpi.openmetadata.viewservices.locationarena.server,org.odpi.openmetadata.frameworks.openmetadata.properties.locations,19,3,19.0,26.33959286127792
org.odpi.openmetadata.contentpacks.core.apachekafka,org.odpi.openmetadata.adapters.connectors.controls,19,3,19.0,26.33959286127792
org.odpi.openmetadata.governanceservers.enginehostservices.admin,org.odpi.openmetadata.governanceservers.enginehostservices.registration,19,3,19.0,26.33959286127792
org.odpi.openmetadata.viewservices.externallinks.server,org.odpi.openmetadata.frameworks.openmetadata.properties.externalreferences,19,3,19.0,26.33959286127792
org.odpi.openmetadata.frameworks.openmetadata.types,org.odpi.openmetadata.frameworks.openmetadata.properties.collections,38,1,38.0,26.33959286127792
org.odpi.openmetadata.commonservices.ffdc,org.odpi.openmetadata.repositoryservices.connectors.stores.metadatacollectionstore.repositoryconnector,19,3,19.0,26.33959286127792
org.odpi.openmetadata.frameworkservices.gaf.server,org.odpi.openmetadata.frameworkservices.omf.converters,16,4,16.0,25.751006598945605
org.odpi.openmetadata.adminservices.server,org.odpi.openmetadata.adminservices.classifier,16,4,16.0,25.751006598945605
org.odpi.openmetadata.accessservices.datamanager.fvt.events,org.odpi.openmetadata.frameworks.openmetadata.properties.softwarecapabilities,16,4,16.0,25.751006598945605
org.odpi.openmetadata.adapters.connectors.integration.csvlineageimporter,org.odpi.openmetadata.frameworks.connectors.ffdc,16,4,16.0,25.751006598945605
org.odpi.openmetadata.utilities.serverconfig,org.odpi.openmetadata.platformservices.client,16,4,16.0,25.751006598945605
org.odpi.openmetadata.adapters.connectors.apachekafka.integration,org.odpi.openmetadata.frameworks.openmetadata.properties.assets.infrastructure,16,4,16.0,25.751006598945605
org.odpi.openmetadata.adminservices.server,org.odpi.openmetadata.adminservices.client,16,4,16.0,25.751006598945605
org.odpi.openmetadata.samples.archiveutilities,org.odpi.openmetadata.samples.archiveutilities.types,16,4,16.0,25.751006598945605
org.odpi.openmetadata.repositoryservices.events.beans.v2,org.odpi.openmetadata.repositoryservices.events.beans,16,4,16.0,25.751006598945605
org.odpi.openmetadata.utilities.serverops,org.odpi.openmetadata.adminservices.client,16,4,16.0,25.751006598945605
org.odpi.openmetadata.accessservices.samples.assetsetup,org.odpi.openmetadata.platformservices.client,16,4,16.0,25.751006598945605
org.odpi.openmetadata.samples.archiveutilities.combo,org.odpi.openmetadata.samples.archiveutilities.governanceprogram,16,4,16.0,25.751006598945605
org.odpi.openmetadata.adapters.connectors.egeriainfrastructure.extractor,org.odpi.openmetadata.adminservices.classifier,16,4,16.0,25.751006598945605
org.odpi.openmetadata.repositoryservices.connectors.stores.metadatacollectionstore.repositoryconnector,org.odpi.openmetadata.repositoryservices.connectors.stores.metadatacollectionstore,16,4,16.0,25.751006598945605
org.odpi.openmetadata.samples.archiveutilities.combo,org.odpi.openmetadata.samples.archiveutilities.clinicaltrialtemplates,16,4,16.0,25.751006598945605
org.odpi.openmetadata.repositoryservices.connectors.openmetadatatopic,org.odpi.openmetadata.frameworks.openmetadata.ffdc,16,4,16.0,25.751006598945605
org.odpi.openmetadata.engineservices.watchdogaction.server.spring,org.odpi.openmetadata.engineservices.watchdogaction.server,16,4,16.0,25.751006598945605
org.odpi.openmetadata.accessservices.datamanager.fvt.events,org.odpi.openmetadata.frameworks.openmetadata.properties.schema.events,16,4,16.0,25.751006598945605
org.odpi.openmetadata.frameworks.auditlog,org.odpi.openmetadata.frameworks.auditlog.requestid,16,4,16.0,25.751006598945605
org.odpi.openmetadata.conformance.tests.platform.origin,org.odpi.openmetadata.conformance.tests.platform,16,4,16.0,25.751006598945605
org.odpi.openmetadata.accessservices.assetconsumer.samples.readavrofile,org.odpi.openmetadata.frameworks.connectors,16,4,16.0,25.751006598945605
org.odpi.openmetadata.adapters.connectors.externalharvesters.harvestsurveys,org.odpi.openmetadata.adapters.connectors.resource.jdbc.ddl.postgres,16,4,16.0,25.751006598945605
org.odpi.openmetadata.archiveutilities.bigglossaries,org.odpi.openmetadata.archiveutilities.bigglossaries.catalogcontent,16,4,16.0,25.751006598945605
org.odpi.openmetadata.engineservices.surveyaction.client,org.odpi.openmetadata.commonservices.ffdc,16,4,16.0,25.751006598945605
org.odpi.openmetadata.adapters.connectors.surveyaction.surveycsv,org.odpi.openmetadata.adapters.connectors.surveyaction.extractors,16,4,16.0,25.751006598945605
org.odpi.openmetadata.frameworks.integration.connectors,org.odpi.openmetadata.frameworks.openmetadata.properties.assets.infrastructure,16,4,16.0,25.751006598945605
org.odpi.openmetadata.adapters.connectors.surveyaction.surveyfolder,org.odpi.openmetadata.adapters.connectors.surveyaction.extractors,16,4,16.0,25.751006598945605
org.odpi.openmetadata.archiveutilities.simplecatalogs,org.odpi.openmetadata.repositoryservices.connectors.stores.archivestore.properties,16,4,16.0,25.751006598945605
org.odpi.openmetadata.engineservices.repositorygovernance.server.spring,org.odpi.openmetadata.engineservices.repositorygovernance.server,16,4,16.0,25.751006598945605
org.odpi.openmetadata.platformchassis.springboot,org.odpi.openmetadata.commonservices.multitenant,16,4,16.0,25.751006598945605
org.odpi.openmetadata.frameworks.openwatchdog,org.odpi.openmetadata.frameworks.openmetadata.search,16,4,16.0,25.751006598945605
org.odpi.openmetadata.engineservices.surveyaction.server.spring,org.odpi.openmetadata.engineservices.surveyaction.server,16,4,16.0,25.751006598945605
org.odpi.openmetadata.engineservices.repositorygovernance.client,org.odpi.openmetadata.commonservices.ffdc,16,4,16.0,25.751006598945605
org.odpi.openmetadata.engineservices.watchdogaction.client,org.odpi.openmetadata.commonservices.ffdc,16,4,16.0,25.751006598945605
org.odpi.openmetadata.adapters.connectors.apacheatlas.resource,org.odpi.openmetadata.adapters.connectors.restclients.factory,16,4,16.0,25.751006598945605
org.odpi.openmetadata.test.unittest.utilities,org.odpi.openmetadata.frameworks.auditlog,16,4,16.0,25.751006598945605
org.odpi.openmetadata.accessservices.assetconsumer.samples.readcsvfile,org.odpi.openmetadata.frameworks.connectors,16,4,16.0,25.751006598945605
org.odpi.openmetadata.adapters.repositoryservices.postgres.repositoryconnector,org.odpi.openmetadata.adapters.connectors.resource.jdbc.ddl.postgres,16,4,16.0,25.751006598945605
org.odpi.openmetadata.adapters.connectors.postgres.tabulardatasource,org.odpi.openmetadata.frameworks.openmetadata.search,16,4,16.0,25.751006598945605
org.odpi.openmetadata.samples.archiveutilities.combo,org.odpi.openmetadata.samples.archiveutilities.governanceengines,16,4,16.0,25.751006598945605
org.odpi.openmetadata.adapters.repositoryservices.auditlogstore.postgres,org.odpi.openmetadata.adapters.connectors.resource.jdbc.ddl.postgres,16,4,16.0,25.751006598945605
org.odpi.openmetadata.accessservices.assetconsumer.samples.assetlookup,org.odpi.openmetadata.platformservices.client,16,4,16.0,25.751006598945605
org.odpi.openmetadata.frameworks.opengovernance.handlers,org.odpi.openmetadata.frameworks.openmetadata.properties.security,16,4,16.0,25.751006598945605
org.odpi.openmetadata.adapters.connectors.surveyaction.surveyfile,org.odpi.openmetadata.adapters.connectors.surveyaction.extractors,16,4,16.0,25.751006598945605
org.odpi.openmetadata.adapters.connectors.externalharvesters.harvestopenmetadata,org.odpi.openmetadata.adapters.connectors.resource.jdbc.ddl.postgres,16,4,16.0,25.751006598945605
org.odpi.openmetadata.engineservices.surveyaction.handlers,org.odpi.openmetadata.frameworks.openmetadata.search,16,4,16.0,25.751006598945605
org.odpi.openmetadata.accessservices.itinfrastructure.samples.assetdeploy,org.odpi.openmetadata.platformservices.client,16,4,16.0,25.751006598945605
org.odpi.openmetadata.archiveutilities.designmodels.base,org.odpi.openmetadata.repositoryservices.connectors.stores.archivestore.properties,16,4,16.0,25.751006598945605
org.odpi.openmetadata.adapters.connectors.subscriptions,org.odpi.openmetadata.frameworks.openmetadata.properties.collections,16,4,16.0,25.751006598945605
org.odpi.openmetadata.adapters.connectors.governanceactions.remediation,org.odpi.openmetadata.frameworks.openmetadata.properties.governance,16,4,16.0,25.751006598945605
org.odpi.openmetadata.accessservices.itinfrastructure.samples.assetdeploy,org.odpi.openmetadata.frameworks.openmetadata.properties.connections,16,4,16.0,25.751006598945605
org.odpi.openmetadata.samples.archiveutilities.combo,org.odpi.openmetadata.samples.archiveutilities.businesssystems,16,4,16.0,25.751006598945605
org.odpi.openmetadata.serveroperations.server,org.odpi.openmetadata.adapters.repositoryservices,16,4,16.0,25.751006598945605
org.odpi.openmetadata.frameworkservices.omf.client,org.odpi.openmetadata.frameworks.openmetadata.converters,16,4,16.0,25.751006598945605
org.odpi.openmetadata.samples.archiveutilities.combo,org.odpi.openmetadata.samples.archiveutilities.sustainability,16,4,16.0,25.751006598945605
org.odpi.openmetadata.accessservices.datamanager.fvt.connections,org.odpi.openmetadata.frameworks.openmetadata.properties.softwarecapabilities,16,4,16.0,25.751006598945605
org.odpi.openmetadata.frameworks.openmetadata.connectorcontext,org.odpi.openmetadata.frameworks.auditlog.requestid,16,4,16.0,25.751006598945605
org.odpi.openmetadata.viewservices.dataengineer.server.spring,org.odpi.openmetadata.viewservices.dataengineer.server,16,4,16.0,25.751006598945605
org.odpi.openmetadata.engineservices.governanceaction.server.spring,org.odpi.openmetadata.engineservices.governanceaction.server,16,4,16.0,25.751006598945605
org.odpi.openmetadata.engineservices.governanceaction.client,org.odpi.openmetadata.commonservices.ffdc,16,4,16.0,25.751006598945605
org.odpi.openmetadata.accessservices.assetowner.fvt.duplicateprocessing,org.odpi.openmetadata.frameworks.openmetadata.properties.assets,16,4,16.0,25.751006598945605
org.odpi.openmetadata.opentypes.utility,org.odpi.openmetadata.opentypes,16,4,16.0,25.751006598945605
org.odpi.openmetadata.adapters.connectors.unitycatalog.resource,org.odpi.openmetadata.adapters.connectors.restclients.factory,16,4,16.0,25.751006598945605
org.odpi.openmetadata.samples.archiveutilities.combo,org.odpi.openmetadata.samples.archiveutilities.organization,16,4,16.0,25.751006598945605
org.odpi.openmetadata.utilities.serverops,org.odpi.openmetadata.governanceservers.integrationdaemonservices.client,16,4,16.0,25.751006598945605
org.odpi.openmetadata.frameworks.openmetadata.properties.assets.referencedata,org.odpi.openmetadata.frameworks.openmetadata.types,23,2,23.0,25.268082639366526
org.odpi.openmetadata.adapters.connectors.jacquard.tabulardatasets.referencedata,org.odpi.openmetadata.frameworks.openmetadata.types,23,2,23.0,25.268082639366526
org.odpi.openmetadata.frameworks.openmetadata.properties.assets.metadatarepositories,org.odpi.openmetadata.frameworks.openmetadata.types,23,2,23.0,25.268082639366526
org.odpi.openmetadata.adapters.connectors.integration.csvlineageimporter,org.odpi.openmetadata.frameworks.openmetadata.ffdc,23,2,23.0,25.268082639366526
org.odpi.openmetadata.adapters.connectors.reports.surveyreport,org.odpi.openmetadata.frameworks.openmetadata.ffdc,23,2,23.0,25.268082639366526
org.odpi.openmetadata.frameworkservices.gaf.client,org.odpi.openmetadata.frameworks.opengovernance.properties,23,2,23.0,25.268082639366526
org.odpi.openmetadata.adapters.connectors.surveyaction.surveycsv,org.odpi.openmetadata.frameworks.openmetadata.ffdc,23,2,23.0,25.268082639366526
org.odpi.openmetadata.frameworks.openmetadata.properties.dataprocessing,org.odpi.openmetadata.frameworks.openmetadata.types,23,2,23.0,25.268082639366526
org.odpi.openmetadata.frameworks.openmetadata.handlers,org.odpi.openmetadata.frameworks.openmetadata.properties.solutions,23,2,23.0,25.268082639366526
org.odpi.openmetadata.frameworkservices.omf.client,org.odpi.openmetadata.frameworkservices.omf.ffdc,23,2,23.0,25.268082639366526
org.odpi.openmetadata.viewservices.assetmaker.admin,org.odpi.openmetadata.viewservices.assetmaker.server,14,5,14.0,25.08463256919277
org.odpi.openmetadata.viewservices.feedbackmanager.admin,org.odpi.openmetadata.viewservices.feedbackmanager.server,14,5,14.0,25.08463256919277
org.odpi.openmetadata.viewservices.validmetadata.admin,org.odpi.openmetadata.viewservices.validmetadata.server,14,5,14.0,25.08463256919277
org.odpi.openmetadata.viewservices.collectionmanager.admin,org.odpi.openmetadata.viewservices.collectionmanager.server,14,5,14.0,25.08463256919277
org.odpi.openmetadata.viewservices.locationarena.admin,org.odpi.openmetadata.viewservices.locationarena.server,14,5,14.0,25.08463256919277
org.odpi.openmetadata.viewservices.productcatalog.admin,org.odpi.openmetadata.viewservices.productcatalog.server,14,5,14.0,25.08463256919277
org.odpi.openmetadata.viewservices.peopleorganizer.admin,org.odpi.openmetadata.viewservices.peopleorganizer.server,14,5,14.0,25.08463256919277
org.odpi.openmetadata.viewservices.assetcatalog.admin,org.odpi.openmetadata.viewservices.assetcatalog.server,14,5,14.0,25.08463256919277
org.odpi.openmetadata.viewservices.notificationmanager.admin,org.odpi.openmetadata.viewservices.notificationmanager.server,14,5,14.0,25.08463256919277
org.odpi.openmetadata.viewservices.schemamaker.admin,org.odpi.openmetadata.viewservices.schemamaker.server,14,5,14.0,25.08463256919277
org.odpi.openmetadata.viewservices.dataofficer.admin,org.odpi.openmetadata.viewservices.dataofficer.server,14,5,14.0,25.08463256919277
org.odpi.openmetadata.viewservices.digitalbusiness.admin,org.odpi.openmetadata.viewservices.digitalbusiness.server,14,5,14.0,25.08463256919277
org.odpi.openmetadata.engineservices.watchdogaction.admin,org.odpi.openmetadata.engineservices.watchdogaction.server,14,5,14.0,25.08463256919277
org.odpi.openmetadata.viewservices.externallinks.admin,org.odpi.openmetadata.viewservices.externallinks.server,14,5,14.0,25.08463256919277
org.odpi.openmetadata.viewservices.datadiscovery.admin,org.odpi.openmetadata.viewservices.datadiscovery.server,14,5,14.0,25.08463256919277
org.odpi.openmetadata.viewservices.devopspipeline.admin,org.odpi.openmetadata.viewservices.devopspipeline.server,14,5,14.0,25.08463256919277
org.odpi.openmetadata.viewservices.actormanager.admin,org.odpi.openmetadata.viewservices.actormanager.server,14,5,14.0,25.08463256919277
org.odpi.openmetadata.viewservices.solutionarchitect.admin,org.odpi.openmetadata.viewservices.solutionarchitect.server,14,5,14.0,25.08463256919277
org.odpi.openmetadata.viewservices.connectionmaker.admin,org.odpi.openmetadata.viewservices.connectionmaker.server,14,5,14.0,25.08463256919277
org.odpi.openmetadata.viewservices.templatemanager.admin,org.odpi.openmetadata.viewservices.templatemanager.server,14,5,14.0,25.08463256919277
org.odpi.openmetadata.viewservices.securityofficer.admin,org.odpi.openmetadata.viewservices.securityofficer.server,14,5,14.0,25.08463256919277
org.odpi.openmetadata.repositoryservices.eventmanagement,org.odpi.openmetadata.repositoryservices.localrepository,14,5,14.0,25.08463256919277
org.odpi.openmetadata.frameworks.openmetadata.client,org.odpi.openmetadata.frameworks.auditlog,14,5,14.0,25.08463256919277
org.odpi.openmetadata.viewservices.multilanguage.admin,org.odpi.openmetadata.viewservices.multilanguage.server,14,5,14.0,25.08463256919277
org.odpi.openmetadata.frameworkservices.gaf.listener,org.odpi.openmetadata.commonservices.generichandlers,14,5,14.0,25.08463256919277
org.odpi.openmetadata.viewservices.communitymatters.admin,org.odpi.openmetadata.viewservices.communitymatters.server,14,5,14.0,25.08463256919277
org.odpi.openmetadata.utilities.serverops,org.odpi.openmetadata.adminservices.configuration.properties,14,5,14.0,25.08463256919277
org.odpi.openmetadata.engineservices.repositorygovernance.admin,org.odpi.openmetadata.engineservices.repositorygovernance.server,14,5,14.0,25.08463256919277
org.odpi.openmetadata.viewservices.datadesigner.admin,org.odpi.openmetadata.viewservices.datadesigner.server,14,5,14.0,25.08463256919277
org.odpi.openmetadata.viewservices.automatedcuration.admin,org.odpi.openmetadata.viewservices.automatedcuration.server,14,5,14.0,25.08463256919277
org.odpi.openmetadata.viewservices.glossarymanager.admin,org.odpi.openmetadata.viewservices.glossarymanager.server,14,5,14.0,25.08463256919277
org.odpi.openmetadata.viewservices.metadataexpert.admin,org.odpi.openmetadata.viewservices.metadataexpert.server,14,5,14.0,25.08463256919277
org.odpi.openmetadata.frameworks.opengovernance,org.odpi.openmetadata.frameworks.connectors.client,14,5,14.0,25.08463256919277
org.odpi.openmetadata.viewservices.myprofile.admin,org.odpi.openmetadata.viewservices.myprofile.server,14,5,14.0,25.08463256919277
org.odpi.openmetadata.viewservices.governanceofficer.admin,org.odpi.openmetadata.viewservices.governanceofficer.server,14,5,14.0,25.08463256919277
org.odpi.openmetadata.governanceservers.integrationdaemonservices.threads,org.odpi.openmetadata.frameworks.openmetadata.events,14,5,14.0,25.08463256919277
org.odpi.openmetadata.adapters.repositoryservices.rest.repositoryconnector,org.odpi.openmetadata.frameworks.auditlog,14,5,14.0,25.08463256919277
org.odpi.openmetadata.viewservices.privacyofficer.admin,org.odpi.openmetadata.viewservices.privacyofficer.server,14,5,14.0,25.08463256919277
org.odpi.openmetadata.governanceservers.enginehostservices.enginemap,org.odpi.openmetadata.frameworks.auditlog,14,5,14.0,25.08463256919277
org.odpi.openmetadata.governanceservers.integrationdaemonservices.threads,org.odpi.openmetadata.frameworkservices.gaf.client,14,5,14.0,25.08463256919277
org.odpi.openmetadata.viewservices.lineagelinker.admin,org.odpi.openmetadata.viewservices.lineagelinker.server,14,5,14.0,25.08463256919277
org.odpi.openmetadata.viewservices.classificationexplorer.admin,org.odpi.openmetadata.viewservices.classificationexplorer.server,14,5,14.0,25.08463256919277
org.odpi.openmetadata.engineservices.watchdogaction.listener,org.odpi.openmetadata.frameworks.auditlog,14,5,14.0,25.08463256919277
org.odpi.openmetadata.governanceservers.integrationdaemonservices.listener,org.odpi.openmetadata.frameworkservices.gaf.client,14,5,14.0,25.08463256919277
org.odpi.openmetadata.engineservices.watchdogaction.listener,org.odpi.openmetadata.governanceservers.enginehostservices.enginemap,14,5,14.0,25.08463256919277
org.odpi.openmetadata.viewservices.productmanager.admin,org.odpi.openmetadata.viewservices.productmanager.server,14,5,14.0,25.08463256919277
org.odpi.openmetadata.viewservices.referencedata.admin,org.odpi.openmetadata.viewservices.referencedata.server,14,5,14.0,25.08463256919277
org.odpi.openmetadata.frameworks.openmetadata.reports,org.odpi.openmetadata.frameworks.openmetadata.client,14,5,14.0,25.08463256919277
org.odpi.openmetadata.engineservices.surveyaction.admin,org.odpi.openmetadata.engineservices.surveyaction.server,14,5,14.0,25.08463256919277
org.odpi.openmetadata.viewservices.dataengineer.admin,org.odpi.openmetadata.viewservices.dataengineer.server,14,5,14.0,25.08463256919277
org.odpi.openmetadata.engineservices.governanceaction.admin,org.odpi.openmetadata.engineservices.governanceaction.server,14,5,14.0,25.08463256919277
org.odpi.openmetadata.viewservices.projectmanager.admin,org.odpi.openmetadata.viewservices.projectmanager.server,14,5,14.0,25.08463256919277
org.odpi.openmetadata.engineservices.governanceaction.listener,org.odpi.openmetadata.frameworks.auditlog,14,5,14.0,25.08463256919277
org.odpi.openmetadata.engineservices.governanceaction.listener,org.odpi.openmetadata.governanceservers.enginehostservices.enginemap,14,5,14.0,25.08463256919277
org.odpi.openmetadata.viewservices.subjectarea.admin,org.odpi.openmetadata.viewservices.subjectarea.server,14,5,14.0,25.08463256919277
org.odpi.openmetadata.adapters.connectors.surveyaction.extractors,org.odpi.openmetadata.frameworks.opensurvey,14,5,14.0,25.08463256919277
org.odpi.openmetadata.repositoryservices.archivemanager,org.odpi.openmetadata.repositoryservices.localrepository.repositorycontentmanager,14,5,14.0,25.08463256919277
org.odpi.openmetadata.viewservices.actionauthor.admin,org.odpi.openmetadata.viewservices.actionauthor.server,14,5,14.0,25.08463256919277
org.odpi.openmetadata.viewservices.runtimemanager.admin,org.odpi.openmetadata.viewservices.runtimemanager.server,14,5,14.0,25.08463256919277
org.odpi.openmetadata.viewservices.timekeeper.admin,org.odpi.openmetadata.viewservices.timekeeper.server,14,5,14.0,25.08463256919277
org.odpi.openmetadata.repositoryservices.admin,org.odpi.openmetadata.repositoryservices.connectors.stores.archivestore,14,5,14.0,25.08463256919277
org.odpi.openmetadata.viewservices.glossarymanager.rest,org.odpi.openmetadata.frameworks.openmetadata.enums,18,3,18.0,24.95329850015803
org.odpi.openmetadata.frameworks.opengovernance.ffdc,org.odpi.openmetadata.frameworks.connectors.ffdc,18,3,18.0,24.95329850015803
org.odpi.openmetadata.adapters.connectors.integration.openapis,org.odpi.openmetadata.frameworks.openmetadata.properties,36,1,36.0,24.95329850015803
org.odpi.openmetadata.adapters.connectors.governanceactions.verification,org.odpi.openmetadata.frameworks.openmetadata.properties,18,3,18.0,24.95329850015803
org.odpi.openmetadata.frameworks.connectors,org.odpi.openmetadata.frameworks.connectors.properties.users,18,3,18.0,24.95329850015803
org.odpi.openmetadata.samples.governanceactions.clinicaltrials,org.odpi.openmetadata.frameworks.auditlog,36,1,36.0,24.95329850015803
org.odpi.openmetadata.adapters.connectors.datastore.basicfile,org.odpi.openmetadata.frameworks.auditlog.messagesets,18,3,18.0,24.95329850015803
org.odpi.openmetadata.adapters.connectors.integration.csvlineageimporter,org.odpi.openmetadata.frameworks.openmetadata.properties,18,3,18.0,24.95329850015803
org.odpi.openmetadata.adapters.connectors.jacquard,org.odpi.openmetadata.frameworks.openmetadata.enums,36,1,36.0,24.95329850015803
org.odpi.openmetadata.adapters.repositoryservices.rest.repositoryconnector,org.odpi.openmetadata.frameworks.connectors.properties.beans,18,3,18.0,24.95329850015803
org.odpi.openmetadata.governanceservers.enginehostservices.client,org.odpi.openmetadata.governanceservers.enginehostservices.rest,18,3,18.0,24.95329850015803
org.odpi.openmetadata.repositoryservices.connectors.stores.metadatacollectionstore.properties.typedefs,org.odpi.openmetadata.repositoryservices.connectors.stores.metadatacollectionstore.properties,18,3,18.0,24.95329850015803
org.odpi.openmetadata.adapters.connectors.governanceactions.watchdog,org.odpi.openmetadata.frameworks.auditlog,36,1,36.0,24.95329850015803
org.odpi.openmetadata.adapters.connectors.jacquard.tabulardatasets.openmetadatatypes,org.odpi.openmetadata.frameworks.connectors,18,3,18.0,24.95329850015803
org.odpi.openmetadata.frameworkservices.gaf.outtopic,org.odpi.openmetadata.frameworks.openmetadata.metadataelements,18,3,18.0,24.95329850015803
org.odpi.openmetadata.adapters.connectors.governanceactions.watchdog,org.odpi.openmetadata.frameworks.openmetadata.metadataelements,36,1,36.0,24.95329850015803
org.odpi.openmetadata.frameworkservices.omf.outtopic,org.odpi.openmetadata.frameworks.openmetadata.metadataelements,18,3,18.0,24.95329850015803
org.odpi.openmetadata.frameworks.opengovernance.mermaid,org.odpi.openmetadata.frameworks.openmetadata.properties,36,1,36.0,24.95329850015803
org.odpi.openmetadata.frameworks.integration.properties,org.odpi.openmetadata.frameworks.connectors.properties.beans,18,3,18.0,24.95329850015803
org.odpi.openmetadata.engineservices.governanceaction.admin,org.odpi.openmetadata.engineservices.governanceaction.ffdc,22,2,22.0,24.169470350698415
org.odpi.openmetadata.frameworks.openmetadata.connectorcontext,org.odpi.openmetadata.frameworks.openmetadata.properties.softwarecapabilities,22,2,22.0,24.169470350698415
org.odpi.openmetadata.engineservices.repositorygovernance.admin,org.odpi.openmetadata.engineservices.repositorygovernance.ffdc,22,2,22.0,24.169470350698415
org.odpi.openmetadata.adapters.connectors.apacheatlas.survey,org.odpi.openmetadata.adapters.connectors.apacheatlas.survey.ffdc,22,2,22.0,24.169470350698415
org.odpi.openmetadata.adapters.connectors.governanceactions.watchdog,org.odpi.openmetadata.frameworks.connectors,22,2,22.0,24.169470350698415
org.odpi.openmetadata.adapters.connectors.jacquard.tabulardatasets.openmetadatatypes,org.odpi.openmetadata.adapters.connectors.jacquard.tabulardatasets.ffdc,22,2,22.0,24.169470350698415
org.odpi.openmetadata.frameworks.connectors.client,org.odpi.openmetadata.frameworks.connectors.ffdc,22,2,22.0,24.169470350698415
org.odpi.openmetadata.accessservices.assetowner.fvt.dataassets,org.odpi.openmetadata.adminservices.configuration.registration,22,2,22.0,24.169470350698415
org.odpi.openmetadata.contentpacks.core,org.odpi.openmetadata.adapters.connectors,22,2,22.0,24.169470350698415
org.odpi.openmetadata.frameworks.openmetadata.connectorcontext,org.odpi.openmetadata.frameworks.openmetadata.properties.assets,22,2,22.0,24.169470350698415
org.odpi.openmetadata.frameworks.openmetadata.handlers,org.odpi.openmetadata.frameworks.openmetadata.properties.softwarecapabilities,22,2,22.0,24.169470350698415
org.odpi.openmetadata.frameworks.connectors.api,org.odpi.openmetadata.frameworks.connectors.ffdc,22,2,22.0,24.169470350698415
org.odpi.openmetadata.adapters.connectors.unitycatalog.resource,org.odpi.openmetadata.adapters.connectors.unitycatalog.ffdc,22,2,22.0,24.169470350698415
org.odpi.openmetadata.engineservices.surveyaction.admin,org.odpi.openmetadata.engineservices.surveyaction.ffdc,22,2,22.0,24.169470350698415
org.odpi.openmetadata.engineservices.watchdogaction.admin,org.odpi.openmetadata.engineservices.watchdogaction.ffdc,22,2,22.0,24.169470350698415
org.odpi.openmetadata.adapters.connectors.apachekafka.survey,org.odpi.openmetadata.adapters.connectors.controls,22,2,22.0,24.169470350698415
org.odpi.openmetadata.engineservices.surveyaction.handlers,org.odpi.openmetadata.frameworks.opensurvey.controls,22,2,22.0,24.169470350698415
org.odpi.openmetadata.adapters.repositoryservices.postgres.repositoryconnector,org.odpi.openmetadata.repositoryservices.ffdc,22,2,22.0,24.169470350698415
org.odpi.openmetadata.accessservices.assetmanager.fvt.dataassets,org.odpi.openmetadata.adminservices.configuration.registration,22,2,22.0,24.169470350698415
org.odpi.openmetadata.conformance.workbenches.platform,org.odpi.openmetadata.conformance.tests.platform,15,4,15.0,24.141568686511505
org.odpi.openmetadata.adapters.connectors.integration.openapis,org.odpi.openmetadata.frameworks.connectors.controls,15,4,15.0,24.141568686511505
org.odpi.openmetadata.serveroperations.client,org.odpi.openmetadata.frameworks.auditlog,15,4,15.0,24.141568686511505
org.odpi.openmetadata.fvt.utilities.auditlog,org.odpi.openmetadata.frameworks.auditlog,15,4,15.0,24.141568686511505
org.odpi.openmetadata.adapters.connectors.integration.basicfiles,org.odpi.openmetadata.adapters.connectors.integration.basicfiles.controls,15,4,15.0,24.141568686511505
org.odpi.openmetadata.repositoryservices.localrepository.repositoryconnector,org.odpi.openmetadata.repositoryservices.localrepository,15,4,15.0,24.141568686511505
org.odpi.openmetadata.adapters.connectors.integration.openlineage,org.odpi.openmetadata.frameworks.integration.properties,15,4,15.0,24.141568686511505
org.odpi.openmetadata.engineservices.watchdogaction.handlers,org.odpi.openmetadata.frameworks.openmetadata.client,15,4,15.0,24.141568686511505
org.odpi.openmetadata.userauthn,org.odpi.openmetadata.userauthn.auth,15,4,15.0,24.141568686511505
org.odpi.openmetadata.adapters.connectors.restclients.factory,org.odpi.openmetadata.frameworks.auditlog,15,4,15.0,24.141568686511505
org.odpi.openmetadata.adapters.connectors.datastore.datafolder,org.odpi.openmetadata.adapters.connectors.datastore.basicfile,15,4,15.0,24.141568686511505
org.odpi.openmetadata.reports.componentid,org.odpi.openmetadata.samples.governanceactions.clinicaltrials.metadata,15,4,15.0,24.141568686511505
org.odpi.openmetadata.engineservices.surveyaction.handlers,org.odpi.openmetadata.frameworks.openmetadata.client,15,4,15.0,24.141568686511505
org.odpi.openmetadata.engineservices.surveyaction.handlers,org.odpi.openmetadata.frameworks.connectors.client,15,4,15.0,24.141568686511505
org.odpi.openmetadata.adapters.connectors.jacquard.tabulardatasets.referencedata,org.odpi.openmetadata.frameworks.connectors.ffdc,15,4,15.0,24.141568686511505
org.odpi.openmetadata.engineservices.governanceaction.handlers,org.odpi.openmetadata.frameworks.openmetadata.refdata,17,3,17.0,23.56700413903814
org.odpi.openmetadata.adapters.eventbus.topic.kafka,org.odpi.openmetadata.frameworks.connectors.properties.beans,17,3,17.0,23.56700413903814
org.odpi.openmetadata.adapters.connectors.restclients.spring,org.odpi.openmetadata.frameworks.connectors.properties.users,17,3,17.0,23.56700413903814
org.odpi.openmetadata.samples.archiveutilities.clinicaltrialtemplates,org.odpi.openmetadata.frameworks.connectors,17,3,17.0,23.56700413903814
org.odpi.openmetadata.utilities.serverops,org.odpi.openmetadata.serveroperations.properties,17,3,17.0,23.56700413903814
org.odpi.openmetadata.adapters.connectors.reports.surveyreport,org.odpi.openmetadata.frameworks.opengovernance.properties,17,3,17.0,23.56700413903814
org.odpi.openmetadata.adapters.connectors.jacquard.tabulardatasets.openmetadatatypes,org.odpi.openmetadata.frameworks.openmetadata.connectorcontext,17,3,17.0,23.56700413903814
org.odpi.openmetadata.adapters.connectors.organizationinsight.karmapoints,org.odpi.openmetadata.frameworks.openmetadata.properties,17,3,17.0,23.56700413903814
org.odpi.openmetadata.adapters.repositoryservices.auditlogstore.eventtopic,org.odpi.openmetadata.frameworks.connectors,17,3,17.0,23.56700413903814
org.odpi.openmetadata.adapters.connectors.integration.openapis,org.odpi.openmetadata.frameworks.connectors.properties.beans,17,3,17.0,23.56700413903814
org.odpi.openmetadata.frameworkservices.omf.server.spring,org.odpi.openmetadata.frameworks.openmetadata.properties,17,3,17.0,23.56700413903814
org.odpi.openmetadata.frameworks.integration.properties,org.odpi.openmetadata.frameworks.integration.context,13,5,13.0,23.292873099964716
org.odpi.openmetadata.governanceservers.integrationdaemonservices.properties,org.odpi.openmetadata.frameworks.connectors.properties.beans,13,5,13.0,23.292873099964716
org.odpi.openmetadata.frameworkservices.gaf.rest,org.odpi.openmetadata.frameworks.openmetadata.enums,13,5,13.0,23.292873099964716
org.odpi.openmetadata.frameworks.openmetadata.properties.collections,org.odpi.openmetadata.frameworks.openmetadata.enums,13,5,13.0,23.292873099964716
org.odpi.openmetadata.frameworkservices.gaf.rest,org.odpi.openmetadata.frameworks.openmetadata.refdata,13,5,13.0,23.292873099964716
org.odpi.openmetadata.frameworks.openmetadata.properties.communities,org.odpi.openmetadata.frameworks.openmetadata.enums,13,5,13.0,23.292873099964716
org.odpi.openmetadata.repositoryservices.rest.properties,org.odpi.openmetadata.frameworks.connectors.properties.beans,13,5,13.0,23.292873099964716
org.odpi.openmetadata.platformchassis.springboot,org.odpi.openmetadata.tokenmanager.http,13,5,13.0,23.292873099964716
org.odpi.openmetadata.viewservices.templatemanager.rest,org.odpi.openmetadata.frameworks.openmetadata.properties.templates,13,5,13.0,23.292873099964716
org.odpi.openmetadata.adapters.repositoryservices.archiveconnector.file,org.odpi.openmetadata.repositoryservices.connectors.stores.archivestore.properties,13,5,13.0,23.292873099964716
org.odpi.openmetadata.frameworks.openmetadata.reports,org.odpi.openmetadata.frameworks.openmetadata.metadataelements,13,5,13.0,23.292873099964716
org.odpi.openmetadata.viewservices.myprofile.server,org.odpi.openmetadata.frameworks.openmetadata.properties.feedback,13,5,13.0,23.292873099964716
org.odpi.openmetadata.adapters.connectors.egeriainfrastructure.properties,org.odpi.openmetadata.repositoryservices.properties,13,5,13.0,23.292873099964716
org.odpi.openmetadata.frameworks.openmetadata.properties.designmodels,org.odpi.openmetadata.frameworks.openmetadata.enums,13,5,13.0,23.292873099964716
org.odpi.openmetadata.frameworks.openmetadata.properties.assets.infrastructure,org.odpi.openmetadata.frameworks.openmetadata.enums,13,5,13.0,23.292873099964716
org.odpi.openmetadata.adminservices.configuration.properties,org.odpi.openmetadata.frameworks.openmetadata.enums,13,5,13.0,23.292873099964716
org.odpi.openmetadata.frameworks.openmetadata.properties.assets.reports,org.odpi.openmetadata.frameworks.openmetadata.enums,13,5,13.0,23.292873099964716
org.odpi.openmetadata.repositoryservices.metadatahighway,org.odpi.openmetadata.repositoryservices.connectors.stores.cohortregistrystore,13,5,13.0,23.292873099964716
org.odpi.openmetadata.repositoryservices.connectors.stores.metadatacollectionstore.properties.search,org.odpi.openmetadata.repositoryservices.connectors.stores.metadatacollectionstore.properties.instances,13,5,13.0,23.292873099964716
org.odpi.openmetadata.frameworkservices.omf.rest,org.odpi.openmetadata.frameworks.openmetadata.enums,13,5,13.0,23.292873099964716
org.odpi.openmetadata.commonservices.ffdc.properties,org.odpi.openmetadata.frameworks.auditlog,13,5,13.0,23.292873099964716
org.odpi.openmetadata.commonservices.ffdc.properties,org.odpi.openmetadata.frameworks.connectors.properties.beans,13,5,13.0,23.292873099964716
org.odpi.openmetadata.commonservices.ffdc.rest,org.odpi.openmetadata.commonservices.ffdc.properties,13,5,13.0,23.292873099964716
org.odpi.openmetadata.repositoryservices.rest.services,org.odpi.openmetadata.repositoryservices.metadatahighway,13,5,13.0,23.292873099964716
org.odpi.openmetadata.commonservices.ffdc.rest,org.odpi.openmetadata.frameworks.connectors.tabulardatasets,13,5,13.0,23.292873099964716
org.odpi.openmetadata.repositoryservices.rest.services,org.odpi.openmetadata.frameworks.connectors.properties.beans,13,5,13.0,23.292873099964716
org.odpi.openmetadata.frameworks.openmetadata.search,org.odpi.openmetadata.frameworks.openmetadata.properties.governance,13,5,13.0,23.292873099964716
org.odpi.openmetadata.frameworks.opensurvey,org.odpi.openmetadata.frameworks.auditlog.messagesets,13,5,13.0,23.292873099964716
org.odpi.openmetadata.commonservices.ffdc.rest,org.odpi.openmetadata.frameworks.openmetadata.properties.assets.processes.actions,13,5,13.0,23.292873099964716
org.odpi.openmetadata.frameworks.openmetadata.properties.solutions,org.odpi.openmetadata.frameworks.openmetadata.enums,13,5,13.0,23.292873099964716
org.odpi.openmetadata.frameworks.opensurvey,org.odpi.openmetadata.frameworks.openmetadata.refdata,13,5,13.0,23.292873099964716
org.odpi.openmetadata.frameworks.openmetadata.properties.actors,org.odpi.openmetadata.frameworks.openmetadata.enums,13,5,13.0,23.292873099964716
org.odpi.openmetadata.viewservices.metadataexpert.admin,org.odpi.openmetadata.viewservices.metadataexpert.ffdc,21,2,21.0,23.070858062030304
org.odpi.openmetadata.adapters.connectors.egeriainfrastructure.control,org.odpi.openmetadata.frameworks.openmetadata.refdata,21,2,21.0,23.070858062030304
org.odpi.openmetadata.viewservices.locationarena.admin,org.odpi.openmetadata.viewservices.locationarena.ffdc,21,2,21.0,23.070858062030304
org.odpi.openmetadata.metadatasecurity.accessconnector,org.odpi.openmetadata.metadatasecurity.ffdc,21,2,21.0,23.070858062030304
org.odpi.openmetadata.viewservices.assetcatalog.admin,org.odpi.openmetadata.viewservices.assetcatalog.ffdc,21,2,21.0,23.070858062030304
org.odpi.openmetadata.viewservices.timekeeper.admin,org.odpi.openmetadata.viewservices.timekeeper.ffdc,21,2,21.0,23.070858062030304
org.odpi.openmetadata.viewservices.digitalbusiness.admin,org.odpi.openmetadata.viewservices.digitalbusiness.ffdc,21,2,21.0,23.070858062030304
org.odpi.openmetadata.adminservices.classifier,org.odpi.openmetadata.adminservices.ffdc,21,2,21.0,23.070858062030304
org.odpi.openmetadata.viewservices.datadesigner.admin,org.odpi.openmetadata.viewservices.datadesigner.ffdc,21,2,21.0,23.070858062030304
org.odpi.openmetadata.viewservices.productmanager.admin,org.odpi.openmetadata.viewservices.productmanager.ffdc,21,2,21.0,23.070858062030304
org.odpi.openmetadata.adapters.connectors.egeriainfrastructure.control,org.odpi.openmetadata.frameworks.connectors.controls,21,2,21.0,23.070858062030304
org.odpi.openmetadata.viewservices.connectionmaker.admin,org.odpi.openmetadata.viewservices.connectionmaker.ffdc,21,2,21.0,23.070858062030304
org.odpi.openmetadata.viewservices.schemamaker.admin,org.odpi.openmetadata.viewservices.schemamaker.ffdc,21,2,21.0,23.070858062030304
org.odpi.openmetadata.viewservices.glossarymanager.admin,org.odpi.openmetadata.viewservices.glossarymanager.ffdc,21,2,21.0,23.070858062030304
org.odpi.openmetadata.viewservices.communitymatters.admin,org.odpi.openmetadata.viewservices.communitymatters.ffdc,21,2,21.0,23.070858062030304
org.odpi.openmetadata.frameworkservices.omf.outtopic,org.odpi.openmetadata.frameworkservices.omf.ffdc,21,2,21.0,23.070858062030304
org.odpi.openmetadata.viewservices.assetmaker.admin,org.odpi.openmetadata.viewservices.assetmaker.ffdc,21,2,21.0,23.070858062030304
org.odpi.openmetadata.viewservices.collectionmanager.server,org.odpi.openmetadata.frameworks.openmetadata.properties.collections,21,2,21.0,23.070858062030304
org.odpi.openmetadata.viewservices.referencedata.admin,org.odpi.openmetadata.viewservices.referencedata.ffdc,21,2,21.0,23.070858062030304
org.odpi.openmetadata.contentpacks.core.egeria,org.odpi.openmetadata.frameworks.openmetadata.types,21,2,21.0,23.070858062030304
org.odpi.openmetadata.viewservices.myprofile.admin,org.odpi.openmetadata.viewservices.myprofile.ffdc,21,2,21.0,23.070858062030304
org.odpi.openmetadata.viewservices.governanceofficer.admin,org.odpi.openmetadata.viewservices.governanceofficer.ffdc,21,2,21.0,23.070858062030304
org.odpi.openmetadata.viewservices.classificationexplorer.admin,org.odpi.openmetadata.viewservices.classificationexplorer.ffdc,21,2,21.0,23.070858062030304
org.odpi.openmetadata.viewservices.collectionmanager.admin,org.odpi.openmetadata.viewservices.collectionmanager.ffdc,21,2,21.0,23.070858062030304
org.odpi.openmetadata.viewservices.solutionarchitect.admin,org.odpi.openmetadata.viewservices.solutionarchitect.ffdc,21,2,21.0,23.070858062030304
org.odpi.openmetadata.viewservices.automatedcuration.admin,org.odpi.openmetadata.viewservices.automatedcuration.ffdc,21,2,21.0,23.070858062030304
org.odpi.openmetadata.viewservices.actionauthor.admin,org.odpi.openmetadata.viewservices.actionauthor.ffdc,21,2,21.0,23.070858062030304
org.odpi.openmetadata.viewservices.dataofficer.admin,org.odpi.openmetadata.viewservices.dataofficer.ffdc,21,2,21.0,23.070858062030304
org.odpi.openmetadata.viewservices.multilanguage.admin,org.odpi.openmetadata.viewservices.multilanguage.ffdc,21,2,21.0,23.070858062030304
org.odpi.openmetadata.viewservices.runtimemanager.admin,org.odpi.openmetadata.viewservices.runtimemanager.ffdc,21,2,21.0,23.070858062030304
org.odpi.openmetadata.viewservices.feedbackmanager.admin,org.odpi.openmetadata.viewservices.feedbackmanager.ffdc,21,2,21.0,23.070858062030304
org.odpi.openmetadata.conformance.workbenches.repository,org.odpi.openmetadata.conformance.ffdc,21,2,21.0,23.070858062030304
org.odpi.openmetadata.viewservices.actormanager.admin,org.odpi.openmetadata.viewservices.actormanager.ffdc,21,2,21.0,23.070858062030304
org.odpi.openmetadata.adapters.connectors.governanceactions.stewardship,org.odpi.openmetadata.frameworks.openmetadata.ffdc,21,2,21.0,23.070858062030304
org.odpi.openmetadata.contentpacks.core.egeria,org.odpi.openmetadata.frameworks.auditlog,21,2,21.0,23.070858062030304
org.odpi.openmetadata.accessservices.governanceprogram.samples.subjectareas,org.odpi.openmetadata.frameworks.openmetadata.ffdc,21,2,21.0,23.070858062030304
org.odpi.openmetadata.viewservices.dataengineer.admin,org.odpi.openmetadata.viewservices.dataengineer.ffdc,21,2,21.0,23.070858062030304
org.odpi.openmetadata.viewservices.subjectarea.admin,org.odpi.openmetadata.viewservices.subjectarea.ffdc,21,2,21.0,23.070858062030304
org.odpi.openmetadata.viewservices.timekeeper.server,org.odpi.openmetadata.frameworks.openmetadata.properties.contextevents,21,2,21.0,23.070858062030304
org.odpi.openmetadata.viewservices.privacyofficer.admin,org.odpi.openmetadata.viewservices.privacyofficer.ffdc,21,2,21.0,23.070858062030304
org.odpi.openmetadata.viewservices.notificationmanager.admin,org.odpi.openmetadata.viewservices.notificationmanager.ffdc,21,2,21.0,23.070858062030304
org.odpi.openmetadata.viewservices.projectmanager.admin,org.odpi.openmetadata.viewservices.projectmanager.ffdc,21,2,21.0,23.070858062030304
org.odpi.openmetadata.viewservices.devopspipeline.admin,org.odpi.openmetadata.viewservices.devopspipeline.ffdc,21,2,21.0,23.070858062030304
org.odpi.openmetadata.conformance.workbenches.repository.connectorconsumer,org.odpi.openmetadata.conformance.ffdc,21,2,21.0,23.070858062030304
org.odpi.openmetadata.frameworks.openmetadata.properties,org.odpi.openmetadata.frameworks.openmetadata.properties.digitalbusiness,21,2,21.0,23.070858062030304
org.odpi.openmetadata.viewservices.templatemanager.admin,org.odpi.openmetadata.viewservices.templatemanager.ffdc,21,2,21.0,23.070858062030304
org.odpi.openmetadata.viewservices.lineagelinker.admin,org.odpi.openmetadata.viewservices.lineagelinker.ffdc,21,2,21.0,23.070858062030304
org.odpi.openmetadata.viewservices.peopleorganizer.admin,org.odpi.openmetadata.viewservices.peopleorganizer.ffdc,21,2,21.0,23.070858062030304
org.odpi.openmetadata.viewservices.externallinks.admin,org.odpi.openmetadata.viewservices.externallinks.ffdc,21,2,21.0,23.070858062030304
org.odpi.openmetadata.viewservices.productcatalog.admin,org.odpi.openmetadata.viewservices.productcatalog.ffdc,21,2,21.0,23.070858062030304
org.odpi.openmetadata.serveroperations.server,org.odpi.openmetadata.frameworks.openmetadata.ffdc,21,2,21.0,23.070858062030304
org.odpi.openmetadata.adapters.connectors.surveyaction.extractors,org.odpi.openmetadata.frameworks.opensurvey.controls,21,2,21.0,23.070858062030304
org.odpi.openmetadata.frameworks.openmetadata.properties,org.odpi.openmetadata.frameworks.openmetadata.properties.designmodels,21,2,21.0,23.070858062030304
org.odpi.openmetadata.repositoryservices.connectors.stores.auditlogstore,org.odpi.openmetadata.repositoryservices.ffdc,21,2,21.0,23.070858062030304
org.odpi.openmetadata.viewservices.validmetadata.admin,org.odpi.openmetadata.viewservices.validmetadata.ffdc,21,2,21.0,23.070858062030304
org.odpi.openmetadata.viewservices.datadiscovery.admin,org.odpi.openmetadata.viewservices.datadiscovery.ffdc,21,2,21.0,23.070858062030304
org.odpi.openmetadata.viewservices.securityofficer.admin,org.odpi.openmetadata.viewservices.securityofficer.ffdc,21,2,21.0,23.070858062030304
org.odpi.openmetadata.commonservices.multitenant,org.odpi.openmetadata.repositoryservices.connectors.stores.metadatacollectionstore,14,4,14.0,22.532130774077405
org.odpi.openmetadata.adapters.connectors.apachekafka.integration,org.odpi.openmetadata.frameworks.connectors.ffdc,14,4,14.0,22.532130774077405
org.odpi.openmetadata.adapters.connectors.apachekafka.resource.ffdc,org.odpi.openmetadata.frameworks.auditlog,14,4,14.0,22.532130774077405
org.odpi.openmetadata.viewservices.classificationexplorer.server,org.odpi.openmetadata.frameworkservices.omf.rest,14,4,14.0,22.532130774077405
org.odpi.openmetadata.adapters.connectors.apachekafka.survey.ffdc,org.odpi.openmetadata.frameworks.auditlog,14,4,14.0,22.532130774077405
org.odpi.openmetadata.adapters.connectors.integration.basicfiles,org.odpi.openmetadata.adapters.connectors.secretsstore.yaml,14,4,14.0,22.532130774077405
org.odpi.openmetadata.adapters.connectors.dynamicarchivers.ffdc,org.odpi.openmetadata.frameworks.auditlog,14,4,14.0,22.532130774077405
org.odpi.openmetadata.adapters.connectors.datastore.csvfile.ffdc,org.odpi.openmetadata.frameworks.auditlog,14,4,14.0,22.532130774077405
org.odpi.openmetadata.repositoryservices.metadatahighway,org.odpi.openmetadata.repositoryservices.enterprise.connectormanager,14,4,14.0,22.532130774077405
org.odpi.openmetadata.metadatasecurity.accessconnector.ffdc,org.odpi.openmetadata.frameworks.auditlog,14,4,14.0,22.532130774077405
org.odpi.openmetadata.adapters.connectors.jacquard.tabulardatasets.ffdc,org.odpi.openmetadata.frameworks.auditlog,14,4,14.0,22.532130774077405
org.odpi.openmetadata.adapters.connectors.integration.kafkaaudit.ffdc,org.odpi.openmetadata.frameworks.auditlog,14,4,14.0,22.532130774077405
org.odpi.openmetadata.viewservices.automatedcuration.converters,org.odpi.openmetadata.frameworks.openmetadata.properties,14,4,14.0,22.532130774077405
org.odpi.openmetadata.contentpacks.core.postgres,org.odpi.openmetadata.adapters.connectors.postgres.tabulardatasource,16,3,16.0,22.18070977791825
org.odpi.openmetadata.adapters.connectors.governanceactions.stewardship,org.odpi.openmetadata.frameworks.openmetadata.metadataelements,32,1,32.0,22.18070977791825
org.odpi.openmetadata.adapters.connectors.surveyaction.surveyfolder,org.odpi.openmetadata.adapters.connectors.surveyaction.controls,16,3,16.0,22.18070977791825
org.odpi.openmetadata.contentpacks.core.unitycatalog,org.odpi.openmetadata.adapters.connectors.unitycatalog.sync,16,3,16.0,22.18070977791825
org.odpi.openmetadata.viewservices.automatedcuration.server.spring,org.odpi.openmetadata.frameworkservices.gaf.rest,16,3,16.0,22.18070977791825
org.odpi.openmetadata.viewservices.runtimemanager.server,org.odpi.openmetadata.governanceservers.integrationdaemonservices.rest,16,3,16.0,22.18070977791825
org.odpi.openmetadata.adapters.connectors.postgres.survey,org.odpi.openmetadata.frameworks.openmetadata.definitions,16,3,16.0,22.18070977791825
org.odpi.openmetadata.samples.archiveutilities,org.odpi.openmetadata.frameworks.openmetadata.properties,16,3,16.0,22.18070977791825
org.odpi.openmetadata.adapters.repositoryservices.postgres.repositoryconnector,org.odpi.openmetadata.frameworks.auditlog,32,1,32.0,22.18070977791825
org.odpi.openmetadata.frameworks.openwatchdog,org.odpi.openmetadata.frameworks.auditlog.messagesets,16,3,16.0,22.18070977791825
org.odpi.openmetadata.adapters.connectors.babbage,org.odpi.openmetadata.frameworks.integration.context,16,3,16.0,22.18070977791825
org.odpi.openmetadata.adapters.connectors.integration.kafkaaudit,org.odpi.openmetadata.adapters.connectors.integration.kafkaaudit.controls,16,3,16.0,22.18070977791825
org.odpi.openmetadata.frameworks.openmetadata.types,org.odpi.openmetadata.frameworks.openmetadata.properties.glossaries,32,1,32.0,22.18070977791825
org.odpi.openmetadata.adapters.connectors.baudot,org.odpi.openmetadata.frameworks.auditlog,32,1,32.0,22.18070977791825
org.odpi.openmetadata.contentpacks.core,org.odpi.openmetadata.adapters.connectors.postgres.survey,16,3,16.0,22.18070977791825
org.odpi.openmetadata.samples.archiveutilities.clinicaltrialtemplates,org.odpi.openmetadata.repositoryservices.connectors.stores.metadatacollectionstore.properties.instances,16,3,16.0,22.18070977791825
org.odpi.openmetadata.adapters.connectors.postgres.tabulardatasource,org.odpi.openmetadata.frameworks.openmetadata.definitions,16,3,16.0,22.18070977791825
org.odpi.openmetadata.adapters.connectors.apacheatlas.integration,org.odpi.openmetadata.frameworks.integration.context,16,3,16.0,22.18070977791825
org.odpi.openmetadata.conformance.workbenches.repository,org.odpi.openmetadata.adminservices.configuration.properties,16,3,16.0,22.18070977791825
org.odpi.openmetadata.contentpacks.core,org.odpi.openmetadata.adapters.connectors.governanceactions.provisioning,16,3,16.0,22.18070977791825
org.odpi.openmetadata.adapters.connectors.apacheatlas.resource,org.odpi.openmetadata.adapters.connectors.apacheatlas.controls,16,3,16.0,22.18070977791825
org.odpi.openmetadata.adapters.connectors.organizationinsight.karmapoints,org.odpi.openmetadata.frameworks.openwatchdog.controls,16,3,16.0,22.18070977791825
org.odpi.openmetadata.contentpacks.core,org.odpi.openmetadata.adapters.connectors.subscriptions,16,3,16.0,22.18070977791825
org.odpi.openmetadata.frameworkservices.ocf.metadatamanagement.admin,org.odpi.openmetadata.frameworkservices.ocf.metadatamanagement.server,16,3,16.0,22.18070977791825
org.odpi.openmetadata.accessservices.governanceprogram.samples.leadership,org.odpi.openmetadata.frameworks.openmetadata.properties,32,1,32.0,22.18070977791825
org.odpi.openmetadata.adapters.connectors.datastore.basicfile,org.odpi.openmetadata.frameworks.openmetadata.definitions,16,3,16.0,22.18070977791825
org.odpi.openmetadata.governanceservers.enginehostservices.threads,org.odpi.openmetadata.governanceservers.enginehostservices.listener,16,3,16.0,22.18070977791825
org.odpi.openmetadata.contentpacks.core,org.odpi.openmetadata.adapters.connectors.postgres.tabulardatasource,16,3,16.0,22.18070977791825
org.odpi.openmetadata.adapters.connectors.unitycatalog.sync,org.odpi.openmetadata.frameworks.openmetadata.definitions,16,3,16.0,22.18070977791825
org.odpi.openmetadata.adapters.connectors.egeriainfrastructure.platform.catalog,org.odpi.openmetadata.adapters.connectors,20,2,20.0,21.972245773362197
org.odpi.openmetadata.adapters.connectors.postgres.catalog,org.odpi.openmetadata.frameworks.openmetadata.ffdc,20,2,20.0,21.972245773362197
org.odpi.openmetadata.frameworks.openmetadata.handlers,org.odpi.openmetadata.frameworks.openmetadata.properties.assets.reports,20,2,20.0,21.972245773362197
org.odpi.openmetadata.repositoryservices.connectors.stores.metadatacollectionstore.repositoryconnector,org.odpi.openmetadata.repositoryservices.connectors.stores.metadatacollectionstore.properties,20,2,20.0,21.972245773362197
org.odpi.openmetadata.frameworks.openmetadata.properties.operatingplatforms,org.odpi.openmetadata.frameworks.openmetadata.types,20,2,20.0,21.972245773362197
org.odpi.openmetadata.engineservices.repositorygovernance.handlers,org.odpi.openmetadata.frameworkservices.gaf.client,20,2,20.0,21.972245773362197
org.odpi.openmetadata.adapters.connectors.unitycatalog.survey,org.odpi.openmetadata.adapters.connectors,20,2,20.0,21.972245773362197
org.odpi.openmetadata.accessservices.communityprofile.fvt.profiles,org.odpi.openmetadata.adminservices.configuration.registration,20,2,20.0,21.972245773362197
org.odpi.openmetadata.frameworks.connectors.properties.beans,org.odpi.openmetadata.frameworks.openmetadata.properties,20,2,20.0,21.972245773362197
org.odpi.openmetadata.adapters.connectors.unitycatalog.survey,org.odpi.openmetadata.frameworks.openmetadata.types,20,2,20.0,21.972245773362197
org.odpi.openmetadata.frameworkservices.omf.admin,org.odpi.openmetadata.frameworks.connectors.properties.beans,20,2,20.0,21.972245773362197
org.odpi.openmetadata.frameworkservices.omf.converters,org.odpi.openmetadata.frameworks.openmetadata.ffdc,20,2,20.0,21.972245773362197
org.odpi.openmetadata.adapters.connectors.surveyaction.surveyfile,org.odpi.openmetadata.adapters.connectors.datastore.basicfile,12,5,12.0,21.50111363073666
org.odpi.openmetadata.frameworkservices.gaf.connectors.outtopic,org.odpi.openmetadata.frameworks.connectors.ffdc,12,5,12.0,21.50111363073666
org.odpi.openmetadata.adapters.connectors.apachekafka.survey,org.odpi.openmetadata.adapters.connectors.apachekafka.resource,12,5,12.0,21.50111363073666
org.odpi.openmetadata.frameworkservices.omf.connectors.outtopic,org.odpi.openmetadata.frameworks.connectors.ffdc,12,5,12.0,21.50111363073666
org.odpi.openmetadata.frameworks.connectors.client,org.odpi.openmetadata.frameworks.auditlog,13,4,13.0,20.922692861643302
org.odpi.openmetadata.frameworks.openmetadata.mermaid,org.odpi.openmetadata.frameworks.openmetadata.properties.informationsupplychains,13,4,13.0,20.922692861643302
org.odpi.openmetadata.adapters.connectors.dynamicarchivers,org.odpi.openmetadata.frameworks.connectors,13,4,13.0,20.922692861643302
org.odpi.openmetadata.archiveutilities.designmodels.owlcanonicalglossarymodel,org.odpi.openmetadata.repositoryservices.connectors.stores.archivestore.properties,13,4,13.0,20.922692861643302
org.odpi.openmetadata.viewservices.governanceofficer.server,org.odpi.openmetadata.frameworks.opengovernance.client,13,4,13.0,20.922692861643302
org.odpi.openmetadata.frameworks.openmetadata.handlers,org.odpi.openmetadata.frameworks.openmetadata.properties.governance.governanceactions,19,2,19.0,20.873633484694086
org.odpi.openmetadata.frameworks.openmetadata.handlers,org.odpi.openmetadata.frameworks.openmetadata.properties.locations,19,2,19.0,20.873633484694086
org.odpi.openmetadata.commonservices.generichandlers,org.odpi.openmetadata.frameworks.openmetadata.mapper,19,2,19.0,20.873633484694086
org.odpi.openmetadata.frameworks.openmetadata.properties,org.odpi.openmetadata.frameworks.openmetadata.properties.assets,19,2,19.0,20.873633484694086
org.odpi.openmetadata.accessservices.governanceprogram.fvt.clientconstructors,org.odpi.openmetadata.frameworks.openmetadata.ffdc,19,2,19.0,20.873633484694086
org.odpi.openmetadata.governanceservers.integrationdaemonservices.server,org.odpi.openmetadata.adminservices.configuration.registration,19,2,19.0,20.873633484694086
org.odpi.openmetadata.governanceservers.enginehostservices.client.rest,org.odpi.openmetadata.frameworks.openmetadata.ffdc,19,2,19.0,20.873633484694086
org.odpi.openmetadata.frameworks.openmetadata.handlers,org.odpi.openmetadata.frameworks.openmetadata.enums,19,2,19.0,20.873633484694086
org.odpi.openmetadata.frameworks.openmetadata.properties,org.odpi.openmetadata.frameworks.openmetadata.properties.validvalues,19,2,19.0,20.873633484694086
org.odpi.openmetadata.frameworks.openmetadata.connectorcontext,org.odpi.openmetadata.frameworks.openmetadata.properties.externalreferences,19,2,19.0,20.873633484694086
org.odpi.openmetadata.frameworks.openmetadata.connectorcontext,org.odpi.openmetadata.frameworks.openmetadata.properties.security,19,2,19.0,20.873633484694086
org.odpi.openmetadata.frameworks.openmetadata.connectorcontext,org.odpi.openmetadata.frameworks.openmetadata.properties.projects,19,2,19.0,20.873633484694086
org.odpi.openmetadata.frameworks.openmetadata.builders,org.odpi.openmetadata.frameworks.openmetadata.properties.surveyreports,19,2,19.0,20.873633484694086
org.odpi.openmetadata.frameworks.openmetadata.connectorcontext,org.odpi.openmetadata.frameworks.openmetadata.properties.solutions,19,2,19.0,20.873633484694086
org.odpi.openmetadata.frameworks.openmetadata.connectorcontext,org.odpi.openmetadata.frameworks.openmetadata.properties.locations,19,2,19.0,20.873633484694086
org.odpi.openmetadata.adapters.connectors.unitycatalog.sync,org.odpi.openmetadata.frameworks.openmetadata.mapper,19,2,19.0,20.873633484694086
org.odpi.openmetadata.frameworks.openmetadata.properties,org.odpi.openmetadata.frameworks.openmetadata.properties.surveyreports,19,2,19.0,20.873633484694086
org.odpi.openmetadata.frameworks.openmetadata.properties,org.odpi.openmetadata.frameworks.openmetadata.properties.connections,19,2,19.0,20.873633484694086
org.odpi.openmetadata.frameworks.openmetadata.properties.schema.tabular,org.odpi.openmetadata.frameworks.openmetadata.types,19,2,19.0,20.873633484694086
org.odpi.openmetadata.adapters.connectors.restclients,org.odpi.openmetadata.adapters.connectors.restclients.ffdc.exceptions,19,2,19.0,20.873633484694086
org.odpi.openmetadata.frameworks.integration.contextmanager,org.odpi.openmetadata.frameworks.openmetadata.ffdc,19,2,19.0,20.873633484694086
org.odpi.openmetadata.samples.archiveutilities.clinicaltrialtemplates,org.odpi.openmetadata.adapters.connectors.datastore.csvfile,15,3,15.0,20.79441541679836
org.odpi.openmetadata.platformservices.client,org.odpi.openmetadata.metadatasecurity.properties,15,3,15.0,20.79441541679836
org.odpi.openmetadata.adminservices.registration,org.odpi.openmetadata.repositoryservices.connectors.omrstopic,15,3,15.0,20.79441541679836
org.odpi.openmetadata.adminservices.registration,org.odpi.openmetadata.repositoryservices.connectors.openmetadatatopic,15,3,15.0,20.79441541679836
org.odpi.openmetadata.conformance.tests.repository.instances,org.odpi.openmetadata.repositoryservices.ffdc.exception,30,1,30.0,20.79441541679836
org.odpi.openmetadata.frameworks.openmetadata.types,org.odpi.openmetadata.frameworks.openmetadata.properties.security,30,1,30.0,20.79441541679836
org.odpi.openmetadata.frameworks.openmetadata.types,org.odpi.openmetadata.frameworks.openmetadata.properties.digitalbusiness,30,1,30.0,20.79441541679836
org.odpi.openmetadata.frameworkservices.omf.converters,org.odpi.openmetadata.repositoryservices.connectors.stores.metadatacollectionstore.properties.typedefs,15,3,15.0,20.79441541679836
org.odpi.openmetadata.adapters.repositoryservices,org.odpi.openmetadata.frameworks.openmetadata.ffdc,15,3,15.0,20.79441541679836
org.odpi.openmetadata.accessservices.datamanager.fvt.databases,org.odpi.openmetadata.frameworks.openmetadata.properties.softwarecapabilities,15,3,15.0,20.79441541679836
org.odpi.openmetadata.contentpacks.core,org.odpi.openmetadata.adapters.connectors.unitycatalog.resource,15,3,15.0,20.79441541679836
org.odpi.openmetadata.accessservices.datamanager.fvt.databases,org.odpi.openmetadata.frameworks.openmetadata.properties.assets.databases,15,3,15.0,20.79441541679836
org.odpi.openmetadata.repositoryservices.rest.services,org.odpi.openmetadata.repositoryservices.connectors.stores.metadatacollectionstore.repositoryconnector,15,3,15.0,20.79441541679836
org.odpi.openmetadata.frameworks.openmetadata.builders,org.odpi.openmetadata.frameworks.openmetadata.properties.governance,29,1,29.0,20.101268236238415
org.odpi.openmetadata.frameworks.openwatchdog,org.odpi.openmetadata.frameworks.openmetadata.properties,18,2,18.0,19.775021196025975
org.odpi.openmetadata.frameworks.opengovernance,org.odpi.openmetadata.frameworks.connectors.ffdc,18,2,18.0,19.775021196025975
org.odpi.openmetadata.frameworks.openmetadata.properties.assets.analytics,org.odpi.openmetadata.frameworks.openmetadata.types,18,2,18.0,19.775021196025975
org.odpi.openmetadata.adapters.connectors.egeriainfrastructure.servers,org.odpi.openmetadata.adapters.connectors.egeriainfrastructure.ffdc,18,2,18.0,19.775021196025975
org.odpi.openmetadata.governanceservers.enginehostservices.listener,org.odpi.openmetadata.governanceservers.enginehostservices.ffdc,18,2,18.0,19.775021196025975
org.odpi.openmetadata.frameworks.integration.iterator,org.odpi.openmetadata.frameworks.openmetadata.types,18,2,18.0,19.775021196025975
org.odpi.openmetadata.adapters.connectors.baudot,org.odpi.openmetadata.frameworks.openmetadata.types,18,2,18.0,19.775021196025975
org.odpi.openmetadata.samples.governanceactions.clinicaltrials,org.odpi.openmetadata.adapters.connectors.controls,18,2,18.0,19.775021196025975
org.odpi.openmetadata.viewservices.glossarymanager.server,org.odpi.openmetadata.frameworks.openmetadata.ffdc,18,2,18.0,19.775021196025975
org.odpi.openmetadata.adapters.repositoryservices.postgres.repositoryconnector.database,org.odpi.openmetadata.repositoryservices.connectors.stores.metadatacollectionstore.properties.typedefs,18,2,18.0,19.775021196025975
org.odpi.openmetadata.frameworks.openmetadata.builders,org.odpi.openmetadata.frameworks.openmetadata.properties.digitalbusiness,18,2,18.0,19.775021196025975
org.odpi.openmetadata.governanceservers.enginehostservices.listener,org.odpi.openmetadata.frameworks.openmetadata.types,18,2,18.0,19.775021196025975
org.odpi.openmetadata.frameworks.openmetadata.connectorcontext,org.odpi.openmetadata.frameworks.openmetadata.properties.assets.reports,18,2,18.0,19.775021196025975
org.odpi.openmetadata.frameworks.openmetadata.properties,org.odpi.openmetadata.frameworks.openmetadata.properties.solutions,18,2,18.0,19.775021196025975
org.odpi.openmetadata.frameworks.opengovernance.mermaid,org.odpi.openmetadata.frameworks.openmetadata.types,18,2,18.0,19.775021196025975
org.odpi.openmetadata.frameworkservices.ocf.metadatamanagement.server,org.odpi.openmetadata.frameworks.openmetadata.types,18,2,18.0,19.775021196025975
org.odpi.openmetadata.frameworks.openwatchdog,org.odpi.openmetadata.frameworks.openwatchdog.ffdc,18,2,18.0,19.775021196025975
org.odpi.openmetadata.viewservices.templatemanager.server,org.odpi.openmetadata.frameworks.openmetadata.ffdc,18,2,18.0,19.775021196025975
org.odpi.openmetadata.viewservices.projectmanager.server,org.odpi.openmetadata.frameworks.openmetadata.properties.projects,18,2,18.0,19.775021196025975
org.odpi.openmetadata.conformance.tests.platform.origin,org.odpi.openmetadata.conformance.beans,18,2,18.0,19.775021196025975
org.odpi.openmetadata.frameworks.openmetadata.builders,org.odpi.openmetadata.frameworks.openmetadata.properties.schema,18,2,18.0,19.775021196025975
org.odpi.openmetadata.repositoryservices.enterprise.repositoryconnector.executors,org.odpi.openmetadata.repositoryservices.ffdc,18,2,18.0,19.775021196025975
org.odpi.openmetadata.frameworks.openmetadata.events,org.odpi.openmetadata.frameworks.openmetadata.ffdc,18,2,18.0,19.775021196025975
org.odpi.openmetadata.frameworks.openmetadata.properties.assets,org.odpi.openmetadata.frameworks.openmetadata.properties.assets.filesandfolders,18,2,18.0,19.775021196025975
org.odpi.openmetadata.accessservices.assetmanager.fvt,org.odpi.openmetadata.accessservices.assetmanager.fvt.dataassets,14,3,14.0,19.408121055678468
org.odpi.openmetadata.adapters.connectors.postgres.tabulardatasource,org.odpi.openmetadata.frameworks.connectors.controls,14,3,14.0,19.408121055678468
org.odpi.openmetadata.frameworks.openmetadata.types,org.odpi.openmetadata.frameworks.openmetadata.properties.validvalues,28,1,28.0,19.408121055678468
org.odpi.openmetadata.frameworks.openmetadata.types,org.odpi.openmetadata.frameworks.openmetadata.properties.feedback,28,1,28.0,19.408121055678468
org.odpi.openmetadata.adapters.connectors.egeriainfrastructure.extractor,org.odpi.openmetadata.metadatasecurity.properties,14,3,14.0,19.408121055678468
org.odpi.openmetadata.contentpacks.core.base,org.odpi.openmetadata.frameworks.openmetadata.mapper,14,3,14.0,19.408121055678468
org.odpi.openmetadata.engineservices.watchdogaction.client.rest,org.odpi.openmetadata.frameworkservices.ocf.metadatamanagement.client,14,3,14.0,19.408121055678468
org.odpi.openmetadata.frameworks.openmetadata.types,org.odpi.openmetadata.frameworks.openmetadata.search,28,1,28.0,19.408121055678468
org.odpi.openmetadata.engineservices.repositorygovernance.client.rest,org.odpi.openmetadata.commonservices.ffdc.rest,14,3,14.0,19.408121055678468
org.odpi.openmetadata.engineservices.governanceaction.client.rest,org.odpi.openmetadata.commonservices.ffdc.rest,14,3,14.0,19.408121055678468
org.odpi.openmetadata.adapters.connectors.egeriainfrastructure.platform,org.odpi.openmetadata.metadatasecurity.properties,14,3,14.0,19.408121055678468
org.odpi.openmetadata.engineservices.repositorygovernance.connector,org.odpi.openmetadata.frameworks.opengovernance,14,3,14.0,19.408121055678468
org.odpi.openmetadata.frameworkservices.gaf.server,org.odpi.openmetadata.repositoryservices.connectors.stores.metadatacollectionstore.utilities,28,1,28.0,19.408121055678468
org.odpi.openmetadata.viewservices.schemamaker.server,org.odpi.openmetadata.frameworks.openmetadata.properties.schema,14,3,14.0,19.408121055678468
org.odpi.openmetadata.frameworkservices.gaf.server,org.odpi.openmetadata.frameworks.openmetadata.metadataelements,28,1,28.0,19.408121055678468
org.odpi.openmetadata.adapters.connectors.egeriainfrastructure.platform.survey,org.odpi.openmetadata.adapters.connectors.egeriainfrastructure.control,14,3,14.0,19.408121055678468
org.odpi.openmetadata.engineservices.surveyaction.client.rest,org.odpi.openmetadata.frameworkservices.ocf.metadatamanagement.client,14,3,14.0,19.408121055678468
org.odpi.openmetadata.adapters.repositoryservices.postgres.repositoryconnector.mappers,org.odpi.openmetadata.repositoryservices.connectors.stores.metadatacollectionstore.properties.typedefs,14,3,14.0,19.408121055678468
org.odpi.openmetadata.adapters.connectors.datastore.basicfile,org.odpi.openmetadata.frameworks.connectors.controls,14,3,14.0,19.408121055678468
org.odpi.openmetadata.adapters.connectors.postgres.survey,org.odpi.openmetadata.frameworks.connectors.controls,14,3,14.0,19.408121055678468
org.odpi.openmetadata.metadatasecurity,org.odpi.openmetadata.metadatasecurity.properties,14,3,14.0,19.408121055678468
org.odpi.openmetadata.adapters.connectors.integration.basicfiles,org.odpi.openmetadata.frameworks.integration.context,28,1,28.0,19.408121055678468
org.odpi.openmetadata.platformservices.client,org.odpi.openmetadata.frameworks.connectors.properties.beans,14,3,14.0,19.408121055678468
org.odpi.openmetadata.adapters.connectors.unitycatalog.sync,org.odpi.openmetadata.frameworks.connectors.controls,14,3,14.0,19.408121055678468
org.odpi.openmetadata.adapters.connectors.governanceactions.watchdog,org.odpi.openmetadata.frameworks.openwatchdog.controls,14,3,14.0,19.408121055678468
org.odpi.openmetadata.viewservices.actionauthor.admin,org.odpi.openmetadata.adminservices.registration,12,4,12.0,19.313254949209202
org.odpi.openmetadata.viewservices.multilanguage.admin,org.odpi.openmetadata.adminservices.registration,12,4,12.0,19.313254949209202
org.odpi.openmetadata.engineservices.watchdogaction.server,org.odpi.openmetadata.tokencontroller,12,4,12.0,19.313254949209202
org.odpi.openmetadata.viewservices.collectionmanager.admin,org.odpi.openmetadata.adminservices.registration,12,4,12.0,19.313254949209202
org.odpi.openmetadata.accessservices.governanceprogram.fvt.definitions,org.odpi.openmetadata.frameworks.auditlog,12,4,12.0,19.313254949209202
org.odpi.openmetadata.viewservices.governanceofficer.admin,org.odpi.openmetadata.adminservices.registration,12,4,12.0,19.313254949209202
org.odpi.openmetadata.accessservices.governanceserver.fvt.errorhandling,org.odpi.openmetadata.frameworks.auditlog,12,4,12.0,19.313254949209202
org.odpi.openmetadata.viewservices.metadataexpert.admin,org.odpi.openmetadata.adminservices.registration,12,4,12.0,19.313254949209202
org.odpi.openmetadata.viewservices.notificationmanager.admin,org.odpi.openmetadata.adminservices.registration,12,4,12.0,19.313254949209202
org.odpi.openmetadata.viewservices.classificationexplorer.admin,org.odpi.openmetadata.adminservices.registration,12,4,12.0,19.313254949209202
org.odpi.openmetadata.metadatasecurity.server,org.odpi.openmetadata.commonservices.ffdc,12,4,12.0,19.313254949209202
org.odpi.openmetadata.accessservices.assetconsumer.fvt,org.odpi.openmetadata.frameworks.openmetadata.properties.assets,12,4,12.0,19.313254949209202
org.odpi.openmetadata.viewservices.automatedcuration.handlers,org.odpi.openmetadata.viewservices.automatedcuration.mermaid,12,4,12.0,19.313254949209202
org.odpi.openmetadata.accessservices.assetconsumer.fvt,org.odpi.openmetadata.frameworks.openmetadata.properties.schema,12,4,12.0,19.313254949209202
org.odpi.openmetadata.viewservices.datadiscovery.admin,org.odpi.openmetadata.adminservices.registration,12,4,12.0,19.313254949209202
org.odpi.openmetadata.engineservices.surveyaction.server,org.odpi.openmetadata.tokencontroller,12,4,12.0,19.313254949209202
org.odpi.openmetadata.viewservices.digitalbusiness.admin,org.odpi.openmetadata.adminservices.registration,12,4,12.0,19.313254949209202
org.odpi.openmetadata.frameworks.integration.iterator,org.odpi.openmetadata.frameworks.openmetadata.search,12,4,12.0,19.313254949209202
org.odpi.openmetadata.viewservices.runtimemanager.admin,org.odpi.openmetadata.adminservices.registration,12,4,12.0,19.313254949209202
org.odpi.openmetadata.viewservices.dataofficer.server.spring,org.odpi.openmetadata.viewservices.dataofficer.server,12,4,12.0,19.313254949209202
org.odpi.openmetadata.archiveutilities.bigglossaries,org.odpi.openmetadata.repositoryservices.connectors.stores.archivestore.properties,12,4,12.0,19.313254949209202
org.odpi.openmetadata.archiveutilities.bigglossaries,org.odpi.openmetadata.repositoryservices.archiveutilities,12,4,12.0,19.313254949209202
org.odpi.openmetadata.viewservices.devopspipeline.server.spring,org.odpi.openmetadata.viewservices.devopspipeline.server,12,4,12.0,19.313254949209202
org.odpi.openmetadata.accessservices.governanceserver.fvt.engines,org.odpi.openmetadata.frameworks.auditlog,12,4,12.0,19.313254949209202
org.odpi.openmetadata.viewservices.actormanager.admin,org.odpi.openmetadata.adminservices.registration,12,4,12.0,19.313254949209202
org.odpi.openmetadata.viewservices.templatemanager.admin,org.odpi.openmetadata.adminservices.registration,12,4,12.0,19.313254949209202
org.odpi.openmetadata.viewservices.locationarena.admin,org.odpi.openmetadata.adminservices.registration,12,4,12.0,19.313254949209202
org.odpi.openmetadata.accessservices.samples.assetsetup,org.odpi.openmetadata.frameworks.openmetadata.properties.actors,12,4,12.0,19.313254949209202
org.odpi.openmetadata.viewservices.peopleorganizer.admin,org.odpi.openmetadata.adminservices.registration,12,4,12.0,19.313254949209202
org.odpi.openmetadata.viewservices.feedbackmanager.admin,org.odpi.openmetadata.adminservices.registration,12,4,12.0,19.313254949209202
org.odpi.openmetadata.archiveutilities.designmodels.owlcanonicalglossarymodel,org.odpi.openmetadata.repositoryservices.archiveutilities,12,4,12.0,19.313254949209202
org.odpi.openmetadata.viewservices.validmetadata.admin,org.odpi.openmetadata.adminservices.registration,12,4,12.0,19.313254949209202
org.odpi.openmetadata.viewservices.productcatalog.server.spring,org.odpi.openmetadata.viewservices.productcatalog.server,12,4,12.0,19.313254949209202
org.odpi.openmetadata.viewservices.communitymatters.admin,org.odpi.openmetadata.adminservices.registration,12,4,12.0,19.313254949209202
org.odpi.openmetadata.viewservices.securityofficer.admin,org.odpi.openmetadata.adminservices.registration,12,4,12.0,19.313254949209202
org.odpi.openmetadata.viewservices.schemamaker.admin,org.odpi.openmetadata.adminservices.registration,12,4,12.0,19.313254949209202
org.odpi.openmetadata.viewservices.privacyofficer.admin,org.odpi.openmetadata.adminservices.registration,12,4,12.0,19.313254949209202
org.odpi.openmetadata.accessservices.assetmanager.fvt.glossaries,org.odpi.openmetadata.frameworks.auditlog,12,4,12.0,19.313254949209202
org.odpi.openmetadata.accessservices.assetowner.fvt.assets,org.odpi.openmetadata.frameworks.openmetadata.properties.schema,12,4,12.0,19.313254949209202
org.odpi.openmetadata.viewservices.subjectarea.admin,org.odpi.openmetadata.adminservices.registration,12,4,12.0,19.313254949209202
org.odpi.openmetadata.frameworkservices.ocf.metadatamanagement.admin,org.odpi.openmetadata.adminservices.registration,12,4,12.0,19.313254949209202
org.odpi.openmetadata.viewservices.connectionmaker.admin,org.odpi.openmetadata.adminservices.registration,12,4,12.0,19.313254949209202
org.odpi.openmetadata.viewservices.solutionarchitect.admin,org.odpi.openmetadata.adminservices.registration,12,4,12.0,19.313254949209202
org.odpi.openmetadata.viewservices.myprofile.admin,org.odpi.openmetadata.adminservices.registration,12,4,12.0,19.313254949209202
org.odpi.openmetadata.viewservices.glossarymanager.admin,org.odpi.openmetadata.adminservices.registration,12,4,12.0,19.313254949209202
org.odpi.openmetadata.viewservices.datadesigner.admin,org.odpi.openmetadata.adminservices.registration,12,4,12.0,19.313254949209202
org.odpi.openmetadata.viewservices.timekeeper.admin,org.odpi.openmetadata.adminservices.registration,12,4,12.0,19.313254949209202
org.odpi.openmetadata.viewservices.assetmaker.admin,org.odpi.openmetadata.adminservices.registration,12,4,12.0,19.313254949209202
org.odpi.openmetadata.accessservices.governanceserver.fvt.clientconstructors,org.odpi.openmetadata.frameworkservices.gaf.client.rest,12,4,12.0,19.313254949209202
org.odpi.openmetadata.viewservices.externallinks.admin,org.odpi.openmetadata.adminservices.registration,12,4,12.0,19.313254949209202
org.odpi.openmetadata.viewservices.multilanguage.server.spring,org.odpi.openmetadata.viewservices.multilanguage.server,12,4,12.0,19.313254949209202
org.odpi.openmetadata.viewservices.productcatalog.admin,org.odpi.openmetadata.adminservices.registration,12,4,12.0,19.313254949209202
org.odpi.openmetadata.viewservices.privacyofficer.server.spring,org.odpi.openmetadata.viewservices.privacyofficer.server,12,4,12.0,19.313254949209202
org.odpi.openmetadata.adapters.connectors.integration.jdbc,org.odpi.openmetadata.adapters.connectors.integration.jdbc.transfer.customization,12,4,12.0,19.313254949209202
org.odpi.openmetadata.adapters.connectors.egeriainfrastructure.platform.catalog,org.odpi.openmetadata.frameworks.connectors.ffdc,12,4,12.0,19.313254949209202
org.odpi.openmetadata.engineservices.governanceaction.server,org.odpi.openmetadata.tokencontroller,12,4,12.0,19.313254949209202
org.odpi.openmetadata.viewservices.dataengineer.admin,org.odpi.openmetadata.adminservices.registration,12,4,12.0,19.313254949209202
org.odpi.openmetadata.frameworkservices.gaf.server,org.odpi.openmetadata.frameworks.opengovernance.mermaid,12,4,12.0,19.313254949209202
org.odpi.openmetadata.commonservices.multitenant,org.odpi.openmetadata.frameworkservices.ocf.metadatamanagement.client,12,4,12.0,19.313254949209202
org.odpi.openmetadata.commonservices.multitenant,org.odpi.openmetadata.frameworkservices.omf.client,12,4,12.0,19.313254949209202
org.odpi.openmetadata.accessservices.governanceserver.fvt.duplicates,org.odpi.openmetadata.frameworkservices.gaf.client.rest,12,4,12.0,19.313254949209202
org.odpi.openmetadata.commonservices.multitenant,org.odpi.openmetadata.frameworkservices.gaf.client,12,4,12.0,19.313254949209202
org.odpi.openmetadata.governanceservers.enginehostservices.enginemap,org.odpi.openmetadata.frameworks.opengovernance.properties,12,4,12.0,19.313254949209202
org.odpi.openmetadata.accessservices.itinfrastructure.samples.assetdeploy,org.odpi.openmetadata.frameworks.openmetadata.handlers,12,4,12.0,19.313254949209202
org.odpi.openmetadata.accessservices.governanceserver.fvt.duplicates,org.odpi.openmetadata.frameworks.auditlog,12,4,12.0,19.313254949209202
org.odpi.openmetadata.viewservices.dataofficer.admin,org.odpi.openmetadata.adminservices.registration,12,4,12.0,19.313254949209202
org.odpi.openmetadata.conformance.server,org.odpi.openmetadata.conformance.workbenches.repository.connectorconsumer,12,4,12.0,19.313254949209202
org.odpi.openmetadata.adapters.connectors.egeriainfrastructure.platform.catalog,org.odpi.openmetadata.frameworks.openmetadata.properties.assets.metadatarepositories,12,4,12.0,19.313254949209202
org.odpi.openmetadata.contentpacks.core,org.odpi.openmetadata.contentpacks.core.apacheatlas,12,4,12.0,19.313254949209202
org.odpi.openmetadata.contentpacks.core,org.odpi.openmetadata.contentpacks.core.files,12,4,12.0,19.313254949209202
org.odpi.openmetadata.engineservices.watchdogaction.handlers,org.odpi.openmetadata.frameworks.openmetadata.search,12,4,12.0,19.313254949209202
org.odpi.openmetadata.adapters.connectors.jacquard,org.odpi.openmetadata.frameworks.openmetadata.properties.communities,12,4,12.0,19.313254949209202
org.odpi.openmetadata.contentpacks.core,org.odpi.openmetadata.contentpacks.core.digitalproducts,12,4,12.0,19.313254949209202
org.odpi.openmetadata.contentpacks.core,org.odpi.openmetadata.contentpacks.core.egeria,12,4,12.0,19.313254949209202
org.odpi.openmetadata.viewservices.governanceofficer.server,org.odpi.openmetadata.frameworks.openmetadata.mermaid,12,4,12.0,19.313254949209202
org.odpi.openmetadata.engineservices.repositorygovernance.server,org.odpi.openmetadata.tokencontroller,12,4,12.0,19.313254949209202
org.odpi.openmetadata.contentpacks.core,org.odpi.openmetadata.contentpacks.core.apachekafka,12,4,12.0,19.313254949209202
org.odpi.openmetadata.adapters.connectors.subscriptions,org.odpi.openmetadata.frameworks.openmetadata.properties.implementations,12,4,12.0,19.313254949209202
org.odpi.openmetadata.samples.archiveutilities,org.odpi.openmetadata.samples.archiveutilities.governanceengines,12,4,12.0,19.313254949209202
org.odpi.openmetadata.samples.archiveutilities,org.odpi.openmetadata.samples.archiveutilities.combo,12,4,12.0,19.313254949209202
org.odpi.openmetadata.samples.archiveutilities,org.odpi.openmetadata.samples.archiveutilities.governanceprogram,12,4,12.0,19.313254949209202
org.odpi.openmetadata.samples.archiveutilities,org.odpi.openmetadata.samples.archiveutilities.businesssystems,12,4,12.0,19.313254949209202
org.odpi.openmetadata.samples.archiveutilities,org.odpi.openmetadata.samples.archiveutilities.clinicaltrialtemplates,12,4,12.0,19.313254949209202
org.odpi.openmetadata.adapters.connectors.externalharvesters.harvestopenmetadata,org.odpi.openmetadata.frameworks.integration.properties,12,4,12.0,19.313254949209202
org.odpi.openmetadata.samples.archiveutilities,org.odpi.openmetadata.samples.archiveutilities.organization,12,4,12.0,19.313254949209202
org.odpi.openmetadata.samples.archiveutilities,org.odpi.openmetadata.samples.archiveutilities.sustainability,12,4,12.0,19.313254949209202
org.odpi.openmetadata.contentpacks.core,org.odpi.openmetadata.contentpacks.core.core,12,4,12.0,19.313254949209202
org.odpi.openmetadata.viewservices.projectmanager.admin,org.odpi.openmetadata.adminservices.registration,12,4,12.0,19.313254949209202
org.odpi.openmetadata.samples.archiveutilities.governanceengines,org.odpi.openmetadata.adapters.connectors.governanceactions.provisioning,12,4,12.0,19.313254949209202
org.odpi.openmetadata.viewservices.automatedcuration.admin,org.odpi.openmetadata.adminservices.registration,12,4,12.0,19.313254949209202
org.odpi.openmetadata.conformance.server,org.odpi.openmetadata.conformance.workbenches.repository.listener,12,4,12.0,19.313254949209202
org.odpi.openmetadata.viewservices.dataengineer.server,org.odpi.openmetadata.tokencontroller,12,4,12.0,19.313254949209202
org.odpi.openmetadata.contentpacks.core,org.odpi.openmetadata.contentpacks.core.apis,12,4,12.0,19.313254949209202
org.odpi.openmetadata.governanceservers.enginehostservices.server,org.odpi.openmetadata.governanceservers.enginehostservices.threads,12,4,12.0,19.313254949209202
org.odpi.openmetadata.adapters.connectors.datastore.datafolder,org.odpi.openmetadata.frameworks.connectors,12,4,12.0,19.313254949209202
org.odpi.openmetadata.viewservices.devopspipeline.admin,org.odpi.openmetadata.adminservices.registration,12,4,12.0,19.313254949209202
org.odpi.openmetadata.contentpacks.core,org.odpi.openmetadata.contentpacks.core.openlineage,12,4,12.0,19.313254949209202
org.odpi.openmetadata.governanceservers.enginehostservices.server,org.odpi.openmetadata.frameworkservices.gaf.client,12,4,12.0,19.313254949209202
org.odpi.openmetadata.frameworks.connectors.client,org.odpi.openmetadata.frameworks.openmetadata.search,12,4,12.0,19.313254949209202
org.odpi.openmetadata.viewservices.lineagelinker.admin,org.odpi.openmetadata.adminservices.registration,12,4,12.0,19.313254949209202
org.odpi.openmetadata.frameworks.openmetadata.handlers,org.odpi.openmetadata.frameworks.openmetadata.properties.assets.metadatarepositories,12,4,12.0,19.313254949209202
org.odpi.openmetadata.adapters.connectors.integration.kafkaaudit,org.odpi.openmetadata.repositoryservices.connectors.openmetadatatopic,12,4,12.0,19.313254949209202
org.odpi.openmetadata.contentpacks.core,org.odpi.openmetadata.contentpacks.core.postgres,12,4,12.0,19.313254949209202
org.odpi.openmetadata.accessservices.assetowner.fvt.duplicateprocessing,org.odpi.openmetadata.frameworks.openmetadata.properties.schema,12,4,12.0,19.313254949209202
org.odpi.openmetadata.adapters.connectors.integration.openapis,org.odpi.openmetadata.frameworks.connectors.ffdc,12,4,12.0,19.313254949209202
org.odpi.openmetadata.viewservices.referencedata.admin,org.odpi.openmetadata.adminservices.registration,12,4,12.0,19.313254949209202
org.odpi.openmetadata.contentpacks.core,org.odpi.openmetadata.contentpacks.core.organizationinsight,12,4,12.0,19.313254949209202
org.odpi.openmetadata.repositoryservices.rest.services,org.odpi.openmetadata.repositoryservices.ffdc.exception,12,4,12.0,19.313254949209202
org.odpi.openmetadata.viewservices.productmanager.admin,org.odpi.openmetadata.adminservices.registration,12,4,12.0,19.313254949209202
org.odpi.openmetadata.adapters.connectors.integration.openapis,org.odpi.openmetadata.frameworks.openmetadata.properties.assets.apis,12,4,12.0,19.313254949209202
org.odpi.openmetadata.contentpacks.core,org.odpi.openmetadata.contentpacks.core.unitycatalog,12,4,12.0,19.313254949209202
org.odpi.openmetadata.conformance.server.spring,org.odpi.openmetadata.conformance.rest,27,1,27.0,18.714973875118524
org.odpi.openmetadata.viewservices.validmetadata.server.spring,org.odpi.openmetadata.frameworkservices.omf.rest,27,1,27.0,18.714973875118524
org.odpi.openmetadata.engineservices.governanceaction.handlers,org.odpi.openmetadata.frameworks.opengovernance.controls,17,2,17.0,18.676408907357867
org.odpi.openmetadata.repositoryservices.rest.services,org.odpi.openmetadata.frameworks.openmetadata.ffdc,17,2,17.0,18.676408907357867
org.odpi.openmetadata.frameworks.openmetadata.builders,org.odpi.openmetadata.frameworks.openmetadata.properties.actors,17,2,17.0,18.676408907357867
org.odpi.openmetadata.adapters.connectors.governanceactions.verification,org.odpi.openmetadata.frameworks.openmetadata.types,17,2,17.0,18.676408907357867
org.odpi.openmetadata.adapters.connectors.reports.surveyreport,org.odpi.openmetadata.frameworks.opengovernance.controls,17,2,17.0,18.676408907357867
org.odpi.openmetadata.adapters.connectors.integration.openapis,org.odpi.openmetadata.frameworks.openmetadata.types,17,2,17.0,18.676408907357867
org.odpi.openmetadata.frameworkservices.omf.admin,org.odpi.openmetadata.frameworkservices.omf.ffdc,17,2,17.0,18.676408907357867
org.odpi.openmetadata.conformance.workbenches.platform,org.odpi.openmetadata.conformance.ffdc,17,2,17.0,18.676408907357867
org.odpi.openmetadata.adapters.connectors.baudot,org.odpi.openmetadata.frameworks.openmetadata.ffdc,17,2,17.0,18.676408907357867
org.odpi.openmetadata.adapters.connectors.surveyaction.surveyfolder,org.odpi.openmetadata.frameworks.openmetadata.refdata,17,2,17.0,18.676408907357867
org.odpi.openmetadata.adapters.connectors.integration.kafkaaudit.controls,org.odpi.openmetadata.frameworks.openmetadata.refdata,17,2,17.0,18.676408907357867
org.odpi.openmetadata.contentpacks.core,org.odpi.openmetadata.adapters.connectors.surveyaction.controls,17,2,17.0,18.676408907357867
org.odpi.openmetadata.frameworks.integration.contextmanager,org.odpi.openmetadata.frameworks.integration.ffdc,17,2,17.0,18.676408907357867
org.odpi.openmetadata.viewservices.myprofile.server,org.odpi.openmetadata.viewservices.myprofile.ffdc,17,2,17.0,18.676408907357867
org.odpi.openmetadata.adapters.connectors.egeriainfrastructure.control,org.odpi.openmetadata.frameworks.openmetadata.types,17,2,17.0,18.676408907357867
org.odpi.openmetadata.adapters.repositoryservices.inmemory.repositoryconnector,org.odpi.openmetadata.repositoryservices.ffdc,17,2,17.0,18.676408907357867
org.odpi.openmetadata.governanceservers.enginehostservices.threads,org.odpi.openmetadata.governanceservers.enginehostservices.ffdc,17,2,17.0,18.676408907357867
org.odpi.openmetadata.frameworkservices.gaf.outtopic,org.odpi.openmetadata.frameworkservices.omf.ffdc,17,2,17.0,18.676408907357867
org.odpi.openmetadata.frameworkservices.gaf.admin,org.odpi.openmetadata.frameworkservices.gaf.ffdc,17,2,17.0,18.676408907357867
org.odpi.openmetadata.frameworkservices.ocf.metadatamanagement.admin,org.odpi.openmetadata.frameworkservices.ocf.metadatamanagement.ffdc,17,2,17.0,18.676408907357867
org.odpi.openmetadata.userauthn.auth,org.odpi.openmetadata.frameworks.connectors.controls,17,2,17.0,18.676408907357867
org.odpi.openmetadata.frameworks.opengovernance.handlers,org.odpi.openmetadata.frameworks.opengovernance.ffdc,17,2,17.0,18.676408907357867
org.odpi.openmetadata.metadatasecurity.server,org.odpi.openmetadata.repositoryservices.events,13,3,13.0,18.021826694558577
org.odpi.openmetadata.viewservices.assetcatalog.server,org.odpi.openmetadata.frameworks.openmetadata.client,13,3,13.0,18.021826694558577
org.odpi.openmetadata.adapters.connectors.wedgwood,org.odpi.openmetadata.frameworks.opengovernance.properties,13,3,13.0,18.021826694558577
org.odpi.openmetadata.engineservices.surveyaction.client,org.odpi.openmetadata.commonservices.ffdc.rest,13,3,13.0,18.021826694558577
org.odpi.openmetadata.frameworkservices.gaf.client,org.odpi.openmetadata.frameworks.connectors.properties.beans,13,3,13.0,18.021826694558577
org.odpi.openmetadata.frameworks.openmetadata.types,org.odpi.openmetadata.frameworks.openmetadata.properties.designmodels,26,1,26.0,18.021826694558577
org.odpi.openmetadata.userauthn,org.odpi.openmetadata.metadatasecurity.server,13,3,13.0,18.021826694558577
org.odpi.openmetadata.viewservices.digitalbusiness.server,org.odpi.openmetadata.frameworks.openmetadata.properties.digitalbusiness,13,3,13.0,18.021826694558577
org.odpi.openmetadata.repositoryservices.clients,org.odpi.openmetadata.frameworks.connectors.properties.beans,13,3,13.0,18.021826694558577
org.odpi.openmetadata.adapters.repositoryservices.auditlogstore.postgres.controls,org.odpi.openmetadata.adapters.connectors.resource.jdbc.controls,13,3,13.0,18.021826694558577
org.odpi.openmetadata.metadatasecurity,org.odpi.openmetadata.repositoryservices.events,13,3,13.0,18.021826694558577
org.odpi.openmetadata.frameworks.openmetadata.types,org.odpi.openmetadata.frameworks.openmetadata.properties.assets,26,1,26.0,18.021826694558577
org.odpi.openmetadata.viewservices.dataengineer.server,org.odpi.openmetadata.frameworks.connectors,13,3,13.0,18.021826694558577
org.odpi.openmetadata.adapters.adminservices.configurationstore.file,org.odpi.openmetadata.frameworks.connectors.properties.beans,13,3,13.0,18.021826694558577
org.odpi.openmetadata.repositoryservices.connectors.stores.cohortregistrystore,org.odpi.openmetadata.repositoryservices.connectors.stores.cohortregistrystore.properties,13,3,13.0,18.021826694558577
org.odpi.openmetadata.engineservices.watchdogaction.client,org.odpi.openmetadata.commonservices.ffdc.rest,13,3,13.0,18.021826694558577
org.odpi.openmetadata.accessservices.assetmanager.samples.glossaryworkflow,org.odpi.openmetadata.frameworks.openmetadata.metadataelements,13,3,13.0,18.021826694558577
org.odpi.openmetadata.engineservices.governanceaction.client,org.odpi.openmetadata.commonservices.ffdc.rest,13,3,13.0,18.021826694558577
org.odpi.openmetadata.engineservices.repositorygovernance.client,org.odpi.openmetadata.commonservices.ffdc.rest,13,3,13.0,18.021826694558577
org.odpi.openmetadata.reports,org.odpi.openmetadata.commonservices.ffdc.rest,13,3,13.0,18.021826694558577
org.odpi.openmetadata.adapters.connectors.integration.openlineage,org.odpi.openmetadata.adapters.connectors.integration.openlineage.controls,13,3,13.0,18.021826694558577
org.odpi.openmetadata.adapters.repositoryservices.auditlogstore.file,org.odpi.openmetadata.frameworks.connectors.properties.beans,13,3,13.0,18.021826694558577
org.odpi.openmetadata.frameworkservices.omf.client,org.odpi.openmetadata.frameworks.connectors.properties.beans,13,3,13.0,18.021826694558577
org.odpi.openmetadata.repositoryservices.admin,org.odpi.openmetadata.repositoryservices.connectors.stores.auditlogstore,10,5,10.0,17.91759469228055
org.odpi.openmetadata.viewservices.automatedcuration.server,org.odpi.openmetadata.frameworkservices.ocf.metadatamanagement.client,11,4,11.0,17.703817036775103
org.odpi.openmetadata.viewservices.governanceofficer.server,org.odpi.openmetadata.frameworkservices.gaf.client,11,4,11.0,17.703817036775103
org.odpi.openmetadata.engineservices.governanceaction.server,org.odpi.openmetadata.frameworks.auditlog,11,4,11.0,17.703817036775103
org.odpi.openmetadata.engineservices.watchdogaction.server,org.odpi.openmetadata.frameworks.auditlog,11,4,11.0,17.703817036775103
org.odpi.openmetadata.engineservices.repositorygovernance.server,org.odpi.openmetadata.frameworks.auditlog,11,4,11.0,17.703817036775103
org.odpi.openmetadata.engineservices.surveyaction.server,org.odpi.openmetadata.frameworks.auditlog,11,4,11.0,17.703817036775103
org.odpi.openmetadata.samples.archiveutilities.combo,org.odpi.openmetadata.repositoryservices.connectors.stores.archivestore.properties,11,4,11.0,17.703817036775103
org.odpi.openmetadata.viewservices.dataengineer.server,org.odpi.openmetadata.frameworks.auditlog,11,4,11.0,17.703817036775103
org.odpi.openmetadata.platformservices.client,org.odpi.openmetadata.adminservices.configuration.properties,11,4,11.0,17.703817036775103
org.odpi.openmetadata.viewservices.automatedcuration.server,org.odpi.openmetadata.frameworkservices.gaf.client,11,4,11.0,17.703817036775103
org.odpi.openmetadata.frameworks.openmetadata.properties,org.odpi.openmetadata.frameworks.openmetadata.properties.glossaries,16,2,16.0,17.577796618689757
org.odpi.openmetadata.frameworks.openmetadata.builders,org.odpi.openmetadata.frameworks.openmetadata.properties.assets,16,2,16.0,17.577796618689757
org.odpi.openmetadata.accessservices.communityprofile.fvt.todos,org.odpi.openmetadata.adminservices.configuration.registration,16,2,16.0,17.577796618689757
org.odpi.openmetadata.adapters.repositoryservices.auditlogstore.file,org.odpi.openmetadata.repositoryservices.ffdc.exception,16,2,16.0,17.577796618689757
org.odpi.openmetadata.adapters.repositoryservices.postgres.repositoryconnector.schema,org.odpi.openmetadata.adapters.connectors.resource.jdbc.ddl.postgres,16,2,16.0,17.577796618689757
org.odpi.openmetadata.frameworks.connectors.api,org.odpi.openmetadata.frameworks.connectors,16,2,16.0,17.577796618689757
org.odpi.openmetadata.adapters.connectors.governanceactions.remediation,org.odpi.openmetadata.frameworks.openmetadata.ffdc,16,2,16.0,17.577796618689757
org.odpi.openmetadata.accessservices.assetconsumer.fvt,org.odpi.openmetadata.fvt.utilities.auditlog,16,2,16.0,17.577796618689757
org.odpi.openmetadata.adapters.connectors.apacheatlas.integration,org.odpi.openmetadata.frameworks.openmetadata.ffdc,16,2,16.0,17.577796618689757
org.odpi.openmetadata.contentpacks.core.organizationinsight,org.odpi.openmetadata.samples.archiveutilities,16,2,16.0,17.577796618689757
org.odpi.openmetadata.contentpacks.core.digitalproducts,org.odpi.openmetadata.samples.archiveutilities,16,2,16.0,17.577796618689757
org.odpi.openmetadata.frameworks.connectors.client,org.odpi.openmetadata.frameworks.connectors,16,2,16.0,17.577796618689757
org.odpi.openmetadata.contentpacks.core.openlineage,org.odpi.openmetadata.samples.archiveutilities,16,2,16.0,17.577796618689757
org.odpi.openmetadata.commonservices.ffdc,org.odpi.openmetadata.repositoryservices.connectors.stores.metadatacollectionstore.properties.instances,12,3,12.0,16.635532333438686
org.odpi.openmetadata.samples.archiveutilities.cloudinformationmodel,org.odpi.openmetadata.opentypes,12,3,12.0,16.635532333438686
org.odpi.openmetadata.frameworks.openmetadata.types,org.odpi.openmetadata.frameworks.openmetadata.properties.projects,24,1,24.0,16.635532333438686
org.odpi.openmetadata.frameworks.connectors,org.odpi.openmetadata.frameworks.openmetadata.specificationproperties,12,3,12.0,16.635532333438686
org.odpi.openmetadata.frameworks.openmetadata.handlers,org.odpi.openmetadata.frameworks.openmetadata.properties.collections,24,1,24.0,16.635532333438686
org.odpi.openmetadata.frameworks.integration.context,org.odpi.openmetadata.frameworks.openmetadata.metadataelements,12,3,12.0,16.635532333438686
org.odpi.openmetadata.engineservices.repositorygovernance.connector,org.odpi.openmetadata.frameworks.opengovernance.properties,12,3,12.0,16.635532333438686
org.odpi.openmetadata.adapters.connectors.babbage,org.odpi.openmetadata.frameworks.opengovernance.properties,12,3,12.0,16.635532333438686
org.odpi.openmetadata.adapters.connectors.integration.openlineage,org.odpi.openmetadata.frameworks.opengovernance.properties,12,3,12.0,16.635532333438686
org.odpi.openmetadata.archiveutilities.bigglossaries.catalogcontent,org.odpi.openmetadata.opentypes,12,3,12.0,16.635532333438686
org.odpi.openmetadata.archiveutilities.bigglossaries,org.odpi.openmetadata.opentypes,12,3,12.0,16.635532333438686
org.odpi.openmetadata.frameworks.openmetadata.handlers,org.odpi.openmetadata.frameworks.openmetadata.properties.surveyreports,24,1,24.0,16.635532333438686
org.odpi.openmetadata.frameworks.openmetadata.connectorcontext,org.odpi.openmetadata.frameworks.openmetadata.properties.surveyreports,24,1,24.0,16.635532333438686
org.odpi.openmetadata.archiveutilities.simplecatalogs,org.odpi.openmetadata.opentypes,12,3,12.0,16.635532333438686
org.odpi.openmetadata.adapters.connectors.organizationinsight.karmapoints,org.odpi.openmetadata.frameworks.auditlog,24,1,24.0,16.635532333438686
org.odpi.openmetadata.viewservices.runtimemanager.server,org.odpi.openmetadata.frameworks.openmetadata.client,12,3,12.0,16.635532333438686
org.odpi.openmetadata.adapters.connectors.jacquard,org.odpi.openmetadata.frameworks.opengovernance.properties,12,3,12.0,16.635532333438686
org.odpi.openmetadata.frameworks.openmetadata.connectorcontext,org.odpi.openmetadata.frameworks.openmetadata.properties.assets.processes,12,3,12.0,16.635532333438686
org.odpi.openmetadata.frameworks.openmetadata.types,org.odpi.openmetadata.frameworks.openmetadata.refdata,24,1,24.0,16.635532333438686
org.odpi.openmetadata.viewservices.templatemanager.server,org.odpi.openmetadata.frameworks.openmetadata.client,12,3,12.0,16.635532333438686
org.odpi.openmetadata.adapters.connectors.postgres.tabulardatasource,org.odpi.openmetadata.frameworks.auditlog,24,1,24.0,16.635532333438686
org.odpi.openmetadata.samples.archiveutilities.types,org.odpi.openmetadata.opentypes,12,3,12.0,16.635532333438686
org.odpi.openmetadata.frameworks.opensurvey,org.odpi.openmetadata.frameworks.openmetadata.specificationproperties,12,3,12.0,16.635532333438686
org.odpi.openmetadata.adapters.connectors.resource.jdbc.ddl.postgres,org.odpi.openmetadata.adapters.connectors.resource.jdbc.properties,12,3,12.0,16.635532333438686
org.odpi.openmetadata.adapters.connectors.integration.jdbc,org.odpi.openmetadata.frameworks.connectors,12,3,12.0,16.635532333438686
org.odpi.openmetadata.samples.archiveutilities,org.odpi.openmetadata.opentypes,12,3,12.0,16.635532333438686
org.odpi.openmetadata.archiveutilities.designmodels.base,org.odpi.openmetadata.opentypes,12,3,12.0,16.635532333438686
org.odpi.openmetadata.adapters.connectors.governanceactions.watchdog,org.odpi.openmetadata.frameworks.openmetadata.connectorcontext,24,1,24.0,16.635532333438686
org.odpi.openmetadata.frameworks.openmetadata.types,org.odpi.openmetadata.frameworks.openmetadata.properties.assets.reports,24,1,24.0,16.635532333438686
org.odpi.openmetadata.adapters.connectors.unitycatalog.survey,org.odpi.openmetadata.frameworks.connectors.properties.beans,24,1,24.0,16.635532333438686
org.odpi.openmetadata.governanceservers.enginehostservices.listener,org.odpi.openmetadata.frameworks.openmetadata.metadataelements,24,1,24.0,16.635532333438686
org.odpi.openmetadata.viewservices.templatemanager.server,org.odpi.openmetadata.frameworks.openmetadata.properties.templates,12,3,12.0,16.635532333438686
org.odpi.openmetadata.platformservices.server.spring,org.odpi.openmetadata.adminservices.rest,12,3,12.0,16.635532333438686
org.odpi.openmetadata.frameworks.integration.contextmanager,org.odpi.openmetadata.frameworks.integration.connectors,12,3,12.0,16.635532333438686
org.odpi.openmetadata.accessservices.assetmanager.fvt.clientconstructors,org.odpi.openmetadata.accessservices.assetmanager.fvt.common,12,3,12.0,16.635532333438686
org.odpi.openmetadata.samples.governanceactions.clinicaltrials,org.odpi.openmetadata.adapters.connectors.postgres.controls,12,3,12.0,16.635532333438686
org.odpi.openmetadata.conformance.server,org.odpi.openmetadata.repositoryservices.enterprise.connectormanager,12,3,12.0,16.635532333438686
org.odpi.openmetadata.frameworkservices.gaf.admin,org.odpi.openmetadata.repositoryservices.connectors.stores.metadatacollectionstore.repositoryconnector,12,3,12.0,16.635532333438686
org.odpi.openmetadata.frameworks.openmetadata.types,org.odpi.openmetadata.frameworks.openmetadata.properties.assets.processes.actions,24,1,24.0,16.635532333438686
org.odpi.openmetadata.adapters.connectors.governanceactions.remediation,org.odpi.openmetadata.frameworks.openmetadata.metadataelements,24,1,24.0,16.635532333438686
org.odpi.openmetadata.adapters.connectors.egeriainfrastructure.platform.catalog,org.odpi.openmetadata.platformservices.properties,24,1,24.0,16.635532333438686
org.odpi.openmetadata.viewservices.assetmaker.server,org.odpi.openmetadata.frameworks.openmetadata.properties.assets.reports,12,3,12.0,16.635532333438686
org.odpi.openmetadata.frameworks.openmetadata.connectorcontext,org.odpi.openmetadata.frameworks.openmetadata.properties.collections,24,1,24.0,16.635532333438686
org.odpi.openmetadata.adapters.connectors.apacheatlas.integration,org.odpi.openmetadata.frameworks.connectors,12,3,12.0,16.635532333438686
org.odpi.openmetadata.frameworks.openmetadata.connectorcontext,org.odpi.openmetadata.frameworks.openmetadata.properties.digitalbusiness,24,1,24.0,16.635532333438686
org.odpi.openmetadata.viewservices.metadataexpert.rest,org.odpi.openmetadata.frameworks.openmetadata.search,12,3,12.0,16.635532333438686
org.odpi.openmetadata.frameworkservices.omf.server.spring,org.odpi.openmetadata.frameworks.openmetadata.search,24,1,24.0,16.635532333438686
org.odpi.openmetadata.viewservices.collectionmanager.server,org.odpi.openmetadata.frameworks.openmetadata.ffdc,15,2,15.0,16.479184330021646
org.odpi.openmetadata.frameworks.openmetadata.properties.schema.events,org.odpi.openmetadata.frameworks.openmetadata.types,15,2,15.0,16.479184330021646
org.odpi.openmetadata.viewservices.automatedcuration.server.spring,org.odpi.openmetadata.viewservices.automatedcuration.rest,15,2,15.0,16.479184330021646
org.odpi.openmetadata.contentpacks.core.unitycatalog,org.odpi.openmetadata.frameworks.openmetadata.refdata,15,2,15.0,16.479184330021646
org.odpi.openmetadata.frameworks.openmetadata.properties.templates,org.odpi.openmetadata.frameworks.openmetadata.types,15,2,15.0,16.479184330021646
org.odpi.openmetadata.repositoryservices.clients,org.odpi.openmetadata.frameworks.connectors.controls,15,2,15.0,16.479184330021646
org.odpi.openmetadata.repositoryservices.clients,org.odpi.openmetadata.repositoryservices.connectors.stores.metadatacollectionstore.properties.search,15,2,15.0,16.479184330021646
org.odpi.openmetadata.engineservices.repositorygovernance.handlers,org.odpi.openmetadata.repositoryservices.connectors.stores.metadatacollectionstore.properties.search,15,2,15.0,16.479184330021646
org.odpi.openmetadata.commonservices.repositoryhandler,org.odpi.openmetadata.repositoryservices.connectors.stores.metadatacollectionstore.properties.search,15,2,15.0,16.479184330021646
org.odpi.openmetadata.frameworkservices.omf.connectors.outtopic,org.odpi.openmetadata.frameworkservices.omf.ffdc,15,2,15.0,16.479184330021646
org.odpi.openmetadata.viewservices.timekeeper.server,org.odpi.openmetadata.frameworks.openmetadata.ffdc,15,2,15.0,16.479184330021646
org.odpi.openmetadata.adapters.connectors.datastore.csvfile,org.odpi.openmetadata.frameworks.openmetadata.refdata,15,2,15.0,16.479184330021646
org.odpi.openmetadata.repositoryservices.enterprise.repositoryconnector.accumulators,org.odpi.openmetadata.repositoryservices.ffdc,15,2,15.0,16.479184330021646
org.odpi.openmetadata.engineservices.repositorygovernance.connector,org.odpi.openmetadata.repositoryservices.connectors.stores.metadatacollectionstore.properties.search,15,2,15.0,16.479184330021646
org.odpi.openmetadata.viewservices.lineagelinker.server,org.odpi.openmetadata.frameworks.openmetadata.ffdc,15,2,15.0,16.479184330021646
org.odpi.openmetadata.viewservices.metadataexpert.server,org.odpi.openmetadata.frameworks.openmetadata.ffdc,15,2,15.0,16.479184330021646
org.odpi.openmetadata.adapters.connectors.datastore.csvfile,org.odpi.openmetadata.adapters.connectors,15,2,15.0,16.479184330021646
org.odpi.openmetadata.repositoryservices.rest.server,org.odpi.openmetadata.adminservices.configuration.registration,15,2,15.0,16.479184330021646
org.odpi.openmetadata.frameworks.openmetadata.properties,org.odpi.openmetadata.frameworks.openmetadata.properties.softwarecapabilities,15,2,15.0,16.479184330021646
org.odpi.openmetadata.adapters.repositoryservices.rest.repositoryconnector,org.odpi.openmetadata.repositoryservices.connectors.stores.metadatacollectionstore.properties.search,15,2,15.0,16.479184330021646
org.odpi.openmetadata.frameworks.openmetadata.properties,org.odpi.openmetadata.frameworks.openmetadata.properties.assets.filesandfolders,15,2,15.0,16.479184330021646
org.odpi.openmetadata.repositoryservices.localrepository.repositoryconnector,org.odpi.openmetadata.repositoryservices.connectors.stores.metadatacollectionstore.properties.search,15,2,15.0,16.479184330021646
org.odpi.openmetadata.repositoryservices.enterprise.repositoryconnector,org.odpi.openmetadata.repositoryservices.connectors.stores.metadatacollectionstore.properties.search,15,2,15.0,16.479184330021646
org.odpi.openmetadata.adapters.repositoryservices.inmemory.repositoryconnector,org.odpi.openmetadata.repositoryservices.connectors.stores.metadatacollectionstore.properties.search,15,2,15.0,16.479184330021646
org.odpi.openmetadata.serveroperations.client.rest,org.odpi.openmetadata.adminservices.rest,10,4,10.0,16.094379124341003
org.odpi.openmetadata.frameworkservices.omf.listener,org.odpi.openmetadata.frameworkservices.omf.handlers,10,4,10.0,16.094379124341003
org.odpi.openmetadata.tokencontroller,org.odpi.openmetadata.frameworks.openmetadata.ffdc,10,4,10.0,16.094379124341003
org.odpi.openmetadata.viewservices.assetcatalog.server,org.odpi.openmetadata.frameworkservices.omf.client,10,4,10.0,16.094379124341003
org.odpi.openmetadata.engineservices.surveyaction.admin,org.odpi.openmetadata.adminservices.ffdc.exception,10,4,10.0,16.094379124341003
org.odpi.openmetadata.platformchassis.springboot,org.odpi.openmetadata.adminservices.configuration.properties,10,4,10.0,16.094379124341003
org.odpi.openmetadata.adapters.connectors.surveyaction.surveyfolder,org.odpi.openmetadata.adapters.connectors.datastore.basicfile,10,4,10.0,16.094379124341003
org.odpi.openmetadata.platformservices.server,org.odpi.openmetadata.frameworks.connectors,10,4,10.0,16.094379124341003
org.odpi.openmetadata.frameworkservices.omf.server,org.odpi.openmetadata.commonservices.multitenant.ffdc.exceptions,10,4,10.0,16.094379124341003
org.odpi.openmetadata.adapters.connectors.apachekafka.survey,org.odpi.openmetadata.frameworks.connectors.ffdc,10,4,10.0,16.094379124341003
org.odpi.openmetadata.viewservices.securityofficer.server,org.odpi.openmetadata.frameworkservices.ocf.metadatamanagement.client,10,4,10.0,16.094379124341003
org.odpi.openmetadata.adapters.repositoryservices.archiveconnector.file,org.odpi.openmetadata.repositoryservices.ffdc.exception,10,4,10.0,16.094379124341003
org.odpi.openmetadata.adapters.connectors.resource.jdbc.ddl.postgres,org.odpi.openmetadata.frameworks.openmetadata.ffdc,10,4,10.0,16.094379124341003
org.odpi.openmetadata.viewservices.templatemanager.server,org.odpi.openmetadata.frameworkservices.omf.client,10,4,10.0,16.094379124341003
org.odpi.openmetadata.viewservices.runtimemanager.server,org.odpi.openmetadata.frameworkservices.ocf.metadatamanagement.client,10,4,10.0,16.094379124341003
org.odpi.openmetadata.adapters.connectors.wedgwood,org.odpi.openmetadata.frameworks.connectors.ffdc,10,4,10.0,16.094379124341003
org.odpi.openmetadata.fvt.utilities.exceptions,org.odpi.openmetadata.fvt.utilities,10,4,10.0,16.094379124341003
org.odpi.openmetadata.engineservices.governanceaction.admin,org.odpi.openmetadata.adminservices.ffdc.exception,10,4,10.0,16.094379124341003
org.odpi.openmetadata.frameworkservices.ocf.metadatamanagement.server,org.odpi.openmetadata.commonservices.multitenant.ffdc.exceptions,10,4,10.0,16.094379124341003
org.odpi.openmetadata.frameworks.openmetadata.events,org.odpi.openmetadata.frameworks.auditlog,10,4,10.0,16.094379124341003
org.odpi.openmetadata.repositoryservices.archivemanager,org.odpi.openmetadata.repositoryservices.localrepository.repositoryconnector,10,4,10.0,16.094379124341003
org.odpi.openmetadata.adapters.connectors.baudot,org.odpi.openmetadata.frameworks.opengovernance.properties,10,4,10.0,16.094379124341003
org.odpi.openmetadata.frameworkservices.gaf.client,org.odpi.openmetadata.frameworks.openmetadata.handlers,10,4,10.0,16.094379124341003
org.odpi.openmetadata.adapters.connectors.egeriainfrastructure.platform.catalog,org.odpi.openmetadata.adapters.connectors.egeriainfrastructure.platform,10,4,10.0,16.094379124341003
org.odpi.openmetadata.viewservices.runtimemanager.server,org.odpi.openmetadata.frameworkservices.omf.client,10,4,10.0,16.094379124341003
org.odpi.openmetadata.engineservices.watchdogaction.admin,org.odpi.openmetadata.adminservices.ffdc.exception,10,4,10.0,16.094379124341003
org.odpi.openmetadata.viewservices.dataengineer.server,org.odpi.openmetadata.frameworkservices.ocf.metadatamanagement.client,10,4,10.0,16.094379124341003
org.odpi.openmetadata.viewservices.validmetadata.server,org.odpi.openmetadata.frameworks.openmetadata.specificationproperties,10,4,10.0,16.094379124341003
org.odpi.openmetadata.adapters.connectors.egeriainfrastructure.extractor,org.odpi.openmetadata.frameworks.auditlog,10,4,10.0,16.094379124341003
org.odpi.openmetadata.frameworks.connectors.properties.beans,org.odpi.openmetadata.frameworks.connectors,10,4,10.0,16.094379124341003
org.odpi.openmetadata.frameworkservices.gaf.server,org.odpi.openmetadata.commonservices.multitenant.ffdc.exceptions,10,4,10.0,16.094379124341003
org.odpi.openmetadata.engineservices.repositorygovernance.admin,org.odpi.openmetadata.adminservices.ffdc.exception,10,4,10.0,16.094379124341003
org.odpi.openmetadata.adapters.repositoryservices.auditlogstore.postgres,org.odpi.openmetadata.frameworks.openmetadata.ffdc,14,2,14.0,15.380572041353537
org.odpi.openmetadata.adapters.repositoryservices.archiveconnector.file,org.odpi.openmetadata.adapters.repositoryservices.archiveconnector.file.ffdc,14,2,14.0,15.380572041353537
org.odpi.openmetadata.adapters.connectors.jacquard.tabulardatasets.referencedata,org.odpi.openmetadata.adapters.connectors.jacquard.tabulardatasets.ffdc,14,2,14.0,15.380572041353537
org.odpi.openmetadata.metadatasecurity.server,org.odpi.openmetadata.metadatasecurity.ffdc,14,2,14.0,15.380572041353537
org.odpi.openmetadata.frameworks.openmetadata.properties,org.odpi.openmetadata.frameworks.openmetadata.properties.assets.reports,14,2,14.0,15.380572041353537
org.odpi.openmetadata.frameworks.openmetadata.handlers,org.odpi.openmetadata.frameworks.openmetadata.properties.externalidentifiers,14,2,14.0,15.380572041353537
org.odpi.openmetadata.frameworks.openmetadata.properties.collections,org.odpi.openmetadata.frameworks.openmetadata.properties.digitalbusiness,14,2,14.0,15.380572041353537
org.odpi.openmetadata.samples.governanceactions.clinicaltrials,org.odpi.openmetadata.frameworks.opengovernance.controls,14,2,14.0,15.380572041353537
org.odpi.openmetadata.frameworks.integration.connectors,org.odpi.openmetadata.frameworks.openmetadata.enums,14,2,14.0,15.380572041353537
org.odpi.openmetadata.adapters.connectors.integration.kafkaaudit,org.odpi.openmetadata.adapters.connectors.integration.kafkaaudit.ffdc,14,2,14.0,15.380572041353537
org.odpi.openmetadata.frameworks.openmetadata.builders,org.odpi.openmetadata.frameworks.openmetadata.properties.security,14,2,14.0,15.380572041353537
org.odpi.openmetadata.adapters.connectors.egeriainfrastructure.platform,org.odpi.openmetadata.adapters.connectors.egeriainfrastructure.ffdc,14,2,14.0,15.380572041353537
org.odpi.openmetadata.frameworks.openmetadata.builders,org.odpi.openmetadata.frameworks.openmetadata.properties.governance.governanceactions,14,2,14.0,15.380572041353537
org.odpi.openmetadata.adapters.connectors.apachekafka.resource,org.odpi.openmetadata.adapters.connectors.apachekafka.resource.ffdc,14,2,14.0,15.380572041353537
org.odpi.openmetadata.adminservices.server,org.odpi.openmetadata.frameworks.auditlog,14,2,14.0,15.380572041353537
org.odpi.openmetadata.adapters.repositoryservices.auditlogstore.file,org.odpi.openmetadata.frameworks.openmetadata.ffdc,14,2,14.0,15.380572041353537
org.odpi.openmetadata.adminservices.client.rest,org.odpi.openmetadata.adminservices.ffdc,14,2,14.0,15.380572041353537
org.odpi.openmetadata.adapters.connectors.postgres.catalog,org.odpi.openmetadata.adapters.connectors.controls,14,2,14.0,15.380572041353537
org.odpi.openmetadata.governanceservers.integrationdaemonservices.client,org.odpi.openmetadata.frameworks.auditlog,14,2,14.0,15.380572041353537
org.odpi.openmetadata.frameworks.openmetadata.properties.schema.display,org.odpi.openmetadata.frameworks.openmetadata.types,14,2,14.0,15.380572041353537
org.odpi.openmetadata.contentpacks.core,org.odpi.openmetadata.adapters.connectors.integration.basicfiles,14,2,14.0,15.380572041353537
org.odpi.openmetadata.adapters.connectors.postgres.survey,org.odpi.openmetadata.adapters.connectors.postgres.ffdc,14,2,14.0,15.380572041353537
org.odpi.openmetadata.viewservices.runtimemanager.server,org.odpi.openmetadata.frameworks.openmetadata.properties.softwarecapabilities,11,3,11.0,15.249237972318797
org.odpi.openmetadata.samples.governanceactions.clinicaltrials,org.odpi.openmetadata.frameworks.openmetadata.enums,11,3,11.0,15.249237972318797
org.odpi.openmetadata.platformservices.server.spring,org.odpi.openmetadata.platformservices.rest,11,3,11.0,15.249237972318797
org.odpi.openmetadata.samples.archiveutilities,org.odpi.openmetadata.frameworks.connectors.controls,11,3,11.0,15.249237972318797
org.odpi.openmetadata.viewservices.assetmaker.server,org.odpi.openmetadata.frameworks.openmetadata.properties.assets,11,3,11.0,15.249237972318797
org.odpi.openmetadata.adapters.connectors.unitycatalog.provision,org.odpi.openmetadata.frameworks.openmetadata.enums,11,3,11.0,15.249237972318797
org.odpi.openmetadata.adapters.connectors.postgres.catalog,org.odpi.openmetadata.frameworks.openmetadata.enums,11,3,11.0,15.249237972318797
org.odpi.openmetadata.viewservices.solutionarchitect.server,org.odpi.openmetadata.frameworks.openmetadata.properties.informationsupplychains,11,3,11.0,15.249237972318797
org.odpi.openmetadata.frameworks.openmetadata.types,org.odpi.openmetadata.frameworks.openmetadata.properties.assets.infrastructure,22,1,22.0,15.249237972318797
org.odpi.openmetadata.frameworks.openmetadata.properties,org.odpi.openmetadata.frameworks.openmetadata.properties.externalreferences,13,2,13.0,14.281959752685427
org.odpi.openmetadata.frameworks.openmetadata.handlers,org.odpi.openmetadata.frameworks.openmetadata.controls,13,2,13.0,14.281959752685427
org.odpi.openmetadata.adapters.connectors.surveyaction.surveycsv,org.odpi.openmetadata.frameworks.openmetadata.refdata,13,2,13.0,14.281959752685427
org.odpi.openmetadata.adapters.connectors.baudot,org.odpi.openmetadata.adapters.connectors.baudot.ffdc,13,2,13.0,14.281959752685427
org.odpi.openmetadata.contentpacks.core.egeria,org.odpi.openmetadata.adapters.connectors.controls,13,2,13.0,14.281959752685427
org.odpi.openmetadata.adapters.connectors.apacheatlas.survey,org.odpi.openmetadata.adapters.connectors.controls,13,2,13.0,14.281959752685427
org.odpi.openmetadata.frameworks.opengovernance.connectorcontext,org.odpi.openmetadata.frameworks.openmetadata.properties.assets.processes.actions,13,2,13.0,14.281959752685427
org.odpi.openmetadata.frameworks.openmetadata.properties,org.odpi.openmetadata.frameworks.openmetadata.properties.assets.processes,13,2,13.0,14.281959752685427
org.odpi.openmetadata.adapters.connectors.surveyaction.surveyfile,org.odpi.openmetadata.frameworks.openmetadata.refdata,13,2,13.0,14.281959752685427
org.odpi.openmetadata.frameworks.connectors.properties.beans,org.odpi.openmetadata.frameworks.openmetadata.types,13,2,13.0,14.281959752685427
org.odpi.openmetadata.adapters.connectors.egeriainfrastructure.extractor,org.odpi.openmetadata.adminservices.ffdc.exception,13,2,13.0,14.281959752685427
org.odpi.openmetadata.viewservices.classificationexplorer.server,org.odpi.openmetadata.frameworks.openmetadata.types,13,2,13.0,14.281959752685427
org.odpi.openmetadata.conformance.tests.repository,org.odpi.openmetadata.conformance.ffdc,13,2,13.0,14.281959752685427
org.odpi.openmetadata.adapters.connectors.apacheatlas.integration,org.odpi.openmetadata.adapters.connectors.controls,13,2,13.0,14.281959752685427
org.odpi.openmetadata.engineservices.surveyaction.client,org.odpi.openmetadata.frameworks.openmetadata.ffdc,13,2,13.0,14.281959752685427
org.odpi.openmetadata.adapters.connectors.unitycatalog.controls,org.odpi.openmetadata.frameworks.openmetadata.refdata,13,2,13.0,14.281959752685427
org.odpi.openmetadata.accessservices.assetowner.fvt.clientconstructors,org.odpi.openmetadata.frameworks.openmetadata.ffdc,13,2,13.0,14.281959752685427
org.odpi.openmetadata.samples.archiveutilities.governanceengines,org.odpi.openmetadata.frameworks.openmetadata.controls,13,2,13.0,14.281959752685427
org.odpi.openmetadata.adapters.connectors.surveyaction.surveyfolder,org.odpi.openmetadata.frameworks.connectors.ffdc,13,2,13.0,14.281959752685427
org.odpi.openmetadata.engineservices.governanceaction.client,org.odpi.openmetadata.frameworks.openmetadata.ffdc,13,2,13.0,14.281959752685427
org.odpi.openmetadata.engineservices.repositorygovernance.client,org.odpi.openmetadata.frameworks.openmetadata.ffdc,13,2,13.0,14.281959752685427
org.odpi.openmetadata.conformance.tests.platform,org.odpi.openmetadata.conformance.ffdc,13,2,13.0,14.281959752685427
org.odpi.openmetadata.adapters.connectors.surveyaction.surveyfolder,org.odpi.openmetadata.frameworks.openmetadata.types,13,2,13.0,14.281959752685427
org.odpi.openmetadata.contentpacks.core.postgres,org.odpi.openmetadata.adapters.connectors.postgres.controls,13,2,13.0,14.281959752685427
org.odpi.openmetadata.viewservices.projectmanager.server,org.odpi.openmetadata.frameworks.openmetadata.types,13,2,13.0,14.281959752685427
org.odpi.openmetadata.governanceservers.integrationdaemonservices.listener,org.odpi.openmetadata.governanceservers.integrationdaemonservices.ffdc,13,2,13.0,14.281959752685427
org.odpi.openmetadata.adapters.connectors.unitycatalog.provision,org.odpi.openmetadata.frameworks.openmetadata.controls,13,2,13.0,14.281959752685427
org.odpi.openmetadata.commonservices.multitenant,org.odpi.openmetadata.metadataobservability.ffdc,13,2,13.0,14.281959752685427
org.odpi.openmetadata.governanceservers.integrationdaemonservices.listener,org.odpi.openmetadata.frameworks.openmetadata.types,13,2,13.0,14.281959752685427
org.odpi.openmetadata.contentpacks.core.core,org.odpi.openmetadata.repositoryservices.connectors.stores.metadatacollectionstore.properties.instances,13,2,13.0,14.281959752685427
org.odpi.openmetadata.adminservices.ffdc.exception,org.odpi.openmetadata.frameworks.auditlog.messagesets,13,2,13.0,14.281959752685427
org.odpi.openmetadata.engineservices.repositorygovernance.handlers,org.odpi.openmetadata.frameworks.openmetadata.properties,13,2,13.0,14.281959752685427
org.odpi.openmetadata.engineservices.watchdogaction.client,org.odpi.openmetadata.frameworks.openmetadata.ffdc,13,2,13.0,14.281959752685427
org.odpi.openmetadata.frameworks.openmetadata.properties,org.odpi.openmetadata.frameworks.openmetadata.properties.contextevents,13,2,13.0,14.281959752685427
org.odpi.openmetadata.repositoryservices.rest.services,org.odpi.openmetadata.metadataobservability.ffdc,13,2,13.0,14.281959752685427
org.odpi.openmetadata.commonservices.multitenant.ffdc.exceptions,org.odpi.openmetadata.frameworks.auditlog.messagesets,13,2,13.0,14.281959752685427
org.odpi.openmetadata.adapters.connectors.apacheatlas.resource.ffdc,org.odpi.openmetadata.frameworks.openmetadata.ffdc,10,3,10.0,13.862943611198906
org.odpi.openmetadata.frameworkservices.gaf.client,org.odpi.openmetadata.frameworks.openmetadata.metadataelements,20,1,20.0,13.862943611198906
org.odpi.openmetadata.adapters.connectors.surveyaction.surveyfolder,org.odpi.openmetadata.frameworks.openmetadata.connectorcontext,20,1,20.0,13.862943611198906
org.odpi.openmetadata.adapters.connectors.postgres.tabulardatasource,org.odpi.openmetadata.frameworks.connectors.properties.beans,20,1,20.0,13.862943611198906
org.odpi.openmetadata.frameworkservices.omf.admin,org.odpi.openmetadata.frameworkservices.omf.connectors.outtopic,10,3,10.0,13.862943611198906
org.odpi.openmetadata.accessservices.itinfrastructure.samples.assetdeploy,org.odpi.openmetadata.frameworks.openmetadata.properties,20,1,20.0,13.862943611198906
org.odpi.openmetadata.engineservices.watchdogaction.listener,org.odpi.openmetadata.frameworks.openmetadata.events,10,3,10.0,13.862943611198906
org.odpi.openmetadata.frameworkservices.omf.listener,org.odpi.openmetadata.repositoryservices.connectors.omrstopic,10,3,10.0,13.862943611198906
org.odpi.openmetadata.governanceservers.integrationdaemonservices.handlers,org.odpi.openmetadata.frameworks.openmetadata.metadataelements,20,1,20.0,13.862943611198906
org.odpi.openmetadata.engineservices.governanceaction.handlers,org.odpi.openmetadata.frameworks.openmetadata.properties,20,1,20.0,13.862943611198906
org.odpi.openmetadata.engineservices.governanceaction.listener,org.odpi.openmetadata.frameworks.openmetadata.events,10,3,10.0,13.862943611198906
org.odpi.openmetadata.serveroperations.server.spring,org.odpi.openmetadata.serveroperations.rest,10,3,10.0,13.862943611198906
org.odpi.openmetadata.adapters.connectors.babbage,org.odpi.openmetadata.frameworks.integration.properties,10,3,10.0,13.862943611198906
org.odpi.openmetadata.frameworkservices.gaf.client.rest,org.odpi.openmetadata.frameworkservices.ocf.metadatamanagement.client,10,3,10.0,13.862943611198906
org.odpi.openmetadata.repositoryservices.localrepository,org.odpi.openmetadata.repositoryservices.connectors.stores.metadatacollectionstore.repositoryconnector,10,3,10.0,13.862943611198906
org.odpi.openmetadata.adapters.connectors.egeriainfrastructure.platform.catalog,org.odpi.openmetadata.frameworks.auditlog,20,1,20.0,13.862943611198906
org.odpi.openmetadata.adapters.connectors.governanceactions.remediation,org.odpi.openmetadata.frameworks.auditlog,20,1,20.0,13.862943611198906
org.odpi.openmetadata.frameworks.openmetadata.client,org.odpi.openmetadata.frameworks.openmetadata.api,20,1,20.0,13.862943611198906
org.odpi.openmetadata.adapters.connectors.datastore.csvfile,org.odpi.openmetadata.frameworks.connectors.properties.beans,20,1,20.0,13.862943611198906
org.odpi.openmetadata.frameworks.openmetadata.types,org.odpi.openmetadata.frameworks.openmetadata.mapper,10,3,10.0,13.862943611198906
org.odpi.openmetadata.conformance.workbenches.repository.listener,org.odpi.openmetadata.conformance.beans,20,1,20.0,13.862943611198906
org.odpi.openmetadata.adapters.connectors.governanceactions.stewardship,org.odpi.openmetadata.frameworks.auditlog,20,1,20.0,13.862943611198906
org.odpi.openmetadata.frameworks.openmetadata.types,org.odpi.openmetadata.frameworks.openmetadata.properties.assets.processes.connectors,20,1,20.0,13.862943611198906
org.odpi.openmetadata.frameworkservices.gaf.admin,org.odpi.openmetadata.frameworkservices.gaf.connectors.outtopic,10,3,10.0,13.862943611198906
org.odpi.openmetadata.frameworks.openmetadata.handlers,org.odpi.openmetadata.frameworks.openmetadata.properties.templates,12,2,12.0,13.183347464017316
org.odpi.openmetadata.viewservices.projectmanager.server,org.odpi.openmetadata.frameworks.openmetadata.ffdc,12,2,12.0,13.183347464017316
org.odpi.openmetadata.frameworks.openmetadata.properties,org.odpi.openmetadata.frameworks.openmetadata.properties.operatingplatforms,12,2,12.0,13.183347464017316
org.odpi.openmetadata.viewservices.dataengineer.server,org.odpi.openmetadata.frameworks.openmetadata.ffdc,12,2,12.0,13.183347464017316
org.odpi.openmetadata.viewservices.dataofficer.server,org.odpi.openmetadata.frameworks.openmetadata.ffdc,12,2,12.0,13.183347464017316
org.odpi.openmetadata.viewservices.privacyofficer.server,org.odpi.openmetadata.frameworks.openmetadata.ffdc,12,2,12.0,13.183347464017316
org.odpi.openmetadata.viewservices.communitymatters.server,org.odpi.openmetadata.frameworks.openmetadata.ffdc,12,2,12.0,13.183347464017316
org.odpi.openmetadata.viewservices.peopleorganizer.server,org.odpi.openmetadata.frameworks.openmetadata.ffdc,12,2,12.0,13.183347464017316
org.odpi.openmetadata.repositoryservices.connectors.stores.metadatacollectionstore.repositoryeventmapper,org.odpi.openmetadata.repositoryservices.events,12,2,12.0,13.183347464017316
org.odpi.openmetadata.frameworks.openmetadata.types,org.odpi.openmetadata.frameworks.openmetadata.properties.communities,12,2,12.0,13.183347464017316
org.odpi.openmetadata.adminservices.registration,org.odpi.openmetadata.adminservices.configuration.properties,12,2,12.0,13.183347464017316
org.odpi.openmetadata.frameworkservices.ocf.metadatamanagement.server,org.odpi.openmetadata.frameworks.openmetadata.ffdc,12,2,12.0,13.183347464017316
org.odpi.openmetadata.governanceservers.integrationdaemonservices.server.spring,org.odpi.openmetadata.governanceservers.integrationdaemonservices.rest,12,2,12.0,13.183347464017316
org.odpi.openmetadata.viewservices.referencedata.server,org.odpi.openmetadata.frameworks.openmetadata.ffdc,12,2,12.0,13.183347464017316
org.odpi.openmetadata.frameworks.openmetadata.properties,org.odpi.openmetadata.frameworks.openmetadata.properties.assets.apis,12,2,12.0,13.183347464017316
org.odpi.openmetadata.viewservices.datadiscovery.server,org.odpi.openmetadata.frameworks.openmetadata.ffdc,12,2,12.0,13.183347464017316
org.odpi.openmetadata.frameworks.openmetadata.properties,org.odpi.openmetadata.frameworks.openmetadata.properties.schema.apis,12,2,12.0,13.183347464017316
org.odpi.openmetadata.repositoryservices.rest.properties,org.odpi.openmetadata.frameworks.auditlog.requestid,12,2,12.0,13.183347464017316
org.odpi.openmetadata.viewservices.actionauthor.server,org.odpi.openmetadata.frameworks.openmetadata.ffdc,12,2,12.0,13.183347464017316
org.odpi.openmetadata.viewservices.collectionmanager.server,org.odpi.openmetadata.frameworks.openmetadata.properties.digitalbusiness,12,2,12.0,13.183347464017316
org.odpi.openmetadata.frameworks.integration.context,org.odpi.openmetadata.frameworks.auditlog,12,2,12.0,13.183347464017316
org.odpi.openmetadata.viewservices.productmanager.server,org.odpi.openmetadata.frameworks.openmetadata.ffdc,12,2,12.0,13.183347464017316
org.odpi.openmetadata.viewservices.subjectarea.server,org.odpi.openmetadata.frameworks.openmetadata.ffdc,12,2,12.0,13.183347464017316
org.odpi.openmetadata.frameworks.openmetadata.properties,org.odpi.openmetadata.frameworks.openmetadata.properties.governance.governanceactions,12,2,12.0,13.183347464017316
org.odpi.openmetadata.frameworks.openmetadata.handlers,org.odpi.openmetadata.frameworks.openmetadata.properties.resources,12,2,12.0,13.183347464017316
org.odpi.openmetadata.viewservices.notificationmanager.server,org.odpi.openmetadata.frameworks.openmetadata.ffdc,12,2,12.0,13.183347464017316
org.odpi.openmetadata.governanceservers.enginehostservices.rest,org.odpi.openmetadata.commonservices.ffdc.rest,12,2,12.0,13.183347464017316
org.odpi.openmetadata.viewservices.subjectarea.server.spring,org.odpi.openmetadata.commonservices.ffdc.rest,12,2,12.0,13.183347464017316
org.odpi.openmetadata.frameworks.openmetadata.connectorcontext,org.odpi.openmetadata.frameworks.openmetadata.properties.resources,12,2,12.0,13.183347464017316
org.odpi.openmetadata.viewservices.glossarymanager.server.spring,org.odpi.openmetadata.viewservices.glossarymanager.rest,12,2,12.0,13.183347464017316
org.odpi.openmetadata.viewservices.digitalbusiness.server,org.odpi.openmetadata.frameworks.openmetadata.ffdc,12,2,12.0,13.183347464017316
org.odpi.openmetadata.adapters.connectors.integration.jdbc.transfer.requests,org.odpi.openmetadata.frameworks.openmetadata.properties.connections,12,2,12.0,13.183347464017316
org.odpi.openmetadata.viewservices.locationarena.server,org.odpi.openmetadata.frameworks.openmetadata.ffdc,12,2,12.0,13.183347464017316
org.odpi.openmetadata.governanceservers.integrationdaemonservices.server,org.odpi.openmetadata.frameworks.connectors.properties.beans,12,2,12.0,13.183347464017316
org.odpi.openmetadata.repositoryservices.enterprise.repositoryconnector.accumulators,org.odpi.openmetadata.repositoryservices.connectors.stores.metadatacollectionstore,12,2,12.0,13.183347464017316
org.odpi.openmetadata.frameworks.openmetadata.connectorcontext,org.odpi.openmetadata.frameworks.openmetadata.properties.templates,12,2,12.0,13.183347464017316
org.odpi.openmetadata.adapters.connectors.integration.kafkaaudit,org.odpi.openmetadata.frameworks.integration.context,12,2,12.0,13.183347464017316
org.odpi.openmetadata.frameworks.openmetadata.types,org.odpi.openmetadata.frameworks.openmetadata.properties.governance.governanceactions,18,1,18.0,12.476649250079015
org.odpi.openmetadata.fvt.utilities,org.odpi.openmetadata.frameworks.auditlog,9,3,9.0,12.476649250079015
org.odpi.openmetadata.adapters.connectors.unitycatalog.controls,org.odpi.openmetadata.adapters.connectors.controls,9,3,9.0,12.476649250079015
org.odpi.openmetadata.frameworks.integration.contextmanager,org.odpi.openmetadata.frameworks.openmetadata.handlers,9,3,9.0,12.476649250079015
org.odpi.openmetadata.platformchassis.springboot,org.odpi.openmetadata.serveroperations.rest,9,3,9.0,12.476649250079015
org.odpi.openmetadata.frameworks.openmetadata.mermaid,org.odpi.openmetadata.frameworks.openmetadata.properties.actors,9,3,9.0,12.476649250079015
org.odpi.openmetadata.adapters.connectors.integration.basicfiles,org.odpi.openmetadata.frameworks.auditlog.messagesets,9,3,9.0,12.476649250079015
org.odpi.openmetadata.adapters.connectors.postgres.controls,org.odpi.openmetadata.adapters.connectors.controls,9,3,9.0,12.476649250079015
org.odpi.openmetadata.accessservices.assetconsumer.samples.readavrofile,org.odpi.openmetadata.frameworks.connectors.client,9,3,9.0,12.476649250079015
org.odpi.openmetadata.frameworks.openmetadata.types,org.odpi.openmetadata.frameworks.openmetadata.properties.externalreferences,18,1,18.0,12.476649250079015
org.odpi.openmetadata.serveroperations.client,org.odpi.openmetadata.adminservices.rest,9,3,9.0,12.476649250079015
org.odpi.openmetadata.engineservices.surveyaction.handlers,org.odpi.openmetadata.frameworks.auditlog.messagesets,9,3,9.0,12.476649250079015
org.odpi.openmetadata.frameworks.openmetadata.types,org.odpi.openmetadata.frameworks.openmetadata.properties.solutions,18,1,18.0,12.476649250079015
org.odpi.openmetadata.adapters.connectors.surveyaction.surveycsv,org.odpi.openmetadata.frameworks.connectors,9,3,9.0,12.476649250079015
org.odpi.openmetadata.conformance.tests.repository.connector,org.odpi.openmetadata.repositoryservices.connectors.stores.metadatacollectionstore,9,3,9.0,12.476649250079015
org.odpi.openmetadata.engineservices.surveyaction.handlers,org.odpi.openmetadata.frameworks.openmetadata.refdata,9,3,9.0,12.476649250079015
org.odpi.openmetadata.adapters.connectors.integration.basicfiles,org.odpi.openmetadata.frameworks.opengovernance.connectorcontext,9,3,9.0,12.476649250079015
org.odpi.openmetadata.frameworks.openmetadata.handlers,org.odpi.openmetadata.frameworks.openmetadata.properties.lineage,9,3,9.0,12.476649250079015
org.odpi.openmetadata.frameworks.openmetadata.types,org.odpi.openmetadata.frameworks.openmetadata.properties,18,1,18.0,12.476649250079015
org.odpi.openmetadata.samples.archiveutilities,org.odpi.openmetadata.frameworks.integration.controls,9,3,9.0,12.476649250079015
org.odpi.openmetadata.adapters.connectors.integration.jdbc,org.odpi.openmetadata.frameworks.integration.properties,9,3,9.0,12.476649250079015
org.odpi.openmetadata.frameworks.openmetadata.types,org.odpi.openmetadata.frameworks.openmetadata.properties.connections,18,1,18.0,12.476649250079015
org.odpi.openmetadata.viewservices.externallinks.server,org.odpi.openmetadata.frameworks.openmetadata.properties.externalidentifiers,9,3,9.0,12.476649250079015
org.odpi.openmetadata.adapters.connectors.governanceactions.verification,org.odpi.openmetadata.frameworks.opengovernance.properties,9,3,9.0,12.476649250079015
org.odpi.openmetadata.accessservices.digitalarchitecture.fvt.connections,org.odpi.openmetadata.adminservices.configuration.registration,11,2,11.0,12.084735175349207
org.odpi.openmetadata.accessservices.assetmanager.fvt.connections,org.odpi.openmetadata.adminservices.configuration.registration,11,2,11.0,12.084735175349207
org.odpi.openmetadata.frameworkservices.ocf.metadatamanagement.server.spring,org.odpi.openmetadata.commonservices.ffdc.rest,11,2,11.0,12.084735175349207
org.odpi.openmetadata.accessservices.governanceserver.fvt.duplicates,org.odpi.openmetadata.adminservices.configuration.registration,11,2,11.0,12.084735175349207
org.odpi.openmetadata.frameworks.openmetadata.connectorcontext,org.odpi.openmetadata.frameworks.openmetadata.properties.assets.filesandfolders,11,2,11.0,12.084735175349207
org.odpi.openmetadata.accessservices.assetowner.fvt.connections,org.odpi.openmetadata.adminservices.configuration.registration,11,2,11.0,12.084735175349207
org.odpi.openmetadata.adapters.connectors.postgres.survey,org.odpi.openmetadata.frameworks.openmetadata.ffdc,11,2,11.0,12.084735175349207
org.odpi.openmetadata.accessservices.datamanager.fvt.errorhandling,org.odpi.openmetadata.adminservices.configuration.registration,11,2,11.0,12.084735175349207
org.odpi.openmetadata.accessservices.digitalarchitecture.fvt.errorhandling,org.odpi.openmetadata.adminservices.configuration.registration,11,2,11.0,12.084735175349207
org.odpi.openmetadata.accessservices.datamanager.fvt.clientconstructors,org.odpi.openmetadata.adminservices.configuration.registration,11,2,11.0,12.084735175349207
org.odpi.openmetadata.accessservices.governanceserver.fvt.engines,org.odpi.openmetadata.adminservices.configuration.registration,11,2,11.0,12.084735175349207
org.odpi.openmetadata.accessservices.assetowner.fvt.duplicateprocessing,org.odpi.openmetadata.adminservices.configuration.registration,11,2,11.0,12.084735175349207
org.odpi.openmetadata.accessservices.communityprofile.fvt.metadatasources,org.odpi.openmetadata.adminservices.configuration.registration,11,2,11.0,12.084735175349207
org.odpi.openmetadata.accessservices.assetowner.fvt.errorhandling,org.odpi.openmetadata.adminservices.configuration.registration,11,2,11.0,12.084735175349207
org.odpi.openmetadata.accessservices.assetmanager.fvt.externalidentifiers,org.odpi.openmetadata.adminservices.configuration.registration,11,2,11.0,12.084735175349207
org.odpi.openmetadata.accessservices.governanceprogram.fvt.clientconstructors,org.odpi.openmetadata.adminservices.configuration.registration,11,2,11.0,12.084735175349207
org.odpi.openmetadata.accessservices.datamanager.fvt.events,org.odpi.openmetadata.adminservices.configuration.registration,11,2,11.0,12.084735175349207
org.odpi.openmetadata.adminservices.ffdc.exception,org.odpi.openmetadata.adminservices.configuration.properties,11,2,11.0,12.084735175349207
org.odpi.openmetadata.adapters.connectors.unitycatalog.sync,org.odpi.openmetadata.frameworks.openmetadata.controls,11,2,11.0,12.084735175349207
org.odpi.openmetadata.accessservices.assetmanager.fvt.glossaries,org.odpi.openmetadata.adminservices.configuration.registration,11,2,11.0,12.084735175349207
org.odpi.openmetadata.accessservices.datamanager.fvt.clientconstructors,org.odpi.openmetadata.frameworks.openmetadata.ffdc,11,2,11.0,12.084735175349207
org.odpi.openmetadata.accessservices.governanceserver.fvt.clientconstructors,org.odpi.openmetadata.adminservices.configuration.registration,11,2,11.0,12.084735175349207
org.odpi.openmetadata.adapters.connectors.externalharvesters.harvestsurveys,org.odpi.openmetadata.frameworks.openmetadata.ffdc,11,2,11.0,12.084735175349207
org.odpi.openmetadata.accessservices.digitalarchitecture.fvt.validvalues,org.odpi.openmetadata.adminservices.configuration.registration,11,2,11.0,12.084735175349207
org.odpi.openmetadata.accessservices.datamanager.fvt.connections,org.odpi.openmetadata.adminservices.configuration.registration,11,2,11.0,12.084735175349207
org.odpi.openmetadata.accessservices.communityprofile.fvt.validvalues,org.odpi.openmetadata.adminservices.configuration.registration,11,2,11.0,12.084735175349207
org.odpi.openmetadata.frameworks.openmetadata.connectorcontext,org.odpi.openmetadata.frameworks.openmetadata.properties.propertyfacets,11,2,11.0,12.084735175349207
org.odpi.openmetadata.accessservices.datamanager.fvt.databases,org.odpi.openmetadata.adminservices.configuration.registration,11,2,11.0,12.084735175349207
org.odpi.openmetadata.accessservices.assetowner.fvt.assets,org.odpi.openmetadata.adminservices.configuration.registration,11,2,11.0,12.084735175349207
org.odpi.openmetadata.frameworks.openmetadata.builders,org.odpi.openmetadata.frameworks.openmetadata.properties.softwarecapabilities,11,2,11.0,12.084735175349207
org.odpi.openmetadata.accessservices.governanceprogram.fvt.errorhandling,org.odpi.openmetadata.adminservices.configuration.registration,11,2,11.0,12.084735175349207
org.odpi.openmetadata.repositoryservices.connectors.stores.metadatacollectionstore.repositoryeventmapper,org.odpi.openmetadata.repositoryservices.connectors.stores.metadatacollectionstore.properties.instances,11,2,11.0,12.084735175349207
org.odpi.openmetadata.accessservices.governanceserver.fvt.errorhandling,org.odpi.openmetadata.adminservices.configuration.registration,11,2,11.0,12.084735175349207
org.odpi.openmetadata.accessservices.stewardshipaction.fvt.clientconstructors,org.odpi.openmetadata.adminservices.configuration.registration,11,2,11.0,12.084735175349207
org.odpi.openmetadata.accessservices.assetmanager.fvt.clientconstructors,org.odpi.openmetadata.adminservices.configuration.registration,11,2,11.0,12.084735175349207
org.odpi.openmetadata.accessservices.digitalarchitecture.fvt.locations,org.odpi.openmetadata.adminservices.configuration.registration,11,2,11.0,12.084735175349207
org.odpi.openmetadata.accessservices.assetmanager.fvt.errorhandling,org.odpi.openmetadata.adminservices.configuration.registration,11,2,11.0,12.084735175349207
org.odpi.openmetadata.accessservices.digitalarchitecture.fvt.clientconstructors,org.odpi.openmetadata.adminservices.configuration.registration,11,2,11.0,12.084735175349207
org.odpi.openmetadata.accessservices.communityprofile.fvt.clientconstructors,org.odpi.openmetadata.adminservices.configuration.registration,11,2,11.0,12.084735175349207
org.odpi.openmetadata.accessservices.communityprofile.fvt.locations,org.odpi.openmetadata.adminservices.configuration.registration,11,2,11.0,12.084735175349207
org.odpi.openmetadata.accessservices.communityprofile.fvt.errorhandling,org.odpi.openmetadata.adminservices.configuration.registration,11,2,11.0,12.084735175349207
org.odpi.openmetadata.accessservices.datamanager.fvt.validvalues,org.odpi.openmetadata.adminservices.configuration.registration,11,2,11.0,12.084735175349207
org.odpi.openmetadata.frameworks.openmetadata.handlers,org.odpi.openmetadata.frameworks.openmetadata.properties.propertyfacets,11,2,11.0,12.084735175349207
org.odpi.openmetadata.accessservices.governanceprogram.fvt.definitions,org.odpi.openmetadata.adminservices.configuration.registration,11,2,11.0,12.084735175349207
org.odpi.openmetadata.accessservices.stewardshipaction.fvt.duplicateprocessing,org.odpi.openmetadata.adminservices.configuration.registration,11,2,11.0,12.084735175349207
org.odpi.openmetadata.accessservices.assetowner.fvt.clientconstructors,org.odpi.openmetadata.adminservices.configuration.registration,11,2,11.0,12.084735175349207
org.odpi.openmetadata.viewservices.myprofile.server,org.odpi.openmetadata.frameworkservices.omf.client,8,3,8.0,11.090354888959125
org.odpi.openmetadata.adapters.connectors.governanceactions.watchdog,org.odpi.openmetadata.frameworks.openmetadata.definitions,8,3,8.0,11.090354888959125
org.odpi.openmetadata.adapters.connectors.baudot,org.odpi.openmetadata.frameworks.opengovernance.ffdc,8,3,8.0,11.090354888959125
org.odpi.openmetadata.contentpacks.core.unitycatalog,org.odpi.openmetadata.contentpacks.core.files,8,3,8.0,11.090354888959125
org.odpi.openmetadata.contentpacks.core.openlineage,org.odpi.openmetadata.contentpacks.core.core,8,3,8.0,11.090354888959125
org.odpi.openmetadata.adapters.connectors.jacquard.tabulardatasets.referencedata,org.odpi.openmetadata.frameworks.connectors.properties.beans,8,3,8.0,11.090354888959125
org.odpi.openmetadata.engineservices.watchdogaction.server,org.odpi.openmetadata.engineservices.watchdogaction.handlers,8,3,8.0,11.090354888959125
org.odpi.openmetadata.contentpacks.core.unitycatalog,org.odpi.openmetadata.contentpacks.core.core,8,3,8.0,11.090354888959125
org.odpi.openmetadata.adapters.connectors.integration.kafkaaudit,org.odpi.openmetadata.adapters.repositoryservices.auditlogstore.postgres,8,3,8.0,11.090354888959125
org.odpi.openmetadata.adapters.connectors.integration.kafkaaudit,org.odpi.openmetadata.frameworks.openmetadata.definitions,8,3,8.0,11.090354888959125
org.odpi.openmetadata.adapters.connectors.apacheatlas.integration,org.odpi.openmetadata.frameworks.openmetadata.definitions,8,3,8.0,11.090354888959125
org.odpi.openmetadata.viewservices.governanceofficer.server,org.odpi.openmetadata.frameworkservices.omf.client,8,3,8.0,11.090354888959125
org.odpi.openmetadata.contentpacks.core.openlineage,org.odpi.openmetadata.repositoryservices.connectors.stores.archivestore.properties,8,3,8.0,11.090354888959125
org.odpi.openmetadata.contentpacks.core.unitycatalog,org.odpi.openmetadata.adapters.connectors.unitycatalog.resource,8,3,8.0,11.090354888959125
org.odpi.openmetadata.frameworkservices.omf.server,org.odpi.openmetadata.frameworks.openmetadata.metadataelements,16,1,16.0,11.090354888959125
org.odpi.openmetadata.viewservices.productcatalog.server,org.odpi.openmetadata.frameworkservices.omf.client,8,3,8.0,11.090354888959125
org.odpi.openmetadata.viewservices.governanceofficer.server,org.odpi.openmetadata.frameworks.openmetadata.properties.implementations,8,3,8.0,11.090354888959125
org.odpi.openmetadata.serveroperations.server,org.odpi.openmetadata.frameworks.connectors.properties.beans,8,3,8.0,11.090354888959125
org.odpi.openmetadata.viewservices.notificationmanager.server,org.odpi.openmetadata.frameworks.openmetadata.properties.governance,8,3,8.0,11.090354888959125
org.odpi.openmetadata.adapters.connectors.integration.kafkaaudit,org.odpi.openmetadata.adapters.repositoryservices.auditlogstore.console,8,3,8.0,11.090354888959125
org.odpi.openmetadata.adapters.connectors.integration.kafkaaudit,org.odpi.openmetadata.adapters.repositoryservices.auditlogstore.file,8,3,8.0,11.090354888959125
org.odpi.openmetadata.frameworkservices.gaf.admin,org.odpi.openmetadata.frameworkservices.gaf.listener,8,3,8.0,11.090354888959125
org.odpi.openmetadata.samples.archiveutilities.governanceprogram,org.odpi.openmetadata.contentpacks.core.core,8,3,8.0,11.090354888959125
org.odpi.openmetadata.serveroperations.client.rest,org.odpi.openmetadata.commonservices.ffdc,16,1,16.0,11.090354888959125
org.odpi.openmetadata.samples.archiveutilities.governanceprogram,org.odpi.openmetadata.repositoryservices.connectors.stores.archivestore.properties,8,3,8.0,11.090354888959125
org.odpi.openmetadata.engineservices.governanceaction.handlers,org.odpi.openmetadata.frameworks.connectors,8,3,8.0,11.090354888959125
org.odpi.openmetadata.adapters.connectors.baudot,org.odpi.openmetadata.frameworks.openmetadata.search,16,1,16.0,11.090354888959125
org.odpi.openmetadata.adapters.connectors.jacquard.tabulardatasets.referencedata,org.odpi.openmetadata.adapters.connectors.jacquard.tabulardatasets.validmetadatavalues,8,3,8.0,11.090354888959125
org.odpi.openmetadata.viewservices.digitalbusiness.server,org.odpi.openmetadata.frameworkservices.omf.client,8,3,8.0,11.090354888959125
org.odpi.openmetadata.engineservices.governanceaction.handlers,org.odpi.openmetadata.frameworkservices.ocf.metadatamanagement.client,8,3,8.0,11.090354888959125
org.odpi.openmetadata.viewservices.securityofficer.server,org.odpi.openmetadata.frameworkservices.omf.client,8,3,8.0,11.090354888959125
org.odpi.openmetadata.viewservices.communitymatters.server,org.odpi.openmetadata.frameworkservices.omf.client,8,3,8.0,11.090354888959125
org.odpi.openmetadata.viewservices.notificationmanager.server,org.odpi.openmetadata.frameworkservices.omf.client,8,3,8.0,11.090354888959125
org.odpi.openmetadata.adapters.connectors.apacheatlas.survey,org.odpi.openmetadata.frameworks.openmetadata.definitions,8,3,8.0,11.090354888959125
org.odpi.openmetadata.engineservices.governanceaction.handlers,org.odpi.openmetadata.frameworkservices.omf.client,8,3,8.0,11.090354888959125
org.odpi.openmetadata.serveroperations.server,org.odpi.openmetadata.repositoryservices.connectors.omrstopic,8,3,8.0,11.090354888959125
org.odpi.openmetadata.frameworks.openmetadata.connectorcontext,org.odpi.openmetadata.frameworks.openmetadata.api,16,1,16.0,11.090354888959125
org.odpi.openmetadata.samples.archiveutilities.sustainability,org.odpi.openmetadata.contentpacks.core.core,8,3,8.0,11.090354888959125
org.odpi.openmetadata.engineservices.governanceaction.server,org.odpi.openmetadata.engineservices.governanceaction.handlers,8,3,8.0,11.090354888959125
org.odpi.openmetadata.adapters.connectors.resource.jdbc,org.odpi.openmetadata.frameworks.openmetadata.definitions,8,3,8.0,11.090354888959125
org.odpi.openmetadata.frameworkservices.omf.admin,org.odpi.openmetadata.frameworkservices.omf.listener,8,3,8.0,11.090354888959125
org.odpi.openmetadata.samples.archiveutilities.combo,org.odpi.openmetadata.contentpacks.core.files,8,3,8.0,11.090354888959125
org.odpi.openmetadata.contentpacks.core.files,org.odpi.openmetadata.repositoryservices.connectors.stores.archivestore.properties,8,3,8.0,11.090354888959125
org.odpi.openmetadata.adapters.connectors.integration.jdbc,org.odpi.openmetadata.frameworks.openmetadata.definitions,8,3,8.0,11.090354888959125
org.odpi.openmetadata.adapters.connectors.postgres.catalog,org.odpi.openmetadata.frameworks.connectors.properties.beans,16,1,16.0,11.090354888959125
org.odpi.openmetadata.contentpacks.core.unitycatalog,org.odpi.openmetadata.adapters.connectors.datastore.datafolder,8,3,8.0,11.090354888959125
org.odpi.openmetadata.samples.archiveutilities.combo,org.odpi.openmetadata.contentpacks.core.postgres,8,3,8.0,11.090354888959125
org.odpi.openmetadata.frameworkservices.omf.admin,org.odpi.openmetadata.adminservices.configuration.properties,8,3,8.0,11.090354888959125
org.odpi.openmetadata.adapters.connectors.apachekafka.resource,org.odpi.openmetadata.frameworks.openmetadata.definitions,8,3,8.0,11.090354888959125
org.odpi.openmetadata.frameworkservices.gaf.handlers,org.odpi.openmetadata.frameworks.connectors.properties.beans,8,3,8.0,11.090354888959125
org.odpi.openmetadata.samples.archiveutilities.combo,org.odpi.openmetadata.contentpacks.core.unitycatalog,8,3,8.0,11.090354888959125
org.odpi.openmetadata.adapters.connectors.apachekafka.survey,org.odpi.openmetadata.frameworks.openmetadata.definitions,8,3,8.0,11.090354888959125
org.odpi.openmetadata.conformance.server,org.odpi.openmetadata.repositoryservices.connectors.omrstopic,8,3,8.0,11.090354888959125
org.odpi.openmetadata.frameworkservices.omf.admin,org.odpi.openmetadata.repositoryservices.connectors.stores.metadatacollectionstore.repositoryconnector,8,3,8.0,11.090354888959125
org.odpi.openmetadata.contentpacks.core.unitycatalog,org.odpi.openmetadata.repositoryservices.connectors.stores.archivestore.properties,8,3,8.0,11.090354888959125
org.odpi.openmetadata.samples.archiveutilities.sustainability,org.odpi.openmetadata.repositoryservices.connectors.stores.archivestore.properties,8,3,8.0,11.090354888959125
org.odpi.openmetadata.adapters.repositoryservices.auditlogstore.postgres,org.odpi.openmetadata.frameworks.openmetadata.definitions,8,3,8.0,11.090354888959125
org.odpi.openmetadata.viewservices.classificationexplorer.server,org.odpi.openmetadata.frameworks.openmetadata.properties.resources,8,3,8.0,11.090354888959125
org.odpi.openmetadata.viewservices.subjectarea.server,org.odpi.openmetadata.frameworkservices.omf.client,8,3,8.0,11.090354888959125
org.odpi.openmetadata.adapters.connectors.postgres.catalog,org.odpi.openmetadata.frameworks.openmetadata.definitions,8,3,8.0,11.090354888959125
org.odpi.openmetadata.samples.archiveutilities.businesssystems,org.odpi.openmetadata.repositoryservices.connectors.stores.archivestore.properties,8,3,8.0,11.090354888959125
org.odpi.openmetadata.samples.archiveutilities.businesssystems,org.odpi.openmetadata.contentpacks.core.files,8,3,8.0,11.090354888959125
org.odpi.openmetadata.samples.archiveutilities.businesssystems,org.odpi.openmetadata.contentpacks.core.egeria,8,3,8.0,11.090354888959125
org.odpi.openmetadata.contentpacks.core.digitalproducts,org.odpi.openmetadata.contentpacks.core.core,8,3,8.0,11.090354888959125
org.odpi.openmetadata.samples.archiveutilities.combo,org.odpi.openmetadata.contentpacks.core.core,8,3,8.0,11.090354888959125
org.odpi.openmetadata.contentpacks.core.digitalproducts,org.odpi.openmetadata.repositoryservices.connectors.stores.archivestore.properties,8,3,8.0,11.090354888959125
org.odpi.openmetadata.samples.archiveutilities.businesssystems,org.odpi.openmetadata.contentpacks.core.core,8,3,8.0,11.090354888959125
org.odpi.openmetadata.contentpacks.core.files,org.odpi.openmetadata.contentpacks.core.core,8,3,8.0,11.090354888959125
org.odpi.openmetadata.viewservices.locationarena.server,org.odpi.openmetadata.frameworkservices.omf.client,8,3,8.0,11.090354888959125
org.odpi.openmetadata.viewservices.externallinks.server,org.odpi.openmetadata.frameworkservices.omf.client,8,3,8.0,11.090354888959125
org.odpi.openmetadata.samples.archiveutilities.businesssystems,org.odpi.openmetadata.contentpacks.core.unitycatalog,8,3,8.0,11.090354888959125
org.odpi.openmetadata.viewservices.automatedcuration.server,org.odpi.openmetadata.frameworkservices.omf.client,8,3,8.0,11.090354888959125
org.odpi.openmetadata.samples.archiveutilities.businesssystems,org.odpi.openmetadata.contentpacks.core.postgres,8,3,8.0,11.090354888959125
org.odpi.openmetadata.samples.archiveutilities.combo,org.odpi.openmetadata.contentpacks.core.egeria,8,3,8.0,11.090354888959125
org.odpi.openmetadata.viewservices.actionauthor.server,org.odpi.openmetadata.frameworkservices.omf.client,8,3,8.0,11.090354888959125
org.odpi.openmetadata.adapters.connectors.surveyaction.surveyfile,org.odpi.openmetadata.frameworks.openmetadata.definitions,8,3,8.0,11.090354888959125
org.odpi.openmetadata.viewservices.classificationexplorer.server,org.odpi.openmetadata.frameworks.openmetadata.properties.security,8,3,8.0,11.090354888959125
org.odpi.openmetadata.frameworkservices.gaf.converters,org.odpi.openmetadata.frameworks.openmetadata.properties.assets.processes,16,1,16.0,11.090354888959125
org.odpi.openmetadata.adapters.connectors.datastore.datafolder,org.odpi.openmetadata.frameworks.openmetadata.definitions,8,3,8.0,11.090354888959125
org.odpi.openmetadata.contentpacks.core.apacheatlas,org.odpi.openmetadata.contentpacks.core.core,8,3,8.0,11.090354888959125
org.odpi.openmetadata.contentpacks.core,org.odpi.openmetadata.adapters.connectors.governanceactions.watchdog,8,3,8.0,11.090354888959125
org.odpi.openmetadata.contentpacks.core,org.odpi.openmetadata.adapters.eventbus.topic.kafka,8,3,8.0,11.090354888959125
org.odpi.openmetadata.engineservices.surveyaction.server,org.odpi.openmetadata.engineservices.surveyaction.handlers,8,3,8.0,11.090354888959125
org.odpi.openmetadata.viewservices.validmetadata.server,org.odpi.openmetadata.frameworkservices.omf.client,8,3,8.0,11.090354888959125
org.odpi.openmetadata.contentpacks.core,org.odpi.openmetadata.adapters.connectors.governanceactions.verification,8,3,8.0,11.090354888959125
org.odpi.openmetadata.viewservices.validmetadata.server,org.odpi.openmetadata.frameworks.openmetadata.search,8,3,8.0,11.090354888959125
org.odpi.openmetadata.adapters.connectors.integration.openlineage,org.odpi.openmetadata.frameworks.openmetadata.properties,16,1,16.0,11.090354888959125
org.odpi.openmetadata.contentpacks.core,org.odpi.openmetadata.adapters.connectors.apachekafka.resource,8,3,8.0,11.090354888959125
org.odpi.openmetadata.adapters.connectors.integration.openapis,org.odpi.openmetadata.frameworks.openmetadata.definitions,8,3,8.0,11.090354888959125
org.odpi.openmetadata.frameworks.integration.iterator,org.odpi.openmetadata.frameworks.openmetadata.properties.externalidentifiers,8,3,8.0,11.090354888959125
org.odpi.openmetadata.viewservices.devopspipeline.server,org.odpi.openmetadata.frameworkservices.omf.client,8,3,8.0,11.090354888959125
org.odpi.openmetadata.repositoryservices.connectors.openmetadatatopic,org.odpi.openmetadata.repositoryservices.ffdc.exception,8,3,8.0,11.090354888959125
org.odpi.openmetadata.contentpacks.core.apacheatlas,org.odpi.openmetadata.repositoryservices.connectors.stores.archivestore.properties,8,3,8.0,11.090354888959125
org.odpi.openmetadata.adapters.connectors.egeriainfrastructure.control,org.odpi.openmetadata.adapters.connectors.egeriainfrastructure.platform,8,3,8.0,11.090354888959125
org.odpi.openmetadata.contentpacks.core.postgres,org.odpi.openmetadata.repositoryservices.connectors.stores.archivestore.properties,8,3,8.0,11.090354888959125
org.odpi.openmetadata.contentpacks.core.apacheatlas,org.odpi.openmetadata.adapters.connectors.apacheatlas.resource,8,3,8.0,11.090354888959125
org.odpi.openmetadata.frameworks.integration.context,org.odpi.openmetadata.frameworks.opengovernance.properties,8,3,8.0,11.090354888959125
org.odpi.openmetadata.contentpacks.core.postgres,org.odpi.openmetadata.adapters.connectors.postgres.catalog,8,3,8.0,11.090354888959125
org.odpi.openmetadata.adapters.connectors.surveyaction.surveyfolder,org.odpi.openmetadata.frameworks.openmetadata.definitions,8,3,8.0,11.090354888959125
org.odpi.openmetadata.contentpacks.core,org.odpi.openmetadata.adapters.connectors.surveyaction.surveyfolder,8,3,8.0,11.090354888959125
org.odpi.openmetadata.commonservices.ffdc,org.odpi.openmetadata.frameworks.connectors.properties.beans,8,3,8.0,11.090354888959125
org.odpi.openmetadata.contentpacks.core.organizationinsight,org.odpi.openmetadata.contentpacks.core.core,8,3,8.0,11.090354888959125
org.odpi.openmetadata.viewservices.peopleorganizer.server,org.odpi.openmetadata.frameworks.openmetadata.properties.actors,8,3,8.0,11.090354888959125
org.odpi.openmetadata.contentpacks.core.organizationinsight,org.odpi.openmetadata.repositoryservices.connectors.stores.archivestore.properties,8,3,8.0,11.090354888959125
org.odpi.openmetadata.viewservices.peopleorganizer.server,org.odpi.openmetadata.frameworkservices.omf.client,8,3,8.0,11.090354888959125
org.odpi.openmetadata.adapters.eventbus.topic.kafka,org.odpi.openmetadata.frameworks.openmetadata.definitions,8,3,8.0,11.090354888959125
org.odpi.openmetadata.contentpacks.core,org.odpi.openmetadata.adapters.connectors.baudot,8,3,8.0,11.090354888959125
org.odpi.openmetadata.viewservices.dataofficer.server,org.odpi.openmetadata.frameworkservices.omf.client,8,3,8.0,11.090354888959125
org.odpi.openmetadata.engineservices.repositorygovernance.connector,org.odpi.openmetadata.frameworks.openmetadata.refdata,8,3,8.0,11.090354888959125
org.odpi.openmetadata.viewservices.datadesigner.server,org.odpi.openmetadata.frameworkservices.omf.client,8,3,8.0,11.090354888959125
org.odpi.openmetadata.contentpacks.core.apis,org.odpi.openmetadata.repositoryservices.connectors.stores.archivestore.properties,8,3,8.0,11.090354888959125
org.odpi.openmetadata.contentpacks.core.apis,org.odpi.openmetadata.contentpacks.core.egeria,8,3,8.0,11.090354888959125
org.odpi.openmetadata.contentpacks.core.apis,org.odpi.openmetadata.contentpacks.core.core,8,3,8.0,11.090354888959125
org.odpi.openmetadata.contentpacks.core.apis,org.odpi.openmetadata.adapters.connectors.integration.openapis,8,3,8.0,11.090354888959125
org.odpi.openmetadata.adapters.repositoryservices.postgres.repositoryconnector,org.odpi.openmetadata.frameworks.connectors.properties.beans,16,1,16.0,11.090354888959125
org.odpi.openmetadata.engineservices.surveyaction.handlers,org.odpi.openmetadata.frameworks.connectors,8,3,8.0,11.090354888959125
org.odpi.openmetadata.engineservices.surveyaction.handlers,org.odpi.openmetadata.adapters.connectors.datastore.csvfile,8,3,8.0,11.090354888959125
org.odpi.openmetadata.samples.archiveutilities.governanceengines,org.odpi.openmetadata.contentpacks.core.unitycatalog,8,3,8.0,11.090354888959125
org.odpi.openmetadata.accessservices.datamanager.fvt.databases,org.odpi.openmetadata.frameworks.openmetadata.properties.assets,16,1,16.0,11.090354888959125
org.odpi.openmetadata.samples.archiveutilities.governanceengines,org.odpi.openmetadata.contentpacks.core.postgres,8,3,8.0,11.090354888959125
org.odpi.openmetadata.contentpacks.core,org.odpi.openmetadata.adapters.connectors.reports.surveyreport,8,3,8.0,11.090354888959125
org.odpi.openmetadata.samples.archiveutilities.governanceengines,org.odpi.openmetadata.contentpacks.core.egeria,8,3,8.0,11.090354888959125
org.odpi.openmetadata.contentpacks.core,org.odpi.openmetadata.frameworks.openmetadata.enums,8,3,8.0,11.090354888959125
org.odpi.openmetadata.samples.archiveutilities.governanceengines,org.odpi.openmetadata.contentpacks.core.files,8,3,8.0,11.090354888959125
org.odpi.openmetadata.samples.archiveutilities.governanceengines,org.odpi.openmetadata.contentpacks.core.core,8,3,8.0,11.090354888959125
org.odpi.openmetadata.samples.archiveutilities.governanceengines,org.odpi.openmetadata.repositoryservices.connectors.stores.archivestore.properties,8,3,8.0,11.090354888959125
org.odpi.openmetadata.engineservices.surveyaction.handlers,org.odpi.openmetadata.frameworkservices.ocf.metadatamanagement.client,8,3,8.0,11.090354888959125
org.odpi.openmetadata.adapters.connectors.apachekafka.integration,org.odpi.openmetadata.frameworks.openmetadata.definitions,8,3,8.0,11.090354888959125
org.odpi.openmetadata.contentpacks.core,org.odpi.openmetadata.adapters.connectors.organizationinsight.karmapoints,8,3,8.0,11.090354888959125
org.odpi.openmetadata.engineservices.surveyaction.handlers,org.odpi.openmetadata.frameworkservices.omf.client,8,3,8.0,11.090354888959125
org.odpi.openmetadata.contentpacks.core,org.odpi.openmetadata.adapters.connectors.wedgwood,8,3,8.0,11.090354888959125
org.odpi.openmetadata.engineservices.repositorygovernance.server,org.odpi.openmetadata.engineservices.repositorygovernance.handlers,8,3,8.0,11.090354888959125
org.odpi.openmetadata.contentpacks.core,org.odpi.openmetadata.adapters.connectors.datastore.datafolder,8,3,8.0,11.090354888959125
org.odpi.openmetadata.repositoryservices.admin,org.odpi.openmetadata.repositoryservices.connectors.stores.metadatacollectionstore.repositoryconnector,8,3,8.0,11.090354888959125
org.odpi.openmetadata.governanceservers.integrationdaemonservices.threads,org.odpi.openmetadata.governanceservers.integrationdaemonservices.listener,8,3,8.0,11.090354888959125
org.odpi.openmetadata.frameworks.openmetadata.types,org.odpi.openmetadata.frameworks.openmetadata.properties.schema.apis,16,1,16.0,11.090354888959125
org.odpi.openmetadata.adapters.connectors.governanceactions.verification,org.odpi.openmetadata.frameworks.openmetadata.search,16,1,16.0,11.090354888959125
org.odpi.openmetadata.viewservices.projectmanager.server,org.odpi.openmetadata.frameworkservices.omf.client,8,3,8.0,11.090354888959125
org.odpi.openmetadata.contentpacks.core,org.odpi.openmetadata.adapters.connectors.surveyaction.surveycsv,8,3,8.0,11.090354888959125
org.odpi.openmetadata.adapters.connectors.jacquard.productcatalog,org.odpi.openmetadata.adapters.connectors.jacquard.tabulardatasets.referencedata,8,3,8.0,11.090354888959125
org.odpi.openmetadata.adapters.connectors.surveyaction.surveycsv,org.odpi.openmetadata.frameworks.openmetadata.definitions,8,3,8.0,11.090354888959125
org.odpi.openmetadata.contentpacks.core.apacheatlas,org.odpi.openmetadata.adapters.connectors.apacheatlas.integration,8,3,8.0,11.090354888959125
org.odpi.openmetadata.contentpacks.core,org.odpi.openmetadata.adapters.connectors.apacheatlas.resource,8,3,8.0,11.090354888959125
org.odpi.openmetadata.adapters.connectors.externalharvesters.harvestsurveys,org.odpi.openmetadata.frameworks.integration.properties,8,3,8.0,11.090354888959125
org.odpi.openmetadata.viewservices.glossarymanager.server,org.odpi.openmetadata.frameworkservices.omf.client,8,3,8.0,11.090354888959125
org.odpi.openmetadata.contentpacks.core,org.odpi.openmetadata.adapters.connectors.unitycatalog.provision,8,3,8.0,11.090354888959125
org.odpi.openmetadata.engineservices.watchdogaction.handlers,org.odpi.openmetadata.frameworkservices.omf.client,8,3,8.0,11.090354888959125
org.odpi.openmetadata.contentpacks.core.apachekafka,org.odpi.openmetadata.adapters.connectors.apachekafka.integration,8,3,8.0,11.090354888959125
org.odpi.openmetadata.utilities.serverconfig,org.odpi.openmetadata.adminservices.configuration.properties,16,1,16.0,11.090354888959125
org.odpi.openmetadata.contentpacks.core.apachekafka,org.odpi.openmetadata.adapters.connectors.apachekafka.survey,8,3,8.0,11.090354888959125
org.odpi.openmetadata.contentpacks.core.apachekafka,org.odpi.openmetadata.adapters.connectors.apachekafka.resource,8,3,8.0,11.090354888959125
org.odpi.openmetadata.adapters.connectors.apacheatlas.resource,org.odpi.openmetadata.frameworks.openmetadata.definitions,8,3,8.0,11.090354888959125
org.odpi.openmetadata.contentpacks.core.apachekafka,org.odpi.openmetadata.contentpacks.core.core,8,3,8.0,11.090354888959125
org.odpi.openmetadata.adapters.connectors.unitycatalog.provision,org.odpi.openmetadata.frameworks.openmetadata.definitions,8,3,8.0,11.090354888959125
org.odpi.openmetadata.contentpacks.core.apachekafka,org.odpi.openmetadata.repositoryservices.connectors.stores.archivestore.properties,8,3,8.0,11.090354888959125
org.odpi.openmetadata.frameworks.openmetadata.types,org.odpi.openmetadata.frameworks.openmetadata.properties.assets.processes,16,1,16.0,11.090354888959125
org.odpi.openmetadata.viewservices.privacyofficer.server,org.odpi.openmetadata.frameworkservices.omf.client,8,3,8.0,11.090354888959125
org.odpi.openmetadata.adapters.connectors.jacquard.tabulardatasets,org.odpi.openmetadata.frameworks.openmetadata.properties,8,3,8.0,11.090354888959125
org.odpi.openmetadata.adapters.connectors.jacquard.tabulardatasets,org.odpi.openmetadata.frameworkservices.omf.client,8,3,8.0,11.090354888959125
org.odpi.openmetadata.frameworks.openwatchdog,org.odpi.openmetadata.frameworks.openmetadata.properties.assets.processes,16,1,16.0,11.090354888959125
org.odpi.openmetadata.governanceservers.enginehostservices.server,org.odpi.openmetadata.frameworkservices.omf.client,8,3,8.0,11.090354888959125
org.odpi.openmetadata.contentpacks.core.egeria,org.odpi.openmetadata.contentpacks.core.core,8,3,8.0,11.090354888959125
org.odpi.openmetadata.contentpacks.core.egeria,org.odpi.openmetadata.repositoryservices.connectors.stores.archivestore.properties,8,3,8.0,11.090354888959125
org.odpi.openmetadata.frameworkservices.gaf.admin,org.odpi.openmetadata.adminservices.configuration.properties,8,3,8.0,11.090354888959125
org.odpi.openmetadata.adapters.connectors.jacquard.productcatalog,org.odpi.openmetadata.adapters.connectors.jacquard.tabulardatasets.validmetadatavalues,8,3,8.0,11.090354888959125
org.odpi.openmetadata.viewservices.metadataexpert.server,org.odpi.openmetadata.frameworkservices.omf.client,8,3,8.0,11.090354888959125
org.odpi.openmetadata.adapters.connectors.jacquard.productcatalog,org.odpi.openmetadata.adapters.connectors.jacquard.tabulardatasets.openmetadatatypes,8,3,8.0,11.090354888959125
org.odpi.openmetadata.adapters.connectors.organizationinsight.karmapoints,org.odpi.openmetadata.frameworks.opengovernance.ffdc,8,3,8.0,11.090354888959125
org.odpi.openmetadata.governanceservers.enginehostservices.admin,org.odpi.openmetadata.frameworks.openmetadata.refdata,8,3,8.0,11.090354888959125
org.odpi.openmetadata.frameworkservices.gaf.server,org.odpi.openmetadata.repositoryservices.connectors.stores.metadatacollectionstore.repositoryconnector,8,3,8.0,11.090354888959125
org.odpi.openmetadata.samples.archiveutilities.clinicaltrialtemplates,org.odpi.openmetadata.repositoryservices.connectors.stores.archivestore.properties,8,3,8.0,11.090354888959125
org.odpi.openmetadata.contentpacks.core,org.odpi.openmetadata.adapters.connectors.apacheatlas.survey,8,3,8.0,11.090354888959125
org.odpi.openmetadata.adapters.connectors.integration.jdbc.transfer,org.odpi.openmetadata.frameworks.integration.context,8,3,8.0,11.090354888959125
org.odpi.openmetadata.samples.archiveutilities.clinicaltrialtemplates,org.odpi.openmetadata.contentpacks.core.core,8,3,8.0,11.090354888959125
org.odpi.openmetadata.viewservices.solutionarchitect.server,org.odpi.openmetadata.frameworkservices.omf.client,8,3,8.0,11.090354888959125
org.odpi.openmetadata.viewservices.referencedata.server,org.odpi.openmetadata.frameworkservices.omf.client,8,3,8.0,11.090354888959125
org.odpi.openmetadata.frameworks.openmetadata.types,org.odpi.openmetadata.frameworks.openmetadata.properties.lineage,16,1,16.0,11.090354888959125
org.odpi.openmetadata.contentpacks.core.postgres,org.odpi.openmetadata.contentpacks.core.core,8,3,8.0,11.090354888959125
org.odpi.openmetadata.viewservices.productmanager.server,org.odpi.openmetadata.frameworkservices.omf.client,8,3,8.0,11.090354888959125
org.odpi.openmetadata.adapters.connectors.jacquard,org.odpi.openmetadata.frameworks.connectors.tabulardatasets,16,1,16.0,11.090354888959125
org.odpi.openmetadata.accessservices.assetconsumer.samples.readavrofile,org.odpi.openmetadata.frameworkservices.ocf.metadatamanagement.client,8,3,8.0,11.090354888959125
org.odpi.openmetadata.frameworks.openmetadata.types,org.odpi.openmetadata.frameworks.openmetadata.properties.locations,16,1,16.0,11.090354888959125
org.odpi.openmetadata.contentpacks.core,org.odpi.openmetadata.adapters.connectors.surveyaction.surveyfile,8,3,8.0,11.090354888959125
org.odpi.openmetadata.conformance.workbenches.platform,org.odpi.openmetadata.conformance.tests.platform.origin,8,3,8.0,11.090354888959125
org.odpi.openmetadata.adapters.connectors.externalharvesters.harvestopenmetadata,org.odpi.openmetadata.adapters.connectors.externalharvesters.harvestopenmetadata.schema,8,3,8.0,11.090354888959125
org.odpi.openmetadata.conformance.workbenches.platform,org.odpi.openmetadata.adminservices.configuration.properties,8,3,8.0,11.090354888959125
org.odpi.openmetadata.viewservices.datadiscovery.server,org.odpi.openmetadata.frameworkservices.omf.client,8,3,8.0,11.090354888959125
org.odpi.openmetadata.contentpacks.core,org.odpi.openmetadata.adapters.connectors.apachekafka.survey,8,3,8.0,11.090354888959125
org.odpi.openmetadata.frameworks.openmetadata.properties,org.odpi.openmetadata.frameworks.openmetadata.properties.assets.processes.actions,10,2,10.0,10.986122886681098
org.odpi.openmetadata.adapters.connectors.governanceactions.verification,org.odpi.openmetadata.frameworks.connectors,10,2,10.0,10.986122886681098
org.odpi.openmetadata.adapters.connectors.postgres.survey,org.odpi.openmetadata.frameworks.openmetadata.types,10,2,10.0,10.986122886681098
org.odpi.openmetadata.adapters.connectors.governanceactions.remediation,org.odpi.openmetadata.frameworks.auditlog.messagesets,10,2,10.0,10.986122886681098
org.odpi.openmetadata.adapters.connectors.unitycatalog.sync,org.odpi.openmetadata.adapters.connectors,10,2,10.0,10.986122886681098
org.odpi.openmetadata.adapters.connectors.egeriainfrastructure.servers,org.odpi.openmetadata.adminservices.configuration.properties,10,2,10.0,10.986122886681098
org.odpi.openmetadata.frameworks.integration.contextmanager,org.odpi.openmetadata.frameworks.opengovernance.client,10,2,10.0,10.986122886681098
org.odpi.openmetadata.frameworks.openmetadata.properties,org.odpi.openmetadata.frameworks.openmetadata.properties.collections,10,2,10.0,10.986122886681098
org.odpi.openmetadata.adapters.repositoryservices.auditlogstore.file,org.odpi.openmetadata.frameworks.connectors,10,2,10.0,10.986122886681098
org.odpi.openmetadata.adapters.connectors.jacquard.tabulardatasets.referencedata,org.odpi.openmetadata.adapters.connectors,10,2,10.0,10.986122886681098
org.odpi.openmetadata.adapters.connectors.postgres.survey,org.odpi.openmetadata.adapters.connectors,10,2,10.0,10.986122886681098
org.odpi.openmetadata.adapters.connectors.postgres.survey,org.odpi.openmetadata.adapters.connectors.controls,10,2,10.0,10.986122886681098
org.odpi.openmetadata.frameworks.openmetadata.properties.informationsupplychains,org.odpi.openmetadata.frameworks.openmetadata.types,10,2,10.0,10.986122886681098
org.odpi.openmetadata.accessservices.assetmanager.fvt.common,org.odpi.openmetadata.frameworks.auditlog,10,2,10.0,10.986122886681098
org.odpi.openmetadata.frameworks.openmetadata.properties.implementations,org.odpi.openmetadata.frameworks.openmetadata.types,10,2,10.0,10.986122886681098
org.odpi.openmetadata.adapters.connectors.secretsstore.yaml,org.odpi.openmetadata.adapters.connectors,10,2,10.0,10.986122886681098
org.odpi.openmetadata.frameworks.openmetadata.properties.propertyfacets,org.odpi.openmetadata.frameworks.openmetadata.types,10,2,10.0,10.986122886681098
org.odpi.openmetadata.adapters.connectors.governanceactions.provisioning,org.odpi.openmetadata.frameworks.auditlog.messagesets,10,2,10.0,10.986122886681098
org.odpi.openmetadata.frameworks.openmetadata.properties.assets,org.odpi.openmetadata.frameworks.openmetadata.properties.assets.reports,10,2,10.0,10.986122886681098
org.odpi.openmetadata.adapters.connectors.jacquard.productcatalog,org.odpi.openmetadata.frameworks.openmetadata.enums,10,2,10.0,10.986122886681098
org.odpi.openmetadata.adapters.connectors.unitycatalog.provision,org.odpi.openmetadata.frameworks.opengovernance.controls,10,2,10.0,10.986122886681098
org.odpi.openmetadata.frameworks.openmetadata.properties.collections,org.odpi.openmetadata.frameworks.openmetadata.properties.glossaries,10,2,10.0,10.986122886681098
org.odpi.openmetadata.utilities.serverconfig,org.odpi.openmetadata.frameworks.openmetadata.ffdc,10,2,10.0,10.986122886681098
org.odpi.openmetadata.adapters.connectors.subscriptions,org.odpi.openmetadata.frameworks.auditlog.messagesets,10,2,10.0,10.986122886681098
org.odpi.openmetadata.adapters.connectors.subscriptions,org.odpi.openmetadata.frameworks.opengovernance.controls,10,2,10.0,10.986122886681098
org.odpi.openmetadata.adapters.connectors.subscriptions,org.odpi.openmetadata.frameworks.connectors,10,2,10.0,10.986122886681098
org.odpi.openmetadata.adapters.repositoryservices.postgres.repositoryconnector.database,org.odpi.openmetadata.frameworks.openmetadata.types,10,2,10.0,10.986122886681098
org.odpi.openmetadata.adapters.connectors.jacquard.tabulardatasets.validmetadatavalues,org.odpi.openmetadata.adapters.connectors,10,2,10.0,10.986122886681098
org.odpi.openmetadata.accessservices.itinfrastructure.samples.assetdeploy,org.odpi.openmetadata.adminservices.configuration.registration,10,2,10.0,10.986122886681098
org.odpi.openmetadata.frameworks.openmetadata.properties.translations,org.odpi.openmetadata.frameworks.openmetadata.types,10,2,10.0,10.986122886681098
org.odpi.openmetadata.platformchassis.springboot,org.odpi.openmetadata.frameworks.connectors.controls,10,2,10.0,10.986122886681098
org.odpi.openmetadata.conformance.workbenches.repository.listener,org.odpi.openmetadata.repositoryservices.connectors.stores.metadatacollectionstore.properties.typedefs,10,2,10.0,10.986122886681098
org.odpi.openmetadata.frameworks.openmetadata.builders,org.odpi.openmetadata.frameworks.openmetadata.properties.externalreferences,10,2,10.0,10.986122886681098
org.odpi.openmetadata.adapters.connectors.surveyaction.surveyfolder,org.odpi.openmetadata.frameworks.connectors,10,2,10.0,10.986122886681098
org.odpi.openmetadata.adapters.connectors.datastore.basicfile,org.odpi.openmetadata.frameworks.openmetadata.refdata,10,2,10.0,10.986122886681098
org.odpi.openmetadata.repositoryservices.enterprise.repositoryconnector.control,org.odpi.openmetadata.repositoryservices.ffdc,10,2,10.0,10.986122886681098
org.odpi.openmetadata.frameworkservices.omf.server,org.odpi.openmetadata.frameworkservices.omf.ffdc,10,2,10.0,10.986122886681098
org.odpi.openmetadata.adapters.connectors.datastore.basicfile,org.odpi.openmetadata.adapters.connectors,10,2,10.0,10.986122886681098
org.odpi.openmetadata.frameworks.openmetadata.builders,org.odpi.openmetadata.frameworks.openmetadata.properties.glossaries,10,2,10.0,10.986122886681098
org.odpi.openmetadata.adapters.connectors.egeriainfrastructure.platform.survey,org.odpi.openmetadata.frameworks.connectors,10,2,10.0,10.986122886681098
org.odpi.openmetadata.adapters.connectors.governanceactions.provisioning,org.odpi.openmetadata.frameworks.opengovernance.controls,10,2,10.0,10.986122886681098
org.odpi.openmetadata.frameworks.openmetadata.builders,org.odpi.openmetadata.frameworks.openmetadata.properties.collections,10,2,10.0,10.986122886681098
org.odpi.openmetadata.frameworkservices.gaf.connectors.outtopic,org.odpi.openmetadata.adapters.connectors,10,2,10.0,10.986122886681098
org.odpi.openmetadata.frameworkservices.omf.connectors.outtopic,org.odpi.openmetadata.adapters.connectors,10,2,10.0,10.986122886681098
org.odpi.openmetadata.repositoryservices.eventmanagement,org.odpi.openmetadata.frameworks.openmetadata.types,10,2,10.0,10.986122886681098
org.odpi.openmetadata.adapters.connectors.integration.csvlineageimporter,org.odpi.openmetadata.adapters.connectors.integration.csvlineageimporter.ffdc,10,2,10.0,10.986122886681098
org.odpi.openmetadata.adapters.connectors.postgres.tabulardatasource,org.odpi.openmetadata.adapters.connectors.controls,10,2,10.0,10.986122886681098
org.odpi.openmetadata.frameworks.openmetadata.properties.assets.topics,org.odpi.openmetadata.frameworks.openmetadata.types,10,2,10.0,10.986122886681098
org.odpi.openmetadata.frameworkservices.gaf.connectors.outtopic,org.odpi.openmetadata.frameworkservices.omf.ffdc,10,2,10.0,10.986122886681098
org.odpi.openmetadata.frameworks.openmetadata.properties.resources,org.odpi.openmetadata.frameworks.openmetadata.types,10,2,10.0,10.986122886681098
org.odpi.openmetadata.adapters.connectors.postgres.tabulardatasource,org.odpi.openmetadata.adapters.connectors,10,2,10.0,10.986122886681098
org.odpi.openmetadata.repositoryservices.eventmanagement,org.odpi.openmetadata.frameworks.connectors.properties.beans,10,2,10.0,10.986122886681098
org.odpi.openmetadata.engineservices.governanceaction.handlers,org.odpi.openmetadata.adminservices.configuration.registration,10,2,10.0,10.986122886681098
org.odpi.openmetadata.serveroperations.server.spring,org.odpi.openmetadata.commonservices.ffdc.rest,10,2,10.0,10.986122886681098
org.odpi.openmetadata.frameworks.openmetadata.properties.externalidentifiers,org.odpi.openmetadata.frameworks.openmetadata.types,10,2,10.0,10.986122886681098
org.odpi.openmetadata.frameworks.openmetadata.handlers,org.odpi.openmetadata.frameworks.openmetadata.properties.externalreferences,15,1,15.0,10.39720770839918
org.odpi.openmetadata.adapters.connectors.reports.surveyreport,org.odpi.openmetadata.adapters.connectors.reports.ffdc,9,2,9.0,9.887510598012987
org.odpi.openmetadata.repositoryservices.enterprise.repositoryconnector,org.odpi.openmetadata.repositoryservices.auditlog,9,2,9.0,9.887510598012987
org.odpi.openmetadata.accessservices.communityprofile.fvt.clientconstructors,org.odpi.openmetadata.frameworks.openmetadata.ffdc,9,2,9.0,9.887510598012987
org.odpi.openmetadata.metadatasecurity.accessconnector,org.odpi.openmetadata.metadatasecurity.accessconnector.ffdc,9,2,9.0,9.887510598012987
org.odpi.openmetadata.frameworks.integration.iterator,org.odpi.openmetadata.frameworks.integration.ffdc,9,2,9.0,9.887510598012987
org.odpi.openmetadata.adapters.connectors.apachekafka.survey.controls,org.odpi.openmetadata.frameworks.openmetadata.types,9,2,9.0,9.887510598012987
org.odpi.openmetadata.frameworks.openmetadata.types,org.odpi.openmetadata.frameworks.openmetadata.properties.templates,9,2,9.0,9.887510598012987
org.odpi.openmetadata.frameworks.openmetadata.properties,org.odpi.openmetadata.frameworks.openmetadata.properties.templates,9,2,9.0,9.887510598012987
org.odpi.openmetadata.frameworks.openmetadata.properties.schema,org.odpi.openmetadata.frameworks.openmetadata.properties.schema.apis,9,2,9.0,9.887510598012987
org.odpi.openmetadata.adapters.connectors.integration.kafkaaudit,org.odpi.openmetadata.frameworks.openmetadata.types,9,2,9.0,9.887510598012987
org.odpi.openmetadata.userauthn,org.odpi.openmetadata.frameworks.connectors.controls,9,2,9.0,9.887510598012987
org.odpi.openmetadata.engineservices.governanceaction.api,org.odpi.openmetadata.frameworks.openmetadata.ffdc,9,2,9.0,9.887510598012987
org.odpi.openmetadata.engineservices.repositorygovernance.connector,org.odpi.openmetadata.engineservices.repositorygovernance.ffdc,9,2,9.0,9.887510598012987
org.odpi.openmetadata.adapters.connectors.dynamicarchivers,org.odpi.openmetadata.engineservices.repositorygovernance.ffdc,9,2,9.0,9.887510598012987
org.odpi.openmetadata.samples.governanceactions.clinicaltrials,org.odpi.openmetadata.frameworks.connectors,9,2,9.0,9.887510598012987
org.odpi.openmetadata.adapters.connectors.integration.kafkaaudit,org.odpi.openmetadata.frameworks.openmetadata.refdata,9,2,9.0,9.887510598012987
org.odpi.openmetadata.adapters.connectors.jacquard.tabulardatasets.controls,org.odpi.openmetadata.frameworks.openmetadata.types,9,2,9.0,9.887510598012987
org.odpi.openmetadata.engineservices.surveyaction.handlers,org.odpi.openmetadata.frameworks.openmetadata.types,9,2,9.0,9.887510598012987
org.odpi.openmetadata.adapters.connectors.wedgwood,org.odpi.openmetadata.adapters.connectors.governanceactions.ffdc,9,2,9.0,9.887510598012987
org.odpi.openmetadata.frameworks.openmetadata.converters,org.odpi.openmetadata.frameworks.openmetadata.mapper,9,2,9.0,9.887510598012987
org.odpi.openmetadata.accessservices.assetmanager.fvt.clientconstructors,org.odpi.openmetadata.frameworks.openmetadata.ffdc,9,2,9.0,9.887510598012987
org.odpi.openmetadata.adapters.connectors.integration.jdbc,org.odpi.openmetadata.frameworks.openmetadata.types,9,2,9.0,9.887510598012987
org.odpi.openmetadata.repositoryservices.localrepository.repositoryconnector,org.odpi.openmetadata.frameworks.auditlog.messagesets,9,2,9.0,9.887510598012987
org.odpi.openmetadata.adapters.connectors.integration.jdbc,org.odpi.openmetadata.frameworks.openmetadata.refdata,9,2,9.0,9.887510598012987
org.odpi.openmetadata.adapters.connectors.apachekafka.resource,org.odpi.openmetadata.adapters.connectors.controls,9,2,9.0,9.887510598012987
org.odpi.openmetadata.adapters.connectors.egeriainfrastructure.platform.survey,org.odpi.openmetadata.adapters.connectors.controls,9,2,9.0,9.887510598012987
org.odpi.openmetadata.adapters.repositoryservices.auditlogstore.postgres,org.odpi.openmetadata.adapters.repositoryservices.auditlogstore.postgres.ffdc,9,2,9.0,9.887510598012987
org.odpi.openmetadata.samples.archiveutilities,org.odpi.openmetadata.frameworks.connectors.mapper,9,2,9.0,9.887510598012987
org.odpi.openmetadata.accessservices.governanceprogram.samples.zonecreate,org.odpi.openmetadata.frameworks.openmetadata.ffdc,9,2,9.0,9.887510598012987
org.odpi.openmetadata.accessservices.communityprofile.fvt.profiles,org.odpi.openmetadata.frameworks.openmetadata.client,9,2,9.0,9.887510598012987
org.odpi.openmetadata.frameworks.openmetadata.types,org.odpi.openmetadata.frameworks.openmetadata.properties.assets.referencedata,9,2,9.0,9.887510598012987
org.odpi.openmetadata.repositoryservices.connectors.stores.metadatacollectionstore.repositoryconnector,org.odpi.openmetadata.repositoryservices.ffdc,9,2,9.0,9.887510598012987
org.odpi.openmetadata.frameworks.openmetadata.types,org.odpi.openmetadata.frameworks.openmetadata.properties.assets.metadatarepositories,9,2,9.0,9.887510598012987
org.odpi.openmetadata.engineservices.surveyaction.api,org.odpi.openmetadata.frameworks.openmetadata.ffdc,9,2,9.0,9.887510598012987
org.odpi.openmetadata.frameworks.opengovernance.mermaid,org.odpi.openmetadata.frameworks.openmetadata.enums,9,2,9.0,9.887510598012987
org.odpi.openmetadata.viewservices.assetcatalog.admin,org.odpi.openmetadata.adminservices.configuration.registration,9,2,9.0,9.887510598012987
org.odpi.openmetadata.frameworks.openmetadata.properties.schema,org.odpi.openmetadata.frameworks.openmetadata.properties.schema.events,9,2,9.0,9.887510598012987
org.odpi.openmetadata.frameworks.openmetadata.types,org.odpi.openmetadata.frameworks.openmetadata.properties.schema.tabular,9,2,9.0,9.887510598012987
org.odpi.openmetadata.adapters.connectors.subscriptions,org.odpi.openmetadata.adapters.connectors.governanceactions.stewardship,9,2,9.0,9.887510598012987
org.odpi.openmetadata.frameworks.openmetadata.types,org.odpi.openmetadata.frameworks.openmetadata.properties.dataprocessing,9,2,9.0,9.887510598012987
org.odpi.openmetadata.adapters.connectors.subscriptions,org.odpi.openmetadata.adapters.connectors.governanceactions.provisioning,9,2,9.0,9.887510598012987
org.odpi.openmetadata.adapters.connectors.egeriainfrastructure.platform.catalog,org.odpi.openmetadata.frameworks.connectors.controls,9,2,9.0,9.887510598012987
org.odpi.openmetadata.adapters.connectors.jacquard,org.odpi.openmetadata.frameworks.opengovernance.controls,9,2,9.0,9.887510598012987
org.odpi.openmetadata.adapters.connectors.integration.csvlineageimporter,org.odpi.openmetadata.frameworks.openmetadata.types,9,2,9.0,9.887510598012987
org.odpi.openmetadata.engineservices.repositorygovernance.api,org.odpi.openmetadata.frameworks.openmetadata.ffdc,9,2,9.0,9.887510598012987
org.odpi.openmetadata.commonservices.multitenant,org.odpi.openmetadata.repositoryservices.connectors.openmetadatatopic,9,2,9.0,9.887510598012987
org.odpi.openmetadata.adapters.connectors.integration.csvlineageimporter,org.odpi.openmetadata.frameworks.openmetadata.refdata,9,2,9.0,9.887510598012987
org.odpi.openmetadata.adapters.connectors.jacquard,org.odpi.openmetadata.adapters.connectors.jacquard.tabulardatasets.controls,9,2,9.0,9.887510598012987
org.odpi.openmetadata.adapters.connectors.resource.jdbc,org.odpi.openmetadata.frameworks.openmetadata.refdata,9,2,9.0,9.887510598012987
org.odpi.openmetadata.frameworks.openmetadata.types,org.odpi.openmetadata.frameworks.openmetadata.properties.schema.events,9,2,9.0,9.887510598012987
org.odpi.openmetadata.frameworks.openmetadata.types,org.odpi.openmetadata.frameworks.openmetadata.properties.schema.databases,9,2,9.0,9.887510598012987
org.odpi.openmetadata.engineservices.surveyaction.handlers,org.odpi.openmetadata.adminservices.configuration.registration,9,2,9.0,9.887510598012987
org.odpi.openmetadata.contentpacks.core,org.odpi.openmetadata.adapters.connectors.egeriainfrastructure.control,9,2,9.0,9.887510598012987
org.odpi.openmetadata.engineservices.watchdogaction.handlers,org.odpi.openmetadata.frameworks.opengovernance.controls,9,2,9.0,9.887510598012987
org.odpi.openmetadata.frameworks.openmetadata.refdata,org.odpi.openmetadata.frameworks.openmetadata.controls,9,2,9.0,9.887510598012987
org.odpi.openmetadata.contentpacks.core.base,org.odpi.openmetadata.frameworks.connectors.controls,9,2,9.0,9.887510598012987
org.odpi.openmetadata.contentpacks.core.base,org.odpi.openmetadata.adapters.connectors.governanceactions.stewardship,9,2,9.0,9.887510598012987
org.odpi.openmetadata.adapters.connectors,org.odpi.openmetadata.frameworks.openmetadata.controls,9,2,9.0,9.887510598012987
org.odpi.openmetadata.adapters.connectors.egeriainfrastructure.control,org.odpi.openmetadata.frameworks.opensurvey.controls,9,2,9.0,9.887510598012987
org.odpi.openmetadata.adapters.connectors.babbage,org.odpi.openmetadata.frameworks.openmetadata.types,9,2,9.0,9.887510598012987
org.odpi.openmetadata.viewservices.glossarymanager.server,org.odpi.openmetadata.frameworks.openmetadata.enums,9,2,9.0,9.887510598012987
org.odpi.openmetadata.viewservices.runtimemanager.server,org.odpi.openmetadata.frameworks.openmetadata.types,9,2,9.0,9.887510598012987
org.odpi.openmetadata.engineservices.watchdogaction.handlers,org.odpi.openmetadata.frameworks.openmetadata.refdata,9,2,9.0,9.887510598012987
org.odpi.openmetadata.repositoryservices.connectors.stores.metadatacollectionstore.repositoryeventmapper,org.odpi.openmetadata.repositoryservices.ffdc,9,2,9.0,9.887510598012987
org.odpi.openmetadata.utilities.serverconfig,org.odpi.openmetadata.repositoryservices.connectors.stores.auditlogstore,9,2,9.0,9.887510598012987
org.odpi.openmetadata.adapters.connectors.integration.jdbc.controls,org.odpi.openmetadata.frameworks.openmetadata.refdata,9,2,9.0,9.887510598012987
org.odpi.openmetadata.accessservices.samples.assetsetup,org.odpi.openmetadata.frameworks.openmetadata.ffdc,9,2,9.0,9.887510598012987
org.odpi.openmetadata.serveroperations.server,org.odpi.openmetadata.adminservices.ffdc,9,2,9.0,9.887510598012987
org.odpi.openmetadata.adapters.connectors.surveyaction.extractors,org.odpi.openmetadata.frameworks.openmetadata.ffdc,9,2,9.0,9.887510598012987
org.odpi.openmetadata.frameworks.openmetadata.properties.assets,org.odpi.openmetadata.frameworks.openmetadata.properties.assets.metadatarepositories,9,2,9.0,9.887510598012987
org.odpi.openmetadata.frameworks.openwatchdog,org.odpi.openmetadata.frameworks.openmetadata.events,9,2,9.0,9.887510598012987
org.odpi.openmetadata.engineservices.watchdogaction.api,org.odpi.openmetadata.frameworks.openmetadata.ffdc,9,2,9.0,9.887510598012987
org.odpi.openmetadata.frameworks.openmetadata.properties,org.odpi.openmetadata.frameworks.openmetadata.properties.assets.processes.connectors,9,2,9.0,9.887510598012987
org.odpi.openmetadata.adapters.connectors.egeriainfrastructure.platform,org.odpi.openmetadata.adminservices.ffdc.exception,9,2,9.0,9.887510598012987
org.odpi.openmetadata.frameworks.openmetadata.fileclassifier,org.odpi.openmetadata.frameworks.openmetadata.mapper,9,2,9.0,9.887510598012987
org.odpi.openmetadata.frameworks.openmetadata.reports,org.odpi.openmetadata.frameworks.openmetadata.ffdc,9,2,9.0,9.887510598012987
org.odpi.openmetadata.frameworks.openmetadata.properties.designmodels,org.odpi.openmetadata.frameworks.openmetadata.properties.solutions,9,2,9.0,9.887510598012987
org.odpi.openmetadata.frameworks.openmetadata.builders,org.odpi.openmetadata.frameworks.openmetadata.properties.datadictionaries,9,2,9.0,9.887510598012987
org.odpi.openmetadata.contentpacks.core,org.odpi.openmetadata.adapters.connectors.resource.jdbc.controls,9,2,9.0,9.887510598012987
org.odpi.openmetadata.frameworks.openwatchdog.controls,org.odpi.openmetadata.frameworks.openmetadata.types,9,2,9.0,9.887510598012987
org.odpi.openmetadata.frameworks.openmetadata.properties.assets,org.odpi.openmetadata.frameworks.openmetadata.properties.assets.databases,9,2,9.0,9.887510598012987
org.odpi.openmetadata.contentpacks.core.base,org.odpi.openmetadata.frameworks.openmetadata.properties,9,2,9.0,9.887510598012987
org.odpi.openmetadata.accessservices.datamanager.fvt,org.odpi.openmetadata.http,7,3,7.0,9.704060527839234
org.odpi.openmetadata.accessservices.assetowner.fvt,org.odpi.openmetadata.accessservices.assetowner.fvt.errorhandling,7,3,7.0,9.704060527839234
org.odpi.openmetadata.accessservices.datamanager.fvt,org.odpi.openmetadata.accessservices.datamanager.fvt.clientconstructors,7,3,7.0,9.704060527839234
org.odpi.openmetadata.accessservices.datamanager.fvt,org.odpi.openmetadata.accessservices.datamanager.fvt.databases,7,3,7.0,9.704060527839234
org.odpi.openmetadata.accessservices.assetowner.fvt,org.odpi.openmetadata.accessservices.assetowner.fvt.dataassets,7,3,7.0,9.704060527839234
org.odpi.openmetadata.accessservices.assetowner.fvt,org.odpi.openmetadata.accessservices.assetowner.fvt.connections,7,3,7.0,9.704060527839234
org.odpi.openmetadata.accessservices.assetowner.fvt,org.odpi.openmetadata.accessservices.assetowner.fvt.assets,7,3,7.0,9.704060527839234
org.odpi.openmetadata.accessservices.assetowner.fvt,org.odpi.openmetadata.accessservices.assetowner.fvt.clientconstructors,7,3,7.0,9.704060527839234
org.odpi.openmetadata.adapters.connectors.apachekafka.resource,org.odpi.openmetadata.frameworks.connectors.controls,7,3,7.0,9.704060527839234
org.odpi.openmetadata.accessservices.datamanager.fvt,org.odpi.openmetadata.accessservices.datamanager.fvt.connections,7,3,7.0,9.704060527839234
org.odpi.openmetadata.accessservices.governanceprogram.fvt,org.odpi.openmetadata.accessservices.governanceprogram.fvt.errorhandling,7,3,7.0,9.704060527839234
org.odpi.openmetadata.viewservices.securityofficer.server,org.odpi.openmetadata.adminservices.registration,7,3,7.0,9.704060527839234
org.odpi.openmetadata.utilities.serverops,org.odpi.openmetadata.http,7,3,7.0,9.704060527839234
org.odpi.openmetadata.viewservices.productcatalog.server,org.odpi.openmetadata.adminservices.registration,7,3,7.0,9.704060527839234
org.odpi.openmetadata.accessservices.governanceprogram.fvt,org.odpi.openmetadata.accessservices.governanceprogram.fvt.clientconstructors,7,3,7.0,9.704060527839234
org.odpi.openmetadata.viewservices.classificationexplorer.server,org.odpi.openmetadata.frameworks.openmetadata.properties.feedback,7,3,7.0,9.704060527839234
org.odpi.openmetadata.repositoryservices.rest.properties,org.odpi.openmetadata.repositoryservices.properties,7,3,7.0,9.704060527839234
org.odpi.openmetadata.viewservices.classificationexplorer.server,org.odpi.openmetadata.adminservices.registration,7,3,7.0,9.704060527839234
org.odpi.openmetadata.accessservices.governanceprogram.fvt,org.odpi.openmetadata.accessservices.governanceprogram.fvt.definitions,7,3,7.0,9.704060527839234
org.odpi.openmetadata.accessservices.governanceprogram.fvt,org.odpi.openmetadata.http,7,3,7.0,9.704060527839234
org.odpi.openmetadata.adapters.connectors.postgres.catalog,org.odpi.openmetadata.frameworks.connectors.controls,7,3,7.0,9.704060527839234
org.odpi.openmetadata.repositoryservices.connectors.omrstopic,org.odpi.openmetadata.repositoryservices.events.beans,7,3,7.0,9.704060527839234
org.odpi.openmetadata.viewservices.digitalbusiness.server,org.odpi.openmetadata.adminservices.registration,7,3,7.0,9.704060527839234
org.odpi.openmetadata.accessservices.datamanager.fvt,org.odpi.openmetadata.accessservices.datamanager.fvt.validvalues,7,3,7.0,9.704060527839234
org.odpi.openmetadata.accessservices.datamanager.fvt,org.odpi.openmetadata.accessservices.datamanager.fvt.errorhandling,7,3,7.0,9.704060527839234
org.odpi.openmetadata.adapters.connectors.integration.jdbc,org.odpi.openmetadata.frameworks.connectors.controls,7,3,7.0,9.704060527839234
org.odpi.openmetadata.accessservices.assetowner.fvt,org.odpi.openmetadata.http,7,3,7.0,9.704060527839234
org.odpi.openmetadata.accessservices.datamanager.fvt,org.odpi.openmetadata.accessservices.datamanager.fvt.events,7,3,7.0,9.704060527839234
org.odpi.openmetadata.viewservices.locationarena.server,org.odpi.openmetadata.adminservices.registration,7,3,7.0,9.704060527839234
org.odpi.openmetadata.accessservices.assetowner.fvt,org.odpi.openmetadata.accessservices.assetowner.fvt.validmetadatavalues,7,3,7.0,9.704060527839234
org.odpi.openmetadata.accessservices.stewardshipaction.fvt,org.odpi.openmetadata.accessservices.stewardshipaction.fvt.duplicateprocessing,7,3,7.0,9.704060527839234
org.odpi.openmetadata.repositoryservices.enterprise.connectormanager,org.odpi.openmetadata.repositoryservices.connectors.stores.metadatacollectionstore,7,3,7.0,9.704060527839234
org.odpi.openmetadata.adapters.connectors.baudot,org.odpi.openmetadata.adapters.connectors.governanceactions.watchdog,7,3,7.0,9.704060527839234
org.odpi.openmetadata.accessservices.samples.assetsetup,org.odpi.openmetadata.http,7,3,7.0,9.704060527839234
org.odpi.openmetadata.frameworks.openmetadata.api,org.odpi.openmetadata.frameworks.openmetadata.properties.translations,7,3,7.0,9.704060527839234
org.odpi.openmetadata.contentpacks.core.apacheatlas,org.odpi.openmetadata.adapters.connectors.apacheatlas.survey.controls,7,3,7.0,9.704060527839234
org.odpi.openmetadata.viewservices.runtimemanager.server,org.odpi.openmetadata.adminservices.registration,7,3,7.0,9.704060527839234
org.odpi.openmetadata.accessservices.digitalarchitecture.fvt,org.odpi.openmetadata.http,7,3,7.0,9.704060527839234
org.odpi.openmetadata.accessservices.digitalarchitecture.fvt,org.odpi.openmetadata.accessservices.digitalarchitecture.fvt.clientconstructors,7,3,7.0,9.704060527839234
org.odpi.openmetadata.accessservices.digitalarchitecture.fvt,org.odpi.openmetadata.accessservices.digitalarchitecture.fvt.connections,7,3,7.0,9.704060527839234
org.odpi.openmetadata.accessservices.digitalarchitecture.fvt,org.odpi.openmetadata.accessservices.digitalarchitecture.fvt.errorhandling,7,3,7.0,9.704060527839234
org.odpi.openmetadata.accessservices.digitalarchitecture.fvt,org.odpi.openmetadata.accessservices.digitalarchitecture.fvt.validvalues,7,3,7.0,9.704060527839234
org.odpi.openmetadata.adapters.connectors.reports.surveyreport,org.odpi.openmetadata.frameworks.opensurvey.controls,7,3,7.0,9.704060527839234
org.odpi.openmetadata.viewservices.feedbackmanager.server,org.odpi.openmetadata.adminservices.registration,7,3,7.0,9.704060527839234
org.odpi.openmetadata.viewservices.dataofficer.server,org.odpi.openmetadata.adminservices.registration,7,3,7.0,9.704060527839234
org.odpi.openmetadata.viewservices.datadesigner.server,org.odpi.openmetadata.adminservices.registration,7,3,7.0,9.704060527839234
org.odpi.openmetadata.engineservices.repositorygovernance.server,org.odpi.openmetadata.governanceservers.enginehostservices.registration,7,3,7.0,9.704060527839234
org.odpi.openmetadata.viewservices.assetcatalog.server,org.odpi.openmetadata.adminservices.registration,7,3,7.0,9.704060527839234
org.odpi.openmetadata.viewservices.peopleorganizer.server,org.odpi.openmetadata.adminservices.registration,7,3,7.0,9.704060527839234
org.odpi.openmetadata.adapters.connectors.surveyaction.surveyfolder,org.odpi.openmetadata.frameworks.connectors.controls,7,3,7.0,9.704060527839234
org.odpi.openmetadata.viewservices.connectionmaker.server,org.odpi.openmetadata.adminservices.registration,7,3,7.0,9.704060527839234
org.odpi.openmetadata.adapters.connectors.unitycatalog.provision,org.odpi.openmetadata.frameworks.connectors.controls,7,3,7.0,9.704060527839234
org.odpi.openmetadata.reports.componentid,org.odpi.openmetadata.adapters.connectors,7,3,7.0,9.704060527839234
org.odpi.openmetadata.viewservices.timekeeper.server,org.odpi.openmetadata.adminservices.registration,7,3,7.0,9.704060527839234
org.odpi.openmetadata.accessservices.stewardshipaction.fvt,org.odpi.openmetadata.http,7,3,7.0,9.704060527839234
org.odpi.openmetadata.adapters.eventbus.topic.kafka,org.odpi.openmetadata.frameworks.connectors.controls,7,3,7.0,9.704060527839234
org.odpi.openmetadata.accessservices.stewardshipaction.fvt,org.odpi.openmetadata.accessservices.stewardshipaction.fvt.clientconstructors,7,3,7.0,9.704060527839234
org.odpi.openmetadata.viewservices.runtimemanager.server,org.odpi.openmetadata.frameworks.openmetadata.properties.assets,7,3,7.0,9.704060527839234
org.odpi.openmetadata.adapters.connectors.restclients.spring,org.odpi.openmetadata.tokenmanager.http,7,3,7.0,9.704060527839234
org.odpi.openmetadata.adminservices.samples.configure,org.odpi.openmetadata.http,7,3,7.0,9.704060527839234
org.odpi.openmetadata.adapters.repositoryservices.rest.repositoryconnector,org.odpi.openmetadata.frameworks.connectors,7,3,7.0,9.704060527839234
org.odpi.openmetadata.contentpacks.core.core,org.odpi.openmetadata.adapters.connectors.controls,7,3,7.0,9.704060527839234
org.odpi.openmetadata.viewservices.referencedata.server,org.odpi.openmetadata.adminservices.registration,7,3,7.0,9.704060527839234
org.odpi.openmetadata.viewservices.productmanager.server,org.odpi.openmetadata.adminservices.registration,7,3,7.0,9.704060527839234
org.odpi.openmetadata.frameworkservices.gaf.server,org.odpi.openmetadata.adminservices.registration,7,3,7.0,9.704060527839234
org.odpi.openmetadata.accessservices.assetconsumer.samples.readavrofile,org.odpi.openmetadata.http,7,3,7.0,9.704060527839234
org.odpi.openmetadata.viewservices.automatedcuration.server,org.odpi.openmetadata.adminservices.registration,7,3,7.0,9.704060527839234
org.odpi.openmetadata.adminservices.store,org.odpi.openmetadata.adminservices.configuration.properties,7,3,7.0,9.704060527839234
org.odpi.openmetadata.platformchassis.springboot,org.odpi.openmetadata.metadatasecurity.server,7,3,7.0,9.704060527839234
org.odpi.openmetadata.viewservices.myprofile.server,org.odpi.openmetadata.adminservices.registration,7,3,7.0,9.704060527839234
org.odpi.openmetadata.accessservices.governanceserver.fvt,org.odpi.openmetadata.accessservices.governanceserver.fvt.engines,7,3,7.0,9.704060527839234
org.odpi.openmetadata.accessservices.governanceserver.fvt,org.odpi.openmetadata.accessservices.governanceserver.fvt.clientconstructors,7,3,7.0,9.704060527839234
org.odpi.openmetadata.viewservices.multilanguage.server,org.odpi.openmetadata.adminservices.registration,7,3,7.0,9.704060527839234
org.odpi.openmetadata.adapters.connectors.surveyaction.surveyfile,org.odpi.openmetadata.frameworks.connectors.controls,7,3,7.0,9.704060527839234
org.odpi.openmetadata.accessservices.assetowner.samples.createavrofile,org.odpi.openmetadata.http,7,3,7.0,9.704060527839234
org.odpi.openmetadata.viewservices.datadiscovery.server,org.odpi.openmetadata.adminservices.registration,7,3,7.0,9.704060527839234
org.odpi.openmetadata.engineservices.governanceaction.server,org.odpi.openmetadata.governanceservers.enginehostservices.registration,7,3,7.0,9.704060527839234
org.odpi.openmetadata.viewservices.templatemanager.server,org.odpi.openmetadata.adminservices.registration,7,3,7.0,9.704060527839234
org.odpi.openmetadata.viewservices.subjectarea.server,org.odpi.openmetadata.adminservices.registration,7,3,7.0,9.704060527839234
org.odpi.openmetadata.frameworkservices.ocf.metadatamanagement.server,org.odpi.openmetadata.adminservices.registration,7,3,7.0,9.704060527839234
org.odpi.openmetadata.contentpacks.core.apachekafka,org.odpi.openmetadata.adapters.connectors.apachekafka.survey.controls,7,3,7.0,9.704060527839234
org.odpi.openmetadata.userauthn.auth,org.odpi.openmetadata.metadatasecurity.server,7,3,7.0,9.704060527839234
org.odpi.openmetadata.viewservices.actionauthor.server,org.odpi.openmetadata.adminservices.registration,7,3,7.0,9.704060527839234
org.odpi.openmetadata.viewservices.communitymatters.server,org.odpi.openmetadata.frameworks.openmetadata.properties.communities,7,3,7.0,9.704060527839234
org.odpi.openmetadata.viewservices.privacyofficer.server,org.odpi.openmetadata.adminservices.registration,7,3,7.0,9.704060527839234
org.odpi.openmetadata.viewservices.communitymatters.server,org.odpi.openmetadata.adminservices.registration,7,3,7.0,9.704060527839234
org.odpi.openmetadata.frameworks.openmetadata.connectorcontext,org.odpi.openmetadata.frameworks.openmetadata.properties.translations,7,3,7.0,9.704060527839234
org.odpi.openmetadata.viewservices.actormanager.server,org.odpi.openmetadata.adminservices.registration,7,3,7.0,9.704060527839234
org.odpi.openmetadata.viewservices.actormanager.server,org.odpi.openmetadata.frameworks.openmetadata.properties.security,7,3,7.0,9.704060527839234
org.odpi.openmetadata.frameworkservices.omf.server,org.odpi.openmetadata.adminservices.registration,7,3,7.0,9.704060527839234
org.odpi.openmetadata.adapters.connectors.apacheatlas.integration,org.odpi.openmetadata.frameworks.connectors.controls,7,3,7.0,9.704060527839234
org.odpi.openmetadata.adapters.connectors.apacheatlas.survey,org.odpi.openmetadata.frameworks.connectors.controls,7,3,7.0,9.704060527839234
org.odpi.openmetadata.adapters.connectors.governanceactions.watchdog,org.odpi.openmetadata.frameworks.connectors.controls,7,3,7.0,9.704060527839234
org.odpi.openmetadata.accessservices.communityprofile.fvt,org.odpi.openmetadata.accessservices.communityprofile.fvt.clientconstructors,7,3,7.0,9.704060527839234
org.odpi.openmetadata.accessservices.communityprofile.fvt,org.odpi.openmetadata.accessservices.communityprofile.fvt.errorhandling,7,3,7.0,9.704060527839234
org.odpi.openmetadata.accessservices.communityprofile.fvt,org.odpi.openmetadata.accessservices.communityprofile.fvt.todos,7,3,7.0,9.704060527839234
org.odpi.openmetadata.accessservices.governanceprogram.samples.leadership,org.odpi.openmetadata.http,7,3,7.0,9.704060527839234
org.odpi.openmetadata.viewservices.governanceofficer.server,org.odpi.openmetadata.adminservices.registration,7,3,7.0,9.704060527839234
org.odpi.openmetadata.accessservices.governanceserver.fvt,org.odpi.openmetadata.accessservices.governanceserver.fvt.errorhandling,7,3,7.0,9.704060527839234
org.odpi.openmetadata.accessservices.governanceserver.fvt,org.odpi.openmetadata.accessservices.governanceserver.fvt.duplicates,7,3,7.0,9.704060527839234
org.odpi.openmetadata.commonservices.multitenant,org.odpi.openmetadata.governanceservers.enginehostservices.registration,7,3,7.0,9.704060527839234
org.odpi.openmetadata.frameworkservices.omf.client,org.odpi.openmetadata.frameworks.openmetadata.properties.translations,7,3,7.0,9.704060527839234
org.odpi.openmetadata.viewservices.validmetadata.server,org.odpi.openmetadata.adminservices.registration,7,3,7.0,9.704060527839234
org.odpi.openmetadata.adapters.connectors.integration.openapis,org.odpi.openmetadata.frameworks.integration.context,7,3,7.0,9.704060527839234
org.odpi.openmetadata.platformchassis.springboot,org.odpi.openmetadata.http,7,3,7.0,9.704060527839234
org.odpi.openmetadata.viewservices.lineagelinker.server,org.odpi.openmetadata.adminservices.registration,7,3,7.0,9.704060527839234
org.odpi.openmetadata.viewservices.lineagelinker.server,org.odpi.openmetadata.frameworks.openmetadata.properties.lineage,7,3,7.0,9.704060527839234
org.odpi.openmetadata.governanceservers.integrationdaemonservices.handlers,org.odpi.openmetadata.frameworks.openmetadata.properties.softwarecapabilities,7,3,7.0,9.704060527839234
org.odpi.openmetadata.accessservices.itinfrastructure.samples.assetdeploy,org.odpi.openmetadata.http,7,3,7.0,9.704060527839234
org.odpi.openmetadata.viewservices.projectmanager.server,org.odpi.openmetadata.adminservices.registration,7,3,7.0,9.704060527839234
org.odpi.openmetadata.accessservices.assetconsumer.samples.assetlookup,org.odpi.openmetadata.http,7,3,7.0,9.704060527839234
org.odpi.openmetadata.adapters.connectors.apachekafka.integration,org.odpi.openmetadata.frameworks.connectors.controls,7,3,7.0,9.704060527839234
org.odpi.openmetadata.adapters.connectors.integration.jdbc.transfer,org.odpi.openmetadata.frameworks.openmetadata.properties.assets,7,3,7.0,9.704060527839234
org.odpi.openmetadata.viewservices.solutionarchitect.server,org.odpi.openmetadata.adminservices.registration,7,3,7.0,9.704060527839234
org.odpi.openmetadata.viewservices.solutionarchitect.server,org.odpi.openmetadata.frameworks.openmetadata.properties.collections,7,3,7.0,9.704060527839234
org.odpi.openmetadata.engineservices.surveyaction.server,org.odpi.openmetadata.governanceservers.enginehostservices.registration,7,3,7.0,9.704060527839234
org.odpi.openmetadata.viewservices.schemamaker.server,org.odpi.openmetadata.adminservices.registration,7,3,7.0,9.704060527839234
org.odpi.openmetadata.viewservices.metadataexpert.server,org.odpi.openmetadata.adminservices.registration,7,3,7.0,9.704060527839234
org.odpi.openmetadata.viewservices.devopspipeline.server,org.odpi.openmetadata.adminservices.registration,7,3,7.0,9.704060527839234
org.odpi.openmetadata.viewservices.glossarymanager.server,org.odpi.openmetadata.adminservices.registration,7,3,7.0,9.704060527839234
org.odpi.openmetadata.utilities.serverconfig,org.odpi.openmetadata.http,7,3,7.0,9.704060527839234
org.odpi.openmetadata.accessservices.assetmanager.samples.glossaryworkflow,org.odpi.openmetadata.http,7,3,7.0,9.704060527839234
org.odpi.openmetadata.adapters.connectors.datastore.datafolder,org.odpi.openmetadata.frameworks.connectors.controls,7,3,7.0,9.704060527839234
org.odpi.openmetadata.accessservices.assetconsumer.fvt,org.odpi.openmetadata.http,7,3,7.0,9.704060527839234
org.odpi.openmetadata.adapters.connectors.jacquard,org.odpi.openmetadata.frameworks.openmetadata.properties.validvalues,7,3,7.0,9.704060527839234
org.odpi.openmetadata.viewservices.notificationmanager.server,org.odpi.openmetadata.adminservices.registration,7,3,7.0,9.704060527839234
org.odpi.openmetadata.conformance.client,org.odpi.openmetadata.http,7,3,7.0,9.704060527839234
org.odpi.openmetadata.adapters.connectors.unitycatalog.survey,org.odpi.openmetadata.adapters.connectors.surveyaction.controls,7,3,7.0,9.704060527839234
org.odpi.openmetadata.accessservices.governanceserver.fvt,org.odpi.openmetadata.http,7,3,7.0,9.704060527839234
org.odpi.openmetadata.accessservices.governanceprogram.samples.zonecreate,org.odpi.openmetadata.http,7,3,7.0,9.704060527839234
org.odpi.openmetadata.adapters.connectors.surveyaction.surveycsv,org.odpi.openmetadata.frameworks.connectors.controls,7,3,7.0,9.704060527839234
org.odpi.openmetadata.accessservices.communityprofile.fvt,org.odpi.openmetadata.accessservices.communityprofile.fvt.profiles,7,3,7.0,9.704060527839234
org.odpi.openmetadata.accessservices.assetconsumer.samples.readcsvfile,org.odpi.openmetadata.http,7,3,7.0,9.704060527839234
org.odpi.openmetadata.viewservices.collectionmanager.server,org.odpi.openmetadata.adminservices.registration,7,3,7.0,9.704060527839234
org.odpi.openmetadata.viewservices.dataengineer.server,org.odpi.openmetadata.adminservices.registration,7,3,7.0,9.704060527839234
org.odpi.openmetadata.adapters.connectors.apachekafka.survey,org.odpi.openmetadata.frameworks.connectors.controls,7,3,7.0,9.704060527839234
org.odpi.openmetadata.accessservices.assetowner.samples.createcsvfile,org.odpi.openmetadata.http,7,3,7.0,9.704060527839234
org.odpi.openmetadata.viewservices.assetmaker.server,org.odpi.openmetadata.frameworks.openmetadata.properties.assets.processes.actions,7,3,7.0,9.704060527839234
org.odpi.openmetadata.accessservices.assetmanager.fvt,org.odpi.openmetadata.accessservices.assetmanager.fvt.clientconstructors,7,3,7.0,9.704060527839234
org.odpi.openmetadata.accessservices.assetmanager.fvt,org.odpi.openmetadata.accessservices.assetmanager.fvt.externalidentifiers,7,3,7.0,9.704060527839234
org.odpi.openmetadata.accessservices.assetmanager.fvt,org.odpi.openmetadata.accessservices.assetmanager.fvt.errorhandling,7,3,7.0,9.704060527839234
org.odpi.openmetadata.adapters.connectors.integration.kafkaaudit,org.odpi.openmetadata.frameworks.connectors.controls,7,3,7.0,9.704060527839234
org.odpi.openmetadata.accessservices.assetmanager.fvt,org.odpi.openmetadata.accessservices.assetmanager.fvt.connections,7,3,7.0,9.704060527839234
org.odpi.openmetadata.governanceservers.enginehostservices.admin,org.odpi.openmetadata.frameworks.connectors.properties.beans,7,3,7.0,9.704060527839234
org.odpi.openmetadata.viewservices.externallinks.server,org.odpi.openmetadata.adminservices.registration,7,3,7.0,9.704060527839234
org.odpi.openmetadata.accessservices.assetmanager.fvt,org.odpi.openmetadata.http,7,3,7.0,9.704060527839234
org.odpi.openmetadata.accessservices.communityprofile.fvt,org.odpi.openmetadata.accessservices.communityprofile.fvt.validvalues,7,3,7.0,9.704060527839234
org.odpi.openmetadata.viewservices.assetmaker.server,org.odpi.openmetadata.frameworks.openmetadata.properties.assets.processes.connectors,7,3,7.0,9.704060527839234
org.odpi.openmetadata.viewservices.assetmaker.server,org.odpi.openmetadata.frameworks.openmetadata.properties.actors,7,3,7.0,9.704060527839234
org.odpi.openmetadata.engineservices.watchdogaction.server,org.odpi.openmetadata.governanceservers.enginehostservices.registration,7,3,7.0,9.704060527839234
org.odpi.openmetadata.adapters.connectors.apacheatlas.resource,org.odpi.openmetadata.frameworks.connectors.controls,7,3,7.0,9.704060527839234
org.odpi.openmetadata.adapters.repositoryservices.auditlogstore.postgres,org.odpi.openmetadata.adapters.repositoryservices.auditlogstore.postgres.controls,7,3,7.0,9.704060527839234
org.odpi.openmetadata.adapters.repositoryservices.auditlogstore.postgres,org.odpi.openmetadata.frameworks.connectors.controls,7,3,7.0,9.704060527839234
org.odpi.openmetadata.viewservices.assetmaker.server,org.odpi.openmetadata.adminservices.registration,7,3,7.0,9.704060527839234
org.odpi.openmetadata.accessservices.governanceprogram.samples.subjectareas,org.odpi.openmetadata.http,7,3,7.0,9.704060527839234
org.odpi.openmetadata.accessservices.assetmanager.fvt,org.odpi.openmetadata.accessservices.assetmanager.fvt.glossaries,7,3,7.0,9.704060527839234
org.odpi.openmetadata.accessservices.communityprofile.fvt,org.odpi.openmetadata.http,7,3,7.0,9.704060527839234
org.odpi.openmetadata.adapters.connectors.resource.jdbc,org.odpi.openmetadata.frameworks.connectors.controls,7,3,7.0,9.704060527839234
org.odpi.openmetadata.adminservices.client,org.odpi.openmetadata.frameworks.connectors,13,1,13.0,9.010913347279288
org.odpi.openmetadata.accessservices.assetowner.fvt.dataassets,org.odpi.openmetadata.fvt.utilities.auditlog,8,2,8.0,8.788898309344878
org.odpi.openmetadata.viewservices.runtimemanager.server.spring,org.odpi.openmetadata.viewservices.runtimemanager.rest,8,2,8.0,8.788898309344878
org.odpi.openmetadata.frameworks.openmetadata.properties.collections,org.odpi.openmetadata.frameworks.openmetadata.properties.datadictionaries,8,2,8.0,8.788898309344878
org.odpi.openmetadata.frameworks.openmetadata.handlers,org.odpi.openmetadata.frameworks.openmetadata.properties.implementations,8,2,8.0,8.788898309344878
org.odpi.openmetadata.frameworks.openmetadata.handlers,org.odpi.openmetadata.frameworks.openmetadata.properties.assets.infrastructure,8,2,8.0,8.788898309344878
org.odpi.openmetadata.viewservices.metadataexpert.server.spring,org.odpi.openmetadata.viewservices.metadataexpert.rest,8,2,8.0,8.788898309344878
org.odpi.openmetadata.frameworks.openmetadata.builders,org.odpi.openmetadata.frameworks.openmetadata.properties.operatingplatforms,8,2,8.0,8.788898309344878
org.odpi.openmetadata.frameworks.openmetadata.builders,org.odpi.openmetadata.frameworks.openmetadata.properties.assets.filesandfolders,8,2,8.0,8.788898309344878
org.odpi.openmetadata.adapters.connectors.babbage,org.odpi.openmetadata.frameworks.openmetadata.ffdc,8,2,8.0,8.788898309344878
org.odpi.openmetadata.frameworks.integration.contextmanager,org.odpi.openmetadata.frameworks.openmetadata.enums,8,2,8.0,8.788898309344878
org.odpi.openmetadata.adapters.connectors.postgres.survey,org.odpi.openmetadata.frameworks.connectors.ffdc,8,2,8.0,8.788898309344878
org.odpi.openmetadata.frameworks.openmetadata.connectorcontext,org.odpi.openmetadata.frameworks.openmetadata.properties.assets.infrastructure,8,2,8.0,8.788898309344878
org.odpi.openmetadata.frameworks.openmetadata.builders,org.odpi.openmetadata.frameworks.openmetadata.properties.assets.processes.connectors,8,2,8.0,8.788898309344878
org.odpi.openmetadata.adapters.connectors.integration.basicfiles.controls,org.odpi.openmetadata.frameworks.openmetadata.definitions,8,2,8.0,8.788898309344878
org.odpi.openmetadata.frameworks.integration.context,org.odpi.openmetadata.frameworks.openmetadata.client,8,2,8.0,8.788898309344878
org.odpi.openmetadata.frameworks.opengovernance,org.odpi.openmetadata.frameworks.auditlog.messagesets,8,2,8.0,8.788898309344878
org.odpi.openmetadata.adapters.connectors.babbage,org.odpi.openmetadata.frameworks.connectors,8,2,8.0,8.788898309344878
org.odpi.openmetadata.frameworks.openmetadata.builders,org.odpi.openmetadata.frameworks.openmetadata.properties.connections,8,2,8.0,8.788898309344878
org.odpi.openmetadata.governanceservers.integrationdaemonservices.client,org.odpi.openmetadata.governanceservers.integrationdaemonservices.properties,8,2,8.0,8.788898309344878
org.odpi.openmetadata.adapters.connectors.externalharvesters.harvestsurveys,org.odpi.openmetadata.frameworks.opengovernance.properties,8,2,8.0,8.788898309344878
org.odpi.openmetadata.accessservices.assetmanager.fvt.dataassets,org.odpi.openmetadata.fvt.utilities.auditlog,8,2,8.0,8.788898309344878
org.odpi.openmetadata.engineservices.repositorygovernance.handlers,org.odpi.openmetadata.frameworks.connectors.ffdc,8,2,8.0,8.788898309344878
org.odpi.openmetadata.engineservices.assetanalysis.server.spring,org.odpi.openmetadata.governanceservers.enginehostservices.rest,8,2,8.0,8.788898309344878
org.odpi.openmetadata.adapters.connectors.externalharvesters.harvestopenmetadata,org.odpi.openmetadata.frameworks.integration.context,8,2,8.0,8.788898309344878
org.odpi.openmetadata.adapters.connectors.externalharvesters.harvestopenmetadata,org.odpi.openmetadata.frameworks.opengovernance.properties,8,2,8.0,8.788898309344878
org.odpi.openmetadata.adminservices.samples.configure,org.odpi.openmetadata.frameworks.openmetadata.ffdc,8,2,8.0,8.788898309344878
org.odpi.openmetadata.adapters.connectors.apachekafka.integration,org.odpi.openmetadata.frameworks.integration.context,8,2,8.0,8.788898309344878
org.odpi.openmetadata.governanceservers.enginehostservices.registration,org.odpi.openmetadata.frameworkservices.gaf.client,8,2,8.0,8.788898309344878
org.odpi.openmetadata.samples.archiveutilities.governanceengines,org.odpi.openmetadata.adapters.connectors.governanceactions.remediation,8,2,8.0,8.788898309344878
org.odpi.openmetadata.adapters.connectors.integration.jdbc,org.odpi.openmetadata.frameworks.connectors.ffdc,8,2,8.0,8.788898309344878
org.odpi.openmetadata.viewservices.externallinks.server,org.odpi.openmetadata.frameworks.openmetadata.client,8,2,8.0,8.788898309344878
org.odpi.openmetadata.adapters.connectors.integration.jdbc,org.odpi.openmetadata.frameworks.integration.context,8,2,8.0,8.788898309344878
org.odpi.openmetadata.frameworkservices.gaf.handlers,org.odpi.openmetadata.frameworks.auditlog,8,2,8.0,8.788898309344878
org.odpi.openmetadata.frameworks.opengovernance.connectorcontext,org.odpi.openmetadata.frameworks.auditlog,8,2,8.0,8.788898309344878
org.odpi.openmetadata.adapters.connectors.egeriainfrastructure.platform.catalog,org.odpi.openmetadata.adapters.connectors.egeriainfrastructure.servers,8,2,8.0,8.788898309344878
org.odpi.openmetadata.adapters.connectors.apacheatlas.integration,org.odpi.openmetadata.frameworks.opengovernance.properties,8,2,8.0,8.788898309344878
org.odpi.openmetadata.frameworks.openmetadata.builders,org.odpi.openmetadata.frameworks.openmetadata.properties.validvalues,8,2,8.0,8.788898309344878
org.odpi.openmetadata.repositoryservices.metadatahighway,org.odpi.openmetadata.metadatasecurity,8,2,8.0,8.788898309344878
org.odpi.openmetadata.adapters.connectors.egeriainfrastructure.servers,org.odpi.openmetadata.serveroperations.properties,8,2,8.0,8.788898309344878
org.odpi.openmetadata.frameworks.openmetadata.connectorcontext,org.odpi.openmetadata.frameworks.openmetadata.properties.implementations,8,2,8.0,8.788898309344878
org.odpi.openmetadata.frameworkservices.gaf.handlers,org.odpi.openmetadata.metadatasecurity.server,8,2,8.0,8.788898309344878
org.odpi.openmetadata.adapters.connectors.apacheatlas.integration,org.odpi.openmetadata.frameworks.openmetadata.connectorcontext,12,1,12.0,8.317766166719343
org.odpi.openmetadata.adapters.repositoryservices.archiveconnector.directory,org.odpi.openmetadata.frameworks.connectors,12,1,12.0,8.317766166719343
org.odpi.openmetadata.engineservices.watchdogaction.handlers,org.odpi.openmetadata.frameworks.openmetadata.properties,12,1,12.0,8.317766166719343
org.odpi.openmetadata.adapters.repositoryservices.readonly.repositoryconnector,org.odpi.openmetadata.repositoryservices.connectors.stores.metadatacollectionstore.properties.typedefs,12,1,12.0,8.317766166719343
org.odpi.openmetadata.contentpacks.core.unitycatalog,org.odpi.openmetadata.frameworks.openmetadata.specificationproperties,6,3,6.0,8.317766166719343
org.odpi.openmetadata.viewservices.collectionmanager.server,org.odpi.openmetadata.frameworks.openmetadata.properties.resources,6,3,6.0,8.317766166719343
org.odpi.openmetadata.adapters.connectors.jacquard.tabulardatasets.validmetadatavalues,org.odpi.openmetadata.frameworks.openmetadata.search,12,1,12.0,8.317766166719343
org.odpi.openmetadata.frameworks.integration.context,org.odpi.openmetadata.frameworks.openmetadata.properties.assets.processes.connectors,12,1,12.0,8.317766166719343
org.odpi.openmetadata.frameworks.openmetadata.types,org.odpi.openmetadata.frameworks.openmetadata.properties.contextevents,12,1,12.0,8.317766166719343
org.odpi.openmetadata.frameworks.openmetadata.properties.assets.databases,org.odpi.openmetadata.frameworks.openmetadata.properties,12,1,12.0,8.317766166719343
org.odpi.openmetadata.serveroperations.client,org.odpi.openmetadata.commonservices.ffdc.rest,12,1,12.0,8.317766166719343
org.odpi.openmetadata.frameworkservices.gaf.listener,org.odpi.openmetadata.frameworks.opengovernance.properties,6,3,6.0,8.317766166719343
org.odpi.openmetadata.conformance.tests.repository.instances,org.odpi.openmetadata.conformance.ffdc.exception,12,1,12.0,8.317766166719343
org.odpi.openmetadata.adapters.connectors.apachekafka.integration,org.odpi.openmetadata.frameworks.openmetadata.properties.assets.processes.connectors,12,1,12.0,8.317766166719343
org.odpi.openmetadata.frameworks.integration.iterator,org.odpi.openmetadata.frameworks.openmetadata.properties.propertyfacets,6,3,6.0,8.317766166719343
org.odpi.openmetadata.accessservices.samples.assetsetup,org.odpi.openmetadata.frameworks.openmetadata.properties,12,1,12.0,8.317766166719343
org.odpi.openmetadata.contentpacks.core.core,org.odpi.openmetadata.frameworks.connectors,6,3,6.0,8.317766166719343
org.odpi.openmetadata.frameworks.openmetadata.properties.schema.databases,org.odpi.openmetadata.frameworks.openmetadata.properties,12,1,12.0,8.317766166719343
org.odpi.openmetadata.viewservices.automatedcuration.properties,org.odpi.openmetadata.frameworks.openmetadata.specificationproperties,6,3,6.0,8.317766166719343
org.odpi.openmetadata.accessservices.governanceserver.fvt.duplicates,org.odpi.openmetadata.frameworks.openmetadata.metadataelements,12,1,12.0,8.317766166719343
org.odpi.openmetadata.samples.governanceactions.clinicaltrials,org.odpi.openmetadata.frameworks.openmetadata.properties.schema,6,3,6.0,8.317766166719343
org.odpi.openmetadata.frameworks.openmetadata.metadataelements,org.odpi.openmetadata.frameworks.openmetadata.specificationproperties,6,3,6.0,8.317766166719343
org.odpi.openmetadata.adapters.connectors.dynamicarchivers,org.odpi.openmetadata.frameworks.opengovernance,12,1,12.0,8.317766166719343
org.odpi.openmetadata.frameworkservices.omf.handlers,org.odpi.openmetadata.repositoryservices.connectors.stores.metadatacollectionstore.utilities,12,1,12.0,8.317766166719343
org.odpi.openmetadata.frameworkservices.omf.listener,org.odpi.openmetadata.frameworks.openmetadata.properties,6,3,6.0,8.317766166719343
org.odpi.openmetadata.adapters.connectors.egeriainfrastructure.extractor,org.odpi.openmetadata.frameworks.connectors,6,3,6.0,8.317766166719343
org.odpi.openmetadata.accessservices.communityprofile.fvt.profiles,org.odpi.openmetadata.frameworks.openmetadata.metadataelements,6,3,6.0,8.317766166719343
org.odpi.openmetadata.adapters.connectors.egeriainfrastructure.properties,org.odpi.openmetadata.commonservices.ffdc.rest,6,3,6.0,8.317766166719343
org.odpi.openmetadata.frameworkservices.omf.client,org.odpi.openmetadata.frameworks.openmetadata.specificationproperties,6,3,6.0,8.317766166719343
org.odpi.openmetadata.adapters.connectors.unitycatalog.survey,org.odpi.openmetadata.frameworks.connectors,12,1,12.0,8.317766166719343
org.odpi.openmetadata.adapters.repositoryservices.archiveconnector.file,org.odpi.openmetadata.frameworks.connectors,12,1,12.0,8.317766166719343
org.odpi.openmetadata.adapters.connectors.egeriainfrastructure.properties,org.odpi.openmetadata.governanceservers.enginehostservices.properties,6,3,6.0,8.317766166719343
org.odpi.openmetadata.frameworks.integration.connectors,org.odpi.openmetadata.frameworks.integration.controls,6,3,6.0,8.317766166719343
org.odpi.openmetadata.frameworks.opensurvey,org.odpi.openmetadata.frameworks.openmetadata.properties,6,3,6.0,8.317766166719343
org.odpi.openmetadata.frameworkservices.gaf.server,org.odpi.openmetadata.frameworks.openmetadata.search,12,1,12.0,8.317766166719343
org.odpi.openmetadata.frameworkservices.omf.rest,org.odpi.openmetadata.frameworks.openmetadata.metadataelements,6,3,6.0,8.317766166719343
org.odpi.openmetadata.viewservices.governanceofficer.server,org.odpi.openmetadata.frameworks.openmetadata.properties,12,1,12.0,8.317766166719343
org.odpi.openmetadata.repositoryservices.rest.properties,org.odpi.openmetadata.frameworks.auditlog.messagesets,6,3,6.0,8.317766166719343
org.odpi.openmetadata.frameworks.opensurvey,org.odpi.openmetadata.frameworks.opengovernance.properties,6,3,6.0,8.317766166719343
org.odpi.openmetadata.frameworkservices.gaf.server,org.odpi.openmetadata.frameworks.openmetadata.properties,6,3,6.0,8.317766166719343
org.odpi.openmetadata.frameworks.opengovernance.connectorcontext,org.odpi.openmetadata.frameworks.openmetadata.enums,7,2,7.0,7.690286020676768
org.odpi.openmetadata.governanceservers.enginehostservices.client,org.odpi.openmetadata.frameworks.auditlog,7,2,7.0,7.690286020676768
org.odpi.openmetadata.frameworks.openmetadata.connectorcontext,org.odpi.openmetadata.frameworks.openmetadata.properties.communities,7,2,7.0,7.690286020676768
org.odpi.openmetadata.engineservices.repositorygovernance.client.rest,org.odpi.openmetadata.frameworks.auditlog,7,2,7.0,7.690286020676768
org.odpi.openmetadata.serveroperations.client.rest,org.odpi.openmetadata.frameworks.auditlog,7,2,7.0,7.690286020676768
org.odpi.openmetadata.engineservices.assetanalysis.server.spring,org.odpi.openmetadata.commonservices.ffdc.rest,7,2,7.0,7.690286020676768
org.odpi.openmetadata.adapters.connectors.restclients.spring,org.odpi.openmetadata.frameworks.connectors.ffdc,7,2,7.0,7.690286020676768
org.odpi.openmetadata.engineservices.governanceaction.client,org.odpi.openmetadata.frameworks.auditlog,7,2,7.0,7.690286020676768
org.odpi.openmetadata.repositoryservices.archivemanager,org.odpi.openmetadata.repositoryservices.ffdc.exception,7,2,7.0,7.690286020676768
org.odpi.openmetadata.engineservices.surveyaction.client,org.odpi.openmetadata.frameworks.auditlog,7,2,7.0,7.690286020676768
org.odpi.openmetadata.adapters.repositoryservices.archiveconnector.file,org.odpi.openmetadata.frameworks.connectors.ffdc,7,2,7.0,7.690286020676768
org.odpi.openmetadata.viewservices.assetmaker.server.spring,org.odpi.openmetadata.frameworkservices.omf.rest,7,2,7.0,7.690286020676768
org.odpi.openmetadata.frameworks.opengovernance.connectorcontext,org.odpi.openmetadata.frameworks.openmetadata.search,7,2,7.0,7.690286020676768
org.odpi.openmetadata.frameworks.openmetadata.connectorcontext,org.odpi.openmetadata.frameworks.openmetadata.properties.assets.processes.connectors,7,2,7.0,7.690286020676768
org.odpi.openmetadata.frameworkservices.omf.client.rest,org.odpi.openmetadata.frameworks.auditlog,7,2,7.0,7.690286020676768
org.odpi.openmetadata.engineservices.watchdogaction.client.rest,org.odpi.openmetadata.frameworks.auditlog,7,2,7.0,7.690286020676768
org.odpi.openmetadata.adminservices.client.rest,org.odpi.openmetadata.frameworks.auditlog,7,2,7.0,7.690286020676768
org.odpi.openmetadata.viewservices.securityofficer.server,org.odpi.openmetadata.adapters.connectors.egeriainfrastructure.platform,7,2,7.0,7.690286020676768
org.odpi.openmetadata.frameworkservices.gaf.client,org.odpi.openmetadata.frameworks.openmetadata.enums,7,2,7.0,7.690286020676768
org.odpi.openmetadata.governanceservers.enginehostservices.admin,org.odpi.openmetadata.frameworks.connectors.ffdc,7,2,7.0,7.690286020676768
org.odpi.openmetadata.governanceservers.enginehostservices.client.rest,org.odpi.openmetadata.frameworks.auditlog,7,2,7.0,7.690286020676768
org.odpi.openmetadata.adapters.connectors.egeriainfrastructure.platform,org.odpi.openmetadata.adminservices.configuration.properties,7,2,7.0,7.690286020676768
org.odpi.openmetadata.frameworks.openmetadata.builders,org.odpi.openmetadata.frameworks.openmetadata.properties.assets.reports,7,2,7.0,7.690286020676768
org.odpi.openmetadata.frameworkservices.gaf.listener,org.odpi.openmetadata.repositoryservices.connectors.stores.metadatacollectionstore.properties.typedefs,7,2,7.0,7.690286020676768
org.odpi.openmetadata.accessservices.assetmanager.fvt.common,org.odpi.openmetadata.frameworks.openmetadata.enums,7,2,7.0,7.690286020676768
org.odpi.openmetadata.frameworks.openmetadata.connectorcontext,org.odpi.openmetadata.frameworks.openmetadata.properties.lineage,7,2,7.0,7.690286020676768
org.odpi.openmetadata.frameworks.openmetadata.handlers,org.odpi.openmetadata.frameworks.openmetadata.properties.assets.processes.connectors,7,2,7.0,7.690286020676768
org.odpi.openmetadata.frameworks.openmetadata.handlers,org.odpi.openmetadata.frameworks.openmetadata.properties.communities,7,2,7.0,7.690286020676768
org.odpi.openmetadata.metadatasecurity.server,org.odpi.openmetadata.frameworks.auditlog,7,2,7.0,7.690286020676768
org.odpi.openmetadata.viewservices.validmetadata.server,org.odpi.openmetadata.frameworks.openmetadata.properties.validvalues,7,2,7.0,7.690286020676768
org.odpi.openmetadata.accessservices.assetconsumer.fvt,org.odpi.openmetadata.frameworks.openmetadata.ffdc,7,2,7.0,7.690286020676768
org.odpi.openmetadata.frameworkservices.omf.listener,org.odpi.openmetadata.repositoryservices.connectors.stores.metadatacollectionstore.properties.typedefs,7,2,7.0,7.690286020676768
org.odpi.openmetadata.engineservices.governanceaction.client.rest,org.odpi.openmetadata.frameworks.auditlog,7,2,7.0,7.690286020676768
org.odpi.openmetadata.engineservices.watchdogaction.client,org.odpi.openmetadata.frameworks.auditlog,7,2,7.0,7.690286020676768
org.odpi.openmetadata.engineservices.repositorygovernance.client,org.odpi.openmetadata.frameworks.auditlog,7,2,7.0,7.690286020676768
org.odpi.openmetadata.engineservices.surveyaction.client.rest,org.odpi.openmetadata.frameworks.auditlog,7,2,7.0,7.690286020676768
org.odpi.openmetadata.repositoryservices.archiveutilities,org.odpi.openmetadata.frameworks.auditlog,7,2,7.0,7.690286020676768
org.odpi.openmetadata.frameworks.opengovernance.client,org.odpi.openmetadata.frameworks.openmetadata.enums,7,2,7.0,7.690286020676768
org.odpi.openmetadata.viewservices.classificationexplorer.server,org.odpi.openmetadata.frameworks.openmetadata.properties.assets,5,3,5.0,6.931471805599453
org.odpi.openmetadata.repositoryservices.admin,org.odpi.openmetadata.repositoryservices.connectors.stores.metadatacollectionstore.repositoryeventmapper,5,3,5.0,6.931471805599453
org.odpi.openmetadata.frameworks.openmetadata.types,org.odpi.openmetadata.frameworks.openmetadata.properties.assets.apis,10,1,10.0,6.931471805599453
org.odpi.openmetadata.adapters.connectors.restclients.factory,org.odpi.openmetadata.adapters.connectors.restclients,5,3,5.0,6.931471805599453
org.odpi.openmetadata.contentpacks.core,org.odpi.openmetadata.adapters.connectors.integration.openlineage,10,1,10.0,6.931471805599453
org.odpi.openmetadata.frameworks.openmetadata.properties.assets.metadatarepositories,org.odpi.openmetadata.frameworks.openmetadata.properties,10,1,10.0,6.931471805599453
org.odpi.openmetadata.frameworks.openmetadata.builders,org.odpi.openmetadata.frameworks.openmetadata.properties.assets.processes.actions,6,2,6.0,6.591673732008658
org.odpi.openmetadata.frameworks.openmetadata.properties.schema,org.odpi.openmetadata.frameworks.openmetadata.properties.schema.databases,6,2,6.0,6.591673732008658
org.odpi.openmetadata.frameworks.openmetadata.builders,org.odpi.openmetadata.frameworks.openmetadata.properties.locations,6,2,6.0,6.591673732008658
org.odpi.openmetadata.adapters.connectors.datastore.basicfile,org.odpi.openmetadata.frameworks.connectors.ffdc,6,2,6.0,6.591673732008658
org.odpi.openmetadata.frameworks.openmetadata.properties.schema,org.odpi.openmetadata.frameworks.openmetadata.properties.schema.tabular,6,2,6.0,6.591673732008658
org.odpi.openmetadata.frameworks.openmetadata.builders,org.odpi.openmetadata.frameworks.openmetadata.properties.projects,6,2,6.0,6.591673732008658
org.odpi.openmetadata.commonservices.multitenant,org.odpi.openmetadata.frameworks.connectors.ffdc,6,2,6.0,6.591673732008658
org.odpi.openmetadata.engineservices.surveyaction.client,org.odpi.openmetadata.engineservices.surveyaction.api,6,2,6.0,6.591673732008658
org.odpi.openmetadata.adapters.connectors.integration.kafkaaudit,org.odpi.openmetadata.frameworks.connectors.ffdc,6,2,6.0,6.591673732008658
org.odpi.openmetadata.conformance.workbenches.repository.connectorconsumer,org.odpi.openmetadata.repositoryservices.enterprise.connectormanager,6,2,6.0,6.591673732008658
org.odpi.openmetadata.repositoryservices.enterprise.connectormanager,org.odpi.openmetadata.frameworks.connectors.controls,6,2,6.0,6.591673732008658
org.odpi.openmetadata.adapters.connectors.secretsstore.yaml,org.odpi.openmetadata.frameworks.openmetadata.ffdc,6,2,6.0,6.591673732008658
org.odpi.openmetadata.repositoryservices.connectors.stores.metadatacollectionstore.repositoryconnector,org.odpi.openmetadata.repositoryservices.connectors.stores.metadatacollectionstore.utilities,6,2,6.0,6.591673732008658
org.odpi.openmetadata.adapters.connectors.jacquard.tabulardatasets.openmetadatatypes,org.odpi.openmetadata.frameworks.auditlog,6,2,6.0,6.591673732008658
org.odpi.openmetadata.adapters.connectors.jacquard.tabulardatasets.openmetadatatypes,org.odpi.openmetadata.frameworks.connectors.tabulardatasets,6,2,6.0,6.591673732008658
org.odpi.openmetadata.viewservices.multilanguage.server,org.odpi.openmetadata.tokencontroller,6,2,6.0,6.591673732008658
org.odpi.openmetadata.frameworks.connectors.client,org.odpi.openmetadata.frameworks.connectors.api,6,2,6.0,6.591673732008658
org.odpi.openmetadata.adapters.connectors.jacquard.tabulardatasets.validmetadatavalues,org.odpi.openmetadata.frameworks.auditlog,6,2,6.0,6.591673732008658
org.odpi.openmetadata.engineservices.surveyaction.handlers,org.odpi.openmetadata.governanceservers.enginehostservices.registration,6,2,6.0,6.591673732008658
org.odpi.openmetadata.adapters.connectors.jacquard.tabulardatasets.validmetadatavalues,org.odpi.openmetadata.frameworks.connectors.tabulardatasets,6,2,6.0,6.591673732008658
org.odpi.openmetadata.frameworks.opengovernance,org.odpi.openmetadata.frameworks.openmetadata.events,6,2,6.0,6.591673732008658
org.odpi.openmetadata.viewservices.devopspipeline.server,org.odpi.openmetadata.tokencontroller,6,2,6.0,6.591673732008658
org.odpi.openmetadata.adapters.connectors.integration.kafkaaudit,org.odpi.openmetadata.frameworks.openmetadata.ffdc,6,2,6.0,6.591673732008658
org.odpi.openmetadata.conformance.workbenches.repository.listener,org.odpi.openmetadata.repositoryservices.connectors.omrstopic,6,2,6.0,6.591673732008658
org.odpi.openmetadata.adapters.connectors.integration.basicfiles,org.odpi.openmetadata.frameworks.openmetadata.filelistener,6,2,6.0,6.591673732008658
org.odpi.openmetadata.adapters.connectors.datastore.csvfile,org.odpi.openmetadata.frameworks.openmetadata.ffdc,6,2,6.0,6.591673732008658
org.odpi.openmetadata.commonservices.ffdc.rest,org.odpi.openmetadata.frameworks.auditlog.requestid,6,2,6.0,6.591673732008658
org.odpi.openmetadata.frameworks.openmetadata.builders,org.odpi.openmetadata.frameworks.openmetadata.properties.contextevents,6,2,6.0,6.591673732008658
org.odpi.openmetadata.contentpacks.core,org.odpi.openmetadata.adapters.connectors.unitycatalog.sync,6,2,6.0,6.591673732008658
org.odpi.openmetadata.frameworks.openmetadata.builders,org.odpi.openmetadata.frameworks.openmetadata.properties.designmodels,6,2,6.0,6.591673732008658
org.odpi.openmetadata.engineservices.governanceaction.client,org.odpi.openmetadata.engineservices.governanceaction.api,6,2,6.0,6.591673732008658
org.odpi.openmetadata.frameworks.openmetadata.properties,org.odpi.openmetadata.frameworks.openmetadata.properties.assets.infrastructure,6,2,6.0,6.591673732008658
org.odpi.openmetadata.frameworks.openmetadata.properties.actors,org.odpi.openmetadata.frameworks.openmetadata.properties.communities,6,2,6.0,6.591673732008658
org.odpi.openmetadata.viewservices.productcatalog.server,org.odpi.openmetadata.tokencontroller,6,2,6.0,6.591673732008658
org.odpi.openmetadata.frameworks.openmetadata.properties,org.odpi.openmetadata.frameworks.openmetadata.properties.propertyfacets,6,2,6.0,6.591673732008658
org.odpi.openmetadata.frameworks.openmetadata.properties,org.odpi.openmetadata.frameworks.openmetadata.properties.communities,6,2,6.0,6.591673732008658
org.odpi.openmetadata.engineservices.governanceaction.handlers,org.odpi.openmetadata.governanceservers.enginehostservices.registration,6,2,6.0,6.591673732008658
org.odpi.openmetadata.engineservices.repositorygovernance.handlers,org.odpi.openmetadata.governanceservers.enginehostservices.registration,6,2,6.0,6.591673732008658
org.odpi.openmetadata.engineservices.watchdogaction.handlers,org.odpi.openmetadata.governanceservers.enginehostservices.registration,6,2,6.0,6.591673732008658
org.odpi.openmetadata.engineservices.watchdogaction.handlers,org.odpi.openmetadata.governanceservers.enginehostservices.api,6,2,6.0,6.591673732008658
org.odpi.openmetadata.frameworks.openmetadata.properties,org.odpi.openmetadata.frameworks.openmetadata.properties.dataprocessing,6,2,6.0,6.591673732008658
org.odpi.openmetadata.serveroperations.server,org.odpi.openmetadata.repositoryservices.connectors.stores.archivestore,6,2,6.0,6.591673732008658
org.odpi.openmetadata.frameworks.openmetadata.types,org.odpi.openmetadata.frameworks.openmetadata.properties.resources,6,2,6.0,6.591673732008658
org.odpi.openmetadata.frameworks.openmetadata.properties,org.odpi.openmetadata.frameworks.openmetadata.properties.translations,6,2,6.0,6.591673732008658
org.odpi.openmetadata.frameworks.openmetadata.properties,org.odpi.openmetadata.frameworks.openmetadata.properties.resources,6,2,6.0,6.591673732008658
org.odpi.openmetadata.frameworks.openmetadata.properties,org.odpi.openmetadata.frameworks.openmetadata.properties.implementations,6,2,6.0,6.591673732008658
org.odpi.openmetadata.frameworks.openmetadata.search,org.odpi.openmetadata.frameworks.auditlog.requestid,6,2,6.0,6.591673732008658
org.odpi.openmetadata.repositoryservices.metadatahighway,org.odpi.openmetadata.frameworks.openmetadata.ffdc,6,2,6.0,6.591673732008658
org.odpi.openmetadata.viewservices.privacyofficer.server,org.odpi.openmetadata.tokencontroller,6,2,6.0,6.591673732008658
org.odpi.openmetadata.adapters.adminservices.configurationstore.file,org.odpi.openmetadata.frameworks.connectors,6,2,6.0,6.591673732008658
org.odpi.openmetadata.adminservices.client.rest,org.odpi.openmetadata.commonservices.ffdc,6,2,6.0,6.591673732008658
org.odpi.openmetadata.engineservices.watchdogaction.client,org.odpi.openmetadata.engineservices.watchdogaction.api,6,2,6.0,6.591673732008658
org.odpi.openmetadata.viewservices.metadataexpert.server,org.odpi.openmetadata.frameworks.openmetadata.search,6,2,6.0,6.591673732008658
org.odpi.openmetadata.frameworks.openmetadata.types,org.odpi.openmetadata.frameworks.openmetadata.properties.translations,6,2,6.0,6.591673732008658
org.odpi.openmetadata.frameworks.openmetadata.properties,org.odpi.openmetadata.frameworks.openmetadata.properties.externalidentifiers,6,2,6.0,6.591673732008658
org.odpi.openmetadata.frameworks.openmetadata.types,org.odpi.openmetadata.frameworks.openmetadata.properties.propertyfacets,6,2,6.0,6.591673732008658
org.odpi.openmetadata.engineservices.repositorygovernance.client,org.odpi.openmetadata.engineservices.repositorygovernance.api,6,2,6.0,6.591673732008658
org.odpi.openmetadata.frameworks.openmetadata.builders,org.odpi.openmetadata.frameworks.openmetadata.properties.solutions,6,2,6.0,6.591673732008658
org.odpi.openmetadata.adapters.repositoryservices.auditlogstore.eventtopic,org.odpi.openmetadata.frameworks.openmetadata.ffdc,6,2,6.0,6.591673732008658
org.odpi.openmetadata.frameworks.openmetadata.builders,org.odpi.openmetadata.frameworks.openmetadata.properties.assets.processes,6,2,6.0,6.591673732008658
org.odpi.openmetadata.frameworks.openmetadata.types,org.odpi.openmetadata.frameworks.openmetadata.properties.assets.analytics,6,2,6.0,6.591673732008658
org.odpi.openmetadata.viewservices.dataofficer.server,org.odpi.openmetadata.tokencontroller,6,2,6.0,6.591673732008658
org.odpi.openmetadata.frameworks.openmetadata.builders,org.odpi.openmetadata.frameworks.openmetadata.properties.schema.apis,6,2,6.0,6.591673732008658
org.odpi.openmetadata.frameworks.openmetadata.properties.assets,org.odpi.openmetadata.frameworks.openmetadata.properties.assets.referencedata,6,2,6.0,6.591673732008658
org.odpi.openmetadata.adapters.connectors.jacquard.tabulardatasets,org.odpi.openmetadata.frameworks.openmetadata.ffdc,6,2,6.0,6.591673732008658
org.odpi.openmetadata.frameworks.openmetadata.types,org.odpi.openmetadata.frameworks.openmetadata.properties.externalidentifiers,6,2,6.0,6.591673732008658
org.odpi.openmetadata.frameworks.openwatchdog,org.odpi.openmetadata.frameworks.opengovernance.ffdc,6,2,6.0,6.591673732008658
org.odpi.openmetadata.frameworkservices.gaf.rest,org.odpi.openmetadata.frameworks.auditlog.requestid,6,2,6.0,6.591673732008658
org.odpi.openmetadata.adapters.connectors.jacquard.tabulardatasets,org.odpi.openmetadata.frameworks.connectors.tabulardatasets,6,2,6.0,6.591673732008658
org.odpi.openmetadata.frameworks.openmetadata.types,org.odpi.openmetadata.frameworks.openmetadata.properties.informationsupplychains,6,2,6.0,6.591673732008658
org.odpi.openmetadata.frameworks.openmetadata.types,org.odpi.openmetadata.frameworks.openmetadata.properties.implementations,6,2,6.0,6.591673732008658
org.odpi.openmetadata.metadatasecurity.connectors,org.odpi.openmetadata.metadatasecurity,6,2,6.0,6.591673732008658
org.odpi.openmetadata.engineservices.governanceaction.handlers,org.odpi.openmetadata.governanceservers.enginehostservices.api,6,2,6.0,6.591673732008658
org.odpi.openmetadata.frameworks.openmetadata.types,org.odpi.openmetadata.frameworks.openmetadata.properties.assets.topics,6,2,6.0,6.591673732008658
org.odpi.openmetadata.viewservices.subjectarea.server,org.odpi.openmetadata.frameworks.openmetadata.properties.governance,4,3,4.0,5.545177444479562
org.odpi.openmetadata.viewservices.securityofficer.server,org.odpi.openmetadata.frameworks.openmetadata.properties.security,4,3,4.0,5.545177444479562
org.odpi.openmetadata.adapters.connectors.apacheatlas.survey,org.odpi.openmetadata.frameworks.openmetadata.properties.schema,4,3,4.0,5.545177444479562
org.odpi.openmetadata.viewservices.templatemanager.server,org.odpi.openmetadata.frameworks.openmetadata.properties.assets,4,3,4.0,5.545177444479562
org.odpi.openmetadata.governanceservers.enginehostservices.client,org.odpi.openmetadata.commonservices.ffdc.rest,8,1,8.0,5.545177444479562
org.odpi.openmetadata.frameworks.openmetadata.connectorcontext,org.odpi.openmetadata.frameworks.openmetadata.properties.assets.metadatarepositories,4,3,4.0,5.545177444479562
org.odpi.openmetadata.frameworkservices.omf.listener,org.odpi.openmetadata.commonservices.generichandlers,8,1,8.0,5.545177444479562
org.odpi.openmetadata.frameworkservices.omf.client,org.odpi.openmetadata.repositoryservices.connectors.openmetadatatopic,8,1,8.0,5.545177444479562
org.odpi.openmetadata.frameworks.openmetadata.properties.assets.reports,org.odpi.openmetadata.frameworks.openmetadata.properties.collections,8,1,8.0,5.545177444479562
org.odpi.openmetadata.adapters.connectors.apacheatlas.survey,org.odpi.openmetadata.frameworks.auditlog,8,1,8.0,5.545177444479562
org.odpi.openmetadata.adapters.connectors.subscriptions,org.odpi.openmetadata.frameworks.auditlog,8,1,8.0,5.545177444479562
org.odpi.openmetadata.adapters.connectors.egeriainfrastructure.platform.catalog,org.odpi.openmetadata.frameworks.openmetadata.properties.assets.topics,4,3,4.0,5.545177444479562
org.odpi.openmetadata.viewservices.automatedcuration.server,org.odpi.openmetadata.metadatasecurity.properties,8,1,8.0,5.545177444479562
org.odpi.openmetadata.adapters.connectors.apacheatlas.survey,org.odpi.openmetadata.frameworks.connectors.properties.beans,8,1,8.0,5.545177444479562
org.odpi.openmetadata.adapters.repositoryservices.auditlogstore.postgres,org.odpi.openmetadata.frameworks.connectors.properties.beans,8,1,8.0,5.545177444479562
org.odpi.openmetadata.adapters.connectors.integration.kafkaaudit,org.odpi.openmetadata.frameworks.openmetadata.search,8,1,8.0,5.545177444479562
org.odpi.openmetadata.adapters.connectors.unitycatalog.sync,org.odpi.openmetadata.frameworks.openmetadata.properties.assets.analytics,4,3,4.0,5.545177444479562
org.odpi.openmetadata.adapters.connectors.unitycatalog.sync,org.odpi.openmetadata.frameworks.openmetadata.properties.assets.reports,4,3,4.0,5.545177444479562
org.odpi.openmetadata.frameworks.openmetadata.types,org.odpi.openmetadata.frameworks.openmetadata.properties.assets.databases,8,1,8.0,5.545177444479562
org.odpi.openmetadata.adapters.connectors.integration.kafkaaudit,org.odpi.openmetadata.frameworks.openmetadata.properties.assets.processes.connectors,8,1,8.0,5.545177444479562
org.odpi.openmetadata.adapters.connectors.unitycatalog.sync,org.odpi.openmetadata.frameworks.openmetadata.properties.assets.databases,4,3,4.0,5.545177444479562
org.odpi.openmetadata.adapters.connectors.integration.kafkaaudit,org.odpi.openmetadata.frameworks.openmetadata.metadataelements,8,1,8.0,5.545177444479562
org.odpi.openmetadata.adapters.connectors.unitycatalog.sync,org.odpi.openmetadata.frameworks.openmetadata.properties.assets.filesandfolders,4,3,4.0,5.545177444479562
org.odpi.openmetadata.adapters.connectors.apacheatlas.resource,org.odpi.openmetadata.frameworks.openmetadata.metadataelements,8,1,8.0,5.545177444479562
org.odpi.openmetadata.frameworks.openmetadata.types,org.odpi.openmetadata.frameworks.openmetadata.properties.operatingplatforms,8,1,8.0,5.545177444479562
org.odpi.openmetadata.viewservices.automatedcuration.handlers,org.odpi.openmetadata.frameworks.openmetadata.properties.templates,4,3,4.0,5.545177444479562
org.odpi.openmetadata.adapters.repositoryservices.archiveconnector.file,org.odpi.openmetadata.frameworks.auditlog,8,1,8.0,5.545177444479562
org.odpi.openmetadata.adapters.connectors.wedgwood,org.odpi.openmetadata.frameworks.connectors,8,1,8.0,5.545177444479562
org.odpi.openmetadata.adapters.connectors.integration.jdbc,org.odpi.openmetadata.frameworks.connectors.properties.beans,8,1,8.0,5.545177444479562
org.odpi.openmetadata.metadatasecurity.accessconnector,org.odpi.openmetadata.repositoryservices.connectors.stores.metadatacollectionstore.utilities,8,1,8.0,5.545177444479562
org.odpi.openmetadata.viewservices.assetmaker.server,org.odpi.openmetadata.frameworks.openmetadata.properties.assets.infrastructure,4,3,4.0,5.545177444479562
org.odpi.openmetadata.viewservices.assetmaker.server,org.odpi.openmetadata.frameworks.openmetadata.properties.softwarecapabilities,4,3,4.0,5.545177444479562
org.odpi.openmetadata.repositoryservices.connectors.stores.metadatacollectionstore.repositoryeventmapper,org.odpi.openmetadata.frameworks.connectors.properties.beans,8,1,8.0,5.545177444479562
org.odpi.openmetadata.frameworks.openmetadata.properties.schema.tabular,org.odpi.openmetadata.frameworks.openmetadata.properties,8,1,8.0,5.545177444479562
org.odpi.openmetadata.adapters.repositoryservices.auditlogstore.file,org.odpi.openmetadata.frameworks.auditlog,8,1,8.0,5.545177444479562
org.odpi.openmetadata.adapters.connectors.postgres.survey,org.odpi.openmetadata.frameworks.auditlog,8,1,8.0,5.545177444479562
org.odpi.openmetadata.frameworks.openmetadata.reports,org.odpi.openmetadata.frameworks.openmetadata.properties,8,1,8.0,5.545177444479562
org.odpi.openmetadata.adapters.connectors.baudot,org.odpi.openmetadata.frameworks.opengovernance,8,1,8.0,5.545177444479562
org.odpi.openmetadata.frameworkservices.gaf.client,org.odpi.openmetadata.repositoryservices.connectors.openmetadatatopic,8,1,8.0,5.545177444479562
org.odpi.openmetadata.accessservices.governanceprogram.fvt.errorhandling,org.odpi.openmetadata.frameworks.openmetadata.ffdc,8,1,8.0,5.545177444479562
org.odpi.openmetadata.adapters.connectors.babbage,org.odpi.openmetadata.frameworks.openmetadata.properties.governance.governanceactions,4,3,4.0,5.545177444479562
org.odpi.openmetadata.viewservices.productmanager.server,org.odpi.openmetadata.frameworks.openmetadata.properties.actors,4,3,4.0,5.545177444479562
org.odpi.openmetadata.adapters.repositoryservices.cohortregistrystore.file,org.odpi.openmetadata.frameworks.connectors,8,1,8.0,5.545177444479562
org.odpi.openmetadata.adapters.connectors.externalharvesters.harvestopenmetadata,org.odpi.openmetadata.frameworks.openmetadata.properties.assets.processes.connectors,8,1,8.0,5.545177444479562
org.odpi.openmetadata.governanceservers.enginehostservices.client.rest,org.odpi.openmetadata.commonservices.ffdc,8,1,8.0,5.545177444479562
org.odpi.openmetadata.adapters.connectors.externalharvesters.harvestsurveys,org.odpi.openmetadata.frameworks.openmetadata.properties.assets.processes.connectors,8,1,8.0,5.545177444479562
org.odpi.openmetadata.viewservices.productmanager.server,org.odpi.openmetadata.frameworks.openmetadata.properties.digitalbusiness,4,3,4.0,5.545177444479562
org.odpi.openmetadata.platformservices.server,org.odpi.openmetadata.metadatasecurity.properties,8,1,8.0,5.545177444479562
org.odpi.openmetadata.governanceservers.enginehostservices.enginemap,org.odpi.openmetadata.frameworks.openmetadata.metadataelements,8,1,8.0,5.545177444479562
org.odpi.openmetadata.commonservices.generichandlers,org.odpi.openmetadata.repositoryservices.ffdc.exception,8,1,8.0,5.545177444479562
org.odpi.openmetadata.adapters.connectors.apachekafka.integration,org.odpi.openmetadata.frameworks.openmetadata.properties.assets.topics,4,3,4.0,5.545177444479562
org.odpi.openmetadata.samples.archiveutilities.clinicaltrialtemplates,org.odpi.openmetadata.frameworks.connectors.properties.beans,8,1,8.0,5.545177444479562
org.odpi.openmetadata.samples.governanceactions.clinicaltrials,org.odpi.openmetadata.frameworks.openmetadata.properties.externalidentifiers,4,3,4.0,5.545177444479562
org.odpi.openmetadata.viewservices.projectmanager.server,org.odpi.openmetadata.frameworks.openmetadata.properties.actors,4,3,4.0,5.545177444479562
org.odpi.openmetadata.frameworks.integration.context,org.odpi.openmetadata.frameworks.openmetadata.reports,8,1,8.0,5.545177444479562
org.odpi.openmetadata.samples.archiveutilities.governanceengines,org.odpi.openmetadata.frameworks.connectors,8,1,8.0,5.545177444479562
org.odpi.openmetadata.platformchassis.springboot,org.odpi.openmetadata.commonservices.ffdc.rest,8,1,8.0,5.545177444479562
org.odpi.openmetadata.adapters.connectors.integration.openapis,org.odpi.openmetadata.frameworks.openmetadata.properties.assets,4,3,4.0,5.545177444479562
org.odpi.openmetadata.adapters.connectors.integration.jdbc.transfer.requests,org.odpi.openmetadata.adapters.connectors.integration.jdbc.transfer.model,8,1,8.0,5.545177444479562
org.odpi.openmetadata.frameworks.openmetadata.properties.assets.analytics,org.odpi.openmetadata.frameworks.openmetadata.properties,8,1,8.0,5.545177444479562
org.odpi.openmetadata.adapters.connectors.integration.openapis,org.odpi.openmetadata.adapters.connectors,5,2,5.0,5.493061443340549
org.odpi.openmetadata.engineservices.governanceaction.listener,org.odpi.openmetadata.governanceservers.enginehostservices.admin,5,2,5.0,5.493061443340549
org.odpi.openmetadata.viewservices.notificationmanager.admin,org.odpi.openmetadata.adminservices.configuration.registration,5,2,5.0,5.493061443340549
org.odpi.openmetadata.commonservices.ffdc.rest,org.odpi.openmetadata.frameworks.connectors.controls,5,2,5.0,5.493061443340549
org.odpi.openmetadata.engineservices.governanceaction.listener,org.odpi.openmetadata.engineservices.governanceaction.ffdc,5,2,5.0,5.493061443340549
org.odpi.openmetadata.viewservices.datadiscovery.admin,org.odpi.openmetadata.adminservices.configuration.registration,5,2,5.0,5.493061443340549
org.odpi.openmetadata.adapters.connectors.apachekafka.integration,org.odpi.openmetadata.frameworks.openmetadata.enums,5,2,5.0,5.493061443340549
org.odpi.openmetadata.adapters.connectors.governanceactions.verification,org.odpi.openmetadata.frameworks.opengovernance.controls,5,2,5.0,5.493061443340549
org.odpi.openmetadata.adapters.connectors.egeriainfrastructure.platform.catalog,org.odpi.openmetadata.serveroperations.properties,5,2,5.0,5.493061443340549
org.odpi.openmetadata.adapters.connectors.apachekafka.resource,org.odpi.openmetadata.adapters.connectors,5,2,5.0,5.493061443340549
org.odpi.openmetadata.viewservices.solutionarchitect.admin,org.odpi.openmetadata.adminservices.configuration.registration,5,2,5.0,5.493061443340549
org.odpi.openmetadata.adapters.connectors.egeriainfrastructure.platform.catalog,org.odpi.openmetadata.frameworks.openmetadata.enums,5,2,5.0,5.493061443340549
org.odpi.openmetadata.adapters.connectors.apachekafka.integration,org.odpi.openmetadata.frameworks.openmetadata.ffdc,5,2,5.0,5.493061443340549
org.odpi.openmetadata.adapters.connectors.externalharvesters.harvestopenmetadata,org.odpi.openmetadata.adapters.connectors.resource.jdbc.controls,5,2,5.0,5.493061443340549
org.odpi.openmetadata.contentpacks.core.unitycatalog,org.odpi.openmetadata.adapters.connectors.unitycatalog.provision,5,2,5.0,5.493061443340549
org.odpi.openmetadata.adapters.repositoryservices.auditlogstore.file,org.odpi.openmetadata.adapters.connectors,5,2,5.0,5.493061443340549
org.odpi.openmetadata.adapters.connectors.governanceactions.verification,org.odpi.openmetadata.adapters.connectors.governanceactions.ffdc,5,2,5.0,5.493061443340549
org.odpi.openmetadata.adapters.connectors.externalharvesters.harvestopenmetadata,org.odpi.openmetadata.adapters.connectors.postgres.controls,5,2,5.0,5.493061443340549
org.odpi.openmetadata.engineservices.repositorygovernance.handlers,org.odpi.openmetadata.adminservices.configuration.registration,5,2,5.0,5.493061443340549
org.odpi.openmetadata.viewservices.securityofficer.admin,org.odpi.openmetadata.adminservices.configuration.registration,5,2,5.0,5.493061443340549
org.odpi.openmetadata.adapters.connectors.apachekafka.integration,org.odpi.openmetadata.adapters.connectors,5,2,5.0,5.493061443340549
org.odpi.openmetadata.adapters.connectors.integration.csvlineageimporter,org.odpi.openmetadata.adapters.connectors,5,2,5.0,5.493061443340549
org.odpi.openmetadata.viewservices.locationarena.admin,org.odpi.openmetadata.adminservices.configuration.registration,5,2,5.0,5.493061443340549
org.odpi.openmetadata.adapters.repositoryservices.postgres.repositoryconnector,org.odpi.openmetadata.adapters.connectors,5,2,5.0,5.493061443340549
org.odpi.openmetadata.samples.governanceactions.clinicaltrials,org.odpi.openmetadata.adapters.connectors.integration.basicfiles,5,2,5.0,5.493061443340549
org.odpi.openmetadata.adminservices.client,org.odpi.openmetadata.adminservices.ffdc,5,2,5.0,5.493061443340549
org.odpi.openmetadata.adapters.connectors.surveyaction.surveyfolder,org.odpi.openmetadata.adapters.connectors,5,2,5.0,5.493061443340549
org.odpi.openmetadata.accessservices.itinfrastructure.samples.assetdeploy,org.odpi.openmetadata.frameworks.openmetadata.types,5,2,5.0,5.493061443340549
org.odpi.openmetadata.frameworks.opengovernance.properties,org.odpi.openmetadata.frameworks.openmetadata.types,5,2,5.0,5.493061443340549
org.odpi.openmetadata.adapters.repositoryservices.archiveconnector.directory,org.odpi.openmetadata.adapters.connectors,5,2,5.0,5.493061443340549
org.odpi.openmetadata.viewservices.assetcatalog.server,org.odpi.openmetadata.frameworks.openmetadata.types,5,2,5.0,5.493061443340549
org.odpi.openmetadata.samples.archiveutilities.governanceprogram,org.odpi.openmetadata.frameworks.openmetadata.mapper,5,2,5.0,5.493061443340549
org.odpi.openmetadata.contentpacks.core.unitycatalog,org.odpi.openmetadata.adapters.connectors,5,2,5.0,5.493061443340549
org.odpi.openmetadata.samples.archiveutilities.governanceprogram,org.odpi.openmetadata.samples.archiveutilities.sustainability,5,2,5.0,5.493061443340549
org.odpi.openmetadata.adapters.repositoryservices.auditlogstore.file,org.odpi.openmetadata.frameworks.connectors.ffdc,5,2,5.0,5.493061443340549
org.odpi.openmetadata.viewservices.runtimemanager.admin,org.odpi.openmetadata.adminservices.configuration.registration,5,2,5.0,5.493061443340549
org.odpi.openmetadata.adapters.connectors.apachekafka.resource,org.odpi.openmetadata.frameworks.openmetadata.refdata,5,2,5.0,5.493061443340549
org.odpi.openmetadata.viewservices.schemamaker.admin,org.odpi.openmetadata.adminservices.configuration.registration,5,2,5.0,5.493061443340549
org.odpi.openmetadata.contentpacks.core,org.odpi.openmetadata.frameworks.opengovernance.controls,5,2,5.0,5.493061443340549
org.odpi.openmetadata.viewservices.solutionarchitect.server,org.odpi.openmetadata.frameworks.openmetadata.client,5,2,5.0,5.493061443340549
org.odpi.openmetadata.viewservices.solutionarchitect.server,org.odpi.openmetadata.frameworks.openmetadata.types,5,2,5.0,5.493061443340549
org.odpi.openmetadata.adapters.connectors.integration.openapis,org.odpi.openmetadata.frameworks.openmetadata.refdata,5,2,5.0,5.493061443340549
org.odpi.openmetadata.adapters.connectors.apacheatlas.controls,org.odpi.openmetadata.frameworks.openmetadata.types,5,2,5.0,5.493061443340549
org.odpi.openmetadata.repositoryservices.connectors.stores.cohortregistrystore,org.odpi.openmetadata.repositoryservices.auditlog,5,2,5.0,5.493061443340549
org.odpi.openmetadata.accessservices.governanceprogram.samples.leadership,org.odpi.openmetadata.frameworks.openmetadata.client,5,2,5.0,5.493061443340549
org.odpi.openmetadata.viewservices.actionauthor.server,org.odpi.openmetadata.frameworks.openmetadata.client,5,2,5.0,5.493061443340549
org.odpi.openmetadata.adapters.connectors.externalharvesters.harvestsurveys,org.odpi.openmetadata.adapters.connectors.resource.jdbc.controls,5,2,5.0,5.493061443340549
org.odpi.openmetadata.adapters.connectors.surveyaction.surveycsv,org.odpi.openmetadata.adapters.connectors,5,2,5.0,5.493061443340549
org.odpi.openmetadata.viewservices.devopspipeline.admin,org.odpi.openmetadata.adminservices.configuration.registration,5,2,5.0,5.493061443340549
org.odpi.openmetadata.adapters.connectors.surveyaction.surveycsv,org.odpi.openmetadata.frameworks.connectors.ffdc,5,2,5.0,5.493061443340549
org.odpi.openmetadata.adapters.connectors.surveyaction.surveycsv,org.odpi.openmetadata.frameworks.openmetadata.enums,5,2,5.0,5.493061443340549
org.odpi.openmetadata.viewservices.dataofficer.admin,org.odpi.openmetadata.adminservices.configuration.registration,5,2,5.0,5.493061443340549
org.odpi.openmetadata.viewservices.actormanager.admin,org.odpi.openmetadata.adminservices.configuration.registration,5,2,5.0,5.493061443340549
org.odpi.openmetadata.adapters.connectors.subscriptions,org.odpi.openmetadata.adapters.connectors,5,2,5.0,5.493061443340549
org.odpi.openmetadata.viewservices.connectionmaker.admin,org.odpi.openmetadata.adminservices.configuration.registration,5,2,5.0,5.493061443340549
org.odpi.openmetadata.adapters.connectors.subscriptions,org.odpi.openmetadata.frameworks.openmetadata.enums,5,2,5.0,5.493061443340549
org.odpi.openmetadata.viewservices.validmetadata.admin,org.odpi.openmetadata.adminservices.configuration.registration,5,2,5.0,5.493061443340549
org.odpi.openmetadata.adapters.connectors.surveyaction.surveyfile,org.odpi.openmetadata.adapters.connectors,5,2,5.0,5.493061443340549
org.odpi.openmetadata.adapters.connectors.surveyaction.surveyfile,org.odpi.openmetadata.frameworks.openmetadata.properties.surveyreports,5,2,5.0,5.493061443340549
org.odpi.openmetadata.adapters.connectors.surveyaction.surveyfile,org.odpi.openmetadata.frameworks.openmetadata.types,5,2,5.0,5.493061443340549
org.odpi.openmetadata.commonservices.repositoryhandler,org.odpi.openmetadata.frameworks.openmetadata.types,5,2,5.0,5.493061443340549
org.odpi.openmetadata.viewservices.collectionmanager.admin,org.odpi.openmetadata.adminservices.configuration.registration,5,2,5.0,5.493061443340549
org.odpi.openmetadata.adapters.connectors.surveyaction.surveyfile,org.odpi.openmetadata.frameworks.connectors.ffdc,5,2,5.0,5.493061443340549
org.odpi.openmetadata.adapters.connectors.unitycatalog.survey,org.odpi.openmetadata.frameworks.openmetadata.refdata,5,2,5.0,5.493061443340549
org.odpi.openmetadata.conformance.client,org.odpi.openmetadata.frameworks.connectors.controls,5,2,5.0,5.493061443340549
org.odpi.openmetadata.accessservices.governanceserver.fvt.engines,org.odpi.openmetadata.frameworks.opengovernance.properties,5,2,5.0,5.493061443340549
org.odpi.openmetadata.viewservices.peopleorganizer.admin,org.odpi.openmetadata.adminservices.configuration.registration,5,2,5.0,5.493061443340549
org.odpi.openmetadata.viewservices.referencedata.server,org.odpi.openmetadata.frameworks.openmetadata.types,5,2,5.0,5.493061443340549
org.odpi.openmetadata.frameworks.openwatchdog,org.odpi.openmetadata.frameworks.openmetadata.types,5,2,5.0,5.493061443340549
org.odpi.openmetadata.adapters.connectors.jacquard,org.odpi.openmetadata.adapters.connectors,5,2,5.0,5.493061443340549
org.odpi.openmetadata.viewservices.referencedata.server,org.odpi.openmetadata.frameworks.openmetadata.client,5,2,5.0,5.493061443340549
org.odpi.openmetadata.archiveutilities.simplecatalogs.catalogcontent,org.odpi.openmetadata.frameworks.openmetadata.refdata,5,2,5.0,5.493061443340549
org.odpi.openmetadata.adapters.connectors.externalharvesters.harvestsurveys,org.odpi.openmetadata.adapters.connectors.postgres.controls,5,2,5.0,5.493061443340549
org.odpi.openmetadata.viewservices.templatemanager.admin,org.odpi.openmetadata.adminservices.configuration.registration,5,2,5.0,5.493061443340549
org.odpi.openmetadata.frameworkservices.gaf.admin,org.odpi.openmetadata.adapters.connectors,5,2,5.0,5.493061443340549
org.odpi.openmetadata.viewservices.locationarena.server,org.odpi.openmetadata.frameworks.openmetadata.client,5,2,5.0,5.493061443340549
org.odpi.openmetadata.contentpacks.core.egeria,org.odpi.openmetadata.adapters.connectors,5,2,5.0,5.493061443340549
org.odpi.openmetadata.viewservices.assetmaker.admin,org.odpi.openmetadata.adminservices.configuration.registration,5,2,5.0,5.493061443340549
org.odpi.openmetadata.adapters.repositoryservices.cohortregistrystore.file,org.odpi.openmetadata.adapters.connectors,5,2,5.0,5.493061443340549
org.odpi.openmetadata.viewservices.digitalbusiness.server,org.odpi.openmetadata.frameworks.openmetadata.client,5,2,5.0,5.493061443340549
org.odpi.openmetadata.repositoryservices.connectors.stores.archivestore,org.odpi.openmetadata.repositoryservices.auditlog,5,2,5.0,5.493061443340549
org.odpi.openmetadata.frameworkservices.omf.admin,org.odpi.openmetadata.adapters.connectors,5,2,5.0,5.493061443340549
org.odpi.openmetadata.frameworkservices.gaf.outtopic,org.odpi.openmetadata.frameworkservices.gaf.ffdc,5,2,5.0,5.493061443340549
org.odpi.openmetadata.accessservices.stewardshipaction.fvt.clientconstructors,org.odpi.openmetadata.frameworks.openmetadata.ffdc,5,2,5.0,5.493061443340549
org.odpi.openmetadata.engineservices.repositorygovernance.client.rest,org.odpi.openmetadata.frameworks.openmetadata.ffdc,5,2,5.0,5.493061443340549
org.odpi.openmetadata.accessservices.governanceserver.fvt.clientconstructors,org.odpi.openmetadata.frameworks.openmetadata.ffdc,5,2,5.0,5.493061443340549
org.odpi.openmetadata.adapters.connectors.reports.surveyreport,org.odpi.openmetadata.adapters.connectors,5,2,5.0,5.493061443340549
org.odpi.openmetadata.accessservices.digitalarchitecture.fvt.clientconstructors,org.odpi.openmetadata.frameworks.openmetadata.ffdc,5,2,5.0,5.493061443340549
org.odpi.openmetadata.repositoryservices.metadatahighway,org.odpi.openmetadata.repositoryservices.events,5,2,5.0,5.493061443340549
org.odpi.openmetadata.viewservices.externallinks.admin,org.odpi.openmetadata.adminservices.configuration.registration,5,2,5.0,5.493061443340549
org.odpi.openmetadata.viewservices.multilanguage.admin,org.odpi.openmetadata.adminservices.configuration.registration,5,2,5.0,5.493061443340549
org.odpi.openmetadata.viewservices.feedbackmanager.admin,org.odpi.openmetadata.adminservices.configuration.registration,5,2,5.0,5.493061443340549
org.odpi.openmetadata.adapters.repositoryservices.auditlogstore.slf4j,org.odpi.openmetadata.adapters.connectors,5,2,5.0,5.493061443340549
org.odpi.openmetadata.viewservices.classificationexplorer.admin,org.odpi.openmetadata.adminservices.configuration.registration,5,2,5.0,5.493061443340549
org.odpi.openmetadata.utilities.serverconfig,org.odpi.openmetadata.adminservices.ffdc.exception,5,2,5.0,5.493061443340549
org.odpi.openmetadata.adapters.connectors.unitycatalog.resource,org.odpi.openmetadata.adapters.connectors,5,2,5.0,5.493061443340549
org.odpi.openmetadata.adapters.connectors.restclients.spring,org.odpi.openmetadata.adapters.connectors,5,2,5.0,5.493061443340549
org.odpi.openmetadata.viewservices.communitymatters.server,org.odpi.openmetadata.frameworks.openmetadata.client,5,2,5.0,5.493061443340549
org.odpi.openmetadata.adapters.connectors.externalharvesters.harvestsurveys,org.odpi.openmetadata.adapters.connectors.unitycatalog.controls,5,2,5.0,5.493061443340549
org.odpi.openmetadata.adapters.repositoryservices,org.odpi.openmetadata.repositoryservices.connectors.stores.auditlogstore,5,2,5.0,5.493061443340549
org.odpi.openmetadata.viewservices.productcatalog.server,org.odpi.openmetadata.frameworks.openmetadata.client,5,2,5.0,5.493061443340549
org.odpi.openmetadata.viewservices.productcatalog.admin,org.odpi.openmetadata.adminservices.configuration.registration,5,2,5.0,5.493061443340549
org.odpi.openmetadata.adapters.repositoryservices.inmemory.repositoryconnector,org.odpi.openmetadata.adapters.connectors,5,2,5.0,5.493061443340549
org.odpi.openmetadata.frameworkservices.gaf.connectors.outtopic,org.odpi.openmetadata.frameworkservices.gaf.ffdc,5,2,5.0,5.493061443340549
org.odpi.openmetadata.adapters.connectors.babbage,org.odpi.openmetadata.frameworks.openmetadata.enums,5,2,5.0,5.493061443340549
org.odpi.openmetadata.adapters.connectors.unitycatalog.provision,org.odpi.openmetadata.frameworks.auditlog.messagesets,5,2,5.0,5.493061443340549
org.odpi.openmetadata.viewservices.projectmanager.server,org.odpi.openmetadata.frameworks.openmetadata.client,5,2,5.0,5.493061443340549
org.odpi.openmetadata.adapters.connectors.babbage,org.odpi.openmetadata.adapters.connectors,5,2,5.0,5.493061443340549
org.odpi.openmetadata.adapters.connectors.unitycatalog.provision,org.odpi.openmetadata.adapters.connectors,5,2,5.0,5.493061443340549
org.odpi.openmetadata.adapters.connectors.baudot,org.odpi.openmetadata.frameworks.connectors.ffdc,5,2,5.0,5.493061443340549
org.odpi.openmetadata.adapters.connectors.baudot,org.odpi.openmetadata.frameworks.opengovernance.controls,5,2,5.0,5.493061443340549
org.odpi.openmetadata.adapters.connectors.baudot,org.odpi.openmetadata.frameworks.openmetadata.enums,5,2,5.0,5.493061443340549
org.odpi.openmetadata.adapters.connectors.baudot,org.odpi.openmetadata.adapters.connectors,5,2,5.0,5.493061443340549
org.odpi.openmetadata.adapters.connectors.organizationinsight.karmapoints,org.odpi.openmetadata.frameworks.auditlog.messagesets,5,2,5.0,5.493061443340549
org.odpi.openmetadata.viewservices.automatedcuration.admin,org.odpi.openmetadata.adminservices.configuration.registration,5,2,5.0,5.493061443340549
org.odpi.openmetadata.frameworkservices.ocf.metadatamanagement.admin,org.odpi.openmetadata.adminservices.configuration.registration,5,2,5.0,5.493061443340549
org.odpi.openmetadata.adapters.repositoryservices.auditlogstore.postgres.controls,org.odpi.openmetadata.frameworks.openmetadata.types,5,2,5.0,5.493061443340549
org.odpi.openmetadata.samples.archiveutilities.organization,org.odpi.openmetadata.frameworks.openmetadata.mapper,5,2,5.0,5.493061443340549
org.odpi.openmetadata.adapters.connectors.organizationinsight.karmapoints,org.odpi.openmetadata.frameworks.openmetadata.types,5,2,5.0,5.493061443340549
org.odpi.openmetadata.adapters.connectors.dynamicarchivers.glossary,org.odpi.openmetadata.frameworks.openmetadata.types,5,2,5.0,5.493061443340549
org.odpi.openmetadata.viewservices.classificationexplorer.server,org.odpi.openmetadata.frameworks.openmetadata.enums,5,2,5.0,5.493061443340549
org.odpi.openmetadata.utilities.serverops,org.odpi.openmetadata.adminservices.configuration.registration,5,2,5.0,5.493061443340549
org.odpi.openmetadata.adapters.connectors.dynamicarchivers.glossary,org.odpi.openmetadata.adapters.connectors,5,2,5.0,5.493061443340549
org.odpi.openmetadata.adapters.connectors.organizationinsight.karmapoints,org.odpi.openmetadata.adapters.connectors,5,2,5.0,5.493061443340549
org.odpi.openmetadata.adapters.repositoryservices.auditlogstore.console.eventdisplay,org.odpi.openmetadata.adapters.connectors,5,2,5.0,5.493061443340549
org.odpi.openmetadata.viewservices.securityofficer.server,org.odpi.openmetadata.frameworks.openmetadata.client,5,2,5.0,5.493061443340549
org.odpi.openmetadata.adminservices.client.rest,org.odpi.openmetadata.frameworks.connectors.controls,5,2,5.0,5.493061443340549
org.odpi.openmetadata.viewservices.securityofficer.server,org.odpi.openmetadata.frameworks.openmetadata.types,5,2,5.0,5.493061443340549
org.odpi.openmetadata.frameworks.openmetadata.reports,org.odpi.openmetadata.frameworks.openmetadata.types,5,2,5.0,5.493061443340549
org.odpi.openmetadata.frameworks.integration.contextmanager,org.odpi.openmetadata.frameworks.connectors.client,5,2,5.0,5.493061443340549
org.odpi.openmetadata.viewservices.timekeeper.admin,org.odpi.openmetadata.adminservices.configuration.registration,5,2,5.0,5.493061443340549
org.odpi.openmetadata.samples.archiveutilities.organization,org.odpi.openmetadata.frameworks.openmetadata.enums,5,2,5.0,5.493061443340549
org.odpi.openmetadata.frameworks.integration.context,org.odpi.openmetadata.frameworks.openmetadata.types,5,2,5.0,5.493061443340549
org.odpi.openmetadata.viewservices.metadataexpert.admin,org.odpi.openmetadata.adminservices.configuration.registration,5,2,5.0,5.493061443340549
org.odpi.openmetadata.viewservices.devopspipeline.server,org.odpi.openmetadata.frameworks.openmetadata.client,5,2,5.0,5.493061443340549
org.odpi.openmetadata.viewservices.productmanager.admin,org.odpi.openmetadata.adminservices.configuration.registration,5,2,5.0,5.493061443340549
org.odpi.openmetadata.viewservices.referencedata.admin,org.odpi.openmetadata.adminservices.configuration.registration,5,2,5.0,5.493061443340549
org.odpi.openmetadata.userauthn,org.odpi.openmetadata.metadatasecurity.properties,5,2,5.0,5.493061443340549
org.odpi.openmetadata.adapters.connectors.datastore.csvfile,org.odpi.openmetadata.frameworks.openmetadata.types,5,2,5.0,5.493061443340549
org.odpi.openmetadata.engineservices.surveyaction.server,org.odpi.openmetadata.commonservices.ffdc.properties,5,2,5.0,5.493061443340549
org.odpi.openmetadata.frameworks.connectors.properties.beans,org.odpi.openmetadata.frameworks.connectors.controls,5,2,5.0,5.493061443340549
org.odpi.openmetadata.engineservices.watchdogaction.listener,org.odpi.openmetadata.engineservices.watchdogaction.ffdc,5,2,5.0,5.493061443340549
org.odpi.openmetadata.engineservices.surveyaction.handlers,org.odpi.openmetadata.frameworks.opengovernance.controls,5,2,5.0,5.493061443340549
org.odpi.openmetadata.viewservices.datadesigner.server,org.odpi.openmetadata.frameworks.openmetadata.client,5,2,5.0,5.493061443340549
org.odpi.openmetadata.engineservices.surveyaction.handlers,org.odpi.openmetadata.frameworks.openmetadata.enums,5,2,5.0,5.493061443340549
org.odpi.openmetadata.engineservices.watchdogaction.listener,org.odpi.openmetadata.governanceservers.enginehostservices.admin,5,2,5.0,5.493061443340549
org.odpi.openmetadata.adapters.connectors.resource.jdbc.ddl.postgres,org.odpi.openmetadata.adapters.connectors.resource.jdbc.ffdc,5,2,5.0,5.493061443340549
org.odpi.openmetadata.frameworks.openmetadata.definitions,org.odpi.openmetadata.frameworks.openmetadata.mapper,5,2,5.0,5.493061443340549
org.odpi.openmetadata.viewservices.dataofficer.server,org.odpi.openmetadata.frameworks.openmetadata.client,5,2,5.0,5.493061443340549
org.odpi.openmetadata.adapters.repositoryservices.auditlogstore.eventtopic,org.odpi.openmetadata.adapters.connectors,5,2,5.0,5.493061443340549
org.odpi.openmetadata.engineservices.repositorygovernance.admin,org.odpi.openmetadata.adminservices.configuration.registration,5,2,5.0,5.493061443340549
org.odpi.openmetadata.governanceservers.integrationdaemonservices.server,org.odpi.openmetadata.commonservices.ffdc.properties,5,2,5.0,5.493061443340549
org.odpi.openmetadata.viewservices.lineagelinker.admin,org.odpi.openmetadata.adminservices.configuration.registration,5,2,5.0,5.493061443340549
org.odpi.openmetadata.accessservices.stewardshipaction.fvt.duplicateprocessing,org.odpi.openmetadata.frameworks.openmetadata.properties.assets,5,2,5.0,5.493061443340549
org.odpi.openmetadata.viewservices.privacyofficer.admin,org.odpi.openmetadata.adminservices.configuration.registration,5,2,5.0,5.493061443340549
org.odpi.openmetadata.governanceservers.enginehostservices.enginemap,org.odpi.openmetadata.governanceservers.enginehostservices.ffdc,5,2,5.0,5.493061443340549
org.odpi.openmetadata.governanceservers.enginehostservices.enginemap,org.odpi.openmetadata.frameworks.openmetadata.ffdc,5,2,5.0,5.493061443340549
org.odpi.openmetadata.viewservices.productmanager.server,org.odpi.openmetadata.frameworks.openmetadata.client,5,2,5.0,5.493061443340549
org.odpi.openmetadata.adapters.repositoryservices.rest.repositoryconnector,org.odpi.openmetadata.adapters.connectors,5,2,5.0,5.493061443340549
org.odpi.openmetadata.engineservices.governanceaction.handlers,org.odpi.openmetadata.frameworks.auditlog.messagesets,5,2,5.0,5.493061443340549
org.odpi.openmetadata.frameworks.integration.contextmanager,org.odpi.openmetadata.frameworks.openmetadata.client,5,2,5.0,5.493061443340549
org.odpi.openmetadata.frameworks.opengovernance.handlers,org.odpi.openmetadata.frameworks.openmetadata.refdata,5,2,5.0,5.493061443340549
org.odpi.openmetadata.frameworkservices.ocf.metadatamanagement.client,org.odpi.openmetadata.frameworkservices.ocf.metadatamanagement.ffdc,5,2,5.0,5.493061443340549
org.odpi.openmetadata.frameworkservices.omf.client,org.odpi.openmetadata.frameworks.openmetadata.enums,5,2,5.0,5.493061443340549
org.odpi.openmetadata.serveroperations.server,org.odpi.openmetadata.metadatasecurity.server,5,2,5.0,5.493061443340549
org.odpi.openmetadata.adapters.connectors.wedgwood,org.odpi.openmetadata.frameworks.openmetadata.types,5,2,5.0,5.493061443340549
org.odpi.openmetadata.adapters.connectors.wedgwood,org.odpi.openmetadata.adapters.connectors,5,2,5.0,5.493061443340549
org.odpi.openmetadata.frameworkservices.gaf.client,org.odpi.openmetadata.adminservices.configuration.registration,5,2,5.0,5.493061443340549
org.odpi.openmetadata.adapters.connectors.wedgwood,org.odpi.openmetadata.frameworks.auditlog.messagesets,5,2,5.0,5.493061443340549
org.odpi.openmetadata.frameworks.openmetadata.properties,org.odpi.openmetadata.frameworks.openmetadata.refdata,5,2,5.0,5.493061443340549
org.odpi.openmetadata.contentpacks.core.base,org.odpi.openmetadata.frameworks.opensurvey.controls,5,2,5.0,5.493061443340549
org.odpi.openmetadata.frameworkservices.omf.client,org.odpi.openmetadata.frameworks.openmetadata.types,5,2,5.0,5.493061443340549
org.odpi.openmetadata.repositoryservices.connectors.stores.metadatacollectionstore.repositoryeventmapper,org.odpi.openmetadata.frameworks.connectors.ffdc,5,2,5.0,5.493061443340549
org.odpi.openmetadata.repositoryservices.connectors.stores.metadatacollectionstore.repositoryeventmapper,org.odpi.openmetadata.repositoryservices.auditlog,5,2,5.0,5.493061443340549
org.odpi.openmetadata.archiveutilities.bigglossaries.catalogcontent,org.odpi.openmetadata.repositoryservices.connectors.stores.metadatacollectionstore.properties.instances,5,2,5.0,5.493061443340549
org.odpi.openmetadata.viewservices.privacyofficer.server,org.odpi.openmetadata.frameworks.openmetadata.client,5,2,5.0,5.493061443340549
org.odpi.openmetadata.frameworkservices.omf.client,org.odpi.openmetadata.adminservices.configuration.registration,5,2,5.0,5.493061443340549
org.odpi.openmetadata.frameworks.integration.contextmanager,org.odpi.openmetadata.frameworks.openmetadata.search,5,2,5.0,5.493061443340549
org.odpi.openmetadata.engineservices.watchdogaction.client.rest,org.odpi.openmetadata.frameworks.openmetadata.ffdc,5,2,5.0,5.493061443340549
org.odpi.openmetadata.engineservices.governanceaction.server,org.odpi.openmetadata.commonservices.ffdc.properties,5,2,5.0,5.493061443340549
org.odpi.openmetadata.adapters.adminservices.configurationstore.file,org.odpi.openmetadata.adapters.connectors,5,2,5.0,5.493061443340549
org.odpi.openmetadata.viewservices.governanceofficer.admin,org.odpi.openmetadata.adminservices.configuration.registration,5,2,5.0,5.493061443340549
org.odpi.openmetadata.metadatasecurity.connectors,org.odpi.openmetadata.frameworks.connectors.ffdc,5,2,5.0,5.493061443340549
org.odpi.openmetadata.viewservices.subjectarea.server,org.odpi.openmetadata.frameworks.openmetadata.client,5,2,5.0,5.493061443340549
org.odpi.openmetadata.adapters.connectors.egeriainfrastructure.servers,org.odpi.openmetadata.adminservices.ffdc.exception,5,2,5.0,5.493061443340549
org.odpi.openmetadata.frameworkservices.omf.listener,org.odpi.openmetadata.frameworks.openmetadata.types,5,2,5.0,5.493061443340549
org.odpi.openmetadata.tokencontroller,org.odpi.openmetadata.tokencontroller.ffdc,5,2,5.0,5.493061443340549
org.odpi.openmetadata.engineservices.governanceaction.handlers,org.odpi.openmetadata.frameworks.opengovernance.client,5,2,5.0,5.493061443340549
org.odpi.openmetadata.adapters.connectors.apacheatlas.integration,org.odpi.openmetadata.frameworks.openmetadata.metadataelements,5,2,5.0,5.493061443340549
org.odpi.openmetadata.adapters.connectors.apacheatlas.integration,org.odpi.openmetadata.adapters.connectors,5,2,5.0,5.493061443340549
org.odpi.openmetadata.viewservices.notificationmanager.server,org.odpi.openmetadata.frameworks.openmetadata.client,5,2,5.0,5.493061443340549
org.odpi.openmetadata.adapters.connectors.apacheatlas.resource,org.odpi.openmetadata.adapters.connectors.controls,5,2,5.0,5.493061443340549
org.odpi.openmetadata.adapters.connectors.apacheatlas.resource,org.odpi.openmetadata.adapters.connectors,5,2,5.0,5.493061443340549
org.odpi.openmetadata.adapters.repositoryservices.auditlogstore.postgres,org.odpi.openmetadata.adapters.connectors,5,2,5.0,5.493061443340549
org.odpi.openmetadata.engineservices.watchdogaction.handlers,org.odpi.openmetadata.frameworks.openmetadata.types,5,2,5.0,5.493061443340549
org.odpi.openmetadata.accessservices.samples.assetsetup,org.odpi.openmetadata.frameworks.openmetadata.client,5,2,5.0,5.493061443340549
org.odpi.openmetadata.viewservices.glossarymanager.server,org.odpi.openmetadata.frameworks.openmetadata.types,5,2,5.0,5.493061443340549
org.odpi.openmetadata.viewservices.glossarymanager.server,org.odpi.openmetadata.frameworks.openmetadata.client,5,2,5.0,5.493061443340549
org.odpi.openmetadata.adapters.eventbus.topic.inmemory,org.odpi.openmetadata.frameworks.connectors.ffdc,5,2,5.0,5.493061443340549
org.odpi.openmetadata.engineservices.watchdogaction.handlers,org.odpi.openmetadata.frameworks.auditlog.messagesets,5,2,5.0,5.493061443340549
org.odpi.openmetadata.engineservices.watchdogaction.handlers,org.odpi.openmetadata.adminservices.configuration.registration,5,2,5.0,5.493061443340549
org.odpi.openmetadata.adapters.eventbus.topic.inmemory,org.odpi.openmetadata.adapters.connectors,5,2,5.0,5.493061443340549
org.odpi.openmetadata.engineservices.repositorygovernance.server,org.odpi.openmetadata.commonservices.ffdc.properties,5,2,5.0,5.493061443340549
org.odpi.openmetadata.adapters.connectors.jacquard.tabulardatasets,org.odpi.openmetadata.frameworks.openmetadata.enums,5,2,5.0,5.493061443340549
org.odpi.openmetadata.adapters.connectors.jacquard.tabulardatasets,org.odpi.openmetadata.frameworks.openmetadata.client,5,2,5.0,5.493061443340549
org.odpi.openmetadata.viewservices.dataengineer.admin,org.odpi.openmetadata.adminservices.configuration.registration,5,2,5.0,5.493061443340549
org.odpi.openmetadata.adapters.eventbus.topic.kafka,org.odpi.openmetadata.frameworks.openmetadata.refdata,5,2,5.0,5.493061443340549
org.odpi.openmetadata.viewservices.communitymatters.admin,org.odpi.openmetadata.adminservices.configuration.registration,5,2,5.0,5.493061443340549
org.odpi.openmetadata.adapters.eventbus.topic.kafka,org.odpi.openmetadata.adapters.connectors,5,2,5.0,5.493061443340549
org.odpi.openmetadata.adapters.connectors.postgres.catalog,org.odpi.openmetadata.adapters.connectors,5,2,5.0,5.493061443340549
org.odpi.openmetadata.adapters.repositoryservices.auditlogstore.console,org.odpi.openmetadata.adapters.connectors,5,2,5.0,5.493061443340549
org.odpi.openmetadata.adapters.connectors.datastore.datafolder,org.odpi.openmetadata.adapters.connectors,5,2,5.0,5.493061443340549
org.odpi.openmetadata.adapters.connectors.datastore.datafolder,org.odpi.openmetadata.frameworks.openmetadata.refdata,5,2,5.0,5.493061443340549
org.odpi.openmetadata.engineservices.surveyaction.admin,org.odpi.openmetadata.adminservices.configuration.registration,5,2,5.0,5.493061443340549
org.odpi.openmetadata.adapters.repositoryservices.auditlogstore.postgres,org.odpi.openmetadata.frameworks.openmetadata.refdata,5,2,5.0,5.493061443340549
org.odpi.openmetadata.viewservices.externallinks.server,org.odpi.openmetadata.frameworks.openmetadata.types,5,2,5.0,5.493061443340549
org.odpi.openmetadata.adapters.repositoryservices.auditlogstore.postgres,org.odpi.openmetadata.frameworks.connectors.ffdc,5,2,5.0,5.493061443340549
org.odpi.openmetadata.adapters.connectors.egeriainfrastructure.platform,org.odpi.openmetadata.adapters.connectors,5,2,5.0,5.493061443340549
org.odpi.openmetadata.adapters.repositoryservices.auditlogstore.postgres,org.odpi.openmetadata.adapters.connectors.resource.jdbc.controls,5,2,5.0,5.493061443340549
org.odpi.openmetadata.adapters.connectors.jacquard.solutionblueprint,org.odpi.openmetadata.adapters.connectors.controls,5,2,5.0,5.493061443340549
org.odpi.openmetadata.engineservices.governanceaction.handlers,org.odpi.openmetadata.frameworks.openmetadata.types,5,2,5.0,5.493061443340549
org.odpi.openmetadata.viewservices.datadesigner.admin,org.odpi.openmetadata.adminservices.configuration.registration,5,2,5.0,5.493061443340549
org.odpi.openmetadata.viewservices.subjectarea.admin,org.odpi.openmetadata.adminservices.configuration.registration,5,2,5.0,5.493061443340549
org.odpi.openmetadata.frameworks.openmetadata.mermaid,org.odpi.openmetadata.frameworks.openmetadata.properties.solutions,5,2,5.0,5.493061443340549
org.odpi.openmetadata.engineservices.watchdogaction.admin,org.odpi.openmetadata.adminservices.configuration.registration,5,2,5.0,5.493061443340549
org.odpi.openmetadata.contentpacks.core.openlineage,org.odpi.openmetadata.frameworks.openmetadata.refdata,5,2,5.0,5.493061443340549
org.odpi.openmetadata.frameworkservices.gaf.server,org.odpi.openmetadata.frameworkservices.gaf.ffdc,5,2,5.0,5.493061443340549
org.odpi.openmetadata.adapters.connectors.jacquard.tabulardatasets.openmetadatatypes,org.odpi.openmetadata.adapters.connectors,5,2,5.0,5.493061443340549
org.odpi.openmetadata.adapters.connectors.integration.jdbc,org.odpi.openmetadata.adapters.connectors,5,2,5.0,5.493061443340549
org.odpi.openmetadata.repositoryservices.connectors.stores.metadatacollectionstore.repositoryconnector,org.odpi.openmetadata.repositoryservices.auditlog,5,2,5.0,5.493061443340549
org.odpi.openmetadata.adapters.repositoryservices.readonly.repositoryconnector,org.odpi.openmetadata.adapters.connectors,5,2,5.0,5.493061443340549
org.odpi.openmetadata.frameworkservices.ocf.metadatamanagement.server,org.odpi.openmetadata.frameworkservices.ocf.metadatamanagement.ffdc,5,2,5.0,5.493061443340549
org.odpi.openmetadata.viewservices.myprofile.admin,org.odpi.openmetadata.adminservices.configuration.registration,5,2,5.0,5.493061443340549
org.odpi.openmetadata.engineservices.watchdogaction.server,org.odpi.openmetadata.commonservices.ffdc.properties,5,2,5.0,5.493061443340549
org.odpi.openmetadata.frameworkservices.ocf.metadatamanagement.server,org.odpi.openmetadata.repositoryservices.connectors.stores.metadatacollectionstore.properties,5,2,5.0,5.493061443340549
org.odpi.openmetadata.adapters.repositoryservices.archiveconnector.file,org.odpi.openmetadata.adapters.connectors,5,2,5.0,5.493061443340549
org.odpi.openmetadata.adapters.connectors.restclients.factory,org.odpi.openmetadata.adapters.connectors.restclients.spring,5,2,5.0,5.493061443340549
org.odpi.openmetadata.viewservices.peopleorganizer.server,org.odpi.openmetadata.frameworks.openmetadata.client,5,2,5.0,5.493061443340549
org.odpi.openmetadata.adapters.connectors.apachekafka.survey,org.odpi.openmetadata.adapters.connectors.apachekafka.survey.ffdc,5,2,5.0,5.493061443340549
org.odpi.openmetadata.adapters.connectors.apachekafka.survey,org.odpi.openmetadata.frameworks.openmetadata.refdata,5,2,5.0,5.493061443340549
org.odpi.openmetadata.samples.archiveutilities.sustainability,org.odpi.openmetadata.frameworks.openmetadata.mapper,5,2,5.0,5.493061443340549
org.odpi.openmetadata.adapters.connectors.apachekafka.survey,org.odpi.openmetadata.adapters.connectors,5,2,5.0,5.493061443340549
org.odpi.openmetadata.adapters.connectors.integration.jdbc,org.odpi.openmetadata.frameworks.openmetadata.search,5,2,5.0,5.493061443340549
org.odpi.openmetadata.governanceservers.enginehostservices.server,org.odpi.openmetadata.frameworks.openmetadata.events,5,2,5.0,5.493061443340549
org.odpi.openmetadata.engineservices.governanceaction.admin,org.odpi.openmetadata.adminservices.configuration.registration,5,2,5.0,5.493061443340549
org.odpi.openmetadata.viewservices.datadiscovery.server,org.odpi.openmetadata.frameworks.openmetadata.client,5,2,5.0,5.493061443340549
org.odpi.openmetadata.viewservices.projectmanager.admin,org.odpi.openmetadata.adminservices.configuration.registration,5,2,5.0,5.493061443340549
org.odpi.openmetadata.repositoryservices.archivemanager,org.odpi.openmetadata.repositoryservices.auditlog,5,2,5.0,5.493061443340549
org.odpi.openmetadata.adapters.connectors.resource.jdbc,org.odpi.openmetadata.adapters.connectors,5,2,5.0,5.493061443340549
org.odpi.openmetadata.accessservices.assetconsumer.fvt,org.odpi.openmetadata.frameworks.openmetadata.properties.feedback,5,2,5.0,5.493061443340549
org.odpi.openmetadata.viewservices.automatedcuration.handlers,org.odpi.openmetadata.frameworks.openmetadata.mapper,5,2,5.0,5.493061443340549
org.odpi.openmetadata.engineservices.governanceaction.client.rest,org.odpi.openmetadata.frameworks.openmetadata.ffdc,5,2,5.0,5.493061443340549
org.odpi.openmetadata.engineservices.surveyaction.client.rest,org.odpi.openmetadata.frameworks.openmetadata.ffdc,5,2,5.0,5.493061443340549
org.odpi.openmetadata.adapters.connectors.jacquard.productcatalog,org.odpi.openmetadata.frameworks.openmetadata.mapper,5,2,5.0,5.493061443340549
org.odpi.openmetadata.viewservices.actionauthor.admin,org.odpi.openmetadata.adminservices.configuration.registration,5,2,5.0,5.493061443340549
org.odpi.openmetadata.viewservices.myprofile.server,org.odpi.openmetadata.frameworks.openmetadata.refdata,5,2,5.0,5.493061443340549
org.odpi.openmetadata.adapters.connectors.apacheatlas.survey,org.odpi.openmetadata.adapters.connectors,5,2,5.0,5.493061443340549
org.odpi.openmetadata.viewservices.glossarymanager.admin,org.odpi.openmetadata.adminservices.configuration.registration,5,2,5.0,5.493061443340549
org.odpi.openmetadata.viewservices.digitalbusiness.admin,org.odpi.openmetadata.adminservices.configuration.registration,5,2,5.0,5.493061443340549
org.odpi.openmetadata.repositoryservices.localrepository.repositoryconnector,org.odpi.openmetadata.repositoryservices.auditlog,5,2,5.0,5.493061443340549
org.odpi.openmetadata.frameworks.integration.context,org.odpi.openmetadata.frameworks.openmetadata.search,5,2,5.0,5.493061443340549
org.odpi.openmetadata.adapters.connectors.integration.kafkaaudit,org.odpi.openmetadata.adapters.connectors,5,2,5.0,5.493061443340549
org.odpi.openmetadata.governanceservers.enginehostservices.listener,org.odpi.openmetadata.adminservices.configuration.registration,5,2,5.0,5.493061443340549
org.odpi.openmetadata.viewservices.myprofile.server,org.odpi.openmetadata.frameworks.openmetadata.client,5,2,5.0,5.493061443340549
org.odpi.openmetadata.adapters.connectors.externalharvesters.harvestsurveys.schema,org.odpi.openmetadata.adapters.connectors.resource.jdbc.ddl.postgres,7,1,7.0,4.852030263919617
org.odpi.openmetadata.frameworks.openmetadata.properties.collections,org.odpi.openmetadata.frameworks.openmetadata.properties.designmodels,4,2,4.0,4.394449154672439
org.odpi.openmetadata.frameworks.openmetadata.handlers,org.odpi.openmetadata.frameworks.openmetadata.properties.informationsupplychains,4,2,4.0,4.394449154672439
org.odpi.openmetadata.accessservices.governanceserver.fvt.clientconstructors,org.odpi.openmetadata.fvt.utilities.auditlog,4,2,4.0,4.394449154672439
org.odpi.openmetadata.frameworks.integration.contextmanager,org.odpi.openmetadata.frameworks.openmetadata.events,4,2,4.0,4.394449154672439
org.odpi.openmetadata.viewservices.productcatalog.server,org.odpi.openmetadata.frameworks.auditlog,4,2,4.0,4.394449154672439
org.odpi.openmetadata.engineservices.watchdogaction.handlers,org.odpi.openmetadata.frameworks.connectors,4,2,4.0,4.394449154672439
org.odpi.openmetadata.conformance.tests.repository.instances,org.odpi.openmetadata.repositoryservices.events,4,2,4.0,4.394449154672439
org.odpi.openmetadata.viewservices.myprofile.server,org.odpi.openmetadata.frameworks.openmetadata.properties.assets.processes.actions,4,2,4.0,4.394449154672439
org.odpi.openmetadata.engineservices.governanceaction.admin,org.odpi.openmetadata.governanceservers.enginehostservices.registration,4,2,4.0,4.394449154672439
org.odpi.openmetadata.governanceservers.enginehostservices.api,org.odpi.openmetadata.frameworks.openmetadata.events,4,2,4.0,4.394449154672439
org.odpi.openmetadata.accessservices.digitalarchitecture.fvt.errorhandling,org.odpi.openmetadata.fvt.utilities.auditlog,4,2,4.0,4.394449154672439
org.odpi.openmetadata.engineservices.repositorygovernance.server.spring,org.odpi.openmetadata.commonservices.ffdc.rest,4,2,4.0,4.394449154672439
org.odpi.openmetadata.adapters.connectors.jacquard.tabulardatasets,org.odpi.openmetadata.frameworks.openmetadata.properties.assets,4,2,4.0,4.394449154672439
org.odpi.openmetadata.accessservices.digitalarchitecture.fvt.locations,org.odpi.openmetadata.fvt.utilities.auditlog,4,2,4.0,4.394449154672439
org.odpi.openmetadata.serveroperations.server.spring,org.odpi.openmetadata.repositoryservices.connectors.stores.archivestore.properties,4,2,4.0,4.394449154672439
org.odpi.openmetadata.engineservices.watchdogaction.handlers,org.odpi.openmetadata.frameworks.openmetadata.events,4,2,4.0,4.394449154672439
org.odpi.openmetadata.frameworks.openmetadata.properties.collections,org.odpi.openmetadata.frameworks.openmetadata.properties.governance,4,2,4.0,4.394449154672439
org.odpi.openmetadata.frameworks.opengovernance.client,org.odpi.openmetadata.frameworks.opengovernance,4,2,4.0,4.394449154672439
org.odpi.openmetadata.engineservices.watchdogaction.api,org.odpi.openmetadata.commonservices.ffdc.properties,4,2,4.0,4.394449154672439
org.odpi.openmetadata.frameworkservices.gaf.admin,org.odpi.openmetadata.repositoryservices.connectors.omrstopic,4,2,4.0,4.394449154672439
org.odpi.openmetadata.frameworks.opengovernance.client,org.odpi.openmetadata.frameworks.openmetadata.refdata,4,2,4.0,4.394449154672439
org.odpi.openmetadata.frameworks.opengovernance.connectorcontext,org.odpi.openmetadata.frameworks.openmetadata.client,4,2,4.0,4.394449154672439
org.odpi.openmetadata.accessservices.datamanager.fvt.clientconstructors,org.odpi.openmetadata.fvt.utilities.auditlog,4,2,4.0,4.394449154672439
org.odpi.openmetadata.accessservices.digitalarchitecture.fvt.validvalues,org.odpi.openmetadata.fvt.utilities.auditlog,4,2,4.0,4.394449154672439
org.odpi.openmetadata.accessservices.assetowner.fvt.errorhandling,org.odpi.openmetadata.fvt.utilities.auditlog,4,2,4.0,4.394449154672439
org.odpi.openmetadata.serveroperations.server.spring,org.odpi.openmetadata.adminservices.rest,4,2,4.0,4.394449154672439
org.odpi.openmetadata.adapters.connectors.unitycatalog.controls,org.odpi.openmetadata.frameworks.openmetadata.definitions,4,2,4.0,4.394449154672439
org.odpi.openmetadata.engineservices.watchdogaction.handlers,org.odpi.openmetadata.frameworks.openmetadata.properties.softwarecapabilities,4,2,4.0,4.394449154672439
org.odpi.openmetadata.engineservices.watchdogaction.admin,org.odpi.openmetadata.governanceservers.enginehostservices.registration,4,2,4.0,4.394449154672439
org.odpi.openmetadata.frameworks.openmetadata.connectorcontext,org.odpi.openmetadata.frameworks.openmetadata.properties.assets.apis,4,2,4.0,4.394449154672439
org.odpi.openmetadata.serveroperations.server.spring,org.odpi.openmetadata.frameworks.connectors.properties.beans,4,2,4.0,4.394449154672439
org.odpi.openmetadata.frameworks.openmetadata.properties.collections,org.odpi.openmetadata.frameworks.openmetadata.properties.security,4,2,4.0,4.394449154672439
org.odpi.openmetadata.viewservices.classificationexplorer.server.spring,org.odpi.openmetadata.frameworkservices.omf.rest,4,2,4.0,4.394449154672439
org.odpi.openmetadata.accessservices.assetmanager.fvt.glossaries,org.odpi.openmetadata.fvt.utilities.auditlog,4,2,4.0,4.394449154672439
org.odpi.openmetadata.frameworks.openmetadata.properties.collections,org.odpi.openmetadata.frameworks.openmetadata.properties.informationsupplychains,4,2,4.0,4.394449154672439
org.odpi.openmetadata.accessservices.communityprofile.fvt.profiles,org.odpi.openmetadata.fvt.utilities.auditlog,4,2,4.0,4.394449154672439
org.odpi.openmetadata.adapters.connectors.egeriainfrastructure.extractor,org.odpi.openmetadata.repositoryservices.connectors.stores.archivestore.properties,4,2,4.0,4.394449154672439
org.odpi.openmetadata.frameworks.integration.context,org.odpi.openmetadata.frameworks.connectors,4,2,4.0,4.394449154672439
org.odpi.openmetadata.accessservices.datamanager.fvt.events,org.odpi.openmetadata.fvt.utilities.auditlog,4,2,4.0,4.394449154672439
org.odpi.openmetadata.engineservices.governanceaction.handlers,org.odpi.openmetadata.frameworks.openmetadata.properties.softwarecapabilities,4,2,4.0,4.394449154672439
org.odpi.openmetadata.frameworks.openmetadata.controls,org.odpi.openmetadata.frameworks.openmetadata.definitions,4,2,4.0,4.394449154672439
org.odpi.openmetadata.frameworkservices.omf.converters,org.odpi.openmetadata.frameworks.openmetadata.metadataelements,4,2,4.0,4.394449154672439
org.odpi.openmetadata.accessservices.digitalarchitecture.fvt.connections,org.odpi.openmetadata.fvt.utilities.auditlog,4,2,4.0,4.394449154672439
org.odpi.openmetadata.frameworkservices.omf.admin,org.odpi.openmetadata.repositoryservices.connectors.omrstopic,4,2,4.0,4.394449154672439
org.odpi.openmetadata.frameworkservices.omf.server.spring,org.odpi.openmetadata.frameworks.openmetadata.properties.translations,4,2,4.0,4.394449154672439
org.odpi.openmetadata.frameworks.opensurvey,org.odpi.openmetadata.frameworks.openmetadata.enums,4,2,4.0,4.394449154672439
org.odpi.openmetadata.serveroperations.client,org.odpi.openmetadata.repositoryservices.connectors.stores.archivestore.properties,4,2,4.0,4.394449154672439
org.odpi.openmetadata.accessservices.governanceprogram.fvt.definitions,org.odpi.openmetadata.fvt.utilities.auditlog,4,2,4.0,4.394449154672439
org.odpi.openmetadata.serveroperations.client,org.odpi.openmetadata.frameworks.connectors.properties.beans,4,2,4.0,4.394449154672439
org.odpi.openmetadata.serveroperations.client,org.odpi.openmetadata.adminservices.configuration.properties,4,2,4.0,4.394449154672439
org.odpi.openmetadata.frameworks.openmetadata.properties.governance,org.odpi.openmetadata.frameworks.openmetadata.properties.security,4,2,4.0,4.394449154672439
org.odpi.openmetadata.frameworkservices.gaf.outtopic,org.odpi.openmetadata.repositoryservices.connectors.stores.metadatacollectionstore.repositoryconnector,4,2,4.0,4.394449154672439
org.odpi.openmetadata.engineservices.governanceaction.handlers,org.odpi.openmetadata.frameworks.openmetadata.events,4,2,4.0,4.394449154672439
org.odpi.openmetadata.governanceservers.enginehostservices.client,org.odpi.openmetadata.governanceservers.enginehostservices.properties,4,2,4.0,4.394449154672439
org.odpi.openmetadata.frameworkservices.omf.listener,org.odpi.openmetadata.frameworks.auditlog,4,2,4.0,4.394449154672439
org.odpi.openmetadata.engineservices.surveyaction.client,org.odpi.openmetadata.commonservices.ffdc.properties,4,2,4.0,4.394449154672439
org.odpi.openmetadata.frameworkservices.omf.server,org.odpi.openmetadata.frameworks.openmetadata.properties.translations,4,2,4.0,4.394449154672439
org.odpi.openmetadata.engineservices.governanceaction.handlers,org.odpi.openmetadata.frameworks.openmetadata.enums,4,2,4.0,4.394449154672439
org.odpi.openmetadata.adapters.connectors.egeriainfrastructure.servers,org.odpi.openmetadata.repositoryservices.connectors.stores.archivestore.properties,4,2,4.0,4.394449154672439
org.odpi.openmetadata.repositoryservices.localrepository,org.odpi.openmetadata.repositoryservices.events,4,2,4.0,4.394449154672439
org.odpi.openmetadata.repositoryservices.localrepository,org.odpi.openmetadata.repositoryservices.eventmanagement,4,2,4.0,4.394449154672439
org.odpi.openmetadata.repositoryservices.localrepository,org.odpi.openmetadata.repositoryservices.localrepository.repositoryconnector,4,2,4.0,4.394449154672439
org.odpi.openmetadata.repositoryservices.localrepository,org.odpi.openmetadata.frameworks.connectors.properties.beans,4,2,4.0,4.394449154672439
org.odpi.openmetadata.viewservices.assetcatalog.server.spring,org.odpi.openmetadata.viewservices.assetcatalog.rest,4,2,4.0,4.394449154672439
org.odpi.openmetadata.frameworkservices.omf.server,org.odpi.openmetadata.frameworks.connectors.properties.beans,4,2,4.0,4.394449154672439
org.odpi.openmetadata.viewservices.dataengineer.server.spring,org.odpi.openmetadata.commonservices.ffdc.rest,4,2,4.0,4.394449154672439
org.odpi.openmetadata.accessservices.assetmanager.fvt.clientconstructors,org.odpi.openmetadata.fvt.utilities.auditlog,4,2,4.0,4.394449154672439
org.odpi.openmetadata.viewservices.automatedcuration.handlers,org.odpi.openmetadata.frameworks.auditlog,4,2,4.0,4.394449154672439
org.odpi.openmetadata.viewservices.privacyofficer.server,org.odpi.openmetadata.frameworks.auditlog,4,2,4.0,4.394449154672439
org.odpi.openmetadata.frameworks.connectors.client,org.odpi.openmetadata.frameworks.connectors.properties.beans,4,2,4.0,4.394449154672439
org.odpi.openmetadata.accessservices.assetowner.fvt.duplicateprocessing,org.odpi.openmetadata.fvt.utilities.auditlog,4,2,4.0,4.394449154672439
org.odpi.openmetadata.accessservices.assetmanager.fvt.externalidentifiers,org.odpi.openmetadata.fvt.utilities.auditlog,4,2,4.0,4.394449154672439
org.odpi.openmetadata.accessservices.assetowner.fvt.validmetadatavalues,org.odpi.openmetadata.fvt.utilities.auditlog,4,2,4.0,4.394449154672439
org.odpi.openmetadata.adapters.connectors.datastore.csvfile.controls,org.odpi.openmetadata.frameworks.openmetadata.definitions,4,2,4.0,4.394449154672439
org.odpi.openmetadata.engineservices.watchdogaction.server.spring,org.odpi.openmetadata.commonservices.ffdc.rest,4,2,4.0,4.394449154672439
org.odpi.openmetadata.engineservices.surveyaction.admin,org.odpi.openmetadata.governanceservers.enginehostservices.registration,4,2,4.0,4.394449154672439
org.odpi.openmetadata.accessservices.governanceserver.fvt.engines,org.odpi.openmetadata.fvt.utilities.auditlog,4,2,4.0,4.394449154672439
org.odpi.openmetadata.adapters.connectors.egeriainfrastructure.platform,org.odpi.openmetadata.adapters.connectors.egeriainfrastructure.properties,4,2,4.0,4.394449154672439
org.odpi.openmetadata.frameworkservices.gaf.server.spring,org.odpi.openmetadata.frameworkservices.omf.rest,4,2,4.0,4.394449154672439
org.odpi.openmetadata.engineservices.surveyaction.server.spring,org.odpi.openmetadata.commonservices.ffdc.rest,4,2,4.0,4.394449154672439
org.odpi.openmetadata.frameworkservices.gaf.client,org.odpi.openmetadata.frameworks.openmetadata.refdata,4,2,4.0,4.394449154672439
org.odpi.openmetadata.frameworkservices.gaf.client,org.odpi.openmetadata.frameworks.openmetadata.search,4,2,4.0,4.394449154672439
org.odpi.openmetadata.accessservices.datamanager.fvt.connections,org.odpi.openmetadata.fvt.utilities.auditlog,4,2,4.0,4.394449154672439
org.odpi.openmetadata.frameworkservices.gaf.client.rest,org.odpi.openmetadata.frameworks.auditlog,4,2,4.0,4.394449154672439
org.odpi.openmetadata.governanceservers.integrationdaemonservices.server.spring,org.odpi.openmetadata.frameworks.connectors.properties.beans,4,2,4.0,4.394449154672439
org.odpi.openmetadata.adapters.connectors.wedgwood,org.odpi.openmetadata.frameworks.openmetadata.ffdc,4,2,4.0,4.394449154672439
org.odpi.openmetadata.contentpacks.core.base,org.odpi.openmetadata.repositoryservices.connectors.stores.archivestore.properties,4,2,4.0,4.394449154672439
org.odpi.openmetadata.engineservices.governanceaction.api,org.odpi.openmetadata.commonservices.ffdc.properties,4,2,4.0,4.394449154672439
org.odpi.openmetadata.accessservices.governanceserver.fvt.errorhandling,org.odpi.openmetadata.fvt.utilities.auditlog,4,2,4.0,4.394449154672439
org.odpi.openmetadata.platformservices.server.spring,org.odpi.openmetadata.adminservices.configuration.properties,4,2,4.0,4.394449154672439
org.odpi.openmetadata.platformservices.server.spring,org.odpi.openmetadata.frameworks.connectors.properties.beans,4,2,4.0,4.394449154672439
org.odpi.openmetadata.frameworkservices.gaf.listener,org.odpi.openmetadata.frameworks.auditlog,4,2,4.0,4.394449154672439
org.odpi.openmetadata.frameworkservices.omf.handlers,org.odpi.openmetadata.metadatasecurity.server,4,2,4.0,4.394449154672439
org.odpi.openmetadata.frameworkservices.omf.handlers,org.odpi.openmetadata.frameworks.auditlog,4,2,4.0,4.394449154672439
org.odpi.openmetadata.adapters.connectors.governanceactions.verification,org.odpi.openmetadata.frameworks.openmetadata.ffdc,4,2,4.0,4.394449154672439
org.odpi.openmetadata.conformance.workbenches.repository.connectorconsumer,org.odpi.openmetadata.repositoryservices.localrepository.repositoryconnector,4,2,4.0,4.394449154672439
org.odpi.openmetadata.adapters.connectors.egeriainfrastructure.servers,org.odpi.openmetadata.adapters.connectors.egeriainfrastructure.properties,4,2,4.0,4.394449154672439
org.odpi.openmetadata.engineservices.governanceaction.client,org.odpi.openmetadata.commonservices.ffdc.properties,4,2,4.0,4.394449154672439
org.odpi.openmetadata.repositoryservices.rest.server,org.odpi.openmetadata.repositoryservices.connectors.stores.metadatacollectionstore.repositoryconnector,4,2,4.0,4.394449154672439
org.odpi.openmetadata.accessservices.datamanager.fvt.errorhandling,org.odpi.openmetadata.fvt.utilities.auditlog,4,2,4.0,4.394449154672439
org.odpi.openmetadata.accessservices.assetowner.fvt.clientconstructors,org.odpi.openmetadata.fvt.utilities.auditlog,4,2,4.0,4.394449154672439
org.odpi.openmetadata.accessservices.stewardshipaction.fvt.duplicateprocessing,org.odpi.openmetadata.fvt.utilities.auditlog,4,2,4.0,4.394449154672439
org.odpi.openmetadata.repositoryservices.rest.server,org.odpi.openmetadata.repositoryservices.localrepository.repositoryconnector,4,2,4.0,4.394449154672439
org.odpi.openmetadata.frameworks.openmetadata.builders,org.odpi.openmetadata.frameworks.openmetadata.properties.propertyfacets,4,2,4.0,4.394449154672439
org.odpi.openmetadata.governanceservers.integrationdaemonservices.threads,org.odpi.openmetadata.frameworks.openmetadata.ffdc,4,2,4.0,4.394449154672439
org.odpi.openmetadata.frameworkservices.ocf.metadatamanagement.server,org.odpi.openmetadata.repositoryservices.connectors.stores.metadatacollectionstore.repositoryconnector,4,2,4.0,4.394449154672439
org.odpi.openmetadata.engineservices.repositorygovernance.handlers,org.odpi.openmetadata.frameworks.openmetadata.properties.softwarecapabilities,4,2,4.0,4.394449154672439
org.odpi.openmetadata.viewservices.validmetadata.server,org.odpi.openmetadata.frameworks.openmetadata.refdata,4,2,4.0,4.394449154672439
org.odpi.openmetadata.adapters.connectors.postgres.controls,org.odpi.openmetadata.frameworks.openmetadata.definitions,4,2,4.0,4.394449154672439
org.odpi.openmetadata.viewservices.multilanguage.server,org.odpi.openmetadata.frameworks.auditlog,4,2,4.0,4.394449154672439
org.odpi.openmetadata.adapters.connectors.integration.openlineage,org.odpi.openmetadata.frameworks.openmetadata.properties.assets.processes.actions,4,2,4.0,4.394449154672439
org.odpi.openmetadata.engineservices.repositorygovernance.client,org.odpi.openmetadata.commonservices.ffdc.properties,4,2,4.0,4.394449154672439
org.odpi.openmetadata.accessservices.governanceprogram.fvt.errorhandling,org.odpi.openmetadata.fvt.utilities.auditlog,4,2,4.0,4.394449154672439
org.odpi.openmetadata.engineservices.repositorygovernance.handlers,org.odpi.openmetadata.repositoryservices.connectors.omrstopic,4,2,4.0,4.394449154672439
org.odpi.openmetadata.engineservices.repositorygovernance.handlers,org.odpi.openmetadata.frameworks.connectors,4,2,4.0,4.394449154672439
org.odpi.openmetadata.accessservices.communityprofile.fvt.errorhandling,org.odpi.openmetadata.fvt.utilities.auditlog,4,2,4.0,4.394449154672439
org.odpi.openmetadata.adminservices.registration,org.odpi.openmetadata.repositoryservices.connectors.stores.metadatacollectionstore.repositoryconnector,4,2,4.0,4.394449154672439
org.odpi.openmetadata.frameworkservices.gaf.server,org.odpi.openmetadata.frameworks.connectors.properties.beans,4,2,4.0,4.394449154672439
org.odpi.openmetadata.frameworks.openmetadata.builders,org.odpi.openmetadata.frameworks.openmetadata.properties.externalidentifiers,4,2,4.0,4.394449154672439
org.odpi.openmetadata.frameworks.openmetadata.builders,org.odpi.openmetadata.frameworks.openmetadata.properties.communities,4,2,4.0,4.394449154672439
org.odpi.openmetadata.adapters.connectors.integration.openlineage,org.odpi.openmetadata.frameworks.openmetadata.properties.connections,4,2,4.0,4.394449154672439
org.odpi.openmetadata.accessservices.communityprofile.fvt.locations,org.odpi.openmetadata.fvt.utilities.auditlog,4,2,4.0,4.394449154672439
org.odpi.openmetadata.archiveutilities.designmodels.base,org.odpi.openmetadata.archiveutilities.designmodels.base.properties,4,2,4.0,4.394449154672439
org.odpi.openmetadata.engineservices.governanceaction.server.spring,org.odpi.openmetadata.commonservices.ffdc.rest,4,2,4.0,4.394449154672439
org.odpi.openmetadata.governanceservers.integrationdaemonservices.client,org.odpi.openmetadata.commonservices.ffdc.properties,4,2,4.0,4.394449154672439
org.odpi.openmetadata.governanceservers.integrationdaemonservices.client,org.odpi.openmetadata.frameworks.connectors.properties.beans,4,2,4.0,4.394449154672439
org.odpi.openmetadata.viewservices.runtimemanager.server,org.odpi.openmetadata.frameworks.connectors.properties.beans,4,2,4.0,4.394449154672439
org.odpi.openmetadata.viewservices.runtimemanager.server.spring,org.odpi.openmetadata.repositoryservices.connectors.stores.archivestore.properties,4,2,4.0,4.394449154672439
org.odpi.openmetadata.viewservices.runtimemanager.server.spring,org.odpi.openmetadata.governanceservers.integrationdaemonservices.rest,4,2,4.0,4.394449154672439
org.odpi.openmetadata.viewservices.runtimemanager.server.spring,org.odpi.openmetadata.frameworks.connectors.properties.beans,4,2,4.0,4.394449154672439
org.odpi.openmetadata.viewservices.dataofficer.server,org.odpi.openmetadata.frameworks.auditlog,4,2,4.0,4.394449154672439
org.odpi.openmetadata.accessservices.assetowner.fvt.assets,org.odpi.openmetadata.fvt.utilities.auditlog,4,2,4.0,4.394449154672439
org.odpi.openmetadata.viewservices.validmetadata.server.spring,org.odpi.openmetadata.frameworks.openmetadata.specificationproperties,4,2,4.0,4.394449154672439
org.odpi.openmetadata.viewservices.runtimemanager.server,org.odpi.openmetadata.repositoryservices.connectors.stores.archivestore.properties,4,2,4.0,4.394449154672439
org.odpi.openmetadata.accessservices.datamanager.fvt.databases,org.odpi.openmetadata.fvt.utilities.auditlog,4,2,4.0,4.394449154672439
org.odpi.openmetadata.engineservices.surveyaction.handlers,org.odpi.openmetadata.frameworks.openmetadata.properties.softwarecapabilities,4,2,4.0,4.394449154672439
org.odpi.openmetadata.viewservices.validmetadata.server.spring,org.odpi.openmetadata.frameworks.openmetadata.refdata,4,2,4.0,4.394449154672439
org.odpi.openmetadata.engineservices.repositorygovernance.admin,org.odpi.openmetadata.governanceservers.enginehostservices.registration,4,2,4.0,4.394449154672439
org.odpi.openmetadata.adminservices.client,org.odpi.openmetadata.adminservices.properties,4,2,4.0,4.394449154672439
org.odpi.openmetadata.adapters.connectors.jacquard.tabulardatasets.validmetadatavalues,org.odpi.openmetadata.frameworks.connectors.properties.beans,4,2,4.0,4.394449154672439
org.odpi.openmetadata.repositoryservices.rest.server,org.odpi.openmetadata.frameworks.connectors.properties.beans,4,2,4.0,4.394449154672439
org.odpi.openmetadata.engineservices.watchdogaction.client,org.odpi.openmetadata.commonservices.ffdc.properties,4,2,4.0,4.394449154672439
org.odpi.openmetadata.accessservices.communityprofile.fvt.validvalues,org.odpi.openmetadata.fvt.utilities.auditlog,4,2,4.0,4.394449154672439
org.odpi.openmetadata.frameworks.connectors.api,org.odpi.openmetadata.frameworks.connectors.properties.beans,4,2,4.0,4.394449154672439
org.odpi.openmetadata.accessservices.governanceserver.fvt.duplicates,org.odpi.openmetadata.fvt.utilities.auditlog,4,2,4.0,4.394449154672439
org.odpi.openmetadata.accessservices.stewardshipaction.fvt.clientconstructors,org.odpi.openmetadata.fvt.utilities.auditlog,4,2,4.0,4.394449154672439
org.odpi.openmetadata.accessservices.assetmanager.fvt.connections,org.odpi.openmetadata.fvt.utilities.auditlog,4,2,4.0,4.394449154672439
org.odpi.openmetadata.accessservices.communityprofile.fvt.todos,org.odpi.openmetadata.fvt.utilities.auditlog,4,2,4.0,4.394449154672439
org.odpi.openmetadata.accessservices.assetowner.fvt.connections,org.odpi.openmetadata.fvt.utilities.auditlog,4,2,4.0,4.394449154672439
org.odpi.openmetadata.frameworks.openmetadata.connectorcontext,org.odpi.openmetadata.frameworks.openmetadata.refdata,4,2,4.0,4.394449154672439
org.odpi.openmetadata.frameworkservices.omf.outtopic,org.odpi.openmetadata.repositoryservices.connectors.stores.metadatacollectionstore.repositoryconnector,4,2,4.0,4.394449154672439
org.odpi.openmetadata.frameworkservices.ocf.metadatamanagement.admin,org.odpi.openmetadata.repositoryservices.connectors.omrstopic,4,2,4.0,4.394449154672439
org.odpi.openmetadata.frameworks.openwatchdog,org.odpi.openmetadata.frameworks.openmetadata.properties.governance,4,2,4.0,4.394449154672439
org.odpi.openmetadata.frameworkservices.ocf.metadatamanagement.admin,org.odpi.openmetadata.repositoryservices.connectors.stores.metadatacollectionstore.repositoryconnector,4,2,4.0,4.394449154672439
org.odpi.openmetadata.accessservices.governanceprogram.fvt.clientconstructors,org.odpi.openmetadata.fvt.utilities.auditlog,4,2,4.0,4.394449154672439
org.odpi.openmetadata.accessservices.communityprofile.fvt.metadatasources,org.odpi.openmetadata.fvt.utilities.auditlog,4,2,4.0,4.394449154672439
org.odpi.openmetadata.frameworks.openmetadata.connectorcontext,org.odpi.openmetadata.frameworks.openmetadata.specificationproperties,4,2,4.0,4.394449154672439
org.odpi.openmetadata.repositoryservices.localrepository.repositoryconnector,org.odpi.openmetadata.metadatasecurity.server,4,2,4.0,4.394449154672439
org.odpi.openmetadata.accessservices.assetmanager.fvt.errorhandling,org.odpi.openmetadata.fvt.utilities.auditlog,4,2,4.0,4.394449154672439
org.odpi.openmetadata.frameworkservices.ocf.metadatamanagement.admin,org.odpi.openmetadata.adminservices.configuration.properties,4,2,4.0,4.394449154672439
org.odpi.openmetadata.accessservices.digitalarchitecture.fvt.clientconstructors,org.odpi.openmetadata.fvt.utilities.auditlog,4,2,4.0,4.394449154672439
org.odpi.openmetadata.commonservices.repositoryhandler,org.odpi.openmetadata.repositoryservices.ffdc.exception,4,2,4.0,4.394449154672439
org.odpi.openmetadata.engineservices.surveyaction.api,org.odpi.openmetadata.commonservices.ffdc.properties,4,2,4.0,4.394449154672439
org.odpi.openmetadata.accessservices.communityprofile.fvt.clientconstructors,org.odpi.openmetadata.fvt.utilities.auditlog,4,2,4.0,4.394449154672439
org.odpi.openmetadata.viewservices.devopspipeline.server,org.odpi.openmetadata.frameworks.auditlog,4,2,4.0,4.394449154672439
org.odpi.openmetadata.frameworks.openmetadata.handlers,org.odpi.openmetadata.frameworks.openmetadata.properties.assets.apis,4,2,4.0,4.394449154672439
org.odpi.openmetadata.governanceservers.enginehostservices.registration,org.odpi.openmetadata.adminservices.configuration.properties,4,2,4.0,4.394449154672439
org.odpi.openmetadata.accessservices.datamanager.fvt.validvalues,org.odpi.openmetadata.fvt.utilities.auditlog,4,2,4.0,4.394449154672439
org.odpi.openmetadata.viewservices.runtimemanager.server.spring,org.odpi.openmetadata.serveroperations.rest,4,2,4.0,4.394449154672439
org.odpi.openmetadata.frameworks.openwatchdog,org.odpi.openmetadata.frameworks.openmetadata.client,4,2,4.0,4.394449154672439
org.odpi.openmetadata.frameworks.openwatchdog,org.odpi.openmetadata.frameworks.openmetadata.metadataelements,4,2,4.0,4.394449154672439
org.odpi.openmetadata.engineservices.repositorygovernance.connector,org.odpi.openmetadata.repositoryservices.connectors.omrstopic,4,2,4.0,4.394449154672439
org.odpi.openmetadata.viewservices.projectmanager.server.spring,org.odpi.openmetadata.frameworks.openmetadata.search,4,2,4.0,4.394449154672439
org.odpi.openmetadata.governanceservers.enginehostservices.registration,org.odpi.openmetadata.governanceservers.enginehostservices.admin,4,2,4.0,4.394449154672439
org.odpi.openmetadata.engineservices.repositorygovernance.api,org.odpi.openmetadata.commonservices.ffdc.properties,4,2,4.0,4.394449154672439
org.odpi.openmetadata.repositoryservices.admin,org.odpi.openmetadata.metadatasecurity.server,4,2,4.0,4.394449154672439
org.odpi.openmetadata.frameworks.connectors.api,org.odpi.openmetadata.frameworks.auditlog,4,2,4.0,4.394449154672439
org.odpi.openmetadata.repositoryservices.clients,org.odpi.openmetadata.repositoryservices.connectors.stores.cohortregistrystore.properties,4,2,4.0,4.394449154672439
org.odpi.openmetadata.repositoryservices.clients,org.odpi.openmetadata.repositoryservices.auditlog,4,2,4.0,4.394449154672439
org.odpi.openmetadata.frameworks.openmetadata.properties.schema.events,org.odpi.openmetadata.frameworks.openmetadata.properties,6,1,6.0,4.1588830833596715
org.odpi.openmetadata.frameworks.openmetadata.properties.schema.display,org.odpi.openmetadata.frameworks.openmetadata.properties,6,1,6.0,4.1588830833596715
org.odpi.openmetadata.frameworks.openmetadata.search,org.odpi.openmetadata.frameworks.openmetadata.refdata,6,1,6.0,4.1588830833596715
org.odpi.openmetadata.frameworks.openmetadata.builders,org.odpi.openmetadata.frameworks.openmetadata.properties.lineage,6,1,6.0,4.1588830833596715
org.odpi.openmetadata.viewservices.referencedata.admin,org.odpi.openmetadata.adminservices.ffdc.exception,3,2,3.0,3.295836866004329
org.odpi.openmetadata.platformservices.server,org.odpi.openmetadata.frameworks.openmetadata.ffdc,3,2,3.0,3.295836866004329
org.odpi.openmetadata.frameworks.openmetadata.properties.actors,org.odpi.openmetadata.frameworks.openmetadata.properties.projects,3,2,3.0,3.295836866004329
org.odpi.openmetadata.viewservices.communitymatters.server,org.odpi.openmetadata.viewservices.communitymatters.admin,3,2,3.0,3.295836866004329
org.odpi.openmetadata.viewservices.devopspipeline.server,org.odpi.openmetadata.frameworks.openmetadata.ffdc,3,2,3.0,3.295836866004329
org.odpi.openmetadata.viewservices.peopleorganizer.admin,org.odpi.openmetadata.adminservices.ffdc.exception,3,2,3.0,3.295836866004329
org.odpi.openmetadata.viewservices.validmetadata.admin,org.odpi.openmetadata.adminservices.ffdc.exception,3,2,3.0,3.295836866004329
org.odpi.openmetadata.platformservices.server.spring,org.odpi.openmetadata.frameworks.openmetadata.ffdc,3,2,3.0,3.295836866004329
org.odpi.openmetadata.viewservices.multilanguage.server,org.odpi.openmetadata.frameworks.openmetadata.ffdc,3,2,3.0,3.295836866004329
org.odpi.openmetadata.engineservices.watchdogaction.server,org.odpi.openmetadata.frameworks.openwatchdog,3,2,3.0,3.295836866004329
org.odpi.openmetadata.viewservices.devopspipeline.server,org.odpi.openmetadata.viewservices.devopspipeline.admin,3,2,3.0,3.295836866004329
org.odpi.openmetadata.viewservices.dataofficer.admin,org.odpi.openmetadata.adminservices.ffdc.exception,3,2,3.0,3.295836866004329
org.odpi.openmetadata.viewservices.collectionmanager.admin,org.odpi.openmetadata.adminservices.ffdc.exception,3,2,3.0,3.295836866004329
org.odpi.openmetadata.engineservices.surveyaction.server,org.odpi.openmetadata.engineservices.surveyaction.admin,3,2,3.0,3.295836866004329
org.odpi.openmetadata.adapters.connectors.postgres.tabulardatasource,org.odpi.openmetadata.frameworks.openmetadata.ffdc,3,2,3.0,3.295836866004329
org.odpi.openmetadata.viewservices.productmanager.admin,org.odpi.openmetadata.adminservices.ffdc.exception,3,2,3.0,3.295836866004329
org.odpi.openmetadata.viewservices.templatemanager.server,org.odpi.openmetadata.viewservices.templatemanager.admin,3,2,3.0,3.295836866004329
org.odpi.openmetadata.engineservices.governanceaction.server,org.odpi.openmetadata.frameworks.opengovernance,3,2,3.0,3.295836866004329
org.odpi.openmetadata.engineservices.governanceaction.server,org.odpi.openmetadata.engineservices.governanceaction.admin,3,2,3.0,3.295836866004329
org.odpi.openmetadata.viewservices.securityofficer.admin,org.odpi.openmetadata.adminservices.ffdc.exception,3,2,3.0,3.295836866004329
org.odpi.openmetadata.engineservices.watchdogaction.server,org.odpi.openmetadata.engineservices.watchdogaction.admin,3,2,3.0,3.295836866004329
org.odpi.openmetadata.viewservices.subjectarea.server,org.odpi.openmetadata.viewservices.subjectarea.admin,3,2,3.0,3.295836866004329
org.odpi.openmetadata.adapters.repositoryservices.cohortregistrystore.file,org.odpi.openmetadata.frameworks.connectors.ffdc,3,2,3.0,3.295836866004329
org.odpi.openmetadata.engineservices.surveyaction.server,org.odpi.openmetadata.frameworks.opensurvey,3,2,3.0,3.295836866004329
org.odpi.openmetadata.samples.archiveutilities.governanceengines,org.odpi.openmetadata.adapters.connectors.governanceactions.watchdog,3,2,3.0,3.295836866004329
org.odpi.openmetadata.viewservices.actionauthor.server,org.odpi.openmetadata.viewservices.actionauthor.admin,3,2,3.0,3.295836866004329
org.odpi.openmetadata.viewservices.schemamaker.admin,org.odpi.openmetadata.adminservices.ffdc.exception,3,2,3.0,3.295836866004329
org.odpi.openmetadata.viewservices.digitalbusiness.admin,org.odpi.openmetadata.adminservices.ffdc.exception,3,2,3.0,3.295836866004329
org.odpi.openmetadata.commonservices.multitenant,org.odpi.openmetadata.frameworks.openmetadata.client,3,2,3.0,3.295836866004329
org.odpi.openmetadata.viewservices.datadiscovery.admin,org.odpi.openmetadata.adminservices.ffdc.exception,3,2,3.0,3.295836866004329
org.odpi.openmetadata.adapters.connectors.surveyaction.surveyfile,org.odpi.openmetadata.frameworks.openmetadata.ffdc,3,2,3.0,3.295836866004329
org.odpi.openmetadata.viewservices.assetcatalog.admin,org.odpi.openmetadata.adminservices.ffdc.exception,3,2,3.0,3.295836866004329
org.odpi.openmetadata.viewservices.solutionarchitect.admin,org.odpi.openmetadata.adminservices.ffdc.exception,3,2,3.0,3.295836866004329
org.odpi.openmetadata.adapters.connectors.surveyaction.surveycsv,org.odpi.openmetadata.frameworks.openmetadata.properties.assets,3,2,3.0,3.295836866004329
org.odpi.openmetadata.viewservices.devopspipeline.admin,org.odpi.openmetadata.adminservices.ffdc.exception,3,2,3.0,3.295836866004329
org.odpi.openmetadata.frameworkservices.ocf.metadatamanagement.server,org.odpi.openmetadata.frameworkservices.ocf.metadatamanagement.admin,3,2,3.0,3.295836866004329
org.odpi.openmetadata.viewservices.lineagelinker.server,org.odpi.openmetadata.viewservices.lineagelinker.admin,3,2,3.0,3.295836866004329
org.odpi.openmetadata.viewservices.timekeeper.admin,org.odpi.openmetadata.adminservices.ffdc.exception,3,2,3.0,3.295836866004329
org.odpi.openmetadata.viewservices.projectmanager.server,org.odpi.openmetadata.viewservices.projectmanager.admin,3,2,3.0,3.295836866004329
org.odpi.openmetadata.viewservices.glossarymanager.server,org.odpi.openmetadata.viewservices.glossarymanager.admin,3,2,3.0,3.295836866004329
org.odpi.openmetadata.viewservices.assetmaker.admin,org.odpi.openmetadata.adminservices.ffdc.exception,3,2,3.0,3.295836866004329
org.odpi.openmetadata.viewservices.externallinks.admin,org.odpi.openmetadata.adminservices.ffdc.exception,3,2,3.0,3.295836866004329
org.odpi.openmetadata.accessservices.governanceprogram.samples.leadership,org.odpi.openmetadata.adminservices.configuration.registration,3,2,3.0,3.295836866004329
org.odpi.openmetadata.viewservices.metadataexpert.server,org.odpi.openmetadata.viewservices.metadataexpert.admin,3,2,3.0,3.295836866004329
org.odpi.openmetadata.frameworks.openmetadata.properties.assets.processes.actions,org.odpi.openmetadata.frameworks.openmetadata.properties.governance.governanceactions,3,2,3.0,3.295836866004329
org.odpi.openmetadata.adapters.repositoryservices.postgres.repositoryconnector,org.odpi.openmetadata.frameworks.connectors.ffdc,3,2,3.0,3.295836866004329
org.odpi.openmetadata.frameworks.openmetadata.properties.assets.processes.actions,org.odpi.openmetadata.frameworks.openmetadata.properties.surveyreports,3,2,3.0,3.295836866004329
org.odpi.openmetadata.frameworks.openmetadata.properties.assets.processes.actions,org.odpi.openmetadata.frameworks.openmetadata.properties.assets.analytics,3,2,3.0,3.295836866004329
org.odpi.openmetadata.viewservices.solutionarchitect.server,org.odpi.openmetadata.viewservices.solutionarchitect.admin,3,2,3.0,3.295836866004329
org.odpi.openmetadata.adapters.connectors.externalharvesters.harvestopenmetadata,org.odpi.openmetadata.frameworks.openmetadata.ffdc,3,2,3.0,3.295836866004329
org.odpi.openmetadata.adapters.connectors.apacheatlas.survey,org.odpi.openmetadata.frameworks.openmetadata.properties.assets,3,2,3.0,3.295836866004329
org.odpi.openmetadata.viewservices.feedbackmanager.admin,org.odpi.openmetadata.adminservices.ffdc.exception,3,2,3.0,3.295836866004329
org.odpi.openmetadata.frameworkservices.ocf.metadatamanagement.admin,org.odpi.openmetadata.adminservices.ffdc.exception,3,2,3.0,3.295836866004329
org.odpi.openmetadata.viewservices.actormanager.server,org.odpi.openmetadata.viewservices.actormanager.admin,3,2,3.0,3.295836866004329
org.odpi.openmetadata.adapters.connectors.organizationinsight.karmapoints,org.odpi.openmetadata.frameworks.connectors.ffdc,3,2,3.0,3.295836866004329
org.odpi.openmetadata.adapters.connectors.dynamicarchivers.glossary,org.odpi.openmetadata.frameworks.openmetadata.ffdc,3,2,3.0,3.295836866004329
org.odpi.openmetadata.viewservices.myprofile.server,org.odpi.openmetadata.viewservices.myprofile.admin,3,2,3.0,3.295836866004329
org.odpi.openmetadata.adapters.connectors.externalharvesters.harvestopenmetadata,org.odpi.openmetadata.frameworks.openmetadata.properties.assets,3,2,3.0,3.295836866004329
org.odpi.openmetadata.viewservices.actormanager.admin,org.odpi.openmetadata.adminservices.ffdc.exception,3,2,3.0,3.295836866004329
org.odpi.openmetadata.viewservices.templatemanager.admin,org.odpi.openmetadata.adminservices.ffdc.exception,3,2,3.0,3.295836866004329
org.odpi.openmetadata.repositoryservices.archiveutilities,org.odpi.openmetadata.adapters.repositoryservices.archiveconnector.file,3,2,3.0,3.295836866004329
org.odpi.openmetadata.viewservices.validmetadata.server,org.odpi.openmetadata.viewservices.validmetadata.admin,3,2,3.0,3.295836866004329
org.odpi.openmetadata.viewservices.metadataexpert.admin,org.odpi.openmetadata.adminservices.ffdc.exception,3,2,3.0,3.295836866004329
org.odpi.openmetadata.viewservices.multilanguage.server,org.odpi.openmetadata.viewservices.multilanguage.admin,3,2,3.0,3.295836866004329
org.odpi.openmetadata.viewservices.assetmaker.server,org.odpi.openmetadata.viewservices.assetmaker.admin,3,2,3.0,3.295836866004329
org.odpi.openmetadata.adapters.repositoryservices.archiveconnector.file,org.odpi.openmetadata.frameworks.openmetadata.ffdc,3,2,3.0,3.295836866004329
org.odpi.openmetadata.viewservices.notificationmanager.server,org.odpi.openmetadata.viewservices.notificationmanager.admin,3,2,3.0,3.295836866004329
org.odpi.openmetadata.adapters.connectors.apachekafka.survey,org.odpi.openmetadata.frameworks.openmetadata.ffdc,3,2,3.0,3.295836866004329
org.odpi.openmetadata.viewservices.locationarena.admin,org.odpi.openmetadata.adminservices.ffdc.exception,3,2,3.0,3.295836866004329
org.odpi.openmetadata.serveroperations.server,org.odpi.openmetadata.repositoryservices.ffdc.exception,3,2,3.0,3.295836866004329
org.odpi.openmetadata.governanceservers.integrationdaemonservices.server,org.odpi.openmetadata.frameworks.integration.connectors,3,2,3.0,3.295836866004329
org.odpi.openmetadata.metadatasecurity.accessconnector,org.odpi.openmetadata.frameworks.connectors.ffdc,3,2,3.0,3.295836866004329
org.odpi.openmetadata.adapters.connectors.organizationinsight.karmapoints,org.odpi.openmetadata.frameworks.openmetadata.ffdc,3,2,3.0,3.295836866004329
org.odpi.openmetadata.viewservices.dataengineer.server,org.odpi.openmetadata.viewservices.dataengineer.admin,3,2,3.0,3.295836866004329
org.odpi.openmetadata.frameworks.openmetadata.properties.lineage,org.odpi.openmetadata.frameworks.openmetadata.properties.digitalbusiness,3,2,3.0,3.295836866004329
org.odpi.openmetadata.viewservices.connectionmaker.admin,org.odpi.openmetadata.adminservices.ffdc.exception,3,2,3.0,3.295836866004329
org.odpi.openmetadata.accessservices.governanceserver.fvt.engines,org.odpi.openmetadata.fvt.utilities.exceptions,3,2,3.0,3.295836866004329
org.odpi.openmetadata.viewservices.collectionmanager.server,org.odpi.openmetadata.viewservices.collectionmanager.admin,3,2,3.0,3.295836866004329
org.odpi.openmetadata.adapters.repositoryservices.auditlogstore.console,org.odpi.openmetadata.frameworks.openmetadata.ffdc,3,2,3.0,3.295836866004329
org.odpi.openmetadata.frameworks.openmetadata.properties.schema.tabular,org.odpi.openmetadata.frameworks.openmetadata.properties.schema.databases,3,2,3.0,3.295836866004329
org.odpi.openmetadata.adapters.connectors.datastore.basicfile,org.odpi.openmetadata.frameworks.openmetadata.ffdc,3,2,3.0,3.295836866004329
org.odpi.openmetadata.viewservices.communitymatters.admin,org.odpi.openmetadata.adminservices.ffdc.exception,3,2,3.0,3.295836866004329
org.odpi.openmetadata.frameworks.openmetadata.properties.assets,org.odpi.openmetadata.frameworks.openmetadata.properties.assets.topics,3,2,3.0,3.295836866004329
org.odpi.openmetadata.frameworks.openmetadata.properties.assets,org.odpi.openmetadata.frameworks.openmetadata.properties.assets.infrastructure,3,2,3.0,3.295836866004329
org.odpi.openmetadata.frameworks.openmetadata.properties.assets,org.odpi.openmetadata.frameworks.openmetadata.properties.assets.processes,3,2,3.0,3.295836866004329
org.odpi.openmetadata.repositoryservices.connectors.stores.auditlogstore,org.odpi.openmetadata.frameworks.connectors.ffdc,3,2,3.0,3.295836866004329
org.odpi.openmetadata.viewservices.datadiscovery.server,org.odpi.openmetadata.viewservices.datadiscovery.admin,3,2,3.0,3.295836866004329
org.odpi.openmetadata.viewservices.schemamaker.server,org.odpi.openmetadata.viewservices.schemamaker.admin,3,2,3.0,3.295836866004329
org.odpi.openmetadata.viewservices.actionauthor.admin,org.odpi.openmetadata.adminservices.ffdc.exception,3,2,3.0,3.295836866004329
org.odpi.openmetadata.viewservices.datadesigner.admin,org.odpi.openmetadata.adminservices.ffdc.exception,3,2,3.0,3.295836866004329
org.odpi.openmetadata.adapters.eventbus.topic.kafka,org.odpi.openmetadata.frameworks.openmetadata.ffdc,3,2,3.0,3.295836866004329
org.odpi.openmetadata.viewservices.notificationmanager.admin,org.odpi.openmetadata.adminservices.ffdc.exception,3,2,3.0,3.295836866004329
org.odpi.openmetadata.frameworks.openmetadata.properties.assets.processes,org.odpi.openmetadata.frameworks.openmetadata.properties.assets.processes.connectors,3,2,3.0,3.295836866004329
org.odpi.openmetadata.adapters.eventbus.topic.inmemory,org.odpi.openmetadata.frameworks.openmetadata.ffdc,3,2,3.0,3.295836866004329
org.odpi.openmetadata.engineservices.repositorygovernance.server,org.odpi.openmetadata.engineservices.repositorygovernance.connector,3,2,3.0,3.295836866004329
org.odpi.openmetadata.governanceservers.enginehostservices.api,org.odpi.openmetadata.frameworks.openmetadata.ffdc,3,2,3.0,3.295836866004329
org.odpi.openmetadata.viewservices.multilanguage.admin,org.odpi.openmetadata.adminservices.ffdc.exception,3,2,3.0,3.295836866004329
org.odpi.openmetadata.engineservices.repositorygovernance.server,org.odpi.openmetadata.engineservices.repositorygovernance.admin,3,2,3.0,3.295836866004329
org.odpi.openmetadata.frameworks.openmetadata.properties.assets.processes,org.odpi.openmetadata.frameworks.openmetadata.properties.assets.apis,3,2,3.0,3.295836866004329
org.odpi.openmetadata.viewservices.dataengineer.admin,org.odpi.openmetadata.adminservices.ffdc.exception,3,2,3.0,3.295836866004329
org.odpi.openmetadata.contentpacks.core,org.odpi.openmetadata.adapters.connectors.babbage,3,2,3.0,3.295836866004329
org.odpi.openmetadata.contentpacks.core,org.odpi.openmetadata.adapters.connectors.integration.openapis,3,2,3.0,3.295836866004329
org.odpi.openmetadata.frameworks.openmetadata.properties.assets.processes,org.odpi.openmetadata.frameworks.openmetadata.properties.assets.analytics,3,2,3.0,3.295836866004329
org.odpi.openmetadata.contentpacks.core,org.odpi.openmetadata.adapters.connectors.integration.jdbc,3,2,3.0,3.295836866004329
org.odpi.openmetadata.contentpacks.core,org.odpi.openmetadata.adapters.connectors.jacquard,3,2,3.0,3.295836866004329
org.odpi.openmetadata.frameworks.openmetadata.properties.assets.processes,org.odpi.openmetadata.frameworks.openmetadata.properties.assets.processes.actions,3,2,3.0,3.295836866004329
org.odpi.openmetadata.viewservices.projectmanager.admin,org.odpi.openmetadata.adminservices.ffdc.exception,3,2,3.0,3.295836866004329
org.odpi.openmetadata.viewservices.productmanager.server,org.odpi.openmetadata.viewservices.productmanager.admin,3,2,3.0,3.295836866004329
org.odpi.openmetadata.viewservices.privacyofficer.admin,org.odpi.openmetadata.adminservices.ffdc.exception,3,2,3.0,3.295836866004329
org.odpi.openmetadata.frameworkservices.omf.server,org.odpi.openmetadata.frameworkservices.omf.connectors.outtopic,3,2,3.0,3.295836866004329
org.odpi.openmetadata.viewservices.externallinks.server,org.odpi.openmetadata.viewservices.externallinks.admin,3,2,3.0,3.295836866004329
org.odpi.openmetadata.viewservices.lineagelinker.admin,org.odpi.openmetadata.adminservices.ffdc.exception,3,2,3.0,3.295836866004329
org.odpi.openmetadata.repositoryservices.events.beans,org.odpi.openmetadata.repositoryservices.events.beans.v2,3,2,3.0,3.295836866004329
org.odpi.openmetadata.viewservices.locationarena.server,org.odpi.openmetadata.viewservices.locationarena.admin,3,2,3.0,3.295836866004329
org.odpi.openmetadata.frameworks.openmetadata.properties.datadictionaries,org.odpi.openmetadata.frameworks.openmetadata.properties.assets.reports,3,2,3.0,3.295836866004329
org.odpi.openmetadata.viewservices.peopleorganizer.server,org.odpi.openmetadata.viewservices.peopleorganizer.admin,3,2,3.0,3.295836866004329
org.odpi.openmetadata.frameworkservices.gaf.server,org.odpi.openmetadata.frameworkservices.gaf.connectors.outtopic,3,2,3.0,3.295836866004329
org.odpi.openmetadata.contentpacks.core,org.odpi.openmetadata.adapters.connectors.apachekafka.integration,3,2,3.0,3.295836866004329
org.odpi.openmetadata.contentpacks.core,org.odpi.openmetadata.adapters.connectors.egeriainfrastructure.platform.catalog,3,2,3.0,3.295836866004329
org.odpi.openmetadata.viewservices.referencedata.server,org.odpi.openmetadata.viewservices.referencedata.admin,3,2,3.0,3.295836866004329
org.odpi.openmetadata.viewservices.productcatalog.server,org.odpi.openmetadata.frameworks.openmetadata.ffdc,3,2,3.0,3.295836866004329
org.odpi.openmetadata.viewservices.myprofile.admin,org.odpi.openmetadata.adminservices.ffdc.exception,3,2,3.0,3.295836866004329
org.odpi.openmetadata.frameworkservices.gaf.server,org.odpi.openmetadata.frameworkservices.gaf.admin,3,2,3.0,3.295836866004329
org.odpi.openmetadata.viewservices.glossarymanager.admin,org.odpi.openmetadata.adminservices.ffdc.exception,3,2,3.0,3.295836866004329
org.odpi.openmetadata.viewservices.productcatalog.server,org.odpi.openmetadata.viewservices.productcatalog.admin,3,2,3.0,3.295836866004329
org.odpi.openmetadata.viewservices.classificationexplorer.server,org.odpi.openmetadata.viewservices.classificationexplorer.admin,3,2,3.0,3.295836866004329
org.odpi.openmetadata.adapters.repositoryservices.auditlogstore.console.eventdisplay,org.odpi.openmetadata.frameworks.openmetadata.ffdc,3,2,3.0,3.295836866004329
org.odpi.openmetadata.governanceservers.enginehostservices.registration,org.odpi.openmetadata.frameworks.openmetadata.ffdc,3,2,3.0,3.295836866004329
org.odpi.openmetadata.viewservices.automatedcuration.admin,org.odpi.openmetadata.adminservices.ffdc.exception,3,2,3.0,3.295836866004329
org.odpi.openmetadata.viewservices.securityofficer.server,org.odpi.openmetadata.viewservices.securityofficer.admin,3,2,3.0,3.295836866004329
org.odpi.openmetadata.viewservices.timekeeper.server,org.odpi.openmetadata.viewservices.timekeeper.admin,3,2,3.0,3.295836866004329
org.odpi.openmetadata.adapters.connectors.restclients.spring,org.odpi.openmetadata.frameworks.openmetadata.ffdc,3,2,3.0,3.295836866004329
org.odpi.openmetadata.adapters.connectors.jacquard.tabulardatasets.openmetadatatypes,org.odpi.openmetadata.frameworks.openmetadata.ffdc,3,2,3.0,3.295836866004329
org.odpi.openmetadata.adapters.connectors.jacquard.tabulardatasets.validmetadatavalues,org.odpi.openmetadata.frameworks.openmetadata.ffdc,3,2,3.0,3.295836866004329
org.odpi.openmetadata.adapters.connectors.externalharvesters.harvestsurveys,org.odpi.openmetadata.adapters.connectors.datastore.csvfile,3,2,3.0,3.295836866004329
org.odpi.openmetadata.viewservices.digitalbusiness.server,org.odpi.openmetadata.viewservices.digitalbusiness.admin,3,2,3.0,3.295836866004329
org.odpi.openmetadata.frameworks.integration.properties,org.odpi.openmetadata.frameworks.openmetadata.ffdc,3,2,3.0,3.295836866004329
org.odpi.openmetadata.frameworks.integration.properties,org.odpi.openmetadata.frameworks.connectors.ffdc,3,2,3.0,3.295836866004329
org.odpi.openmetadata.frameworkservices.gaf.admin,org.odpi.openmetadata.adminservices.ffdc.exception,3,2,3.0,3.295836866004329
org.odpi.openmetadata.viewservices.classificationexplorer.admin,org.odpi.openmetadata.adminservices.ffdc.exception,3,2,3.0,3.295836866004329
org.odpi.openmetadata.viewservices.connectionmaker.server,org.odpi.openmetadata.viewservices.connectionmaker.admin,3,2,3.0,3.295836866004329
org.odpi.openmetadata.accessservices.samples.assetsetup,org.odpi.openmetadata.adminservices.configuration.registration,3,2,3.0,3.295836866004329
org.odpi.openmetadata.governanceservers.enginehostservices.admin,org.odpi.openmetadata.adminservices.ffdc.exception,3,2,3.0,3.295836866004329
org.odpi.openmetadata.adminservices.samples.configure,org.odpi.openmetadata.adminservices.ffdc.exception,3,2,3.0,3.295836866004329
org.odpi.openmetadata.repositoryservices.connectors.omrstopic,org.odpi.openmetadata.frameworks.openmetadata.ffdc,3,2,3.0,3.295836866004329
org.odpi.openmetadata.viewservices.subjectarea.admin,org.odpi.openmetadata.adminservices.ffdc.exception,3,2,3.0,3.295836866004329
org.odpi.openmetadata.frameworks.openmetadata.properties.governance,org.odpi.openmetadata.frameworks.openmetadata.properties.dataprocessing,3,2,3.0,3.295836866004329
org.odpi.openmetadata.viewservices.dataofficer.server,org.odpi.openmetadata.viewservices.dataofficer.admin,3,2,3.0,3.295836866004329
org.odpi.openmetadata.viewservices.assetcatalog.server,org.odpi.openmetadata.viewservices.assetcatalog.admin,3,2,3.0,3.295836866004329
org.odpi.openmetadata.frameworks.openmetadata.properties.governance,org.odpi.openmetadata.frameworks.openmetadata.properties.governance.governanceactions,3,2,3.0,3.295836866004329
org.odpi.openmetadata.viewservices.runtimemanager.server,org.odpi.openmetadata.adapters.connectors.egeriainfrastructure.platform,3,2,3.0,3.295836866004329
org.odpi.openmetadata.viewservices.privacyofficer.server,org.odpi.openmetadata.viewservices.privacyofficer.admin,3,2,3.0,3.295836866004329
org.odpi.openmetadata.viewservices.datadesigner.server,org.odpi.openmetadata.viewservices.datadesigner.admin,3,2,3.0,3.295836866004329
org.odpi.openmetadata.adapters.adminservices.configurationstore.file,org.odpi.openmetadata.frameworks.connectors.ffdc,3,2,3.0,3.295836866004329
org.odpi.openmetadata.viewservices.governanceofficer.server,org.odpi.openmetadata.viewservices.governanceofficer.admin,3,2,3.0,3.295836866004329
org.odpi.openmetadata.viewservices.automatedcuration.server,org.odpi.openmetadata.adapters.connectors.secretsstore.yaml,3,2,3.0,3.295836866004329
org.odpi.openmetadata.viewservices.governanceofficer.admin,org.odpi.openmetadata.adminservices.ffdc.exception,3,2,3.0,3.295836866004329
org.odpi.openmetadata.frameworks.openmetadata.properties,org.odpi.openmetadata.frameworks.openmetadata.properties.assets.referencedata,3,2,3.0,3.295836866004329
org.odpi.openmetadata.adapters.connectors.reports.surveyreport,org.odpi.openmetadata.frameworks.connectors.ffdc,3,2,3.0,3.295836866004329
org.odpi.openmetadata.viewservices.feedbackmanager.server,org.odpi.openmetadata.viewservices.feedbackmanager.admin,3,2,3.0,3.295836866004329
org.odpi.openmetadata.frameworkservices.omf.admin,org.odpi.openmetadata.adminservices.ffdc.exception,3,2,3.0,3.295836866004329
org.odpi.openmetadata.repositoryservices.connectors.stores.archivestore,org.odpi.openmetadata.repositoryservices.ffdc.exception,3,2,3.0,3.295836866004329
org.odpi.openmetadata.viewservices.automatedcuration.server,org.odpi.openmetadata.viewservices.automatedcuration.admin,3,2,3.0,3.295836866004329
org.odpi.openmetadata.adapters.repositoryservices.archiveconnector.directory,org.odpi.openmetadata.frameworks.openmetadata.ffdc,3,2,3.0,3.295836866004329
org.odpi.openmetadata.viewservices.runtimemanager.admin,org.odpi.openmetadata.adminservices.ffdc.exception,3,2,3.0,3.295836866004329
org.odpi.openmetadata.accessservices.governanceserver.fvt.errorhandling,org.odpi.openmetadata.fvt.utilities.exceptions,3,2,3.0,3.295836866004329
org.odpi.openmetadata.accessservices.governanceprogram.fvt.definitions,org.odpi.openmetadata.fvt.utilities.exceptions,3,2,3.0,3.295836866004329
org.odpi.openmetadata.repositoryservices.connectors.stores.metadatacollectionstore.repositoryeventmapper,org.odpi.openmetadata.frameworks.openmetadata.ffdc,3,2,3.0,3.295836866004329
org.odpi.openmetadata.frameworks.openmetadata.properties,org.odpi.openmetadata.frameworks.openmetadata.properties.lineage,3,2,3.0,3.295836866004329
org.odpi.openmetadata.viewservices.productcatalog.admin,org.odpi.openmetadata.adminservices.ffdc.exception,3,2,3.0,3.295836866004329
org.odpi.openmetadata.adapters.connectors.integration.jdbc,org.odpi.openmetadata.frameworks.openmetadata.ffdc,3,2,3.0,3.295836866004329
org.odpi.openmetadata.contentpacks.core,org.odpi.openmetadata.adapters.connectors.apacheatlas.integration,3,2,3.0,3.295836866004329
org.odpi.openmetadata.adapters.connectors.apachekafka.resource,org.odpi.openmetadata.frameworks.openmetadata.ffdc,3,2,3.0,3.295836866004329
org.odpi.openmetadata.frameworkservices.omf.server,org.odpi.openmetadata.frameworkservices.omf.admin,3,2,3.0,3.295836866004329
org.odpi.openmetadata.viewservices.runtimemanager.server,org.odpi.openmetadata.viewservices.runtimemanager.admin,3,2,3.0,3.295836866004329
org.odpi.openmetadata.adapters.repositoryservices.auditlogstore.slf4j,org.odpi.openmetadata.frameworks.openmetadata.ffdc,3,2,3.0,3.295836866004329
org.odpi.openmetadata.adapters.connectors.dynamicarchivers,org.odpi.openmetadata.frameworks.openmetadata.ffdc,3,2,3.0,3.295836866004329
org.odpi.openmetadata.viewservices.automatedcuration.converters,org.odpi.openmetadata.frameworks.openmetadata.ffdc,3,2,3.0,3.295836866004329
org.odpi.openmetadata.adapters.repositoryservices.auditlogstore.eventtopic,org.odpi.openmetadata.frameworks.connectors.ffdc,3,2,3.0,3.295836866004329
org.odpi.openmetadata.frameworks.openmetadata.properties,org.odpi.openmetadata.frameworks.openmetadata.properties.informationsupplychains,3,2,3.0,3.295836866004329
org.odpi.openmetadata.contentpacks.core,org.odpi.openmetadata.adapters.connectors.postgres.catalog,3,2,3.0,3.295836866004329
org.odpi.openmetadata.viewservices.runtimemanager.admin,org.odpi.openmetadata.commonservices.multitenant,4,1,4.0,2.772588722239781
org.odpi.openmetadata.viewservices.referencedata.admin,org.odpi.openmetadata.commonservices.multitenant,4,1,4.0,2.772588722239781
org.odpi.openmetadata.frameworkservices.ocf.metadatamanagement.admin,org.odpi.openmetadata.commonservices.multitenant,4,1,4.0,2.772588722239781
org.odpi.openmetadata.adapters.connectors.unitycatalog.provision,org.odpi.openmetadata.frameworks.auditlog,4,1,4.0,2.772588722239781
org.odpi.openmetadata.viewservices.automatedcuration.admin,org.odpi.openmetadata.commonservices.multitenant,4,1,4.0,2.772588722239781
org.odpi.openmetadata.adapters.connectors.datastore.csvfile,org.odpi.openmetadata.frameworks.auditlog,4,1,4.0,2.772588722239781
org.odpi.openmetadata.adapters.connectors.babbage,org.odpi.openmetadata.frameworks.openmetadata.search,4,1,4.0,2.772588722239781
org.odpi.openmetadata.viewservices.actormanager.admin,org.odpi.openmetadata.commonservices.multitenant,4,1,4.0,2.772588722239781
org.odpi.openmetadata.viewservices.securityofficer.admin,org.odpi.openmetadata.commonservices.multitenant,4,1,4.0,2.772588722239781
org.odpi.openmetadata.adapters.connectors.surveyaction.surveycsv,org.odpi.openmetadata.frameworks.openmetadata.properties,4,1,4.0,2.772588722239781
org.odpi.openmetadata.adapters.connectors.surveyaction.surveycsv,org.odpi.openmetadata.adapters.connectors.datastore.basicfile,4,1,4.0,2.772588722239781
org.odpi.openmetadata.viewservices.productmanager.admin,org.odpi.openmetadata.commonservices.multitenant,4,1,4.0,2.772588722239781
org.odpi.openmetadata.adapters.connectors.baudot,org.odpi.openmetadata.frameworks.openmetadata.connectorcontext,4,1,4.0,2.772588722239781
org.odpi.openmetadata.frameworkservices.omf.outtopic,org.odpi.openmetadata.repositoryservices.connectors.openmetadatatopic,4,1,4.0,2.772588722239781
org.odpi.openmetadata.commonservices.repositoryhandler,org.odpi.openmetadata.frameworks.connectors,4,1,4.0,2.772588722239781
org.odpi.openmetadata.frameworkservices.gaf.connectors.outtopic,org.odpi.openmetadata.frameworks.auditlog,4,1,4.0,2.772588722239781
org.odpi.openmetadata.commonservices.repositoryhandler,org.odpi.openmetadata.repositoryservices.connectors.stores.metadatacollectionstore.utilities,4,1,4.0,2.772588722239781
org.odpi.openmetadata.viewservices.connectionmaker.admin,org.odpi.openmetadata.commonservices.multitenant,4,1,4.0,2.772588722239781
org.odpi.openmetadata.samples.archiveutilities.governanceengines,org.odpi.openmetadata.frameworks.connectors.properties.beans,4,1,4.0,2.772588722239781
org.odpi.openmetadata.governanceservers.integrationdaemonservices.handlers,org.odpi.openmetadata.frameworks.connectors.ffdc,4,1,4.0,2.772588722239781
org.odpi.openmetadata.viewservices.validmetadata.admin,org.odpi.openmetadata.commonservices.multitenant,4,1,4.0,2.772588722239781
org.odpi.openmetadata.adapters.connectors.externalharvesters.harvestopenmetadata.schema,org.odpi.openmetadata.adapters.connectors.resource.jdbc.ddl.postgres,4,1,4.0,2.772588722239781
org.odpi.openmetadata.viewservices.lineagelinker.admin,org.odpi.openmetadata.commonservices.multitenant,4,1,4.0,2.772588722239781
org.odpi.openmetadata.viewservices.solutionarchitect.admin,org.odpi.openmetadata.commonservices.multitenant,4,1,4.0,2.772588722239781
org.odpi.openmetadata.viewservices.privacyofficer.admin,org.odpi.openmetadata.commonservices.multitenant,4,1,4.0,2.772588722239781
org.odpi.openmetadata.frameworkservices.gaf.server,org.odpi.openmetadata.frameworks.openmetadata.refdata,4,1,4.0,2.772588722239781
org.odpi.openmetadata.frameworks.openmetadata.builders,org.odpi.openmetadata.frameworks.openmetadata.properties.feedback,4,1,4.0,2.772588722239781
org.odpi.openmetadata.accessservices.communityprofile.fvt.errorhandling,org.odpi.openmetadata.frameworks.openmetadata.properties,4,1,4.0,2.772588722239781
org.odpi.openmetadata.viewservices.locationarena.admin,org.odpi.openmetadata.commonservices.multitenant,4,1,4.0,2.772588722239781
org.odpi.openmetadata.governanceservers.integrationdaemonservices.handlers,org.odpi.openmetadata.frameworks.openmetadata.properties,4,1,4.0,2.772588722239781
org.odpi.openmetadata.engineservices.repositorygovernance.admin,org.odpi.openmetadata.commonservices.multitenant,4,1,4.0,2.772588722239781
org.odpi.openmetadata.governanceservers.integrationdaemonservices.handlers,org.odpi.openmetadata.frameworks.openmetadata.connectorcontext,4,1,4.0,2.772588722239781
org.odpi.openmetadata.adapters.repositoryservices.auditlogstore.eventtopic,org.odpi.openmetadata.frameworks.auditlog,4,1,4.0,2.772588722239781
org.odpi.openmetadata.viewservices.timekeeper.admin,org.odpi.openmetadata.commonservices.multitenant,4,1,4.0,2.772588722239781
org.odpi.openmetadata.viewservices.peopleorganizer.admin,org.odpi.openmetadata.commonservices.multitenant,4,1,4.0,2.772588722239781
org.odpi.openmetadata.engineservices.repositorygovernance.handlers,org.odpi.openmetadata.frameworks.opengovernance.properties,4,1,4.0,2.772588722239781
org.odpi.openmetadata.opentypes,org.odpi.openmetadata.repositoryservices.connectors.stores.metadatacollectionstore.properties,4,1,4.0,2.772588722239781
org.odpi.openmetadata.viewservices.automatedcuration.mermaid,org.odpi.openmetadata.frameworks.openmetadata.refdata,4,1,4.0,2.772588722239781
org.odpi.openmetadata.adapters.repositoryservices.auditlogstore.postgres.schema,org.odpi.openmetadata.adapters.connectors.resource.jdbc.ddl.postgres,4,1,4.0,2.772588722239781
org.odpi.openmetadata.frameworks.integration.context,org.odpi.openmetadata.frameworks.connectors.ffdc,4,1,4.0,2.772588722239781
org.odpi.openmetadata.viewservices.metadataexpert.admin,org.odpi.openmetadata.commonservices.multitenant,4,1,4.0,2.772588722239781
org.odpi.openmetadata.frameworks.opengovernance,org.odpi.openmetadata.frameworks.connectors.properties.beans,4,1,4.0,2.772588722239781
org.odpi.openmetadata.frameworks.openmetadata.properties.datadictionaries,org.odpi.openmetadata.frameworks.openmetadata.properties.digitalbusiness,4,1,4.0,2.772588722239781
org.odpi.openmetadata.engineservices.surveyaction.handlers,org.odpi.openmetadata.frameworks.connectors.properties.beans,4,1,4.0,2.772588722239781
org.odpi.openmetadata.viewservices.schemamaker.admin,org.odpi.openmetadata.commonservices.multitenant,4,1,4.0,2.772588722239781
org.odpi.openmetadata.adapters.connectors.babbage,org.odpi.openmetadata.frameworks.opengovernance.connectorcontext,4,1,4.0,2.772588722239781
org.odpi.openmetadata.adapters.connectors.jacquard,org.odpi.openmetadata.frameworks.opengovernance.connectorcontext,4,1,4.0,2.772588722239781
org.odpi.openmetadata.adapters.connectors.apacheatlas.integration,org.odpi.openmetadata.frameworks.openmetadata.properties.assets.processes.connectors,4,1,4.0,2.772588722239781
org.odpi.openmetadata.adapters.connectors.organizationinsight.karmapoints,org.odpi.openmetadata.frameworks.openmetadata.search,4,1,4.0,2.772588722239781
org.odpi.openmetadata.viewservices.dataengineer.admin,org.odpi.openmetadata.commonservices.multitenant,4,1,4.0,2.772588722239781
org.odpi.openmetadata.viewservices.multilanguage.admin,org.odpi.openmetadata.commonservices.multitenant,4,1,4.0,2.772588722239781
org.odpi.openmetadata.viewservices.communitymatters.admin,org.odpi.openmetadata.commonservices.multitenant,4,1,4.0,2.772588722239781
org.odpi.openmetadata.adapters.eventbus.topic.kafka,org.odpi.openmetadata.frameworks.connectors,4,1,4.0,2.772588722239781
org.odpi.openmetadata.repositoryservices.eventmanagement,org.odpi.openmetadata.repositoryservices.connectors.stores.metadatacollectionstore.utilities,4,1,4.0,2.772588722239781
org.odpi.openmetadata.adapters.connectors.unitycatalog.sync,org.odpi.openmetadata.frameworks.connectors.properties.beans,4,1,4.0,2.772588722239781
org.odpi.openmetadata.frameworkservices.omf.admin,org.odpi.openmetadata.commonservices.multitenant,4,1,4.0,2.772588722239781
org.odpi.openmetadata.contentpacks.core.unitycatalog,org.odpi.openmetadata.frameworks.connectors,4,1,4.0,2.772588722239781
org.odpi.openmetadata.frameworkservices.omf.connectors.outtopic,org.odpi.openmetadata.frameworks.auditlog,4,1,4.0,2.772588722239781
org.odpi.openmetadata.viewservices.governanceofficer.admin,org.odpi.openmetadata.commonservices.multitenant,4,1,4.0,2.772588722239781
org.odpi.openmetadata.metadatasecurity.server,org.odpi.openmetadata.frameworks.connectors.properties.users,4,1,4.0,2.772588722239781
org.odpi.openmetadata.adminservices.samples.configure,org.odpi.openmetadata.adminservices.rest,4,1,4.0,2.772588722239781
org.odpi.openmetadata.viewservices.governanceofficer.server,org.odpi.openmetadata.frameworks.openmetadata.metadataelements,4,1,4.0,2.772588722239781
org.odpi.openmetadata.viewservices.dataofficer.admin,org.odpi.openmetadata.commonservices.multitenant,4,1,4.0,2.772588722239781
org.odpi.openmetadata.adminservices.samples.configure,org.odpi.openmetadata.adminservices.configuration.properties,4,1,4.0,2.772588722239781
org.odpi.openmetadata.adapters.connectors.dynamicarchivers.glossary,org.odpi.openmetadata.frameworks.opengovernance,4,1,4.0,2.772588722239781
org.odpi.openmetadata.contentpacks.core.unitycatalog,org.odpi.openmetadata.frameworks.connectors.properties.beans,4,1,4.0,2.772588722239781
org.odpi.openmetadata.engineservices.surveyaction.admin,org.odpi.openmetadata.commonservices.multitenant,4,1,4.0,2.772588722239781
org.odpi.openmetadata.viewservices.collectionmanager.admin,org.odpi.openmetadata.commonservices.multitenant,4,1,4.0,2.772588722239781
org.odpi.openmetadata.adapters.connectors.integration.csvlineageimporter,org.odpi.openmetadata.frameworks.auditlog,4,1,4.0,2.772588722239781
org.odpi.openmetadata.viewservices.subjectarea.admin,org.odpi.openmetadata.commonservices.multitenant,4,1,4.0,2.772588722239781
org.odpi.openmetadata.viewservices.datadiscovery.admin,org.odpi.openmetadata.commonservices.multitenant,4,1,4.0,2.772588722239781
org.odpi.openmetadata.conformance.workbenches.repository.connectorconsumer,org.odpi.openmetadata.frameworks.connectors,4,1,4.0,2.772588722239781
org.odpi.openmetadata.adapters.connectors.surveyaction.surveyfile,org.odpi.openmetadata.frameworks.openmetadata.connectorcontext,4,1,4.0,2.772588722239781
org.odpi.openmetadata.adapters.connectors.apachekafka.survey,org.odpi.openmetadata.frameworks.opengovernance,4,1,4.0,2.772588722239781
org.odpi.openmetadata.viewservices.projectmanager.admin,org.odpi.openmetadata.commonservices.multitenant,4,1,4.0,2.772588722239781
org.odpi.openmetadata.samples.archiveutilities.combo,org.odpi.openmetadata.repositoryservices.archiveutilities,4,1,4.0,2.772588722239781
org.odpi.openmetadata.adapters.connectors.egeriainfrastructure.platform.catalog,org.odpi.openmetadata.repositoryservices.connectors.stores.cohortregistrystore.properties,4,1,4.0,2.772588722239781
org.odpi.openmetadata.engineservices.governanceaction.admin,org.odpi.openmetadata.commonservices.multitenant,4,1,4.0,2.772588722239781
org.odpi.openmetadata.viewservices.templatemanager.admin,org.odpi.openmetadata.commonservices.multitenant,4,1,4.0,2.772588722239781
org.odpi.openmetadata.adapters.connectors.integration.jdbc,org.odpi.openmetadata.frameworks.openmetadata.properties.assets.processes.connectors,4,1,4.0,2.772588722239781
org.odpi.openmetadata.frameworkservices.gaf.admin,org.odpi.openmetadata.commonservices.multitenant,4,1,4.0,2.772588722239781
org.odpi.openmetadata.viewservices.automatedcuration.server,org.odpi.openmetadata.frameworks.openmetadata.search,4,1,4.0,2.772588722239781
org.odpi.openmetadata.viewservices.feedbackmanager.admin,org.odpi.openmetadata.commonservices.multitenant,4,1,4.0,2.772588722239781
org.odpi.openmetadata.adapters.connectors.apacheatlas.survey,org.odpi.openmetadata.frameworks.opengovernance,4,1,4.0,2.772588722239781
org.odpi.openmetadata.frameworkservices.gaf.outtopic,org.odpi.openmetadata.repositoryservices.connectors.openmetadatatopic,4,1,4.0,2.772588722239781
org.odpi.openmetadata.viewservices.devopspipeline.admin,org.odpi.openmetadata.commonservices.multitenant,4,1,4.0,2.772588722239781
org.odpi.openmetadata.adapters.connectors.apacheatlas.survey,org.odpi.openmetadata.frameworks.connectors,4,1,4.0,2.772588722239781
org.odpi.openmetadata.viewservices.assetcatalog.admin,org.odpi.openmetadata.commonservices.multitenant,4,1,4.0,2.772588722239781
org.odpi.openmetadata.viewservices.actionauthor.admin,org.odpi.openmetadata.commonservices.multitenant,4,1,4.0,2.772588722239781
org.odpi.openmetadata.viewservices.assetmaker.admin,org.odpi.openmetadata.commonservices.multitenant,4,1,4.0,2.772588722239781
org.odpi.openmetadata.engineservices.governanceaction.handlers,org.odpi.openmetadata.frameworks.opengovernance.properties,4,1,4.0,2.772588722239781
org.odpi.openmetadata.engineservices.watchdogaction.admin,org.odpi.openmetadata.commonservices.multitenant,4,1,4.0,2.772588722239781
org.odpi.openmetadata.adapters.connectors.dynamicarchivers.glossary,org.odpi.openmetadata.frameworks.connectors.properties.beans,4,1,4.0,2.772588722239781
org.odpi.openmetadata.viewservices.digitalbusiness.admin,org.odpi.openmetadata.commonservices.multitenant,4,1,4.0,2.772588722239781
org.odpi.openmetadata.viewservices.glossarymanager.admin,org.odpi.openmetadata.commonservices.multitenant,4,1,4.0,2.772588722239781
org.odpi.openmetadata.viewservices.externallinks.admin,org.odpi.openmetadata.commonservices.multitenant,4,1,4.0,2.772588722239781
org.odpi.openmetadata.adapters.connectors.egeriainfrastructure.servers,org.odpi.openmetadata.commonservices.ffdc.rest,4,1,4.0,2.772588722239781
org.odpi.openmetadata.viewservices.notificationmanager.admin,org.odpi.openmetadata.commonservices.multitenant,4,1,4.0,2.772588722239781
org.odpi.openmetadata.viewservices.myprofile.admin,org.odpi.openmetadata.commonservices.multitenant,4,1,4.0,2.772588722239781
org.odpi.openmetadata.viewservices.classificationexplorer.admin,org.odpi.openmetadata.commonservices.multitenant,4,1,4.0,2.772588722239781
org.odpi.openmetadata.viewservices.productcatalog.admin,org.odpi.openmetadata.commonservices.multitenant,4,1,4.0,2.772588722239781
org.odpi.openmetadata.viewservices.datadesigner.admin,org.odpi.openmetadata.commonservices.multitenant,4,1,4.0,2.772588722239781
org.odpi.openmetadata.viewservices.automatedcuration.converters,org.odpi.openmetadata.viewservices.automatedcuration.properties,2,2,2.0,2.1972245773362196
org.odpi.openmetadata.samples.archiveutilities.businesssystems,org.odpi.openmetadata.repositoryservices.connectors.stores.metadatacollectionstore.properties.instances,2,2,2.0,2.1972245773362196
org.odpi.openmetadata.adapters.connectors.integration.kafkaaudit,org.odpi.openmetadata.adapters.connectors.datastore.basicfile,2,2,2.0,2.1972245773362196
org.odpi.openmetadata.engineservices.watchdogaction.listener,org.odpi.openmetadata.engineservices.watchdogaction.handlers,2,2,2.0,2.1972245773362196
org.odpi.openmetadata.repositoryservices.rest.server,org.odpi.openmetadata.repositoryservices.auditlog,2,2,2.0,2.1972245773362196
org.odpi.openmetadata.viewservices.automatedcuration.handlers,org.odpi.openmetadata.frameworks.openmetadata.properties.resources,2,2,2.0,2.1972245773362196
org.odpi.openmetadata.adapters.connectors.apachekafka.integration,org.odpi.openmetadata.frameworks.openmetadata.properties,2,2,2.0,2.1972245773362196
org.odpi.openmetadata.adapters.connectors.integration.kafkaaudit,org.odpi.openmetadata.adapters.connectors.resource.jdbc,2,2,2.0,2.1972245773362196
org.odpi.openmetadata.samples.archiveutilities.governanceengines,org.odpi.openmetadata.frameworks.opensurvey,2,2,2.0,2.1972245773362196
org.odpi.openmetadata.engineservices.governanceaction.listener,org.odpi.openmetadata.governanceservers.enginehostservices.api,2,2,2.0,2.1972245773362196
org.odpi.openmetadata.frameworks.opensurvey,org.odpi.openmetadata.frameworks.openmetadata.properties.assets,2,2,2.0,2.1972245773362196
org.odpi.openmetadata.adapters.connectors.integration.jdbc,org.odpi.openmetadata.frameworks.openmetadata.properties,2,2,2.0,2.1972245773362196
org.odpi.openmetadata.adapters.connectors.integration.basicfiles,org.odpi.openmetadata.frameworks.openmetadata.properties.assets.processes.connectors,2,2,2.0,2.1972245773362196
org.odpi.openmetadata.frameworks.openmetadata.builders,org.odpi.openmetadata.frameworks.openmetadata.properties.resources,2,2,2.0,2.1972245773362196
org.odpi.openmetadata.commonservices.multitenant,org.odpi.openmetadata.frameworks.opensurvey,2,2,2.0,2.1972245773362196
org.odpi.openmetadata.viewservices.collectionmanager.server,org.odpi.openmetadata.frameworks.openmetadata.properties.datadictionaries,2,2,2.0,2.1972245773362196
org.odpi.openmetadata.adapters.connectors.surveyaction.surveycsv,org.odpi.openmetadata.frameworks.openmetadata.properties.schema,2,2,2.0,2.1972245773362196
org.odpi.openmetadata.viewservices.classificationexplorer.server,org.odpi.openmetadata.frameworks.openmetadata.properties.actors,2,2,2.0,2.1972245773362196
org.odpi.openmetadata.governanceservers.enginehostservices.listener,org.odpi.openmetadata.governanceservers.enginehostservices.api,2,2,2.0,2.1972245773362196
org.odpi.openmetadata.reports.componentid,org.odpi.openmetadata.frameworks.connectors,2,2,2.0,2.1972245773362196
org.odpi.openmetadata.samples.archiveutilities,org.odpi.openmetadata.frameworks.opengovernance,2,2,2.0,2.1972245773362196
org.odpi.openmetadata.samples.archiveutilities,org.odpi.openmetadata.frameworks.opensurvey,2,2,2.0,2.1972245773362196
org.odpi.openmetadata.contentpacks.core,org.odpi.openmetadata.frameworks.opensurvey,2,2,2.0,2.1972245773362196
org.odpi.openmetadata.adapters.connectors.jacquard.tabulardatasets,org.odpi.openmetadata.frameworks.openmetadata.properties.validvalues,2,2,2.0,2.1972245773362196
org.odpi.openmetadata.frameworks.openmetadata.builders,org.odpi.openmetadata.frameworks.openmetadata.properties.templates,2,2,2.0,2.1972245773362196
org.odpi.openmetadata.adapters.repositoryservices,org.odpi.openmetadata.frameworks.connectors,2,2,2.0,2.1972245773362196
org.odpi.openmetadata.adapters.connectors.jacquard,org.odpi.openmetadata.frameworks.openmetadata.properties.governance.governanceactions,2,2,2.0,2.1972245773362196
org.odpi.openmetadata.frameworks.openmetadata.converters,org.odpi.openmetadata.frameworks.openmetadata.reports,2,2,2.0,2.1972245773362196
org.odpi.openmetadata.commonservices.multitenant,org.odpi.openmetadata.frameworks.integration.connectors,2,2,2.0,2.1972245773362196
org.odpi.openmetadata.frameworks.openmetadata.builders,org.odpi.openmetadata.frameworks.openmetadata.properties.translations,2,2,2.0,2.1972245773362196
org.odpi.openmetadata.frameworks.openmetadata.builders,org.odpi.openmetadata.frameworks.openmetadata.properties.informationsupplychains,2,2,2.0,2.1972245773362196
org.odpi.openmetadata.frameworks.openmetadata.builders,org.odpi.openmetadata.frameworks.openmetadata.properties.assets.topics,2,2,2.0,2.1972245773362196
org.odpi.openmetadata.frameworks.openmetadata.builders,org.odpi.openmetadata.frameworks.openmetadata.properties.assets.metadatarepositories,2,2,2.0,2.1972245773362196
org.odpi.openmetadata.commonservices.multitenant,org.odpi.openmetadata.frameworks.opengovernance,2,2,2.0,2.1972245773362196
org.odpi.openmetadata.frameworks.openmetadata.builders,org.odpi.openmetadata.frameworks.openmetadata.properties.assets.databases,2,2,2.0,2.1972245773362196
org.odpi.openmetadata.viewservices.dataengineer.server,org.odpi.openmetadata.adapters.connectors.jacquard.tabulardatasets,2,2,2.0,2.1972245773362196
org.odpi.openmetadata.frameworks.openmetadata.builders,org.odpi.openmetadata.frameworks.openmetadata.properties.implementations,2,2,2.0,2.1972245773362196
org.odpi.openmetadata.viewservices.governanceofficer.server.spring,org.odpi.openmetadata.frameworkservices.gaf.rest,3,1,3.0,2.0794415416798357
org.odpi.openmetadata.adapters.connectors.externalharvesters.harvestopenmetadata,org.odpi.openmetadata.frameworks.openmetadata.properties.governance,3,1,3.0,2.0794415416798357
org.odpi.openmetadata.contentpacks.core.apacheatlas,org.odpi.openmetadata.frameworks.opensurvey.controls,3,1,3.0,2.0794415416798357
org.odpi.openmetadata.viewservices.solutionarchitect.server.spring,org.odpi.openmetadata.frameworkservices.omf.rest,3,1,3.0,2.0794415416798357
org.odpi.openmetadata.frameworks.openmetadata.properties.lineage,org.odpi.openmetadata.frameworks.openmetadata.properties.actors,3,1,3.0,2.0794415416798357
org.odpi.openmetadata.conformance.tests.repository.instances,org.odpi.openmetadata.frameworks.openmetadata.ffdc,3,1,3.0,2.0794415416798357
org.odpi.openmetadata.accessservices.assetowner.fvt.dataassets,org.odpi.openmetadata.frameworks.openmetadata.ffdc,2,1,2.0,1.3862943611198906
org.odpi.openmetadata.adapters.connectors.surveyaction.surveycsv,org.odpi.openmetadata.frameworks.opengovernance,2,1,2.0,1.3862943611198906
org.odpi.openmetadata.frameworks.openmetadata.mermaid,org.odpi.openmetadata.frameworks.openmetadata.properties.digitalbusiness,2,1,2.0,1.3862943611198906
org.odpi.openmetadata.commonservices.ffdc.rest,org.odpi.openmetadata.frameworks.connectors,2,1,2.0,1.3862943611198906
org.odpi.openmetadata.accessservices.assetmanager.fvt.dataassets,org.odpi.openmetadata.frameworks.openmetadata.ffdc,2,1,2.0,1.3862943611198906
org.odpi.openmetadata.platformservices.client,org.odpi.openmetadata.frameworks.connectors,2,1,2.0,1.3862943611198906
org.odpi.openmetadata.adapters.connectors.integration.basicfiles,org.odpi.openmetadata.repositoryservices.ffdc.exception,2,1,2.0,1.3862943611198906
org.odpi.openmetadata.commonservices.ffdc.rest,org.odpi.openmetadata.frameworks.openmetadata.properties.governance.governanceactions,2,1,2.0,1.3862943611198906
org.odpi.openmetadata.adapters.connectors.surveyaction.surveyfolder,org.odpi.openmetadata.frameworks.opengovernance,2,1,2.0,1.3862943611198906
org.odpi.openmetadata.adapters.connectors.externalharvesters.harvestopenmetadata,org.odpi.openmetadata.frameworks.openmetadata.properties.schema,2,1,2.0,1.3862943611198906
org.odpi.openmetadata.adapters.connectors.surveyaction.surveyfile,org.odpi.openmetadata.frameworks.opengovernance,2,1,2.0,1.3862943611198906
org.odpi.openmetadata.engineservices.watchdogaction.handlers,org.odpi.openmetadata.frameworks.opengovernance.properties,2,1,2.0,1.3862943611198906
org.odpi.openmetadata.adapters.connectors.externalharvesters.harvestopenmetadata,org.odpi.openmetadata.frameworks.openmetadata.properties.externalidentifiers,2,1,2.0,1.3862943611198906
org.odpi.openmetadata.conformance.client,org.odpi.openmetadata.frameworks.connectors,2,1,2.0,1.3862943611198906
org.odpi.openmetadata.adapters.connectors.externalharvesters.harvestopenmetadata,org.odpi.openmetadata.frameworks.openmetadata.properties.glossaries,2,1,2.0,1.3862943611198906
org.odpi.openmetadata.frameworkservices.gaf.client,org.odpi.openmetadata.frameworks.openmetadata.properties,2,1,2.0,1.3862943611198906
org.odpi.openmetadata.adapters.connectors.unitycatalog.survey,org.odpi.openmetadata.frameworks.opengovernance,2,1,2.0,1.3862943611198906
org.odpi.openmetadata.governanceservers.integrationdaemonservices.client,org.odpi.openmetadata.frameworks.connectors,2,1,2.0,1.3862943611198906
org.odpi.openmetadata.adapters.connectors.dynamicarchivers.glossary,org.odpi.openmetadata.frameworks.connectors,2,1,2.0,1.3862943611198906
org.odpi.openmetadata.frameworks.opengovernance.connectorcontext,org.odpi.openmetadata.frameworks.openmetadata.properties,2,1,2.0,1.3862943611198906
org.odpi.openmetadata.adapters.connectors.dynamicarchivers.glossary,org.odpi.openmetadata.frameworks.connectors.ffdc,2,1,2.0,1.3862943611198906
org.odpi.openmetadata.repositoryservices.connectors.stores.metadatacollectionstore.utilities,org.odpi.openmetadata.frameworks.openmetadata.search,2,1,2.0,1.3862943611198906
org.odpi.openmetadata.metadatasecurity.connectors,org.odpi.openmetadata.repositoryservices.auditlog,2,1,2.0,1.3862943611198906
org.odpi.openmetadata.frameworks.opengovernance.client,org.odpi.openmetadata.frameworks.openmetadata.properties,2,1,2.0,1.3862943611198906
org.odpi.openmetadata.frameworks.connectors.tabulardatasets,org.odpi.openmetadata.frameworks.openmetadata.types,1,1,1.0,0.6931471805599453
org.odpi.openmetadata.serveroperations.client.rest,org.odpi.openmetadata.frameworks.connectors,1,1,1.0,0.6931471805599453
org.odpi.openmetadata.accessservices.datamanager.fvt.events,org.odpi.openmetadata.frameworks.openmetadata.ffdc,1,1,1.0,0.6931471805599453
org.odpi.openmetadata.contentpacks.core.postgres,org.odpi.openmetadata.adapters.connectors.apachekafka.survey.controls,1,1,1.0,0.6931471805599453
org.odpi.openmetadata.governanceservers.enginehostservices.client,org.odpi.openmetadata.frameworks.connectors,1,1,1.0,0.6931471805599453
org.odpi.openmetadata.accessservices.assetowner.fvt.errorhandling,org.odpi.openmetadata.frameworks.openmetadata.ffdc,1,1,1.0,0.6931471805599453
org.odpi.openmetadata.adapters.connectors.egeriainfrastructure.extractor,org.odpi.openmetadata.repositoryservices.ffdc.exception,1,1,1.0,0.6931471805599453
org.odpi.openmetadata.frameworks.opengovernance.ffdc,org.odpi.openmetadata.frameworks.openmetadata.ffdc,1,1,1.0,0.6931471805599453
org.odpi.openmetadata.accessservices.digitalarchitecture.fvt.errorhandling,org.odpi.openmetadata.frameworks.openmetadata.ffdc,1,1,1.0,0.6931471805599453
org.odpi.openmetadata.frameworks.openmetadata.properties.collections,org.odpi.openmetadata.frameworks.openmetadata.properties.assets.reports,1,1,1.0,0.6931471805599453
org.odpi.openmetadata.viewservices.connectionmaker.server,org.odpi.openmetadata.adminservices.configuration.properties,1,1,1.0,0.6931471805599453
org.odpi.openmetadata.engineservices.governanceaction.client.rest,org.odpi.openmetadata.frameworks.connectors,1,1,1.0,0.6931471805599453
org.odpi.openmetadata.frameworks.openmetadata.mermaid,org.odpi.openmetadata.frameworks.openmetadata.properties.assets,1,1,1.0,0.6931471805599453
org.odpi.openmetadata.viewservices.schemamaker.server,org.odpi.openmetadata.adminservices.configuration.properties,1,1,1.0,0.6931471805599453
org.odpi.openmetadata.adapters.connectors.restclients,org.odpi.openmetadata.frameworks.connectors.ffdc,1,1,1.0,0.6931471805599453
org.odpi.openmetadata.accessservices.digitalarchitecture.fvt.validvalues,org.odpi.openmetadata.frameworks.openmetadata.ffdc,1,1,1.0,0.6931471805599453
org.odpi.openmetadata.adminservices.client.rest,org.odpi.openmetadata.frameworks.connectors,1,1,1.0,0.6931471805599453
org.odpi.openmetadata.frameworks.openmetadata.mermaid,org.odpi.openmetadata.frameworks.openmetadata.properties.externalidentifiers,1,1,1.0,0.6931471805599453
org.odpi.openmetadata.frameworks.openmetadata.mermaid,org.odpi.openmetadata.frameworks.openmetadata.properties.feedback,1,1,1.0,0.6931471805599453
org.odpi.openmetadata.engineservices.watchdogaction.handlers,org.odpi.openmetadata.frameworkservices.gaf.client.rest,1,1,1.0,0.6931471805599453
org.odpi.openmetadata.frameworks.integration.properties,org.odpi.openmetadata.frameworks.openmetadata.properties.assets.processes.connectors,1,1,1.0,0.6931471805599453
org.odpi.openmetadata.accessservices.assetmanager.fvt.externalidentifiers,org.odpi.openmetadata.frameworks.openmetadata.ffdc,1,1,1.0,0.6931471805599453
org.odpi.openmetadata.frameworks.openmetadata.mermaid,org.odpi.openmetadata.frameworks.openmetadata.properties.assets.processes.actions,1,1,1.0,0.6931471805599453
org.odpi.openmetadata.frameworks.opengovernance.connectorcontext,org.odpi.openmetadata.frameworks.opengovernance.properties,1,1,1.0,0.6931471805599453
org.odpi.openmetadata.frameworks.opengovernance.client,org.odpi.openmetadata.frameworks.openmetadata.events,1,1,1.0,0.6931471805599453
org.odpi.openmetadata.frameworks.opengovernance.connectorcontext,org.odpi.openmetadata.frameworks.openmetadata.metadataelements,1,1,1.0,0.6931471805599453
org.odpi.openmetadata.engineservices.repositorygovernance.connector,org.odpi.openmetadata.frameworks.openmetadata.properties,1,1,1.0,0.6931471805599453
org.odpi.openmetadata.contentpacks.core.egeria,org.odpi.openmetadata.adapters.connectors.egeriainfrastructure.platform,1,1,1.0,0.6931471805599453
org.odpi.openmetadata.adapters.connectors.egeriainfrastructure.extractor,org.odpi.openmetadata.commonservices.ffdc.rest,1,1,1.0,0.6931471805599453
org.odpi.openmetadata.serveroperations.client,org.odpi.openmetadata.frameworks.connectors,1,1,1.0,0.6931471805599453
org.odpi.openmetadata.frameworkservices.omf.handlers,org.odpi.openmetadata.repositoryservices.ffdc.exception,1,1,1.0,0.6931471805599453
org.odpi.openmetadata.frameworkservices.omf.client,org.odpi.openmetadata.frameworks.connectors.ffdc,1,1,1.0,0.6931471805599453
org.odpi.openmetadata.accessservices.assetconsumer.samples.readcsvfile,org.odpi.openmetadata.adapters.connectors.datastore.basicfile.ffdc.exception,1,1,1.0,0.6931471805599453
org.odpi.openmetadata.engineservices.watchdogaction.client.rest,org.odpi.openmetadata.frameworks.connectors,1,1,1.0,0.6931471805599453
org.odpi.openmetadata.engineservices.surveyaction.client,org.odpi.openmetadata.frameworks.connectors,1,1,1.0,0.6931471805599453
org.odpi.openmetadata.viewservices.governanceofficer.server,org.odpi.openmetadata.adminservices.configuration.properties,1,1,1.0,0.6931471805599453
org.odpi.openmetadata.accessservices.digitalarchitecture.fvt.connections,org.odpi.openmetadata.frameworks.openmetadata.ffdc,1,1,1.0,0.6931471805599453
org.odpi.openmetadata.repositoryservices.localrepository.repositorycontentmanager,org.odpi.openmetadata.frameworks.openmetadata.types,1,1,1.0,0.6931471805599453
org.odpi.openmetadata.samples.governanceactions.clinicaltrials.metadata,org.odpi.openmetadata.frameworks.connectors,1,1,1.0,0.6931471805599453
org.odpi.openmetadata.repositoryservices.metadatahighway,org.odpi.openmetadata.frameworks.connectors.ffdc,1,1,1.0,0.6931471805599453
org.odpi.openmetadata.viewservices.automatedcuration.server,org.odpi.openmetadata.adminservices.configuration.properties,1,1,1.0,0.6931471805599453
org.odpi.openmetadata.viewservices.assetmaker.server,org.odpi.openmetadata.adminservices.configuration.properties,1,1,1.0,0.6931471805599453
org.odpi.openmetadata.adapters.connectors.egeriainfrastructure.servers,org.odpi.openmetadata.repositoryservices.ffdc.exception,1,1,1.0,0.6931471805599453
org.odpi.openmetadata.engineservices.governanceaction.handlers,org.odpi.openmetadata.frameworks.opengovernance.connectorcontext,1,1,1.0,0.6931471805599453
org.odpi.openmetadata.frameworks.openmetadata.properties.projects,org.odpi.openmetadata.frameworks.openmetadata.properties.collections,1,1,1.0,0.6931471805599453
org.odpi.openmetadata.viewservices.productmanager.server.spring,org.odpi.openmetadata.commonservices.ffdc,1,1,1.0,0.6931471805599453
org.odpi.openmetadata.adapters.connectors.integration.jdbc,org.odpi.openmetadata.frameworks.openmetadata.connectorcontext,1,1,1.0,0.6931471805599453
org.odpi.openmetadata.viewservices.productmanager.server.spring,org.odpi.openmetadata.frameworks.openmetadata.handlers,1,1,1.0,0.6931471805599453
org.odpi.openmetadata.viewservices.productmanager.server.spring,org.odpi.openmetadata.frameworks.openmetadata.properties.digitalbusiness,1,1,1.0,0.6931471805599453
org.odpi.openmetadata.accessservices.datamanager.fvt.connections,org.odpi.openmetadata.frameworks.openmetadata.ffdc,1,1,1.0,0.6931471805599453
org.odpi.openmetadata.adapters.repositoryservices.postgres.repositoryconnector.schema,org.odpi.openmetadata.frameworks.openmetadata.types,1,1,1.0,0.6931471805599453
org.odpi.openmetadata.contentpacks.core.egeria,org.odpi.openmetadata.adapters.connectors.secretsstore.yaml,1,1,1.0,0.6931471805599453
org.odpi.openmetadata.adapters.connectors.egeriainfrastructure.platform,org.odpi.openmetadata.commonservices.ffdc.rest,1,1,1.0,0.6931471805599453
org.odpi.openmetadata.viewservices.externallinks.server,org.odpi.openmetadata.adminservices.configuration.properties,1,1,1.0,0.6931471805599453
org.odpi.openmetadata.contentpacks.core.egeria,org.odpi.openmetadata.repositoryservices.connectors.stores.metadatacollectionstore.properties.instances,1,1,1.0,0.6931471805599453
org.odpi.openmetadata.viewservices.dataengineer.server,org.odpi.openmetadata.frameworks.openmetadata.client,1,1,1.0,0.6931471805599453
org.odpi.openmetadata.contentpacks.core.egeria,org.odpi.openmetadata.frameworks.openmetadata.controls,1,1,1.0,0.6931471805599453
org.odpi.openmetadata.contentpacks.core.egeria,org.odpi.openmetadata.frameworks.connectors.controls,1,1,1.0,0.6931471805599453
org.odpi.openmetadata.viewservices.dataengineer.server,org.odpi.openmetadata.frameworkservices.omf.client,1,1,1.0,0.6931471805599453
org.odpi.openmetadata.viewservices.collectionmanager.server,org.odpi.openmetadata.adminservices.configuration.properties,1,1,1.0,0.6931471805599453
org.odpi.openmetadata.viewservices.metadataexpert.server,org.odpi.openmetadata.adminservices.configuration.properties,1,1,1.0,0.6931471805599453
org.odpi.openmetadata.frameworks.openmetadata.mermaid,org.odpi.openmetadata.frameworks.openmetadata.properties.externalreferences,1,1,1.0,0.6931471805599453
org.odpi.openmetadata.accessservices.assetmanager.fvt.glossaries,org.odpi.openmetadata.frameworks.openmetadata.ffdc,1,1,1.0,0.6931471805599453
org.odpi.openmetadata.frameworks.openmetadata.mermaid,org.odpi.openmetadata.frameworks.openmetadata.properties.collections,1,1,1.0,0.6931471805599453
org.odpi.openmetadata.frameworks.openmetadata.properties.datadictionaries,org.odpi.openmetadata.frameworks.openmetadata.properties.governance,1,1,1.0,0.6931471805599453
org.odpi.openmetadata.adapters.connectors.jacquard.solutionblueprint,org.odpi.openmetadata.adapters.connectors,1,1,1.0,0.6931471805599453
org.odpi.openmetadata.repositoryservices.connectors.openmetadatatopic,org.odpi.openmetadata.repositoryservices.auditlog,1,1,1.0,0.6931471805599453
org.odpi.openmetadata.frameworks.openmetadata.properties.datadictionaries,org.odpi.openmetadata.frameworks.openmetadata.properties.glossaries,1,1,1.0,0.6931471805599453
org.odpi.openmetadata.frameworks.connectors.ffdc,org.odpi.openmetadata.frameworks.auditlog,1,1,1.0,0.6931471805599453
org.odpi.openmetadata.repositoryservices.connectors.openmetadatatopic,org.odpi.openmetadata.repositoryservices.events,1,1,1.0,0.6931471805599453
org.odpi.openmetadata.frameworks.openmetadata.properties.datadictionaries,org.odpi.openmetadata.frameworks.openmetadata.properties.informationsupplychains,1,1,1.0,0.6931471805599453
org.odpi.openmetadata.engineservices.surveyaction.client.rest,org.odpi.openmetadata.frameworks.connectors,1,1,1.0,0.6931471805599453
org.odpi.openmetadata.frameworks.opengovernance,org.odpi.openmetadata.frameworks.opengovernance.controls,1,1,1.0,0.6931471805599453
org.odpi.openmetadata.frameworks.openmetadata.api,org.odpi.openmetadata.frameworks.openmetadata.specificationproperties,1,1,1.0,0.6931471805599453
org.odpi.openmetadata.viewservices.validmetadata.server,org.odpi.openmetadata.adminservices.configuration.properties,1,1,1.0,0.6931471805599453
org.odpi.openmetadata.adapters.connectors,org.odpi.openmetadata.frameworks.connectors,1,1,1.0,0.6931471805599453
org.odpi.openmetadata.accessservices.assetconsumer.samples.readavrofile,org.odpi.openmetadata.adapters.connectors.datastore.basicfile.ffdc.exception,1,1,1.0,0.6931471805599453
org.odpi.openmetadata.engineservices.repositorygovernance.client,org.odpi.openmetadata.frameworks.connectors,1,1,1.0,0.6931471805599453
org.odpi.openmetadata.accessservices.communityprofile.fvt.errorhandling,org.odpi.openmetadata.frameworks.openmetadata.ffdc,1,1,1.0,0.6931471805599453
org.odpi.openmetadata.frameworkservices.omf.client.rest,org.odpi.openmetadata.frameworks.connectors,1,1,1.0,0.6931471805599453
org.odpi.openmetadata.frameworks.openmetadata.properties.datadictionaries,org.odpi.openmetadata.frameworks.openmetadata.properties.designmodels,1,1,1.0,0.6931471805599453
org.odpi.openmetadata.accessservices.digitalarchitecture.fvt.locations,org.odpi.openmetadata.frameworks.openmetadata.ffdc,1,1,1.0,0.6931471805599453
org.odpi.openmetadata.accessservices.datamanager.fvt.databases,org.odpi.openmetadata.frameworks.openmetadata.ffdc,1,1,1.0,0.6931471805599453
org.odpi.openmetadata.repositoryservices.admin,org.odpi.openmetadata.repositoryservices.connectors.stores.metadatacollectionstore.properties.typedefs,1,1,1.0,0.6931471805599453
org.odpi.openmetadata.accessservices.communityprofile.fvt.validvalues,org.odpi.openmetadata.frameworks.openmetadata.ffdc,1,1,1.0,0.6931471805599453
org.odpi.openmetadata.viewservices.assetcatalog.server,org.odpi.openmetadata.frameworks.openmetadata.search,1,1,1.0,0.6931471805599453
org.odpi.openmetadata.frameworks.openmetadata.client,org.odpi.openmetadata.frameworks.openmetadata.specificationproperties,1,1,1.0,0.6931471805599453
org.odpi.openmetadata.samples.archiveutilities.governanceengines,org.odpi.openmetadata.adapters.connectors.governanceactions.stewardship,1,1,1.0,0.6931471805599453
org.odpi.openmetadata.accessservices.datamanager.fvt.validvalues,org.odpi.openmetadata.frameworks.openmetadata.ffdc,1,1,1.0,0.6931471805599453
org.odpi.openmetadata.adapters.connectors.apacheatlas.integration.modules,org.odpi.openmetadata.frameworks.connectors,1,1,1.0,0.6931471805599453
org.odpi.openmetadata.frameworks.integration.context,org.odpi.openmetadata.frameworks.connectors.properties.beans,1,1,1.0,0.6931471805599453
org.odpi.openmetadata.accessservices.assetmanager.fvt.errorhandling,org.odpi.openmetadata.frameworks.openmetadata.ffdc,1,1,1.0,0.6931471805599453
org.odpi.openmetadata.samples.archiveutilities.governanceengines,org.odpi.openmetadata.frameworks.opensurvey.controls,1,1,1.0,0.6931471805599453
org.odpi.openmetadata.viewservices.feedbackmanager.server,org.odpi.openmetadata.adminservices.configuration.properties,1,1,1.0,0.6931471805599453
org.odpi.openmetadata.adapters.connectors.dynamicarchivers,org.odpi.openmetadata.repositoryservices.auditlog,1,1,1.0,0.6931471805599453
org.odpi.openmetadata.engineservices.governanceaction.listener,org.odpi.openmetadata.engineservices.governanceaction.handlers,1,1,1.0,0.6931471805599453
org.odpi.openmetadata.conformance.tests.repository.connector,org.odpi.openmetadata.repositoryservices.ffdc.exception,1,1,1.0,0.6931471805599453
org.odpi.openmetadata.viewservices.lineagelinker.server,org.odpi.openmetadata.adminservices.configuration.properties,1,1,1.0,0.6931471805599453
org.odpi.openmetadata.frameworks.openmetadata.metadataelements,org.odpi.openmetadata.frameworks.openmetadata.properties.glossaries,1,1,1.0,0.6931471805599453
org.odpi.openmetadata.engineservices.repositorygovernance.client.rest,org.odpi.openmetadata.frameworks.connectors,1,1,1.0,0.6931471805599453
org.odpi.openmetadata.frameworks.openmetadata.mermaid,org.odpi.openmetadata.frameworks.openmetadata.properties.validvalues,1,1,1.0,0.6931471805599453
org.odpi.openmetadata.frameworks.openmetadata.mermaid,org.odpi.openmetadata.frameworks.openmetadata.properties.governance.governanceactions,1,1,1.0,0.6931471805599453
org.odpi.openmetadata.adapters.connectors.externalharvesters.harvestopenmetadata,org.odpi.openmetadata.adapters.connectors.resource.jdbc.properties,1,1,1.0,0.6931471805599453
org.odpi.openmetadata.contentpacks.core.apachekafka,org.odpi.openmetadata.adapters.connectors.apacheatlas.survey.controls,1,1,1.0,0.6931471805599453
org.odpi.openmetadata.frameworks.openmetadata.mermaid,org.odpi.openmetadata.frameworks.openmetadata.properties.resources,1,1,1.0,0.6931471805599453
org.odpi.openmetadata.frameworks.openmetadata.mermaid,org.odpi.openmetadata.frameworks.openmetadata.properties.surveyreports,1,1,1.0,0.6931471805599453
org.odpi.openmetadata.frameworkservices.ocf.metadatamanagement.server.spring,org.odpi.openmetadata.frameworks.connectors.properties.beans,1,1,1.0,0.6931471805599453
org.odpi.openmetadata.accessservices.assetowner.fvt.connections,org.odpi.openmetadata.frameworks.openmetadata.ffdc,1,1,1.0,0.6931471805599453
org.odpi.openmetadata.adapters.repositoryservices.postgres.repositoryconnector.database,org.odpi.openmetadata.frameworks.openmetadata.ffdc,1,1,1.0,0.6931471805599453
org.odpi.openmetadata.viewservices.classificationexplorer.server,org.odpi.openmetadata.adminservices.configuration.properties,1,1,1.0,0.6931471805599453
org.odpi.openmetadata.governanceservers.integrationdaemonservices.listener,org.odpi.openmetadata.frameworks.openmetadata.ffdc,1,1,1.0,0.6931471805599453
org.odpi.openmetadata.frameworks.openmetadata.mermaid,org.odpi.openmetadata.frameworks.openmetadata.properties.connections,1,1,1.0,0.6931471805599453
org.odpi.openmetadata.viewservices.actormanager.server,org.odpi.openmetadata.adminservices.configuration.properties,1,1,1.0,0.6931471805599453
org.odpi.openmetadata.accessservices.communityprofile.fvt.todos,org.odpi.openmetadata.frameworks.openmetadata.ffdc,1,1,1.0,0.6931471805599453
org.odpi.openmetadata.frameworks.openmetadata.mermaid,org.odpi.openmetadata.frameworks.openmetadata.properties.assets.processes.connectors,1,1,1.0,0.6931471805599453
org.odpi.openmetadata.adapters.connectors.externalharvesters.harvestopenmetadata,org.odpi.openmetadata.frameworks.openmetadata.properties.security,1,1,1.0,0.6931471805599453
org.odpi.openmetadata.frameworkservices.ocf.metadatamanagement.server,org.odpi.openmetadata.repositoryservices.connectors.stores.metadatacollectionstore.properties.instances,1,1,1.0,0.6931471805599453
org.odpi.openmetadata.frameworkservices.gaf.rest,org.odpi.openmetadata.repositoryservices.rest.properties,1,1,1.0,0.6931471805599453
org.odpi.openmetadata.governanceservers.enginehostservices.threads,org.odpi.openmetadata.frameworks.openmetadata.ffdc,1,1,1.0,0.6931471805599453
org.odpi.openmetadata.accessservices.datamanager.fvt.errorhandling,org.odpi.openmetadata.frameworks.openmetadata.ffdc,1,1,1.0,0.6931471805599453
org.odpi.openmetadata.engineservices.governanceaction.client,org.odpi.openmetadata.frameworks.connectors,1,1,1.0,0.6931471805599453
org.odpi.openmetadata.repositoryservices.metadatahighway.cohortregistry,org.odpi.openmetadata.frameworks.openmetadata.ffdc,1,1,1.0,0.6931471805599453
org.odpi.openmetadata.repositoryservices.connectors.stores.metadatacollectionstore,org.odpi.openmetadata.repositoryservices.connectors.omrstopic,1,1,1.0,0.6931471805599453
org.odpi.openmetadata.accessservices.assetmanager.fvt.connections,org.odpi.openmetadata.frameworks.openmetadata.ffdc,1,1,1.0,0.6931471805599453
org.odpi.openmetadata.viewservices.timekeeper.server,org.odpi.openmetadata.adminservices.configuration.properties,1,1,1.0,0.6931471805599453
org.odpi.openmetadata.platformservices.client,org.odpi.openmetadata.frameworks.connectors.properties.users,1,1,1.0,0.6931471805599453
org.odpi.openmetadata.repositoryservices.clients,org.odpi.openmetadata.repositoryservices.properties,1,1,1.0,0.6931471805599453
org.odpi.openmetadata.repositoryservices.clients,org.odpi.openmetadata.frameworks.auditlog.messagesets,1,1,1.0,0.6931471805599453
org.odpi.openmetadata.adminservices.properties,org.odpi.openmetadata.adminservices.rest,1,1,1.0,0.6931471805599453
org.odpi.openmetadata.governanceservers.enginehostservices.client.rest,org.odpi.openmetadata.frameworks.connectors,1,1,1.0,0.6931471805599453
org.odpi.openmetadata.engineservices.watchdogaction.client,org.odpi.openmetadata.frameworks.connectors,1,1,1.0,0.6931471805599453
org.odpi.openmetadata.contentpacks.core.core,org.odpi.openmetadata.repositoryservices.connectors.stores.metadatacollectionstore.properties,1,1,1.0,0.6931471805599453
org.odpi.openmetadata.accessservices.communityprofile.fvt.locations,org.odpi.openmetadata.frameworks.openmetadata.ffdc,1,1,1.0,0.6931471805599453
