packageA,packageB,CODE-DEPENDENCY,CO-DEPENDENCY,CATEGORY
org.odpi.openmetadata.adapters.repositoryservices.inmemory.repositoryconnector,org.odpi.openmetadata.adapters.repositoryservices.rest.repositoryconnector,LOW,HIGH,HIDDEN_DEPENDENCY
org.odpi.openmetadata.repositoryservices.clients,org.odpi.openmetadata.repositoryservices.rest.server.spring,LOW,HIGH,HIDDEN_DEPENDENCY
org.odpi.openmetadata.adapters.repositoryservices.rest.repositoryconnector,org.odpi.openmetadata.repositoryservices.rest.server,LOW,HIGH,HIDDEN_DEPENDENCY
org.odpi.openmetadata.metadatasecurity.connectors,org.odpi.openmetadata.metadatasecurity.server,LOW,HIGH,HIDDEN_DEPENDENCY
org.odpi.openmetadata.adapters.connectors.governanceactions.ffdc,org.odpi.openmetadata.adapters.connectors.governanceactions.provisioning,LOW,HIGH,HIDDEN_DEPENDENCY
org.odpi.openmetadata.adminservices.client,org.odpi.openmetadata.adminservices.spring,LOW,HIGH,HIDDEN_DEPENDENCY
org.odpi.openmetadata.platformservices.client,org.odpi.openmetadata.platformservices.server,LOW,HIGH,HIDDEN_DEPENDENCY
org.odpi.openmetadata.repositoryservices.connectors.stores.metadatacollectionstore.repositoryconnector,org.odpi.openmetadata.repositoryservices.localrepository.repositorycontentmanager,LOW,HIGH,HIDDEN_DEPENDENCY
org.odpi.openmetadata.repositoryservices.enterprise.repositoryconnector,org.odpi.openmetadata.repositoryservices.localrepository.repositoryconnector,LOW,HIGH,HIDDEN_DEPENDENCY
org.odpi.openmetadata.adapters.repositoryservices.inmemory.repositoryconnector,org.odpi.openmetadata.repositoryservices.enterprise.repositoryconnector,LOW,HIGH,HIDDEN_DEPENDENCY
org.odpi.openmetadata.repositoryservices.enterprise.connectormanager,org.odpi.openmetadata.repositoryservices.enterprise.repositoryconnector,LOW,HIGH,HIDDEN_DEPENDENCY
org.odpi.openmetadata.adapters.repositoryservices.postgres.repositoryconnector,org.odpi.openmetadata.adapters.repositoryservices.postgres.repositoryconnector.database,HIGH,HIGH,NORMAL or OVERCOUPLED
org.odpi.openmetadata.repositoryservices.connectors.stores.metadatacollectionstore,org.odpi.openmetadata.repositoryservices.localrepository.repositoryconnector,HIGH,HIGH,NORMAL or OVERCOUPLED
org.odpi.openmetadata.platformservices.server,org.odpi.openmetadata.platformservices.server.spring,HIGH,HIGH,NORMAL or OVERCOUPLED
org.odpi.openmetadata.repositoryservices.connectors.stores.metadatacollectionstore,org.odpi.openmetadata.repositoryservices.enterprise.repositoryconnector,HIGH,HIGH,NORMAL or OVERCOUPLED
org.odpi.openmetadata.adapters.repositoryservices.inmemory.repositoryconnector,org.odpi.openmetadata.repositoryservices.connectors.stores.metadatacollectionstore,HIGH,HIGH,NORMAL or OVERCOUPLED
org.odpi.openmetadata.adapters.repositoryservices.rest.repositoryconnector,org.odpi.openmetadata.repositoryservices.connectors.stores.metadatacollectionstore,HIGH,HIGH,NORMAL or OVERCOUPLED
org.odpi.openmetadata.opentypes,org.odpi.openmetadata.repositoryservices.archiveutilities,HIGH,LOW,CAN BE INCONSISTENT
org.odpi.openmetadata.opentypes,org.odpi.openmetadata.repositoryservices.connectors.stores.metadatacollectionstore.properties.typedefs,HIGH,LOW,CAN BE INCONSISTENT
org.odpi.openmetadata.frameworks.openmetadata.handlers,org.odpi.openmetadata.frameworks.openmetadata.search,HIGH,LOW,CAN BE INCONSISTENT
org.odpi.openmetadata.conformance.tests.repository.instances,org.odpi.openmetadata.repositoryservices.connectors.stores.metadatacollectionstore.properties.instances,HIGH,LOW,CAN BE INCONSISTENT
org.odpi.openmetadata.commonservices.generichandlers,org.odpi.openmetadata.repositoryservices.connectors.stores.metadatacollectionstore.properties.instances,HIGH,LOW,CAN BE INCONSISTENT
org.odpi.openmetadata.frameworks.openmetadata.types,org.odpi.openmetadata.opentypes,HIGH,LOW,CAN BE INCONSISTENT
org.odpi.openmetadata.frameworks.openmetadata.builders,org.odpi.openmetadata.frameworks.openmetadata.search,HIGH,LOW,CAN BE INCONSISTENT
org.odpi.openmetadata.frameworks.openmetadata.mermaid,org.odpi.openmetadata.frameworks.openmetadata.metadataelements,HIGH,LOW,CAN BE INCONSISTENT
org.odpi.openmetadata.repositoryservices.clients,org.odpi.openmetadata.repositoryservices.rest.properties,HIGH,LOW,CAN BE INCONSISTENT
org.odpi.openmetadata.frameworks.openmetadata.ffdc,org.odpi.openmetadata.frameworks.openmetadata.handlers,HIGH,LOW,CAN BE INCONSISTENT
org.odpi.openmetadata.repositoryservices.connectors.stores.metadatacollectionstore.properties.instances,org.odpi.openmetadata.samples.archiveutilities,HIGH,LOW,CAN BE INCONSISTENT
org.odpi.openmetadata.frameworks.openmetadata.connectorcontext,org.odpi.openmetadata.frameworks.openmetadata.ffdc,HIGH,LOW,CAN BE INCONSISTENT
org.odpi.openmetadata.repositoryservices.connectors.stores.metadatacollectionstore.properties.instances,org.odpi.openmetadata.repositoryservices.localrepository.repositorycontentmanager,HIGH,LOW,CAN BE INCONSISTENT
org.odpi.openmetadata.repositoryservices.eventmanagement,org.odpi.openmetadata.repositoryservices.events,HIGH,LOW,CAN BE INCONSISTENT
org.odpi.openmetadata.repositoryservices.rest.properties,org.odpi.openmetadata.repositoryservices.rest.server,HIGH,LOW,CAN BE INCONSISTENT
org.odpi.openmetadata.frameworks.openmetadata.converters,org.odpi.openmetadata.frameworks.openmetadata.types,HIGH,LOW,CAN BE INCONSISTENT
org.odpi.openmetadata.repositoryservices.archiveutilities,org.odpi.openmetadata.repositoryservices.connectors.stores.metadatacollectionstore.properties.typedefs,HIGH,LOW,CAN BE INCONSISTENT
org.odpi.openmetadata.frameworks.openmetadata.connectorcontext,org.odpi.openmetadata.frameworks.openmetadata.handlers,HIGH,LOW,CAN BE INCONSISTENT
org.odpi.openmetadata.frameworks.openmetadata.connectorcontext,org.odpi.openmetadata.frameworks.openmetadata.search,HIGH,LOW,CAN BE INCONSISTENT
org.odpi.openmetadata.repositoryservices.connectors.stores.metadatacollectionstore.properties.instances,org.odpi.openmetadata.repositoryservices.connectors.stores.metadatacollectionstore.utilities,HIGH,LOW,CAN BE INCONSISTENT
org.odpi.openmetadata.adminservices.configuration.properties,org.odpi.openmetadata.adminservices.server,HIGH,LOW,CAN BE INCONSISTENT
org.odpi.openmetadata.commonservices.repositoryhandler,org.odpi.openmetadata.repositoryservices.connectors.stores.metadatacollectionstore.properties.instances,HIGH,LOW,CAN BE INCONSISTENT
org.odpi.openmetadata.repositoryservices.archiveutilities,org.odpi.openmetadata.samples.archiveutilities,HIGH,LOW,CAN BE INCONSISTENT
org.odpi.openmetadata.adapters.connectors.apacheatlas.integration.modules,org.odpi.openmetadata.adapters.connectors.apacheatlas.resource.properties,HIGH,LOW,CAN BE INCONSISTENT
org.odpi.openmetadata.frameworks.openmetadata.handlers,org.odpi.openmetadata.frameworks.openmetadata.metadataelements,HIGH,LOW,CAN BE INCONSISTENT
org.odpi.openmetadata.adapters.repositoryservices.inmemory.repositoryconnector,org.odpi.openmetadata.repositoryservices.connectors.stores.metadatacollectionstore.properties.instances,HIGH,LOW,CAN BE INCONSISTENT
org.odpi.openmetadata.repositoryservices.connectors.stores.metadatacollectionstore.properties.typedefs,org.odpi.openmetadata.repositoryservices.localrepository.repositorycontentmanager,HIGH,LOW,CAN BE INCONSISTENT
org.odpi.openmetadata.commonservices.ffdc.rest,org.odpi.openmetadata.viewservices.classificationexplorer.server,HIGH,LOW,CAN BE INCONSISTENT
org.odpi.openmetadata.frameworks.openmetadata.handlers,org.odpi.openmetadata.frameworks.openmetadata.properties,HIGH,LOW,CAN BE INCONSISTENT
org.odpi.openmetadata.conformance.tests.repository.instances,org.odpi.openmetadata.repositoryservices.connectors.stores.metadatacollectionstore.properties.typedefs,HIGH,LOW,CAN BE INCONSISTENT
org.odpi.openmetadata.frameworks.openmetadata.types,org.odpi.openmetadata.samples.archiveutilities,HIGH,LOW,CAN BE INCONSISTENT
org.odpi.openmetadata.frameworks.openmetadata.handlers,org.odpi.openmetadata.frameworks.openmetadata.types,HIGH,LOW,CAN BE INCONSISTENT
org.odpi.openmetadata.adminservices.server,org.odpi.openmetadata.commonservices.ffdc,HIGH,LOW,CAN BE INCONSISTENT
org.odpi.openmetadata.frameworks.openmetadata.client,org.odpi.openmetadata.frameworks.openmetadata.handlers,HIGH,LOW,CAN BE INCONSISTENT
org.odpi.openmetadata.frameworks.openmetadata.builders,org.odpi.openmetadata.frameworks.openmetadata.types,HIGH,LOW,CAN BE INCONSISTENT
org.odpi.openmetadata.repositoryservices.enterprise.repositoryconnector.accumulators,org.odpi.openmetadata.repositoryservices.enterprise.repositoryconnector.executors,HIGH,LOW,CAN BE INCONSISTENT
org.odpi.openmetadata.commonservices.ffdc,org.odpi.openmetadata.viewservices.classificationexplorer.server,HIGH,LOW,CAN BE INCONSISTENT
org.odpi.openmetadata.repositoryservices.connectors.stores.metadatacollectionstore.properties.instances,org.odpi.openmetadata.repositoryservices.localrepository.repositoryconnector,HIGH,LOW,CAN BE INCONSISTENT
org.odpi.openmetadata.conformance.beans,org.odpi.openmetadata.conformance.tests.repository.instances,HIGH,LOW,CAN BE INCONSISTENT
org.odpi.openmetadata.adminservices.server,org.odpi.openmetadata.commonservices.ffdc.rest,HIGH,LOW,CAN BE INCONSISTENT
org.odpi.openmetadata.repositoryservices.connectors.stores.metadatacollectionstore,org.odpi.openmetadata.repositoryservices.ffdc.exception,HIGH,LOW,CAN BE INCONSISTENT
org.odpi.openmetadata.frameworks.openmetadata.converters,org.odpi.openmetadata.frameworks.openmetadata.metadataelements,HIGH,LOW,CAN BE INCONSISTENT
org.odpi.openmetadata.adapters.repositoryservices.postgres.repositoryconnector,org.odpi.openmetadata.repositoryservices.connectors.stores.metadatacollectionstore.properties.instances,HIGH,LOW,CAN BE INCONSISTENT
org.odpi.openmetadata.frameworks.openmetadata.converters,org.odpi.openmetadata.frameworks.openmetadata.properties,HIGH,LOW,CAN BE INCONSISTENT
org.odpi.openmetadata.commonservices.generichandlers,org.odpi.openmetadata.frameworks.openmetadata.types,HIGH,LOW,CAN BE INCONSISTENT
org.odpi.openmetadata.repositoryservices.connectors.omrstopic,org.odpi.openmetadata.repositoryservices.events,HIGH,LOW,CAN BE INCONSISTENT
org.odpi.openmetadata.commonservices.ffdc.rest,org.odpi.openmetadata.viewservices.actormanager.server,HIGH,LOW,CAN BE INCONSISTENT
org.odpi.openmetadata.frameworks.openmetadata.converters,org.odpi.openmetadata.frameworks.openmetadata.properties.governance,HIGH,LOW,CAN BE INCONSISTENT
org.odpi.openmetadata.adapters.connectors.apacheatlas.resource,org.odpi.openmetadata.adapters.connectors.apacheatlas.resource.properties,HIGH,LOW,CAN BE INCONSISTENT
org.odpi.openmetadata.repositoryservices.connectors.stores.archivestore,org.odpi.openmetadata.samples.archiveutilities,HIGH,LOW,CAN BE INCONSISTENT
org.odpi.openmetadata.repositoryservices.events,org.odpi.openmetadata.repositoryservices.localrepository.repositoryconnector,HIGH,LOW,CAN BE INCONSISTENT
org.odpi.openmetadata.frameworks.openmetadata.client,org.odpi.openmetadata.frameworks.openmetadata.search,HIGH,LOW,CAN BE INCONSISTENT
org.odpi.openmetadata.commonservices.ffdc,org.odpi.openmetadata.repositoryservices.rest.server,HIGH,LOW,CAN BE INCONSISTENT
org.odpi.openmetadata.repositoryservices.ffdc.exception,org.odpi.openmetadata.repositoryservices.localrepository.repositoryconnector,HIGH,LOW,CAN BE INCONSISTENT
org.odpi.openmetadata.frameworks.openmetadata.search,org.odpi.openmetadata.frameworkservices.omf.server,HIGH,LOW,CAN BE INCONSISTENT
org.odpi.openmetadata.samples.archiveutilities.cloudinformationmodel,org.odpi.openmetadata.samples.archiveutilities.cloudinformationmodel.properties,HIGH,LOW,CAN BE INCONSISTENT
org.odpi.openmetadata.frameworks.openmetadata.enums,org.odpi.openmetadata.opentypes,HIGH,LOW,CAN BE INCONSISTENT
org.odpi.openmetadata.conformance.tests.repository,org.odpi.openmetadata.conformance.tests.repository.instances,HIGH,LOW,CAN BE INCONSISTENT
org.odpi.openmetadata.repositoryservices.clients,org.odpi.openmetadata.repositoryservices.ffdc.exception,HIGH,LOW,CAN BE INCONSISTENT
org.odpi.openmetadata.adapters.connectors.jacquard.productcatalog,org.odpi.openmetadata.frameworks.openmetadata.types,HIGH,LOW,CAN BE INCONSISTENT
org.odpi.openmetadata.commonservices.generichandlers,org.odpi.openmetadata.commonservices.repositoryhandler,HIGH,LOW,CAN BE INCONSISTENT
org.odpi.openmetadata.frameworks.openmetadata.handlers,org.odpi.openmetadata.viewservices.classificationexplorer.server,HIGH,LOW,CAN BE INCONSISTENT
org.odpi.openmetadata.accessservices.assetmanager.fvt.dataassets,org.odpi.openmetadata.fvt.utilities.exceptions,HIGH,LOW,CAN BE INCONSISTENT
org.odpi.openmetadata.commonservices.ffdc.rest,org.odpi.openmetadata.viewservices.assetmaker.server,HIGH,LOW,CAN BE INCONSISTENT
org.odpi.openmetadata.adapters.connectors.apacheatlas.integration.modules,org.odpi.openmetadata.frameworks.openmetadata.metadataelements,HIGH,LOW,CAN BE INCONSISTENT
org.odpi.openmetadata.adapters.repositoryservices,org.odpi.openmetadata.frameworks.connectors.properties.beans,HIGH,LOW,CAN BE INCONSISTENT
org.odpi.openmetadata.commonservices.generichandlers,org.odpi.openmetadata.frameworks.openmetadata.ffdc,HIGH,LOW,CAN BE INCONSISTENT
org.odpi.openmetadata.accessservices.assetowner.fvt.dataassets,org.odpi.openmetadata.fvt.utilities.exceptions,HIGH,LOW,CAN BE INCONSISTENT
org.odpi.openmetadata.frameworks.openmetadata.search,org.odpi.openmetadata.samples.governanceactions.clinicaltrials,HIGH,LOW,CAN BE INCONSISTENT
org.odpi.openmetadata.conformance.tests.repository.instances,org.odpi.openmetadata.repositoryservices.connectors.stores.metadatacollectionstore,HIGH,LOW,CAN BE INCONSISTENT
org.odpi.openmetadata.contentpacks.core.base,org.odpi.openmetadata.samples.archiveutilities,HIGH,LOW,CAN BE INCONSISTENT
org.odpi.openmetadata.commonservices.ffdc,org.odpi.openmetadata.viewservices.actormanager.server,HIGH,LOW,CAN BE INCONSISTENT
org.odpi.openmetadata.adapters.repositoryservices.inmemory.repositoryconnector,org.odpi.openmetadata.repositoryservices.connectors.stores.metadatacollectionstore.repositoryconnector,HIGH,LOW,CAN BE INCONSISTENT
org.odpi.openmetadata.conformance.tests.repository.types,org.odpi.openmetadata.repositoryservices.connectors.stores.metadatacollectionstore.properties.typedefs,HIGH,LOW,CAN BE INCONSISTENT
org.odpi.openmetadata.adapters.repositoryservices.postgres.repositoryconnector,org.odpi.openmetadata.repositoryservices.connectors.stores.metadatacollectionstore,HIGH,LOW,CAN BE INCONSISTENT
org.odpi.openmetadata.repositoryservices.connectors.stores.metadatacollectionstore.utilities,org.odpi.openmetadata.samples.archiveutilities,HIGH,LOW,CAN BE INCONSISTENT
org.odpi.openmetadata.contentpacks.core,org.odpi.openmetadata.frameworks.openmetadata.refdata,HIGH,LOW,CAN BE INCONSISTENT
org.odpi.openmetadata.frameworks.opengovernance,org.odpi.openmetadata.samples.governanceactions.clinicaltrials,HIGH,LOW,CAN BE INCONSISTENT
org.odpi.openmetadata.commonservices.ffdc.rest,org.odpi.openmetadata.viewservices.datadesigner.server,HIGH,LOW,CAN BE INCONSISTENT
org.odpi.openmetadata.frameworks.openmetadata.properties,org.odpi.openmetadata.frameworkservices.omf.server,HIGH,LOW,CAN BE INCONSISTENT
org.odpi.openmetadata.commonservices.ffdc.rest,org.odpi.openmetadata.viewservices.connectionmaker.server,HIGH,LOW,CAN BE INCONSISTENT
org.odpi.openmetadata.repositoryservices.archiveutilities,org.odpi.openmetadata.repositoryservices.connectors.stores.metadatacollectionstore.properties.instances,HIGH,LOW,CAN BE INCONSISTENT
org.odpi.openmetadata.adapters.repositoryservices.postgres.repositoryconnector,org.odpi.openmetadata.repositoryservices.connectors.stores.metadatacollectionstore.repositoryconnector,HIGH,LOW,CAN BE INCONSISTENT
org.odpi.openmetadata.contentpacks.core,org.odpi.openmetadata.frameworks.openmetadata.controls,HIGH,LOW,CAN BE INCONSISTENT
org.odpi.openmetadata.commonservices.ffdc.rest,org.odpi.openmetadata.viewservices.feedbackmanager.server,HIGH,LOW,CAN BE INCONSISTENT
org.odpi.openmetadata.adapters.connectors.jacquard,org.odpi.openmetadata.adapters.connectors.jacquard.productcatalog,HIGH,LOW,CAN BE INCONSISTENT
org.odpi.openmetadata.adapters.connectors,org.odpi.openmetadata.frameworks.openmetadata.refdata,HIGH,LOW,CAN BE INCONSISTENT
org.odpi.openmetadata.repositoryservices.connectors.stores.metadatacollectionstore.properties.typedefs,org.odpi.openmetadata.repositoryservices.connectors.stores.metadatacollectionstore.utilities,HIGH,LOW,CAN BE INCONSISTENT
org.odpi.openmetadata.commonservices.multitenant,org.odpi.openmetadata.viewservices.classificationexplorer.server,HIGH,LOW,CAN BE INCONSISTENT
org.odpi.openmetadata.commonservices.ffdc,org.odpi.openmetadata.viewservices.assetmaker.server,HIGH,LOW,CAN BE INCONSISTENT
org.odpi.openmetadata.commonservices.ffdc.rest,org.odpi.openmetadata.viewservices.collectionmanager.server,HIGH,LOW,CAN BE INCONSISTENT
org.odpi.openmetadata.commonservices.ffdc.rest,org.odpi.openmetadata.viewservices.solutionarchitect.server,HIGH,LOW,CAN BE INCONSISTENT
org.odpi.openmetadata.frameworks.openmetadata.properties,org.odpi.openmetadata.samples.governanceactions.clinicaltrials,HIGH,LOW,CAN BE INCONSISTENT
org.odpi.openmetadata.adapters.connectors.jacquard,org.odpi.openmetadata.frameworks.openmetadata.connectorcontext,HIGH,LOW,CAN BE INCONSISTENT
org.odpi.openmetadata.repositoryservices.connectors.stores.metadatacollectionstore,org.odpi.openmetadata.repositoryservices.connectors.stores.metadatacollectionstore.properties.typedefs,HIGH,LOW,CAN BE INCONSISTENT
org.odpi.openmetadata.adapters.connectors.externalharvesters.harvestsurveys,org.odpi.openmetadata.adapters.connectors.externalharvesters.harvestsurveys.schema,HIGH,LOW,CAN BE INCONSISTENT
org.odpi.openmetadata.conformance.beans,org.odpi.openmetadata.conformance.workbenches.repository,HIGH,LOW,CAN BE INCONSISTENT
org.odpi.openmetadata.commonservices.ffdc,org.odpi.openmetadata.viewservices.runtimemanager.server,HIGH,LOW,CAN BE INCONSISTENT
org.odpi.openmetadata.commonservices.ffdc,org.odpi.openmetadata.frameworkservices.omf.server,HIGH,LOW,CAN BE INCONSISTENT
org.odpi.openmetadata.commonservices.ffdc,org.odpi.openmetadata.viewservices.datadesigner.server,HIGH,LOW,CAN BE INCONSISTENT
org.odpi.openmetadata.repositoryservices.connectors.stores.metadatacollectionstore,org.odpi.openmetadata.repositoryservices.rest.server,HIGH,LOW,CAN BE INCONSISTENT
org.odpi.openmetadata.frameworks.openmetadata.builders,org.odpi.openmetadata.frameworks.openmetadata.handlers,HIGH,LOW,CAN BE INCONSISTENT
org.odpi.openmetadata.frameworks.auditlog,org.odpi.openmetadata.repositoryservices.rest.server,HIGH,LOW,CAN BE INCONSISTENT
org.odpi.openmetadata.adapters.connectors.integration.jdbc.transfer.requests,org.odpi.openmetadata.frameworks.openmetadata.connectorcontext,HIGH,LOW,CAN BE INCONSISTENT
org.odpi.openmetadata.adapters.repositoryservices.rest.repositoryconnector,org.odpi.openmetadata.repositoryservices.ffdc.exception,HIGH,LOW,CAN BE INCONSISTENT
org.odpi.openmetadata.frameworks.openmetadata.ffdc,org.odpi.openmetadata.repositoryservices.connectors.stores.metadatacollectionstore,HIGH,LOW,CAN BE INCONSISTENT
org.odpi.openmetadata.commonservices.ffdc,org.odpi.openmetadata.viewservices.solutionarchitect.server,HIGH,LOW,CAN BE INCONSISTENT
org.odpi.openmetadata.accessservices.datamanager.fvt.databases,org.odpi.openmetadata.fvt.utilities.exceptions,HIGH,LOW,CAN BE INCONSISTENT
org.odpi.openmetadata.adapters.connectors.unitycatalog.sync,org.odpi.openmetadata.frameworks.integration.iterator,HIGH,LOW,CAN BE INCONSISTENT
org.odpi.openmetadata.frameworks.openmetadata.connectorcontext,org.odpi.openmetadata.frameworks.openmetadata.properties,HIGH,LOW,CAN BE INCONSISTENT
org.odpi.openmetadata.repositoryservices.rest.properties,org.odpi.openmetadata.repositoryservices.rest.server.spring,HIGH,LOW,CAN BE INCONSISTENT
org.odpi.openmetadata.accessservices.communityprofile.fvt.validvalues,org.odpi.openmetadata.fvt.utilities.exceptions,HIGH,LOW,CAN BE INCONSISTENT
org.odpi.openmetadata.accessservices.datamanager.fvt.validvalues,org.odpi.openmetadata.fvt.utilities.exceptions,HIGH,LOW,CAN BE INCONSISTENT
org.odpi.openmetadata.accessservices.digitalarchitecture.fvt.validvalues,org.odpi.openmetadata.fvt.utilities.exceptions,HIGH,LOW,CAN BE INCONSISTENT
org.odpi.openmetadata.adapters.connectors.externalharvesters.harvestsurveys,org.odpi.openmetadata.frameworks.openmetadata.properties,HIGH,LOW,CAN BE INCONSISTENT
org.odpi.openmetadata.frameworks.openmetadata.types,org.odpi.openmetadata.samples.governanceactions.clinicaltrials,HIGH,LOW,CAN BE INCONSISTENT
org.odpi.openmetadata.commonservices.ffdc,org.odpi.openmetadata.viewservices.metadataexpert.server,HIGH,LOW,CAN BE INCONSISTENT
org.odpi.openmetadata.commonservices.ffdc,org.odpi.openmetadata.viewservices.connectionmaker.server,HIGH,LOW,CAN BE INCONSISTENT
org.odpi.openmetadata.adapters.connectors.postgres.survey,org.odpi.openmetadata.frameworks.opensurvey.measurements,HIGH,LOW,CAN BE INCONSISTENT
org.odpi.openmetadata.frameworkservices.omf.rest,org.odpi.openmetadata.frameworkservices.omf.server,HIGH,LOW,CAN BE INCONSISTENT
org.odpi.openmetadata.adminservices.configuration.properties,org.odpi.openmetadata.serveroperations.server,HIGH,LOW,CAN BE INCONSISTENT
org.odpi.openmetadata.adapters.connectors.unitycatalog.properties,org.odpi.openmetadata.adapters.connectors.unitycatalog.survey,HIGH,LOW,CAN BE INCONSISTENT
org.odpi.openmetadata.commonservices.ffdc.rest,org.odpi.openmetadata.viewservices.runtimemanager.server,HIGH,LOW,CAN BE INCONSISTENT
org.odpi.openmetadata.commonservices.generichandlers,org.odpi.openmetadata.repositoryservices.connectors.stores.metadatacollectionstore.repositoryconnector,HIGH,LOW,CAN BE INCONSISTENT
org.odpi.openmetadata.adapters.repositoryservices.postgres.repositoryconnector.database,org.odpi.openmetadata.adapters.repositoryservices.postgres.repositoryconnector.schema,HIGH,LOW,CAN BE INCONSISTENT
org.odpi.openmetadata.commonservices.generichandlers,org.odpi.openmetadata.frameworkservices.omf.handlers,HIGH,LOW,CAN BE INCONSISTENT
org.odpi.openmetadata.commonservices.ffdc,org.odpi.openmetadata.viewservices.feedbackmanager.server,HIGH,LOW,CAN BE INCONSISTENT
org.odpi.openmetadata.commonservices.ffdc,org.odpi.openmetadata.viewservices.collectionmanager.server,HIGH,LOW,CAN BE INCONSISTENT
org.odpi.openmetadata.accessservices.assetmanager.fvt.externalidentifiers,org.odpi.openmetadata.fvt.utilities.exceptions,HIGH,LOW,CAN BE INCONSISTENT
org.odpi.openmetadata.frameworks.openmetadata.connectorcontext,org.odpi.openmetadata.frameworks.openmetadata.reports,HIGH,LOW,CAN BE INCONSISTENT
org.odpi.openmetadata.commonservices.ffdc,org.odpi.openmetadata.commonservices.generichandlers,HIGH,LOW,CAN BE INCONSISTENT
org.odpi.openmetadata.repositoryservices.connectors.stores.metadatacollectionstore.repositoryconnector,org.odpi.openmetadata.repositoryservices.localrepository.repositoryconnector,HIGH,LOW,CAN BE INCONSISTENT
org.odpi.openmetadata.adapters.connectors.externalharvesters.harvestopenmetadata.schema,org.odpi.openmetadata.adapters.connectors.resource.jdbc.properties,HIGH,LOW,CAN BE INCONSISTENT
org.odpi.openmetadata.adapters.connectors.apacheatlas.integration.modules,org.odpi.openmetadata.frameworks.openmetadata.connectorcontext,HIGH,LOW,CAN BE INCONSISTENT
org.odpi.openmetadata.adapters.connectors.integration.jdbc.transfer.requests,org.odpi.openmetadata.frameworks.auditlog,HIGH,LOW,CAN BE INCONSISTENT
org.odpi.openmetadata.frameworks.openmetadata.connectorcontext,org.odpi.openmetadata.samples.governanceactions.clinicaltrials,HIGH,LOW,CAN BE INCONSISTENT
org.odpi.openmetadata.commonservices.ffdc.rest,org.odpi.openmetadata.frameworks.openmetadata.search,HIGH,LOW,CAN BE INCONSISTENT
org.odpi.openmetadata.frameworks.openmetadata.search,org.odpi.openmetadata.frameworks.opensurvey,HIGH,LOW,CAN BE INCONSISTENT
org.odpi.openmetadata.adapters.connectors.jacquard,org.odpi.openmetadata.frameworks.openmetadata.search,HIGH,LOW,CAN BE INCONSISTENT
org.odpi.openmetadata.commonservices.repositoryhandler,org.odpi.openmetadata.frameworks.openmetadata.ffdc,HIGH,LOW,CAN BE INCONSISTENT
org.odpi.openmetadata.frameworks.opengovernance,org.odpi.openmetadata.frameworks.openmetadata.search,HIGH,LOW,CAN BE INCONSISTENT
org.odpi.openmetadata.adminservices.configuration.registration,org.odpi.openmetadata.adminservices.server,HIGH,LOW,CAN BE INCONSISTENT
org.odpi.openmetadata.repositoryservices.rest.server,org.odpi.openmetadata.repositoryservices.rest.server.spring,HIGH,LOW,CAN BE INCONSISTENT
org.odpi.openmetadata.repositoryservices.connectors.stores.metadatacollectionstore,org.odpi.openmetadata.repositoryservices.connectors.stores.metadatacollectionstore.properties.instances,HIGH,LOW,CAN BE INCONSISTENT
org.odpi.openmetadata.adapters.repositoryservices.postgres.repositoryconnector.mappers,org.odpi.openmetadata.repositoryservices.connectors.stores.metadatacollectionstore.properties.instances,HIGH,LOW,CAN BE INCONSISTENT
org.odpi.openmetadata.repositoryservices.connectors.stores.metadatacollectionstore.properties.instances,org.odpi.openmetadata.repositoryservices.events,HIGH,LOW,CAN BE INCONSISTENT
org.odpi.openmetadata.repositoryservices.ffdc.exception,org.odpi.openmetadata.repositoryservices.localrepository.repositorycontentmanager,HIGH,LOW,CAN BE INCONSISTENT
org.odpi.openmetadata.accessservices.datamanager.fvt.events,org.odpi.openmetadata.fvt.utilities.exceptions,HIGH,LOW,CAN BE INCONSISTENT
org.odpi.openmetadata.adminservices.server,org.odpi.openmetadata.tokencontroller,HIGH,LOW,CAN BE INCONSISTENT
org.odpi.openmetadata.archiveutilities.designmodels.base,org.odpi.openmetadata.repositoryservices.archiveutilities,HIGH,LOW,CAN BE INCONSISTENT
org.odpi.openmetadata.frameworks.openmetadata.converters,org.odpi.openmetadata.frameworks.openmetadata.properties.surveyreports,HIGH,LOW,CAN BE INCONSISTENT
org.odpi.openmetadata.repositoryservices.connectors.stores.metadatacollectionstore.properties.instances,org.odpi.openmetadata.repositoryservices.rest.properties,HIGH,LOW,CAN BE INCONSISTENT
org.odpi.openmetadata.commonservices.multitenant,org.odpi.openmetadata.viewservices.actormanager.server,HIGH,LOW,CAN BE INCONSISTENT
org.odpi.openmetadata.frameworks.openmetadata.search,org.odpi.openmetadata.frameworkservices.omf.rest,HIGH,LOW,CAN BE INCONSISTENT
org.odpi.openmetadata.commonservices.ffdc.rest,org.odpi.openmetadata.viewservices.glossarymanager.server,HIGH,LOW,CAN BE INCONSISTENT
org.odpi.openmetadata.adapters.connectors.secretsstore.yaml,org.odpi.openmetadata.frameworks.connectors.properties.users,HIGH,LOW,CAN BE INCONSISTENT
org.odpi.openmetadata.repositoryservices.rest.server,org.odpi.openmetadata.repositoryservices.rest.services,HIGH,LOW,CAN BE INCONSISTENT
org.odpi.openmetadata.commonservices.ffdc,org.odpi.openmetadata.viewservices.glossarymanager.server,HIGH,LOW,CAN BE INCONSISTENT
org.odpi.openmetadata.commonservices.ffdc,org.odpi.openmetadata.frameworks.openmetadata.ffdc,HIGH,LOW,CAN BE INCONSISTENT
org.odpi.openmetadata.samples.archiveutilities.organization,org.odpi.openmetadata.samples.archiveutilities.sustainability,HIGH,LOW,CAN BE INCONSISTENT
org.odpi.openmetadata.adapters.connectors.integration.openlineage,org.odpi.openmetadata.frameworks.integration.openlineage,HIGH,LOW,CAN BE INCONSISTENT
org.odpi.openmetadata.frameworks.openmetadata.converters,org.odpi.openmetadata.frameworks.openmetadata.properties.actors,HIGH,LOW,CAN BE INCONSISTENT
org.odpi.openmetadata.commonservices.ffdc.rest,org.odpi.openmetadata.viewservices.datadiscovery.server,HIGH,LOW,CAN BE INCONSISTENT
org.odpi.openmetadata.adapters.repositoryservices.postgres.repositoryconnector,org.odpi.openmetadata.repositoryservices.ffdc.exception,HIGH,LOW,CAN BE INCONSISTENT
org.odpi.openmetadata.repositoryservices.connectors.stores.metadatacollectionstore.properties.instances,org.odpi.openmetadata.repositoryservices.enterprise.repositoryconnector.accumulators,HIGH,LOW,CAN BE INCONSISTENT
org.odpi.openmetadata.commonservices.ffdc.rest,org.odpi.openmetadata.viewservices.governanceofficer.server,HIGH,LOW,CAN BE INCONSISTENT
org.odpi.openmetadata.frameworks.openmetadata.mermaid,org.odpi.openmetadata.frameworks.openmetadata.properties,HIGH,LOW,CAN BE INCONSISTENT
org.odpi.openmetadata.frameworks.openmetadata.handlers,org.odpi.openmetadata.viewservices.actormanager.server,HIGH,LOW,CAN BE INCONSISTENT
org.odpi.openmetadata.commonservices.ffdc,org.odpi.openmetadata.viewservices.validmetadata.server,HIGH,LOW,CAN BE INCONSISTENT
org.odpi.openmetadata.adapters.connectors.egeriainfrastructure.platform.catalog,org.odpi.openmetadata.frameworks.openmetadata.metadataelements,HIGH,LOW,CAN BE INCONSISTENT
org.odpi.openmetadata.frameworks.openmetadata.ffdc,org.odpi.openmetadata.repositoryservices.clients,HIGH,LOW,CAN BE INCONSISTENT
org.odpi.openmetadata.adapters.connectors.jacquard,org.odpi.openmetadata.frameworks.openmetadata.properties,HIGH,LOW,CAN BE INCONSISTENT
org.odpi.openmetadata.commonservices.ffdc,org.odpi.openmetadata.viewservices.governanceofficer.server,HIGH,LOW,CAN BE INCONSISTENT
org.odpi.openmetadata.frameworks.openmetadata.converters,org.odpi.openmetadata.frameworks.openmetadata.properties.schema,HIGH,LOW,CAN BE INCONSISTENT
org.odpi.openmetadata.frameworks.openmetadata.converters,org.odpi.openmetadata.frameworks.openmetadata.properties.datadictionaries,HIGH,LOW,CAN BE INCONSISTENT
org.odpi.openmetadata.commonservices.ffdc,org.odpi.openmetadata.platformservices.server,HIGH,LOW,CAN BE INCONSISTENT
org.odpi.openmetadata.opentypes,org.odpi.openmetadata.repositoryservices.connectors.stores.archivestore.properties,HIGH,LOW,CAN BE INCONSISTENT
org.odpi.openmetadata.accessservices.communityprofile.fvt.locations,org.odpi.openmetadata.fvt.utilities.exceptions,HIGH,LOW,CAN BE INCONSISTENT
org.odpi.openmetadata.commonservices.ffdc,org.odpi.openmetadata.viewservices.datadiscovery.server,HIGH,LOW,CAN BE INCONSISTENT
org.odpi.openmetadata.frameworkservices.omf.handlers,org.odpi.openmetadata.repositoryservices.connectors.stores.metadatacollectionstore.properties.instances,HIGH,LOW,CAN BE INCONSISTENT
org.odpi.openmetadata.conformance.beans,org.odpi.openmetadata.conformance.tests.repository.types,HIGH,LOW,CAN BE INCONSISTENT
org.odpi.openmetadata.commonservices.ffdc.rest,org.odpi.openmetadata.viewservices.projectmanager.server,HIGH,LOW,CAN BE INCONSISTENT
org.odpi.openmetadata.frameworks.auditlog,org.odpi.openmetadata.repositoryservices.ffdc,HIGH,LOW,CAN BE INCONSISTENT
org.odpi.openmetadata.frameworks.openmetadata.ffdc,org.odpi.openmetadata.repositoryservices.localrepository.repositoryconnector,HIGH,LOW,CAN BE INCONSISTENT
org.odpi.openmetadata.adminservices.server,org.odpi.openmetadata.adminservices.spring,HIGH,LOW,CAN BE INCONSISTENT
org.odpi.openmetadata.adapters.repositoryservices.auditlogstore.postgres,org.odpi.openmetadata.frameworks.auditlog,HIGH,LOW,CAN BE INCONSISTENT
org.odpi.openmetadata.accessservices.assetmanager.fvt.connections,org.odpi.openmetadata.fvt.utilities.exceptions,HIGH,LOW,CAN BE INCONSISTENT
org.odpi.openmetadata.frameworks.openmetadata.handlers,org.odpi.openmetadata.viewservices.assetmaker.server,HIGH,LOW,CAN BE INCONSISTENT
org.odpi.openmetadata.adminservices.rest,org.odpi.openmetadata.adminservices.server,HIGH,LOW,CAN BE INCONSISTENT
org.odpi.openmetadata.frameworks.openmetadata.ffdc,org.odpi.openmetadata.repositoryservices.ffdc.exception,HIGH,LOW,CAN BE INCONSISTENT
org.odpi.openmetadata.adminservices.client,org.odpi.openmetadata.frameworks.openmetadata.ffdc,HIGH,LOW,CAN BE INCONSISTENT
org.odpi.openmetadata.repositoryservices.enterprise.repositoryconnector,org.odpi.openmetadata.repositoryservices.enterprise.repositoryconnector.control,HIGH,LOW,CAN BE INCONSISTENT
org.odpi.openmetadata.adminservices.configuration.registration,org.odpi.openmetadata.serveroperations.server,HIGH,LOW,CAN BE INCONSISTENT
org.odpi.openmetadata.tokencontroller,org.odpi.openmetadata.viewservices.classificationexplorer.server,HIGH,LOW,CAN BE INCONSISTENT
org.odpi.openmetadata.frameworks.auditlog,org.odpi.openmetadata.viewservices.classificationexplorer.server,HIGH,LOW,CAN BE INCONSISTENT
org.odpi.openmetadata.adminservices.client,org.odpi.openmetadata.adminservices.client.rest,HIGH,LOW,CAN BE INCONSISTENT
org.odpi.openmetadata.adminservices.configuration.properties,org.odpi.openmetadata.repositoryservices.admin,HIGH,LOW,CAN BE INCONSISTENT
org.odpi.openmetadata.frameworks.opengovernance.properties,org.odpi.openmetadata.frameworkservices.gaf.server,HIGH,LOW,CAN BE INCONSISTENT
org.odpi.openmetadata.contentpacks.core.core,org.odpi.openmetadata.frameworks.openmetadata.types,HIGH,LOW,CAN BE INCONSISTENT
org.odpi.openmetadata.frameworkservices.gaf.converters,org.odpi.openmetadata.repositoryservices.connectors.stores.metadatacollectionstore.properties.instances,HIGH,LOW,CAN BE INCONSISTENT
org.odpi.openmetadata.commonservices.ffdc.rest,org.odpi.openmetadata.viewservices.externallinks.server,HIGH,LOW,CAN BE INCONSISTENT
org.odpi.openmetadata.frameworks.openmetadata.connectorcontext,org.odpi.openmetadata.frameworks.openmetadata.metadataelements,HIGH,LOW,CAN BE INCONSISTENT
org.odpi.openmetadata.repositoryservices.connectors.stores.metadatacollectionstore.properties.instances,org.odpi.openmetadata.repositoryservices.enterprise.repositoryconnector.executors,HIGH,LOW,CAN BE INCONSISTENT
org.odpi.openmetadata.frameworks.openmetadata.handlers,org.odpi.openmetadata.viewservices.datadesigner.server,HIGH,LOW,CAN BE INCONSISTENT
org.odpi.openmetadata.commonservices.ffdc.rest,org.odpi.openmetadata.viewservices.referencedata.server,HIGH,LOW,CAN BE INCONSISTENT
org.odpi.openmetadata.frameworks.openmetadata.client,org.odpi.openmetadata.frameworks.openmetadata.connectorcontext,HIGH,LOW,CAN BE INCONSISTENT
org.odpi.openmetadata.frameworks.openmetadata.converters,org.odpi.openmetadata.frameworks.openmetadata.properties.softwarecapabilities,HIGH,LOW,CAN BE INCONSISTENT
org.odpi.openmetadata.frameworkservices.omf.rest,org.odpi.openmetadata.viewservices.metadataexpert.server,HIGH,LOW,CAN BE INCONSISTENT
org.odpi.openmetadata.frameworkservices.omf.client,org.odpi.openmetadata.frameworkservices.omf.rest,HIGH,LOW,CAN BE INCONSISTENT
org.odpi.openmetadata.commonservices.ffdc,org.odpi.openmetadata.viewservices.externallinks.server,HIGH,LOW,CAN BE INCONSISTENT
org.odpi.openmetadata.adapters.connectors.externalharvesters.harvestsurveys.schema,org.odpi.openmetadata.adapters.connectors.resource.jdbc.properties,HIGH,LOW,CAN BE INCONSISTENT
org.odpi.openmetadata.conformance.beans,org.odpi.openmetadata.conformance.workbenches.platform,HIGH,LOW,CAN BE INCONSISTENT
org.odpi.openmetadata.frameworks.openmetadata.handlers,org.odpi.openmetadata.viewservices.solutionarchitect.server,HIGH,LOW,CAN BE INCONSISTENT
org.odpi.openmetadata.accessservices.governanceprogram.fvt.errorhandling,org.odpi.openmetadata.fvt.utilities.exceptions,HIGH,LOW,CAN BE INCONSISTENT
org.odpi.openmetadata.frameworks.openmetadata.converters,org.odpi.openmetadata.frameworks.openmetadata.properties.glossaries,HIGH,LOW,CAN BE INCONSISTENT
org.odpi.openmetadata.adapters.connectors.jacquard,org.odpi.openmetadata.frameworks.openmetadata.metadataelements,HIGH,LOW,CAN BE INCONSISTENT
org.odpi.openmetadata.repositoryservices.connectors.stores.metadatacollectionstore.properties.instances,org.odpi.openmetadata.repositoryservices.eventmanagement,HIGH,LOW,CAN BE INCONSISTENT
org.odpi.openmetadata.adapters.connectors.unitycatalog.properties,org.odpi.openmetadata.adapters.connectors.unitycatalog.sync,HIGH,LOW,CAN BE INCONSISTENT
org.odpi.openmetadata.accessservices.communityprofile.fvt.todos,org.odpi.openmetadata.fvt.utilities.exceptions,HIGH,LOW,CAN BE INCONSISTENT
org.odpi.openmetadata.accessservices.digitalarchitecture.fvt.connections,org.odpi.openmetadata.fvt.utilities.exceptions,HIGH,LOW,CAN BE INCONSISTENT
org.odpi.openmetadata.repositoryservices.enterprise.repositoryconnector,org.odpi.openmetadata.repositoryservices.ffdc.exception,HIGH,LOW,CAN BE INCONSISTENT
org.odpi.openmetadata.frameworks.openmetadata.specificationproperties,org.odpi.openmetadata.samples.archiveutilities,HIGH,LOW,CAN BE INCONSISTENT
org.odpi.openmetadata.commonservices.ffdc,org.odpi.openmetadata.viewservices.projectmanager.server,HIGH,LOW,CAN BE INCONSISTENT
org.odpi.openmetadata.accessservices.assetowner.fvt.assets,org.odpi.openmetadata.fvt.utilities.exceptions,HIGH,LOW,CAN BE INCONSISTENT
org.odpi.openmetadata.frameworks.openmetadata.ffdc,org.odpi.openmetadata.metadatasecurity.server,HIGH,LOW,CAN BE INCONSISTENT
org.odpi.openmetadata.metadatasecurity,org.odpi.openmetadata.metadatasecurity.server,HIGH,LOW,CAN BE INCONSISTENT
org.odpi.openmetadata.commonservices.ffdc,org.odpi.openmetadata.viewservices.referencedata.server,HIGH,LOW,CAN BE INCONSISTENT
org.odpi.openmetadata.commonservices.multitenant,org.odpi.openmetadata.viewservices.assetmaker.server,HIGH,LOW,CAN BE INCONSISTENT
org.odpi.openmetadata.contentpacks.core.base,org.odpi.openmetadata.frameworks.openmetadata.definitions,HIGH,LOW,CAN BE INCONSISTENT
org.odpi.openmetadata.commonservices.ffdc.rest,org.odpi.openmetadata.viewservices.validmetadata.server,HIGH,LOW,CAN BE INCONSISTENT
org.odpi.openmetadata.adapters.connectors.governanceactions.stewardship,org.odpi.openmetadata.frameworks.openmetadata.specificationproperties,HIGH,LOW,CAN BE INCONSISTENT
org.odpi.openmetadata.frameworks.openmetadata.mermaid,org.odpi.openmetadata.frameworks.openmetadata.types,HIGH,LOW,CAN BE INCONSISTENT
org.odpi.openmetadata.adapters.connectors.resource.jdbc.properties,org.odpi.openmetadata.adapters.repositoryservices.auditlogstore.postgres,HIGH,LOW,CAN BE INCONSISTENT
org.odpi.openmetadata.commonservices.multitenant,org.odpi.openmetadata.viewservices.feedbackmanager.server,HIGH,LOW,CAN BE INCONSISTENT
org.odpi.openmetadata.adapters.repositoryservices.inmemory.repositoryconnector,org.odpi.openmetadata.repositoryservices.ffdc.exception,HIGH,LOW,CAN BE INCONSISTENT
org.odpi.openmetadata.accessservices.datamanager.fvt.connections,org.odpi.openmetadata.fvt.utilities.exceptions,HIGH,LOW,CAN BE INCONSISTENT
org.odpi.openmetadata.adapters.connectors,org.odpi.openmetadata.frameworks.auditlog,HIGH,LOW,CAN BE INCONSISTENT
org.odpi.openmetadata.repositoryservices.connectors.stores.metadatacollectionstore.properties.instances,org.odpi.openmetadata.repositoryservices.enterprise.repositoryconnector,HIGH,LOW,CAN BE INCONSISTENT
org.odpi.openmetadata.frameworks.openmetadata.handlers,org.odpi.openmetadata.viewservices.collectionmanager.server,HIGH,LOW,CAN BE INCONSISTENT
org.odpi.openmetadata.frameworks.openmetadata.ffdc,org.odpi.openmetadata.repositoryservices.localrepository.repositorycontentmanager,HIGH,LOW,CAN BE INCONSISTENT
org.odpi.openmetadata.repositoryservices.connectors.stores.metadatacollectionstore.repositoryconnector,org.odpi.openmetadata.repositoryservices.enterprise.repositoryconnector,HIGH,LOW,CAN BE INCONSISTENT
org.odpi.openmetadata.frameworkservices.omf.handlers,org.odpi.openmetadata.frameworkservices.omf.server,HIGH,LOW,CAN BE INCONSISTENT
org.odpi.openmetadata.commonservices.ffdc,org.odpi.openmetadata.frameworkservices.omf.client,HIGH,LOW,CAN BE INCONSISTENT
org.odpi.openmetadata.adapters.repositoryservices.cohortregistrystore.file,org.odpi.openmetadata.repositoryservices.connectors.stores.cohortregistrystore.properties,HIGH,LOW,CAN BE INCONSISTENT
org.odpi.openmetadata.repositoryservices.connectors.stores.metadatacollectionstore.properties.typedefs,org.odpi.openmetadata.repositoryservices.localrepository.repositoryconnector,HIGH,LOW,CAN BE INCONSISTENT
org.odpi.openmetadata.frameworks.openmetadata.handlers,org.odpi.openmetadata.viewservices.connectionmaker.server,HIGH,LOW,CAN BE INCONSISTENT
org.odpi.openmetadata.archiveutilities.designmodels.base,org.odpi.openmetadata.repositoryservices.connectors.stores.metadatacollectionstore.properties.instances,HIGH,LOW,CAN BE INCONSISTENT
org.odpi.openmetadata.accessservices.datamanager.fvt.errorhandling,org.odpi.openmetadata.fvt.utilities.exceptions,HIGH,LOW,CAN BE INCONSISTENT
org.odpi.openmetadata.commonservices.ffdc.rest,org.odpi.openmetadata.viewservices.timekeeper.server,HIGH,LOW,CAN BE INCONSISTENT
org.odpi.openmetadata.accessservices.assetowner.fvt.connections,org.odpi.openmetadata.fvt.utilities.exceptions,HIGH,LOW,CAN BE INCONSISTENT
org.odpi.openmetadata.adapters.repositoryservices.archiveconnector.directory,org.odpi.openmetadata.repositoryservices.connectors.stores.metadatacollectionstore.properties.instances,HIGH,LOW,CAN BE INCONSISTENT
org.odpi.openmetadata.conformance.tests.repository,org.odpi.openmetadata.repositoryservices.connectors.stores.metadatacollectionstore.properties.typedefs,HIGH,LOW,CAN BE INCONSISTENT
org.odpi.openmetadata.adapters.connectors.integration.basicfiles.controls,org.odpi.openmetadata.frameworks.openmetadata.refdata,HIGH,LOW,CAN BE INCONSISTENT
org.odpi.openmetadata.frameworks.openmetadata.converters,org.odpi.openmetadata.frameworks.openmetadata.specificationproperties,HIGH,LOW,CAN BE INCONSISTENT
org.odpi.openmetadata.commonservices.ffdc.rest,org.odpi.openmetadata.platformservices.server,HIGH,LOW,CAN BE INCONSISTENT
org.odpi.openmetadata.adapters.connectors.unitycatalog.controls,org.odpi.openmetadata.frameworks.openmetadata.specificationproperties,HIGH,LOW,CAN BE INCONSISTENT
org.odpi.openmetadata.frameworks.openmetadata.converters,org.odpi.openmetadata.frameworks.openmetadata.properties.assets.filesandfolders,HIGH,LOW,CAN BE INCONSISTENT
org.odpi.openmetadata.accessservices.digitalarchitecture.fvt.locations,org.odpi.openmetadata.fvt.utilities.exceptions,HIGH,LOW,CAN BE INCONSISTENT
org.odpi.openmetadata.adapters.connectors.apacheatlas.resource.properties,org.odpi.openmetadata.adapters.connectors.apacheatlas.survey,HIGH,LOW,CAN BE INCONSISTENT
org.odpi.openmetadata.adapters.connectors.governanceactions.stewardship,org.odpi.openmetadata.frameworks.opengovernance,HIGH,LOW,CAN BE INCONSISTENT
org.odpi.openmetadata.adapters.connectors.egeriainfrastructure.platform.catalog,org.odpi.openmetadata.adapters.connectors.egeriainfrastructure.properties,HIGH,LOW,CAN BE INCONSISTENT
org.odpi.openmetadata.adapters.connectors.integration.basicfiles,org.odpi.openmetadata.frameworks.openmetadata.metadataelements,HIGH,LOW,CAN BE INCONSISTENT
org.odpi.openmetadata.commonservices.ffdc.rest,org.odpi.openmetadata.frameworkservices.omf.server,HIGH,LOW,CAN BE INCONSISTENT
org.odpi.openmetadata.frameworks.connectors,org.odpi.openmetadata.frameworks.connectors.ffdc,HIGH,LOW,CAN BE INCONSISTENT
org.odpi.openmetadata.adapters.connectors.unitycatalog.survey,org.odpi.openmetadata.frameworks.opensurvey,HIGH,LOW,CAN BE INCONSISTENT
org.odpi.openmetadata.frameworks.openmetadata.mermaid,org.odpi.openmetadata.frameworks.openmetadata.search,HIGH,LOW,CAN BE INCONSISTENT
org.odpi.openmetadata.commonservices.multitenant,org.odpi.openmetadata.viewservices.connectionmaker.server,HIGH,LOW,CAN BE INCONSISTENT
org.odpi.openmetadata.frameworks.openmetadata.converters,org.odpi.openmetadata.frameworks.openmetadata.properties.assets.reports,HIGH,LOW,CAN BE INCONSISTENT
org.odpi.openmetadata.conformance.tests.repository.instances,org.odpi.openmetadata.repositoryservices.connectors.stores.metadatacollectionstore.properties.search,HIGH,LOW,CAN BE INCONSISTENT
org.odpi.openmetadata.adapters.connectors.egeriainfrastructure.extractor,org.odpi.openmetadata.adapters.connectors.egeriainfrastructure.properties,HIGH,LOW,CAN BE INCONSISTENT
org.odpi.openmetadata.frameworks.openmetadata.specificationproperties,org.odpi.openmetadata.frameworks.opensurvey.controls,HIGH,LOW,CAN BE INCONSISTENT
org.odpi.openmetadata.commonservices.ffdc,org.odpi.openmetadata.frameworkservices.gaf.server,HIGH,LOW,CAN BE INCONSISTENT
org.odpi.openmetadata.conformance.tests.repository,org.odpi.openmetadata.conformance.tests.repository.types,HIGH,LOW,CAN BE INCONSISTENT
org.odpi.openmetadata.commonservices.multitenant,org.odpi.openmetadata.frameworks.openmetadata.ffdc,HIGH,LOW,CAN BE INCONSISTENT
org.odpi.openmetadata.commonservices.ffdc.rest,org.odpi.openmetadata.viewservices.schemamaker.server,HIGH,LOW,CAN BE INCONSISTENT
org.odpi.openmetadata.samples.archiveutilities.businesssystems,org.odpi.openmetadata.samples.archiveutilities.governanceengines,HIGH,LOW,CAN BE INCONSISTENT
org.odpi.openmetadata.conformance.tests.repository,org.odpi.openmetadata.repositoryservices.connectors.stores.metadatacollectionstore.properties.instances,HIGH,LOW,CAN BE INCONSISTENT
org.odpi.openmetadata.commonservices.generichandlers,org.odpi.openmetadata.frameworks.connectors.properties.beans,HIGH,LOW,CAN BE INCONSISTENT
org.odpi.openmetadata.repositoryservices.connectors.stores.metadatacollectionstore.properties.typedefs,org.odpi.openmetadata.repositoryservices.events,HIGH,LOW,CAN BE INCONSISTENT
org.odpi.openmetadata.frameworks.opengovernance.properties,org.odpi.openmetadata.frameworkservices.gaf.converters,HIGH,LOW,CAN BE INCONSISTENT
org.odpi.openmetadata.adapters.connectors.governanceactions.provisioning,org.odpi.openmetadata.frameworks.openmetadata.specificationproperties,HIGH,LOW,CAN BE INCONSISTENT
org.odpi.openmetadata.frameworkservices.gaf.rest,org.odpi.openmetadata.frameworkservices.gaf.server,HIGH,LOW,CAN BE INCONSISTENT
org.odpi.openmetadata.commonservices.ffdc,org.odpi.openmetadata.viewservices.timekeeper.server,HIGH,LOW,CAN BE INCONSISTENT
org.odpi.openmetadata.frameworkservices.omf.server,org.odpi.openmetadata.repositoryservices.connectors.stores.metadatacollectionstore.properties.search,HIGH,LOW,CAN BE INCONSISTENT
org.odpi.openmetadata.adapters.connectors.integration.jdbc.transfer,org.odpi.openmetadata.frameworks.openmetadata.metadataelements,HIGH,LOW,CAN BE INCONSISTENT
org.odpi.openmetadata.frameworks.openmetadata.client,org.odpi.openmetadata.frameworks.openmetadata.ffdc,HIGH,LOW,CAN BE INCONSISTENT
org.odpi.openmetadata.adapters.connectors.apacheatlas.survey,org.odpi.openmetadata.frameworks.openmetadata.search,HIGH,LOW,CAN BE INCONSISTENT
org.odpi.openmetadata.adapters.connectors.governanceactions.remediation,org.odpi.openmetadata.frameworks.openmetadata.specificationproperties,HIGH,LOW,CAN BE INCONSISTENT
org.odpi.openmetadata.frameworks.openmetadata.handlers,org.odpi.openmetadata.viewservices.feedbackmanager.server,HIGH,LOW,CAN BE INCONSISTENT
org.odpi.openmetadata.frameworks.openmetadata.specificationproperties,org.odpi.openmetadata.samples.governanceactions.clinicaltrials,HIGH,LOW,CAN BE INCONSISTENT
org.odpi.openmetadata.adapters.repositoryservices.postgres.repositoryconnector,org.odpi.openmetadata.adapters.repositoryservices.postgres.repositoryconnector.mappers,HIGH,LOW,CAN BE INCONSISTENT
org.odpi.openmetadata.repositoryservices.ffdc,org.odpi.openmetadata.repositoryservices.localrepository.repositorycontentmanager,HIGH,LOW,CAN BE INCONSISTENT
org.odpi.openmetadata.frameworks.openmetadata.ffdc,org.odpi.openmetadata.metadatasecurity.connectors,HIGH,LOW,CAN BE INCONSISTENT
org.odpi.openmetadata.viewservices.classificationexplorer.server,org.odpi.openmetadata.viewservices.classificationexplorer.server.spring,HIGH,LOW,CAN BE INCONSISTENT
org.odpi.openmetadata.adapters.repositoryservices.auditlogstore.postgres,org.odpi.openmetadata.adapters.repositoryservices.auditlogstore.postgres.schema,HIGH,LOW,CAN BE INCONSISTENT
org.odpi.openmetadata.contentpacks.core,org.odpi.openmetadata.frameworks.openmetadata.definitions,HIGH,LOW,CAN BE INCONSISTENT
org.odpi.openmetadata.adapters.repositoryservices.rest.repositoryconnector,org.odpi.openmetadata.repositoryservices.clients,HIGH,LOW,CAN BE INCONSISTENT
org.odpi.openmetadata.adapters.connectors.governanceactions.provisioning,org.odpi.openmetadata.frameworks.openmetadata.properties,HIGH,LOW,CAN BE INCONSISTENT
org.odpi.openmetadata.adapters.repositoryservices.postgres.repositoryconnector.database,org.odpi.openmetadata.adapters.repositoryservices.postgres.repositoryconnector.mappers,HIGH,LOW,CAN BE INCONSISTENT
org.odpi.openmetadata.repositoryservices.archiveutilities,org.odpi.openmetadata.repositoryservices.ffdc.exception,HIGH,LOW,CAN BE INCONSISTENT
org.odpi.openmetadata.adminservices.server,org.odpi.openmetadata.repositoryservices.admin,HIGH,LOW,CAN BE INCONSISTENT
org.odpi.openmetadata.archiveutilities.designmodels.owlcanonicalglossarymodel,org.odpi.openmetadata.archiveutilities.designmodels.owlcanonicalglossarymodel.properties,HIGH,LOW,CAN BE INCONSISTENT
org.odpi.openmetadata.commonservices.multitenant,org.odpi.openmetadata.viewservices.metadataexpert.server,HIGH,LOW,CAN BE INCONSISTENT
org.odpi.openmetadata.frameworks.openmetadata.ffdc,org.odpi.openmetadata.metadatasecurity.accessconnector,HIGH,LOW,CAN BE INCONSISTENT
org.odpi.openmetadata.adapters.connectors.apacheatlas.integration.modules,org.odpi.openmetadata.frameworks.openmetadata.ffdc,HIGH,LOW,CAN BE INCONSISTENT
org.odpi.openmetadata.viewservices.automatedcuration.handlers,org.odpi.openmetadata.viewservices.automatedcuration.properties,HIGH,LOW,CAN BE INCONSISTENT
org.odpi.openmetadata.commonservices.generichandlers,org.odpi.openmetadata.frameworkservices.gaf.server,HIGH,LOW,CAN BE INCONSISTENT
org.odpi.openmetadata.adapters.connectors.apacheatlas.integration,org.odpi.openmetadata.adapters.connectors.apacheatlas.resource.properties,HIGH,LOW,CAN BE INCONSISTENT
org.odpi.openmetadata.adminservices.server,org.odpi.openmetadata.frameworks.connectors.properties.beans,HIGH,LOW,CAN BE INCONSISTENT
org.odpi.openmetadata.commonservices.multitenant,org.odpi.openmetadata.viewservices.validmetadata.server,HIGH,LOW,CAN BE INCONSISTENT
org.odpi.openmetadata.commonservices.multitenant,org.odpi.openmetadata.viewservices.collectionmanager.server,HIGH,LOW,CAN BE INCONSISTENT
org.odpi.openmetadata.accessservices.governanceserver.fvt.duplicates,org.odpi.openmetadata.frameworks.openmetadata.search,HIGH,LOW,CAN BE INCONSISTENT
org.odpi.openmetadata.frameworks.openmetadata.search,org.odpi.openmetadata.frameworkservices.omf.handlers,HIGH,LOW,CAN BE INCONSISTENT
org.odpi.openmetadata.adminservices.configuration.registration,org.odpi.openmetadata.frameworks.auditlog,HIGH,LOW,CAN BE INCONSISTENT
org.odpi.openmetadata.adapters.connectors.governanceactions.remediation,org.odpi.openmetadata.frameworks.opengovernance,HIGH,LOW,CAN BE INCONSISTENT
org.odpi.openmetadata.repositoryservices.connectors.stores.cohortregistrystore.properties,org.odpi.openmetadata.repositoryservices.metadatahighway.cohortregistry,HIGH,LOW,CAN BE INCONSISTENT
org.odpi.openmetadata.adapters.connectors.externalharvesters.harvestsurveys,org.odpi.openmetadata.frameworks.opensurvey.measurements,HIGH,LOW,CAN BE INCONSISTENT
org.odpi.openmetadata.metadatasecurity.connectors,org.odpi.openmetadata.repositoryservices.connectors.stores.metadatacollectionstore.properties.instances,HIGH,LOW,CAN BE INCONSISTENT
org.odpi.openmetadata.adminservices.configuration.registration,org.odpi.openmetadata.commonservices.multitenant,HIGH,LOW,CAN BE INCONSISTENT
org.odpi.openmetadata.frameworks.openmetadata.refdata,org.odpi.openmetadata.samples.archiveutilities.governanceengines,HIGH,LOW,CAN BE INCONSISTENT
org.odpi.openmetadata.frameworks.openmetadata.refdata,org.odpi.openmetadata.samples.archiveutilities,HIGH,LOW,CAN BE INCONSISTENT
org.odpi.openmetadata.frameworks.openmetadata.ffdc,org.odpi.openmetadata.test.unittest.utilities,HIGH,LOW,CAN BE INCONSISTENT
org.odpi.openmetadata.frameworks.auditlog.messagesets,org.odpi.openmetadata.repositoryservices.ffdc.exception,HIGH,LOW,CAN BE INCONSISTENT
org.odpi.openmetadata.adapters.connectors.apacheatlas.integration.modules,org.odpi.openmetadata.frameworks.openmetadata.properties,HIGH,LOW,CAN BE INCONSISTENT
org.odpi.openmetadata.adapters.repositoryservices.archiveconnector.directory,org.odpi.openmetadata.repositoryservices.connectors.stores.metadatacollectionstore.properties.typedefs,HIGH,LOW,CAN BE INCONSISTENT
org.odpi.openmetadata.adapters.connectors.jacquard,org.odpi.openmetadata.frameworks.integration.connectors,HIGH,LOW,CAN BE INCONSISTENT
org.odpi.openmetadata.commonservices.ffdc.rest,org.odpi.openmetadata.viewservices.metadataexpert.server,HIGH,LOW,CAN BE INCONSISTENT
org.odpi.openmetadata.frameworks.openmetadata.converters,org.odpi.openmetadata.frameworks.openmetadata.properties.validvalues,HIGH,LOW,CAN BE INCONSISTENT
org.odpi.openmetadata.commonservices.generichandlers,org.odpi.openmetadata.repositoryservices.connectors.stores.metadatacollectionstore.properties,HIGH,LOW,CAN BE INCONSISTENT
org.odpi.openmetadata.adapters.connectors.baudot,org.odpi.openmetadata.frameworks.openwatchdog,HIGH,LOW,CAN BE INCONSISTENT
org.odpi.openmetadata.archiveutilities.simplecatalogs.catalogcontent,org.odpi.openmetadata.samples.archiveutilities,HIGH,LOW,CAN BE INCONSISTENT
org.odpi.openmetadata.contentpacks.core.core,org.odpi.openmetadata.frameworks.openmetadata.refdata,HIGH,LOW,CAN BE INCONSISTENT
org.odpi.openmetadata.adapters.connectors.governanceactions.provisioning,org.odpi.openmetadata.frameworks.opengovernance,HIGH,LOW,CAN BE INCONSISTENT
org.odpi.openmetadata.frameworks.openmetadata.handlers,org.odpi.openmetadata.viewservices.glossarymanager.server,HIGH,LOW,CAN BE INCONSISTENT
org.odpi.openmetadata.commonservices.multitenant,org.odpi.openmetadata.viewservices.governanceofficer.server,HIGH,LOW,CAN BE INCONSISTENT
org.odpi.openmetadata.frameworks.openmetadata.converters,org.odpi.openmetadata.frameworks.openmetadata.properties.assets,HIGH,LOW,CAN BE INCONSISTENT
org.odpi.openmetadata.adapters.connectors.externalharvesters.harvestopenmetadata,org.odpi.openmetadata.frameworks.openmetadata.properties,HIGH,LOW,CAN BE INCONSISTENT
org.odpi.openmetadata.frameworks.openmetadata.search,org.odpi.openmetadata.viewservices.classificationexplorer.server,HIGH,LOW,CAN BE INCONSISTENT
org.odpi.openmetadata.adapters.repositoryservices.readonly.repositoryconnector,org.odpi.openmetadata.repositoryservices.connectors.stores.metadatacollectionstore.properties.instances,HIGH,LOW,CAN BE INCONSISTENT
org.odpi.openmetadata.commonservices.ffdc,org.odpi.openmetadata.viewservices.schemamaker.server,HIGH,LOW,CAN BE INCONSISTENT
org.odpi.openmetadata.commonservices.ffdc.rest,org.odpi.openmetadata.viewservices.locationarena.server,HIGH,LOW,CAN BE INCONSISTENT
org.odpi.openmetadata.commonservices.ffdc.rest,org.odpi.openmetadata.platformservices.client,HIGH,LOW,CAN BE INCONSISTENT
org.odpi.openmetadata.commonservices.ffdc.rest,org.odpi.openmetadata.viewservices.classificationexplorer.server.spring,HIGH,LOW,CAN BE INCONSISTENT
org.odpi.openmetadata.frameworks.openmetadata.converters,org.odpi.openmetadata.frameworks.openmetadata.properties.digitalbusiness,HIGH,LOW,CAN BE INCONSISTENT
org.odpi.openmetadata.adapters.connectors.baudot,org.odpi.openmetadata.frameworks.openmetadata.metadataelements,HIGH,LOW,CAN BE INCONSISTENT
org.odpi.openmetadata.frameworks.openmetadata.refdata,org.odpi.openmetadata.samples.archiveutilities.sustainability,HIGH,LOW,CAN BE INCONSISTENT
org.odpi.openmetadata.adapters.connectors.unitycatalog.properties,org.odpi.openmetadata.adapters.connectors.unitycatalog.resource,HIGH,LOW,CAN BE INCONSISTENT
org.odpi.openmetadata.commonservices.ffdc,org.odpi.openmetadata.viewservices.automatedcuration.server,HIGH,LOW,CAN BE INCONSISTENT
org.odpi.openmetadata.adapters.connectors.externalharvesters.harvestsurveys,org.odpi.openmetadata.frameworks.integration.connectors,HIGH,LOW,CAN BE INCONSISTENT
org.odpi.openmetadata.frameworks.opengovernance.properties,org.odpi.openmetadata.governanceservers.enginehostservices.admin,HIGH,LOW,CAN BE INCONSISTENT
org.odpi.openmetadata.adapters.connectors.apacheatlas.survey,org.odpi.openmetadata.frameworks.opensurvey,HIGH,LOW,CAN BE INCONSISTENT
org.odpi.openmetadata.frameworkservices.omf.server,org.odpi.openmetadata.repositoryservices.connectors.stores.metadatacollectionstore.properties.typedefs,HIGH,LOW,CAN BE INCONSISTENT
org.odpi.openmetadata.adapters.connectors.egeriainfrastructure.platform.catalog,org.odpi.openmetadata.frameworks.openmetadata.search,HIGH,LOW,CAN BE INCONSISTENT
org.odpi.openmetadata.adapters.connectors.governanceactions.stewardship,org.odpi.openmetadata.frameworks.connectors.properties.beans,HIGH,LOW,CAN BE INCONSISTENT
org.odpi.openmetadata.governanceservers.integrationdaemonservices.handlers,org.odpi.openmetadata.governanceservers.integrationdaemonservices.properties,HIGH,LOW,CAN BE INCONSISTENT
org.odpi.openmetadata.frameworkservices.omf.converters,org.odpi.openmetadata.repositoryservices.connectors.stores.metadatacollectionstore.properties.instances,HIGH,LOW,CAN BE INCONSISTENT
org.odpi.openmetadata.adapters.connectors.governanceactions.watchdog,org.odpi.openmetadata.frameworks.opengovernance,HIGH,LOW,CAN BE INCONSISTENT
org.odpi.openmetadata.commonservices.ffdc.rest,org.odpi.openmetadata.viewservices.myprofile.server,HIGH,LOW,CAN BE INCONSISTENT
org.odpi.openmetadata.frameworks.openmetadata.ffdc,org.odpi.openmetadata.frameworkservices.omf.client,HIGH,LOW,CAN BE INCONSISTENT
org.odpi.openmetadata.frameworks.openmetadata.handlers,org.odpi.openmetadata.viewservices.datadiscovery.server,HIGH,LOW,CAN BE INCONSISTENT
org.odpi.openmetadata.conformance.tests.repository.instances,org.odpi.openmetadata.repositoryservices.connectors.stores.metadatacollectionstore.repositoryconnector,HIGH,LOW,CAN BE INCONSISTENT
org.odpi.openmetadata.adapters.connectors.apacheatlas.integration.modules,org.odpi.openmetadata.frameworks.auditlog,HIGH,LOW,CAN BE INCONSISTENT
org.odpi.openmetadata.adapters.connectors.jacquard,org.odpi.openmetadata.frameworks.openmetadata.types,HIGH,LOW,CAN BE INCONSISTENT
org.odpi.openmetadata.samples.archiveutilities.businesssystems,org.odpi.openmetadata.samples.archiveutilities.sustainability,HIGH,LOW,CAN BE INCONSISTENT
org.odpi.openmetadata.adapters.connectors.governanceactions.remediation,org.odpi.openmetadata.frameworks.openmetadata.search,HIGH,LOW,CAN BE INCONSISTENT
org.odpi.openmetadata.frameworks.openmetadata.handlers,org.odpi.openmetadata.viewservices.governanceofficer.server,HIGH,LOW,CAN BE INCONSISTENT
org.odpi.openmetadata.conformance.workbenches.repository,org.odpi.openmetadata.repositoryservices.connectors.stores.metadatacollectionstore.properties.typedefs,HIGH,LOW,CAN BE INCONSISTENT
org.odpi.openmetadata.adapters.connectors.governanceactions.watchdog,org.odpi.openmetadata.frameworks.openmetadata.specificationproperties,HIGH,LOW,CAN BE INCONSISTENT
org.odpi.openmetadata.frameworks.opengovernance.mermaid,org.odpi.openmetadata.frameworks.opengovernance.properties,HIGH,LOW,CAN BE INCONSISTENT
org.odpi.openmetadata.commonservices.ffdc,org.odpi.openmetadata.viewservices.locationarena.server,HIGH,LOW,CAN BE INCONSISTENT
org.odpi.openmetadata.adminservices.configuration.properties,org.odpi.openmetadata.adminservices.rest,HIGH,LOW,CAN BE INCONSISTENT
org.odpi.openmetadata.frameworks.integration.connectors,org.odpi.openmetadata.frameworks.openmetadata.metadataelements,HIGH,LOW,CAN BE INCONSISTENT
org.odpi.openmetadata.adapters.connectors.unitycatalog.survey,org.odpi.openmetadata.frameworks.opensurvey.controls,HIGH,LOW,CAN BE INCONSISTENT
org.odpi.openmetadata.adapters.connectors.integration.jdbc.transfer,org.odpi.openmetadata.adapters.connectors.integration.jdbc.transfer.model,HIGH,LOW,CAN BE INCONSISTENT
org.odpi.openmetadata.repositoryservices.connectors.stores.metadatacollectionstore.properties.typedefs,org.odpi.openmetadata.repositoryservices.rest.properties,HIGH,LOW,CAN BE INCONSISTENT
org.odpi.openmetadata.frameworks.auditlog,org.odpi.openmetadata.frameworkservices.omf.server,HIGH,LOW,CAN BE INCONSISTENT
org.odpi.openmetadata.adminservices.client,org.odpi.openmetadata.adminservices.rest,HIGH,LOW,CAN BE INCONSISTENT
org.odpi.openmetadata.tokencontroller,org.odpi.openmetadata.viewservices.actormanager.server,HIGH,LOW,CAN BE INCONSISTENT
org.odpi.openmetadata.adapters.connectors.unitycatalog.sync,org.odpi.openmetadata.frameworks.openmetadata.metadataelements,HIGH,LOW,CAN BE INCONSISTENT
org.odpi.openmetadata.frameworks.openmetadata.ffdc,org.odpi.openmetadata.metadatasecurity,HIGH,LOW,CAN BE INCONSISTENT
org.odpi.openmetadata.adapters.connectors.egeriainfrastructure.platform.catalog,org.odpi.openmetadata.frameworks.openmetadata.connectorcontext,HIGH,LOW,CAN BE INCONSISTENT
org.odpi.openmetadata.frameworks.auditlog,org.odpi.openmetadata.viewservices.actormanager.server,HIGH,LOW,CAN BE INCONSISTENT
org.odpi.openmetadata.adminservices.server,org.odpi.openmetadata.metadatasecurity.server,HIGH,LOW,CAN BE INCONSISTENT
org.odpi.openmetadata.accessservices.assetconsumer.fvt,org.odpi.openmetadata.fvt.utilities.exceptions,HIGH,LOW,CAN BE INCONSISTENT
org.odpi.openmetadata.frameworkservices.gaf.listener,org.odpi.openmetadata.repositoryservices.connectors.stores.metadatacollectionstore.properties.instances,HIGH,LOW,CAN BE INCONSISTENT
org.odpi.openmetadata.frameworks.openmetadata.converters,org.odpi.openmetadata.frameworks.openmetadata.properties.assets.processes.actions,HIGH,LOW,CAN BE INCONSISTENT
org.odpi.openmetadata.adapters.connectors.apacheatlas.resource,org.odpi.openmetadata.frameworks.openmetadata.properties,HIGH,LOW,CAN BE INCONSISTENT
org.odpi.openmetadata.adapters.connectors.controls,org.odpi.openmetadata.contentpacks.core,HIGH,LOW,CAN BE INCONSISTENT
org.odpi.openmetadata.adapters.connectors.egeriainfrastructure.extractor,org.odpi.openmetadata.frameworks.openmetadata.ffdc,HIGH,LOW,CAN BE INCONSISTENT
org.odpi.openmetadata.repositoryservices.connectors.stores.metadatacollectionstore.properties.instances,org.odpi.openmetadata.repositoryservices.connectors.stores.metadatacollectionstore.repositoryconnector,HIGH,LOW,CAN BE INCONSISTENT
org.odpi.openmetadata.metadatasecurity.server,org.odpi.openmetadata.repositoryservices.connectors.stores.metadatacollectionstore.properties.instances,HIGH,LOW,CAN BE INCONSISTENT
org.odpi.openmetadata.frameworks.openmetadata.converters,org.odpi.openmetadata.frameworks.openmetadata.properties.externalreferences,HIGH,LOW,CAN BE INCONSISTENT
org.odpi.openmetadata.repositoryservices.connectors.stores.metadatacollectionstore.properties.instances,org.odpi.openmetadata.repositoryservices.rest.server,HIGH,LOW,CAN BE INCONSISTENT
org.odpi.openmetadata.frameworks.openmetadata.handlers,org.odpi.openmetadata.viewservices.referencedata.server,HIGH,LOW,CAN BE INCONSISTENT
org.odpi.openmetadata.conformance.tests.repository.instances,org.odpi.openmetadata.conformance.workbenches.repository,HIGH,LOW,CAN BE INCONSISTENT
org.odpi.openmetadata.frameworkservices.gaf.client,org.odpi.openmetadata.frameworkservices.gaf.rest,HIGH,LOW,CAN BE INCONSISTENT
org.odpi.openmetadata.commonservices.ffdc,org.odpi.openmetadata.governanceservers.integrationdaemonservices.server,HIGH,LOW,CAN BE INCONSISTENT
org.odpi.openmetadata.commonservices.multitenant,org.odpi.openmetadata.viewservices.externallinks.server,HIGH,LOW,CAN BE INCONSISTENT
org.odpi.openmetadata.commonservices.generichandlers,org.odpi.openmetadata.frameworks.openmetadata.search,HIGH,LOW,CAN BE INCONSISTENT
org.odpi.openmetadata.frameworks.openmetadata.handlers,org.odpi.openmetadata.viewservices.myprofile.server,HIGH,LOW,CAN BE INCONSISTENT
org.odpi.openmetadata.contentpacks.core.base,org.odpi.openmetadata.frameworks.openmetadata.types,HIGH,LOW,CAN BE INCONSISTENT
org.odpi.openmetadata.accessservices.assetmanager.fvt.common,org.odpi.openmetadata.fvt.utilities.exceptions,HIGH,LOW,CAN BE INCONSISTENT
org.odpi.openmetadata.frameworks.openmetadata.types,org.odpi.openmetadata.repositoryservices.archiveutilities,HIGH,LOW,CAN BE INCONSISTENT
org.odpi.openmetadata.adapters.connectors.postgres.survey,org.odpi.openmetadata.frameworks.opensurvey,HIGH,LOW,CAN BE INCONSISTENT
org.odpi.openmetadata.frameworks.openmetadata.handlers,org.odpi.openmetadata.viewservices.projectmanager.server,HIGH,LOW,CAN BE INCONSISTENT
org.odpi.openmetadata.commonservices.ffdc,org.odpi.openmetadata.viewservices.myprofile.server,HIGH,LOW,CAN BE INCONSISTENT
org.odpi.openmetadata.adminservices.server,org.odpi.openmetadata.frameworks.openmetadata.ffdc,HIGH,LOW,CAN BE INCONSISTENT
org.odpi.openmetadata.adapters.repositoryservices.postgres.repositoryconnector.database,org.odpi.openmetadata.repositoryservices.ffdc.exception,HIGH,LOW,CAN BE INCONSISTENT
org.odpi.openmetadata.adapters.connectors.governanceactions.stewardship,org.odpi.openmetadata.frameworks.openmetadata.refdata,HIGH,LOW,CAN BE INCONSISTENT
org.odpi.openmetadata.adapters.connectors.surveyaction.surveyfolder,org.odpi.openmetadata.frameworks.opensurvey,HIGH,LOW,CAN BE INCONSISTENT
org.odpi.openmetadata.frameworks.auditlog,org.odpi.openmetadata.frameworks.connectors,HIGH,LOW,CAN BE INCONSISTENT
org.odpi.openmetadata.repositoryservices.archiveutilities,org.odpi.openmetadata.repositoryservices.connectors.stores.archivestore.properties,HIGH,LOW,CAN BE INCONSISTENT
org.odpi.openmetadata.commonservices.multitenant,org.odpi.openmetadata.frameworkservices.omf.server,HIGH,LOW,CAN BE INCONSISTENT
org.odpi.openmetadata.repositoryservices.clients,org.odpi.openmetadata.repositoryservices.connectors.stores.metadatacollectionstore.properties.instances,HIGH,LOW,CAN BE INCONSISTENT
org.odpi.openmetadata.frameworkservices.omf.listener,org.odpi.openmetadata.repositoryservices.connectors.stores.metadatacollectionstore.properties.instances,HIGH,LOW,CAN BE INCONSISTENT
org.odpi.openmetadata.commonservices.multitenant,org.odpi.openmetadata.viewservices.runtimemanager.server,HIGH,LOW,CAN BE INCONSISTENT
org.odpi.openmetadata.commonservices.generichandlers,org.odpi.openmetadata.frameworks.openmetadata.metadataelements,HIGH,LOW,CAN BE INCONSISTENT
org.odpi.openmetadata.commonservices.generichandlers,org.odpi.openmetadata.repositoryservices.connectors.stores.metadatacollectionstore.utilities,HIGH,LOW,CAN BE INCONSISTENT
org.odpi.openmetadata.adapters.connectors.unitycatalog.controls,org.odpi.openmetadata.contentpacks.core.unitycatalog,HIGH,LOW,CAN BE INCONSISTENT
org.odpi.openmetadata.commonservices.ffdc.rest,org.odpi.openmetadata.frameworkservices.omf.client,HIGH,LOW,CAN BE INCONSISTENT
org.odpi.openmetadata.frameworks.integration.connectors,org.odpi.openmetadata.frameworks.integration.properties,HIGH,LOW,CAN BE INCONSISTENT
org.odpi.openmetadata.frameworks.auditlog,org.odpi.openmetadata.frameworks.integration.connectors,HIGH,LOW,CAN BE INCONSISTENT
org.odpi.openmetadata.repositoryservices.events,org.odpi.openmetadata.repositoryservices.localrepository.repositorycontentmanager,HIGH,LOW,CAN BE INCONSISTENT
org.odpi.openmetadata.commonservices.multitenant,org.odpi.openmetadata.viewservices.datadesigner.server,HIGH,LOW,CAN BE INCONSISTENT
org.odpi.openmetadata.repositoryservices.eventmanagement,org.odpi.openmetadata.repositoryservices.localrepository.repositoryconnector,HIGH,LOW,CAN BE INCONSISTENT
org.odpi.openmetadata.frameworks.opensurvey,org.odpi.openmetadata.samples.governanceactions.clinicaltrials,HIGH,LOW,CAN BE INCONSISTENT
org.odpi.openmetadata.frameworks.opengovernance,org.odpi.openmetadata.frameworks.openmetadata.ffdc,HIGH,LOW,CAN BE INCONSISTENT
org.odpi.openmetadata.frameworks.opengovernance.properties,org.odpi.openmetadata.frameworks.openmetadata.metadataelements,HIGH,LOW,CAN BE INCONSISTENT
org.odpi.openmetadata.metadatasecurity.accessconnector,org.odpi.openmetadata.repositoryservices.connectors.stores.metadatacollectionstore.properties.instances,HIGH,LOW,CAN BE INCONSISTENT
org.odpi.openmetadata.frameworks.opengovernance.properties,org.odpi.openmetadata.frameworks.openmetadata.properties,HIGH,LOW,CAN BE INCONSISTENT
org.odpi.openmetadata.adminservices.client,org.odpi.openmetadata.utilities.serverconfig,HIGH,LOW,CAN BE INCONSISTENT
org.odpi.openmetadata.commonservices.multitenant,org.odpi.openmetadata.viewservices.solutionarchitect.server,HIGH,LOW,CAN BE INCONSISTENT
org.odpi.openmetadata.samples.archiveutilities.governanceprogram,org.odpi.openmetadata.samples.archiveutilities.organization,HIGH,LOW,CAN BE INCONSISTENT
org.odpi.openmetadata.serveroperations.properties,org.odpi.openmetadata.serveroperations.server,HIGH,LOW,CAN BE INCONSISTENT
org.odpi.openmetadata.frameworks.auditlog,org.odpi.openmetadata.repositoryservices.auditlog,HIGH,LOW,CAN BE INCONSISTENT
org.odpi.openmetadata.frameworks.openmetadata.search,org.odpi.openmetadata.frameworkservices.omf.client,HIGH,LOW,CAN BE INCONSISTENT
org.odpi.openmetadata.conformance.rest,org.odpi.openmetadata.conformance.server,HIGH,LOW,CAN BE INCONSISTENT
org.odpi.openmetadata.commonservices.generichandlers,org.odpi.openmetadata.metadatasecurity.server,HIGH,LOW,CAN BE INCONSISTENT
org.odpi.openmetadata.adminservices.rest,org.odpi.openmetadata.commonservices.ffdc.rest,HIGH,LOW,CAN BE INCONSISTENT
org.odpi.openmetadata.frameworks.openmetadata.client,org.odpi.openmetadata.viewservices.metadataexpert.server,HIGH,LOW,CAN BE INCONSISTENT
org.odpi.openmetadata.frameworks.openmetadata.handlers,org.odpi.openmetadata.frameworks.openmetadata.properties.validvalues,HIGH,LOW,CAN BE INCONSISTENT
org.odpi.openmetadata.adapters.connectors.restclients.factory,org.odpi.openmetadata.frameworks.connectors.properties.beans,HIGH,LOW,CAN BE INCONSISTENT
org.odpi.openmetadata.frameworks.openmetadata.converters,org.odpi.openmetadata.frameworks.openmetadata.properties.collections,HIGH,LOW,CAN BE INCONSISTENT
org.odpi.openmetadata.frameworks.openmetadata.handlers,org.odpi.openmetadata.viewservices.externallinks.server,HIGH,LOW,CAN BE INCONSISTENT
org.odpi.openmetadata.frameworks.connectors.properties.beans,org.odpi.openmetadata.samples.archiveutilities,HIGH,LOW,CAN BE INCONSISTENT
org.odpi.openmetadata.commonservices.ffdc,org.odpi.openmetadata.frameworkservices.omf.handlers,HIGH,LOW,CAN BE INCONSISTENT
org.odpi.openmetadata.repositoryservices.enterprise.repositoryconnector.accumulators,org.odpi.openmetadata.repositoryservices.ffdc.exception,HIGH,LOW,CAN BE INCONSISTENT
org.odpi.openmetadata.adapters.connectors.governanceactions.watchdog,org.odpi.openmetadata.frameworks.openmetadata.events,HIGH,LOW,CAN BE INCONSISTENT
org.odpi.openmetadata.contentpacks.core.core,org.odpi.openmetadata.samples.archiveutilities,HIGH,LOW,CAN BE INCONSISTENT
org.odpi.openmetadata.frameworks.opengovernance.properties,org.odpi.openmetadata.governanceservers.integrationdaemonservices.handlers,HIGH,LOW,CAN BE INCONSISTENT
org.odpi.openmetadata.adapters.connectors.apacheatlas.integration.modules,org.odpi.openmetadata.frameworks.openmetadata.properties.externalidentifiers,HIGH,LOW,CAN BE INCONSISTENT
org.odpi.openmetadata.accessservices.assetmanager.fvt.errorhandling,org.odpi.openmetadata.fvt.utilities.exceptions,HIGH,LOW,CAN BE INCONSISTENT
org.odpi.openmetadata.adapters.connectors.unitycatalog.sync,org.odpi.openmetadata.frameworks.integration.connectors,HIGH,LOW,CAN BE INCONSISTENT
org.odpi.openmetadata.frameworks.openmetadata.converters,org.odpi.openmetadata.frameworks.openmetadata.properties.lineage,HIGH,LOW,CAN BE INCONSISTENT
org.odpi.openmetadata.adapters.connectors.jacquard,org.odpi.openmetadata.adapters.connectors.jacquard.solutionblueprint,HIGH,LOW,CAN BE INCONSISTENT
org.odpi.openmetadata.adapters.connectors.apacheatlas.integration.modules,org.odpi.openmetadata.adapters.connectors.apacheatlas.resource,HIGH,LOW,CAN BE INCONSISTENT
org.odpi.openmetadata.contentpacks.core.unitycatalog,org.odpi.openmetadata.samples.archiveutilities,HIGH,LOW,CAN BE INCONSISTENT
org.odpi.openmetadata.commonservices.ffdc.rest,org.odpi.openmetadata.viewservices.actormanager.server.spring,HIGH,LOW,CAN BE INCONSISTENT
org.odpi.openmetadata.tokencontroller,org.odpi.openmetadata.viewservices.assetmaker.server,HIGH,LOW,CAN BE INCONSISTENT
org.odpi.openmetadata.commonservices.ffdc,org.odpi.openmetadata.frameworkservices.gaf.client,HIGH,LOW,CAN BE INCONSISTENT
org.odpi.openmetadata.contentpacks.core.unitycatalog,org.odpi.openmetadata.frameworks.openmetadata.definitions,HIGH,LOW,CAN BE INCONSISTENT
org.odpi.openmetadata.commonservices.generichandlers,org.odpi.openmetadata.repositoryservices.connectors.stores.metadatacollectionstore.properties.search,HIGH,LOW,CAN BE INCONSISTENT
org.odpi.openmetadata.frameworks.auditlog,org.odpi.openmetadata.viewservices.assetmaker.server,HIGH,LOW,CAN BE INCONSISTENT
org.odpi.openmetadata.governanceservers.integrationdaemonservices.handlers,org.odpi.openmetadata.governanceservers.integrationdaemonservices.server,HIGH,LOW,CAN BE INCONSISTENT
org.odpi.openmetadata.adapters.connectors.postgres.controls,org.odpi.openmetadata.frameworks.openmetadata.specificationproperties,HIGH,LOW,CAN BE INCONSISTENT
org.odpi.openmetadata.adapters.connectors.subscriptions,org.odpi.openmetadata.frameworks.opengovernance,HIGH,LOW,CAN BE INCONSISTENT
org.odpi.openmetadata.frameworks.openmetadata.handlers,org.odpi.openmetadata.viewservices.runtimemanager.server,HIGH,LOW,CAN BE INCONSISTENT
org.odpi.openmetadata.frameworks.auditlog,org.odpi.openmetadata.frameworks.openmetadata.handlers,HIGH,LOW,CAN BE INCONSISTENT
org.odpi.openmetadata.adapters.connectors.integration.basicfiles,org.odpi.openmetadata.frameworks.openmetadata.search,HIGH,LOW,CAN BE INCONSISTENT
org.odpi.openmetadata.frameworks.connectors.properties.users,org.odpi.openmetadata.metadatasecurity.accessconnector,HIGH,LOW,CAN BE INCONSISTENT
org.odpi.openmetadata.commonservices.multitenant,org.odpi.openmetadata.viewservices.automatedcuration.server,HIGH,LOW,CAN BE INCONSISTENT
org.odpi.openmetadata.commonservices.multitenant,org.odpi.openmetadata.frameworks.connectors.properties.beans,HIGH,LOW,CAN BE INCONSISTENT
org.odpi.openmetadata.frameworks.auditlog.messagesets,org.odpi.openmetadata.test.unittest.utilities,HIGH,LOW,CAN BE INCONSISTENT
org.odpi.openmetadata.frameworks.openmetadata.handlers,org.odpi.openmetadata.viewservices.validmetadata.server,HIGH,LOW,CAN BE INCONSISTENT
org.odpi.openmetadata.frameworks.openmetadata.search,org.odpi.openmetadata.viewservices.automatedcuration.handlers,HIGH,LOW,CAN BE INCONSISTENT
org.odpi.openmetadata.frameworks.openmetadata.converters,org.odpi.openmetadata.frameworks.openmetadata.properties.connections,HIGH,LOW,CAN BE INCONSISTENT
org.odpi.openmetadata.engineservices.surveyaction.handlers,org.odpi.openmetadata.governanceservers.enginehostservices.admin,HIGH,LOW,CAN BE INCONSISTENT
org.odpi.openmetadata.adapters.connectors.integration.basicfiles,org.odpi.openmetadata.frameworks.openmetadata.connectorcontext,HIGH,LOW,CAN BE INCONSISTENT
org.odpi.openmetadata.accessservices.governanceserver.fvt.duplicates,org.odpi.openmetadata.fvt.utilities.exceptions,HIGH,LOW,CAN BE INCONSISTENT
org.odpi.openmetadata.commonservices.ffdc.rest,org.odpi.openmetadata.viewservices.automatedcuration.server,HIGH,LOW,CAN BE INCONSISTENT
org.odpi.openmetadata.adminservices.spring,org.odpi.openmetadata.commonservices.ffdc.rest,HIGH,LOW,CAN BE INCONSISTENT
org.odpi.openmetadata.adminservices.client,org.odpi.openmetadata.commonservices.ffdc,HIGH,LOW,CAN BE INCONSISTENT
org.odpi.openmetadata.frameworks.auditlog,org.odpi.openmetadata.repositoryservices.connectors.stores.auditlogstore,HIGH,LOW,CAN BE INCONSISTENT
org.odpi.openmetadata.adapters.connectors.reports.surveyreport,org.odpi.openmetadata.frameworks.openmetadata.properties,HIGH,LOW,CAN BE INCONSISTENT
org.odpi.openmetadata.metadatasecurity,org.odpi.openmetadata.repositoryservices.localrepository.repositoryconnector,HIGH,LOW,CAN BE INCONSISTENT
org.odpi.openmetadata.frameworks.openmetadata.converters,org.odpi.openmetadata.frameworks.openmetadata.properties.assets.processes.connectors,HIGH,LOW,CAN BE INCONSISTENT
org.odpi.openmetadata.frameworks.openmetadata.refdata,org.odpi.openmetadata.samples.archiveutilities.organization,HIGH,LOW,CAN BE INCONSISTENT
org.odpi.openmetadata.frameworks.openmetadata.ffdc,org.odpi.openmetadata.frameworks.opensurvey,HIGH,LOW,CAN BE INCONSISTENT
org.odpi.openmetadata.opentypes,org.odpi.openmetadata.repositoryservices.ffdc.exception,HIGH,LOW,CAN BE INCONSISTENT
org.odpi.openmetadata.frameworks.auditlog.messagesets,org.odpi.openmetadata.frameworks.openmetadata.ffdc,HIGH,LOW,CAN BE INCONSISTENT
org.odpi.openmetadata.commonservices.generichandlers,org.odpi.openmetadata.repositoryservices.connectors.stores.metadatacollectionstore.properties.typedefs,HIGH,LOW,CAN BE INCONSISTENT
org.odpi.openmetadata.adapters.repositoryservices.archiveconnector.directory,org.odpi.openmetadata.repositoryservices.connectors.stores.archivestore.properties,HIGH,LOW,CAN BE INCONSISTENT
org.odpi.openmetadata.accessservices.assetmanager.fvt.glossaries,org.odpi.openmetadata.fvt.utilities.exceptions,HIGH,LOW,CAN BE INCONSISTENT
org.odpi.openmetadata.repositoryservices.enterprise.repositoryconnector.executors,org.odpi.openmetadata.repositoryservices.ffdc.exception,HIGH,LOW,CAN BE INCONSISTENT
org.odpi.openmetadata.conformance.tests.repository.instances,org.odpi.openmetadata.repositoryservices.connectors.stores.metadatacollectionstore.properties,HIGH,LOW,CAN BE INCONSISTENT
org.odpi.openmetadata.frameworks.openmetadata.handlers,org.odpi.openmetadata.viewservices.timekeeper.server,HIGH,LOW,CAN BE INCONSISTENT
org.odpi.openmetadata.accessservices.assetconsumer.fvt,org.odpi.openmetadata.fvt.utilities,HIGH,LOW,CAN BE INCONSISTENT
org.odpi.openmetadata.frameworks.integration.iterator,org.odpi.openmetadata.frameworks.openmetadata.metadataelements,HIGH,LOW,CAN BE INCONSISTENT
org.odpi.openmetadata.adapters.eventbus.topic.kafka,org.odpi.openmetadata.frameworks.auditlog,HIGH,LOW,CAN BE INCONSISTENT
org.odpi.openmetadata.frameworks.auditlog,org.odpi.openmetadata.reports.componentid,HIGH,LOW,CAN BE INCONSISTENT
org.odpi.openmetadata.adapters.connectors.resource.jdbc.mappers,org.odpi.openmetadata.adapters.repositoryservices.postgres.repositoryconnector.mappers,HIGH,LOW,CAN BE INCONSISTENT
org.odpi.openmetadata.frameworks.openmetadata.enums,org.odpi.openmetadata.samples.archiveutilities,HIGH,LOW,CAN BE INCONSISTENT
org.odpi.openmetadata.commonservices.ffdc.rest,org.odpi.openmetadata.frameworkservices.omf.rest,HIGH,LOW,CAN BE INCONSISTENT
org.odpi.openmetadata.frameworks.openmetadata.ffdc,org.odpi.openmetadata.frameworks.openmetadata.search,HIGH,LOW,CAN BE INCONSISTENT
org.odpi.openmetadata.commonservices.ffdc.rest,org.odpi.openmetadata.serveroperations.rest,HIGH,LOW,CAN BE INCONSISTENT
org.odpi.openmetadata.adapters.connectors.egeriainfrastructure.control,org.odpi.openmetadata.frameworks.openmetadata.specificationproperties,HIGH,LOW,CAN BE INCONSISTENT
org.odpi.openmetadata.commonservices.ffdc.rest,org.odpi.openmetadata.frameworks.openmetadata.properties,HIGH,LOW,CAN BE INCONSISTENT
org.odpi.openmetadata.adapters.repositoryservices.rest.repositoryconnector,org.odpi.openmetadata.frameworks.openmetadata.ffdc,HIGH,LOW,CAN BE INCONSISTENT
org.odpi.openmetadata.commonservices.ffdc,org.odpi.openmetadata.viewservices.actionauthor.server,HIGH,LOW,CAN BE INCONSISTENT
org.odpi.openmetadata.repositoryservices.connectors.stores.metadatacollectionstore,org.odpi.openmetadata.repositoryservices.enterprise.repositoryconnector.executors,HIGH,LOW,CAN BE INCONSISTENT
org.odpi.openmetadata.accessservices.datamanager.fvt.validvalues,org.odpi.openmetadata.frameworks.openmetadata.properties.validvalues,HIGH,LOW,CAN BE INCONSISTENT
org.odpi.openmetadata.accessservices.communityprofile.fvt.validvalues,org.odpi.openmetadata.frameworks.openmetadata.properties.validvalues,HIGH,LOW,CAN BE INCONSISTENT
org.odpi.openmetadata.adapters.connectors.controls,org.odpi.openmetadata.frameworks.openmetadata.definitions,HIGH,LOW,CAN BE INCONSISTENT
org.odpi.openmetadata.engineservices.watchdogaction.handlers,org.odpi.openmetadata.governanceservers.enginehostservices.admin,HIGH,LOW,CAN BE INCONSISTENT
org.odpi.openmetadata.commonservices.ffdc.rest,org.odpi.openmetadata.frameworkservices.gaf.server,HIGH,LOW,CAN BE INCONSISTENT
org.odpi.openmetadata.adapters.connectors.integration.jdbc.transfer,org.odpi.openmetadata.adapters.connectors.integration.jdbc.transfer.requests,HIGH,LOW,CAN BE INCONSISTENT
org.odpi.openmetadata.commonservices.ffdc,org.odpi.openmetadata.serveroperations.server,HIGH,LOW,CAN BE INCONSISTENT
org.odpi.openmetadata.tokencontroller,org.odpi.openmetadata.viewservices.datadesigner.server,HIGH,LOW,CAN BE INCONSISTENT
org.odpi.openmetadata.commonservices.multitenant,org.odpi.openmetadata.governanceservers.integrationdaemonservices.server,HIGH,LOW,CAN BE INCONSISTENT
org.odpi.openmetadata.tokencontroller,org.odpi.openmetadata.viewservices.runtimemanager.server,HIGH,LOW,CAN BE INCONSISTENT
org.odpi.openmetadata.frameworks.openmetadata.properties,org.odpi.openmetadata.samples.archiveutilities.governanceengines,HIGH,LOW,CAN BE INCONSISTENT
org.odpi.openmetadata.frameworks.auditlog,org.odpi.openmetadata.viewservices.datadesigner.server,HIGH,LOW,CAN BE INCONSISTENT
org.odpi.openmetadata.frameworks.auditlog,org.odpi.openmetadata.viewservices.runtimemanager.server,HIGH,LOW,CAN BE INCONSISTENT
org.odpi.openmetadata.adminservices.client.rest,org.odpi.openmetadata.commonservices.ffdc.rest,HIGH,LOW,CAN BE INCONSISTENT
org.odpi.openmetadata.commonservices.multitenant,org.odpi.openmetadata.frameworkservices.gaf.server,HIGH,LOW,CAN BE INCONSISTENT
org.odpi.openmetadata.contentpacks.core.base,org.odpi.openmetadata.frameworks.openmetadata.refdata,HIGH,LOW,CAN BE INCONSISTENT
org.odpi.openmetadata.frameworks.openmetadata.converters,org.odpi.openmetadata.frameworks.openmetadata.properties.projects,HIGH,LOW,CAN BE INCONSISTENT
org.odpi.openmetadata.frameworks.openmetadata.properties,org.odpi.openmetadata.frameworkservices.omf.client,HIGH,LOW,CAN BE INCONSISTENT
org.odpi.openmetadata.frameworks.opengovernance.controls,org.odpi.openmetadata.frameworks.openmetadata.specificationproperties,HIGH,LOW,CAN BE INCONSISTENT
org.odpi.openmetadata.frameworks.openmetadata.converters,org.odpi.openmetadata.frameworks.openmetadata.properties.designmodels,HIGH,LOW,CAN BE INCONSISTENT
org.odpi.openmetadata.frameworks.openmetadata.converters,org.odpi.openmetadata.frameworks.openmetadata.enums,HIGH,LOW,CAN BE INCONSISTENT
org.odpi.openmetadata.contentpacks.core.core,org.odpi.openmetadata.frameworks.openmetadata.enums,HIGH,LOW,CAN BE INCONSISTENT
org.odpi.openmetadata.frameworks.openmetadata.converters,org.odpi.openmetadata.frameworks.openmetadata.properties.security,HIGH,LOW,CAN BE INCONSISTENT
org.odpi.openmetadata.frameworks.auditlog,org.odpi.openmetadata.frameworks.openmetadata.connectorcontext,HIGH,LOW,CAN BE INCONSISTENT
org.odpi.openmetadata.tokencontroller,org.odpi.openmetadata.viewservices.solutionarchitect.server,HIGH,LOW,CAN BE INCONSISTENT
org.odpi.openmetadata.repositoryservices.archiveutilities,org.odpi.openmetadata.repositoryservices.connectors.stores.archivestore,HIGH,LOW,CAN BE INCONSISTENT
org.odpi.openmetadata.samples.governanceactions.clinicaltrials,org.odpi.openmetadata.samples.governanceactions.ffdc,HIGH,LOW,CAN BE INCONSISTENT
org.odpi.openmetadata.frameworks.openmetadata.api,org.odpi.openmetadata.frameworks.openmetadata.ffdc,HIGH,LOW,CAN BE INCONSISTENT
org.odpi.openmetadata.frameworks.auditlog,org.odpi.openmetadata.viewservices.solutionarchitect.server,HIGH,LOW,CAN BE INCONSISTENT
org.odpi.openmetadata.commonservices.multitenant,org.odpi.openmetadata.viewservices.glossarymanager.server,HIGH,LOW,CAN BE INCONSISTENT
org.odpi.openmetadata.commonservices.generichandlers,org.odpi.openmetadata.frameworks.openmetadata.enums,HIGH,LOW,CAN BE INCONSISTENT
org.odpi.openmetadata.commonservices.multitenant,org.odpi.openmetadata.viewservices.timekeeper.server,HIGH,LOW,CAN BE INCONSISTENT
org.odpi.openmetadata.frameworks.openmetadata.ffdc,org.odpi.openmetadata.platformservices.client,HIGH,LOW,CAN BE INCONSISTENT
org.odpi.openmetadata.commonservices.ffdc.rest,org.odpi.openmetadata.viewservices.assetmaker.server.spring,HIGH,LOW,CAN BE INCONSISTENT
org.odpi.openmetadata.commonservices.multitenant,org.odpi.openmetadata.viewservices.schemamaker.server,HIGH,LOW,CAN BE INCONSISTENT
org.odpi.openmetadata.viewservices.actormanager.server,org.odpi.openmetadata.viewservices.actormanager.server.spring,HIGH,LOW,CAN BE INCONSISTENT
org.odpi.openmetadata.frameworkservices.omf.server,org.odpi.openmetadata.frameworkservices.omf.server.spring,HIGH,LOW,CAN BE INCONSISTENT
org.odpi.openmetadata.tokencontroller,org.odpi.openmetadata.viewservices.metadataexpert.server,HIGH,LOW,CAN BE INCONSISTENT
org.odpi.openmetadata.adapters.connectors.integration.jdbc.transfer,org.odpi.openmetadata.frameworks.auditlog,HIGH,LOW,CAN BE INCONSISTENT
org.odpi.openmetadata.commonservices.multitenant,org.odpi.openmetadata.metadatasecurity.server,HIGH,LOW,CAN BE INCONSISTENT
org.odpi.openmetadata.adminservices.classifier,org.odpi.openmetadata.adminservices.configuration.registration,HIGH,LOW,CAN BE INCONSISTENT
org.odpi.openmetadata.frameworks.auditlog,org.odpi.openmetadata.viewservices.metadataexpert.server,HIGH,LOW,CAN BE INCONSISTENT
org.odpi.openmetadata.adapters.connectors.resource.jdbc.properties,org.odpi.openmetadata.adapters.repositoryservices.postgres.repositoryconnector.schema,HIGH,LOW,CAN BE INCONSISTENT
org.odpi.openmetadata.engineservices.governanceaction.handlers,org.odpi.openmetadata.governanceservers.enginehostservices.admin,HIGH,LOW,CAN BE INCONSISTENT
org.odpi.openmetadata.frameworkservices.gaf.server,org.odpi.openmetadata.repositoryservices.connectors.stores.metadatacollectionstore.properties.instances,HIGH,LOW,CAN BE INCONSISTENT
org.odpi.openmetadata.adapters.repositoryservices,org.odpi.openmetadata.adminservices.server,HIGH,LOW,CAN BE INCONSISTENT
org.odpi.openmetadata.frameworks.auditlog,org.odpi.openmetadata.serveroperations.server,HIGH,LOW,CAN BE INCONSISTENT
org.odpi.openmetadata.commonservices.ffdc.rest,org.odpi.openmetadata.viewservices.communitymatters.server,HIGH,LOW,CAN BE INCONSISTENT
org.odpi.openmetadata.accessservices.governanceserver.fvt.duplicates,org.odpi.openmetadata.frameworks.openmetadata.properties,HIGH,LOW,CAN BE INCONSISTENT
org.odpi.openmetadata.tokencontroller,org.odpi.openmetadata.viewservices.connectionmaker.server,HIGH,LOW,CAN BE INCONSISTENT
org.odpi.openmetadata.frameworks.auditlog,org.odpi.openmetadata.governanceservers.integrationdaemonservices.ffdc,HIGH,LOW,CAN BE INCONSISTENT
org.odpi.openmetadata.frameworks.openmetadata.converters,org.odpi.openmetadata.frameworks.openmetadata.properties.contextevents,HIGH,LOW,CAN BE INCONSISTENT
org.odpi.openmetadata.frameworks.openmetadata.ffdc,org.odpi.openmetadata.frameworkservices.omf.handlers,HIGH,LOW,CAN BE INCONSISTENT
org.odpi.openmetadata.tokencontroller,org.odpi.openmetadata.viewservices.feedbackmanager.server,HIGH,LOW,CAN BE INCONSISTENT
org.odpi.openmetadata.tokencontroller,org.odpi.openmetadata.viewservices.collectionmanager.server,HIGH,LOW,CAN BE INCONSISTENT
org.odpi.openmetadata.frameworks.auditlog,org.odpi.openmetadata.viewservices.collectionmanager.server,HIGH,LOW,CAN BE INCONSISTENT
org.odpi.openmetadata.frameworks.auditlog,org.odpi.openmetadata.viewservices.connectionmaker.server,HIGH,LOW,CAN BE INCONSISTENT
org.odpi.openmetadata.commonservices.ffdc,org.odpi.openmetadata.viewservices.templatemanager.server,HIGH,LOW,CAN BE INCONSISTENT
org.odpi.openmetadata.frameworks.auditlog,org.odpi.openmetadata.viewservices.feedbackmanager.server,HIGH,LOW,CAN BE INCONSISTENT
org.odpi.openmetadata.adapters.connectors.externalharvesters.harvestopenmetadata,org.odpi.openmetadata.frameworks.openmetadata.connectorcontext,HIGH,LOW,CAN BE INCONSISTENT
org.odpi.openmetadata.frameworkservices.omf.server,org.odpi.openmetadata.repositoryservices.connectors.stores.metadatacollectionstore.properties.instances,HIGH,LOW,CAN BE INCONSISTENT
org.odpi.openmetadata.adapters.connectors.externalharvesters.harvestsurveys,org.odpi.openmetadata.adapters.connectors.resource.jdbc.properties,HIGH,LOW,CAN BE INCONSISTENT
org.odpi.openmetadata.frameworks.openmetadata.properties.surveyreports,org.odpi.openmetadata.samples.governanceactions.clinicaltrials,HIGH,LOW,CAN BE INCONSISTENT
org.odpi.openmetadata.adapters.connectors.egeriainfrastructure.platform.catalog,org.odpi.openmetadata.frameworks.integration.connectors,HIGH,LOW,CAN BE INCONSISTENT
org.odpi.openmetadata.adapters.connectors.integration.openlineage,org.odpi.openmetadata.frameworks.integration.connectors,HIGH,LOW,CAN BE INCONSISTENT
org.odpi.openmetadata.commonservices.ffdc.rest,org.odpi.openmetadata.viewservices.actionauthor.server,HIGH,LOW,CAN BE INCONSISTENT
org.odpi.openmetadata.frameworks.openmetadata.refdata,org.odpi.openmetadata.samples.governanceactions.clinicaltrials,HIGH,LOW,CAN BE INCONSISTENT
org.odpi.openmetadata.adapters.repositoryservices.postgres.repositoryconnector.mappers,org.odpi.openmetadata.repositoryservices.ffdc.exception,HIGH,LOW,CAN BE INCONSISTENT
org.odpi.openmetadata.adapters.connectors.apacheatlas.integration.ffdc,org.odpi.openmetadata.adapters.connectors.apacheatlas.integration.modules,HIGH,LOW,CAN BE INCONSISTENT
org.odpi.openmetadata.frameworks.openmetadata.types,org.odpi.openmetadata.samples.archiveutilities.businesssystems,HIGH,LOW,CAN BE INCONSISTENT
org.odpi.openmetadata.adapters.connectors.governanceactions.stewardship,org.odpi.openmetadata.frameworks.openmetadata.properties,HIGH,LOW,CAN BE INCONSISTENT
org.odpi.openmetadata.commonservices.repositoryhandler,org.odpi.openmetadata.repositoryservices.connectors.stores.metadatacollectionstore,HIGH,LOW,CAN BE INCONSISTENT
org.odpi.openmetadata.adapters.connectors.apacheatlas.integration.modules,org.odpi.openmetadata.frameworks.openmetadata.search,HIGH,LOW,CAN BE INCONSISTENT
org.odpi.openmetadata.frameworks.openmetadata.client,org.odpi.openmetadata.frameworkservices.omf.client,HIGH,LOW,CAN BE INCONSISTENT
org.odpi.openmetadata.frameworks.openmetadata.ffdc,org.odpi.openmetadata.governanceservers.integrationdaemonservices.server,HIGH,LOW,CAN BE INCONSISTENT
org.odpi.openmetadata.commonservices.generichandlers,org.odpi.openmetadata.frameworks.openmetadata.properties,HIGH,LOW,CAN BE INCONSISTENT
org.odpi.openmetadata.frameworks.openmetadata.handlers,org.odpi.openmetadata.frameworks.openmetadata.mermaid,HIGH,LOW,CAN BE INCONSISTENT
org.odpi.openmetadata.adapters.connectors.postgres.survey,org.odpi.openmetadata.frameworks.openmetadata.properties.surveyreports,HIGH,LOW,CAN BE INCONSISTENT
org.odpi.openmetadata.commonservices.ffdc.rest,org.odpi.openmetadata.governanceservers.integrationdaemonservices.client,HIGH,LOW,CAN BE INCONSISTENT
org.odpi.openmetadata.adapters.connectors.surveyaction.extractors,org.odpi.openmetadata.frameworks.openmetadata.fileclassifier,HIGH,LOW,CAN BE INCONSISTENT
org.odpi.openmetadata.adapters.connectors,org.odpi.openmetadata.frameworks.openmetadata.definitions,HIGH,LOW,CAN BE INCONSISTENT
org.odpi.openmetadata.frameworks.openmetadata.ffdc,org.odpi.openmetadata.frameworks.openmetadata.filelistener,HIGH,LOW,CAN BE INCONSISTENT
org.odpi.openmetadata.commonservices.ffdc,org.odpi.openmetadata.viewservices.securityofficer.server,HIGH,LOW,CAN BE INCONSISTENT
org.odpi.openmetadata.adapters.connectors.unitycatalog.resource,org.odpi.openmetadata.adapters.connectors.unitycatalog.resource.rest,HIGH,LOW,CAN BE INCONSISTENT
org.odpi.openmetadata.frameworks.connectors,org.odpi.openmetadata.metadatasecurity.accessconnector,HIGH,LOW,CAN BE INCONSISTENT
org.odpi.openmetadata.commonservices.multitenant,org.odpi.openmetadata.viewservices.datadiscovery.server,HIGH,LOW,CAN BE INCONSISTENT
org.odpi.openmetadata.repositoryservices.admin,org.odpi.openmetadata.serveroperations.server,HIGH,LOW,CAN BE INCONSISTENT
org.odpi.openmetadata.engineservices.repositorygovernance.handlers,org.odpi.openmetadata.governanceservers.enginehostservices.admin,HIGH,LOW,CAN BE INCONSISTENT
org.odpi.openmetadata.adapters.connectors.governanceactions.remediation,org.odpi.openmetadata.frameworks.connectors.properties.beans,HIGH,LOW,CAN BE INCONSISTENT
org.odpi.openmetadata.engineservices.repositorygovernance.handlers,org.odpi.openmetadata.repositoryservices.clients,HIGH,LOW,CAN BE INCONSISTENT
org.odpi.openmetadata.adapters.connectors.apacheatlas.survey,org.odpi.openmetadata.frameworks.openmetadata.properties.surveyreports,HIGH,LOW,CAN BE INCONSISTENT
org.odpi.openmetadata.frameworks.connectors.properties.beans,org.odpi.openmetadata.platformchassis.springboot,HIGH,LOW,CAN BE INCONSISTENT
org.odpi.openmetadata.repositoryservices.connectors.stores.metadatacollectionstore.properties.typedefs,org.odpi.openmetadata.samples.archiveutilities.types,HIGH,LOW,CAN BE INCONSISTENT
org.odpi.openmetadata.adapters.connectors.postgres.controls,org.odpi.openmetadata.contentpacks.core,HIGH,LOW,CAN BE INCONSISTENT
org.odpi.openmetadata.adapters.connectors.apacheatlas.survey,org.odpi.openmetadata.frameworks.openmetadata.metadataelements,HIGH,LOW,CAN BE INCONSISTENT
org.odpi.openmetadata.frameworks.connectors.ffdc,org.odpi.openmetadata.frameworks.integration.connectors,HIGH,LOW,CAN BE INCONSISTENT
org.odpi.openmetadata.frameworks.connectors,org.odpi.openmetadata.frameworks.openmetadata.ffdc,HIGH,LOW,CAN BE INCONSISTENT
org.odpi.openmetadata.frameworks.opengovernance.properties,org.odpi.openmetadata.samples.governanceactions.clinicaltrials,HIGH,LOW,CAN BE INCONSISTENT
org.odpi.openmetadata.adapters.connectors.externalharvesters.harvestopenmetadata,org.odpi.openmetadata.frameworks.openmetadata.search,HIGH,LOW,CAN BE INCONSISTENT
org.odpi.openmetadata.adapters.connectors.subscriptions,org.odpi.openmetadata.frameworks.openmetadata.specificationproperties,HIGH,LOW,CAN BE INCONSISTENT
org.odpi.openmetadata.adapters.connectors.jacquard.tabulardatasets.openmetadatatypes,org.odpi.openmetadata.frameworks.openmetadata.properties,HIGH,LOW,CAN BE INCONSISTENT
org.odpi.openmetadata.commonservices.ffdc.rest,org.odpi.openmetadata.viewservices.datadesigner.server.spring,HIGH,LOW,CAN BE INCONSISTENT
org.odpi.openmetadata.adapters.connectors.unitycatalog.controls,org.odpi.openmetadata.adapters.connectors.unitycatalog.sync,HIGH,LOW,CAN BE INCONSISTENT
org.odpi.openmetadata.frameworks.openmetadata.properties,org.odpi.openmetadata.frameworkservices.omf.rest,HIGH,LOW,CAN BE INCONSISTENT
org.odpi.openmetadata.frameworks.openmetadata.converters,org.odpi.openmetadata.frameworks.openmetadata.properties.assets.processes,HIGH,LOW,CAN BE INCONSISTENT
org.odpi.openmetadata.adminservices.configuration.properties,org.odpi.openmetadata.frameworks.connectors.properties.beans,HIGH,LOW,CAN BE INCONSISTENT
org.odpi.openmetadata.frameworks.auditlog,org.odpi.openmetadata.governanceservers.enginehostservices.ffdc,HIGH,LOW,CAN BE INCONSISTENT
org.odpi.openmetadata.frameworks.openmetadata.controls,org.odpi.openmetadata.frameworks.openmetadata.specificationproperties,HIGH,LOW,CAN BE INCONSISTENT
org.odpi.openmetadata.adapters.connectors.subscriptions,org.odpi.openmetadata.frameworks.openmetadata.properties,HIGH,LOW,CAN BE INCONSISTENT
org.odpi.openmetadata.repositoryservices.connectors.stores.metadatacollectionstore.properties,org.odpi.openmetadata.repositoryservices.connectors.stores.metadatacollectionstore.utilities,HIGH,LOW,CAN BE INCONSISTENT
org.odpi.openmetadata.commonservices.ffdc,org.odpi.openmetadata.viewservices.communitymatters.server,HIGH,LOW,CAN BE INCONSISTENT
org.odpi.openmetadata.frameworks.connectors.client,org.odpi.openmetadata.viewservices.runtimemanager.server,HIGH,LOW,CAN BE INCONSISTENT
org.odpi.openmetadata.engineservices.surveyaction.handlers,org.odpi.openmetadata.frameworks.opensurvey,HIGH,LOW,CAN BE INCONSISTENT
org.odpi.openmetadata.metadatasecurity.accessconnector,org.odpi.openmetadata.metadatasecurity.properties,HIGH,LOW,CAN BE INCONSISTENT
org.odpi.openmetadata.frameworks.openmetadata.ffdc,org.odpi.openmetadata.repositoryservices.rest.server,HIGH,LOW,CAN BE INCONSISTENT
org.odpi.openmetadata.frameworks.openmetadata.builders,org.odpi.openmetadata.frameworks.openmetadata.enums,HIGH,LOW,CAN BE INCONSISTENT
org.odpi.openmetadata.frameworks.openmetadata.refdata,org.odpi.openmetadata.samples.archiveutilities.governanceprogram,HIGH,LOW,CAN BE INCONSISTENT
org.odpi.openmetadata.frameworks.openmetadata.handlers,org.odpi.openmetadata.viewservices.locationarena.server,HIGH,LOW,CAN BE INCONSISTENT
org.odpi.openmetadata.frameworkservices.gaf.rest,org.odpi.openmetadata.viewservices.automatedcuration.server,HIGH,LOW,CAN BE INCONSISTENT
org.odpi.openmetadata.adapters.connectors.egeriainfrastructure.extractor,org.odpi.openmetadata.adminservices.configuration.properties,HIGH,LOW,CAN BE INCONSISTENT
org.odpi.openmetadata.adapters.connectors.integration.jdbc.transfer.requests,org.odpi.openmetadata.frameworks.openmetadata.metadataelements,HIGH,LOW,CAN BE INCONSISTENT
org.odpi.openmetadata.commonservices.ffdc.rest,org.odpi.openmetadata.viewservices.templatemanager.server,HIGH,LOW,CAN BE INCONSISTENT
org.odpi.openmetadata.adapters.connectors.integration.openlineage,org.odpi.openmetadata.frameworks.openmetadata.metadataelements,HIGH,LOW,CAN BE INCONSISTENT
org.odpi.openmetadata.frameworks.openmetadata.properties,org.odpi.openmetadata.viewservices.validmetadata.server,HIGH,LOW,CAN BE INCONSISTENT
org.odpi.openmetadata.adapters.connectors.dynamicarchivers,org.odpi.openmetadata.repositoryservices.connectors.stores.archivestore,HIGH,LOW,CAN BE INCONSISTENT
org.odpi.openmetadata.adapters.connectors.apacheatlas.integration.ffdc,org.odpi.openmetadata.frameworks.auditlog,HIGH,LOW,CAN BE INCONSISTENT
org.odpi.openmetadata.adapters.connectors.integration.basicfiles,org.odpi.openmetadata.frameworks.integration.connectors,HIGH,LOW,CAN BE INCONSISTENT
org.odpi.openmetadata.adapters.connectors.governanceactions.remediation,org.odpi.openmetadata.frameworks.openmetadata.properties,HIGH,LOW,CAN BE INCONSISTENT
org.odpi.openmetadata.repositoryservices.archivemanager,org.odpi.openmetadata.repositoryservices.connectors.stores.metadatacollectionstore.properties.instances,HIGH,LOW,CAN BE INCONSISTENT
org.odpi.openmetadata.frameworkservices.omf.handlers,org.odpi.openmetadata.repositoryservices.connectors.stores.metadatacollectionstore.properties.typedefs,HIGH,LOW,CAN BE INCONSISTENT
org.odpi.openmetadata.adapters.connectors.resource.jdbc.properties,org.odpi.openmetadata.adapters.repositoryservices.auditlogstore.postgres.schema,HIGH,LOW,CAN BE INCONSISTENT
org.odpi.openmetadata.frameworks.openmetadata.client,org.odpi.openmetadata.frameworks.openmetadata.properties,HIGH,LOW,CAN BE INCONSISTENT
org.odpi.openmetadata.adapters.connectors.apacheatlas.integration.modules,org.odpi.openmetadata.frameworks.integration.context,HIGH,LOW,CAN BE INCONSISTENT
org.odpi.openmetadata.commonservices.ffdc.rest,org.odpi.openmetadata.viewservices.solutionarchitect.server.spring,HIGH,LOW,CAN BE INCONSISTENT
org.odpi.openmetadata.metadatasecurity,org.odpi.openmetadata.repositoryservices.connectors.stores.metadatacollectionstore.properties.instances,HIGH,LOW,CAN BE INCONSISTENT
org.odpi.openmetadata.viewservices.assetmaker.server,org.odpi.openmetadata.viewservices.assetmaker.server.spring,HIGH,LOW,CAN BE INCONSISTENT
org.odpi.openmetadata.frameworks.openmetadata.handlers,org.odpi.openmetadata.viewservices.schemamaker.server,HIGH,LOW,CAN BE INCONSISTENT
org.odpi.openmetadata.adapters.repositoryservices.postgres.repositoryconnector.database,org.odpi.openmetadata.repositoryservices.connectors.stores.metadatacollectionstore.properties.instances,HIGH,LOW,CAN BE INCONSISTENT
org.odpi.openmetadata.adapters.connectors.surveyaction.surveyfolder,org.odpi.openmetadata.frameworks.openmetadata.properties.surveyreports,HIGH,LOW,CAN BE INCONSISTENT
org.odpi.openmetadata.adapters.connectors.surveyaction.surveycsv,org.odpi.openmetadata.frameworks.openmetadata.search,HIGH,LOW,CAN BE INCONSISTENT
org.odpi.openmetadata.engineservices.repositorygovernance.connector,org.odpi.openmetadata.engineservices.repositorygovernance.handlers,HIGH,LOW,CAN BE INCONSISTENT
org.odpi.openmetadata.adminservices.registration,org.odpi.openmetadata.serveroperations.server,HIGH,LOW,CAN BE INCONSISTENT
org.odpi.openmetadata.frameworks.openmetadata.ffdc,org.odpi.openmetadata.frameworkservices.gaf.client,HIGH,LOW,CAN BE INCONSISTENT
org.odpi.openmetadata.adapters.connectors.governanceactions.remediation,org.odpi.openmetadata.frameworks.openmetadata.refdata,HIGH,LOW,CAN BE INCONSISTENT
org.odpi.openmetadata.frameworkservices.gaf.handlers,org.odpi.openmetadata.repositoryservices.connectors.stores.metadatacollectionstore.properties.instances,HIGH,LOW,CAN BE INCONSISTENT
org.odpi.openmetadata.repositoryservices.archiveutilities,org.odpi.openmetadata.samples.archiveutilities.types,HIGH,LOW,CAN BE INCONSISTENT
org.odpi.openmetadata.adapters.connectors.integration.basicfiles,org.odpi.openmetadata.frameworks.openmetadata.properties.assets.filesandfolders,HIGH,LOW,CAN BE INCONSISTENT
org.odpi.openmetadata.adapters.connectors.externalharvesters.harvestsurveys,org.odpi.openmetadata.frameworks.auditlog,HIGH,LOW,CAN BE INCONSISTENT
org.odpi.openmetadata.adapters.connectors.restclients.spring,org.odpi.openmetadata.frameworks.auditlog.messagesets,HIGH,LOW,CAN BE INCONSISTENT
org.odpi.openmetadata.platformservices.server,org.odpi.openmetadata.tokencontroller,HIGH,LOW,CAN BE INCONSISTENT
org.odpi.openmetadata.tokencontroller,org.odpi.openmetadata.viewservices.validmetadata.server,HIGH,LOW,CAN BE INCONSISTENT
org.odpi.openmetadata.adapters.connectors.surveyaction.surveyfolder,org.odpi.openmetadata.frameworks.opensurvey.measurements,HIGH,LOW,CAN BE INCONSISTENT
org.odpi.openmetadata.adapters.connectors.jacquard.productcatalog,org.odpi.openmetadata.adapters.connectors.jacquard.tabulardatasets,HIGH,LOW,CAN BE INCONSISTENT
org.odpi.openmetadata.frameworks.auditlog,org.odpi.openmetadata.viewservices.validmetadata.server,HIGH,LOW,CAN BE INCONSISTENT
org.odpi.openmetadata.conformance.client,org.odpi.openmetadata.conformance.rest,HIGH,LOW,CAN BE INCONSISTENT
org.odpi.openmetadata.adapters.connectors.dynamicarchivers,org.odpi.openmetadata.frameworks.openmetadata.specificationproperties,HIGH,LOW,CAN BE INCONSISTENT
org.odpi.openmetadata.frameworks.openmetadata.converters,org.odpi.openmetadata.frameworks.openmetadata.ffdc,HIGH,LOW,CAN BE INCONSISTENT
org.odpi.openmetadata.repositoryservices.connectors.stores.metadatacollectionstore.repositoryconnector,org.odpi.openmetadata.repositoryservices.ffdc.exception,HIGH,LOW,CAN BE INCONSISTENT
org.odpi.openmetadata.frameworks.openmetadata.definitions,org.odpi.openmetadata.samples.archiveutilities,HIGH,LOW,CAN BE INCONSISTENT
org.odpi.openmetadata.commonservices.ffdc.rest,org.odpi.openmetadata.viewservices.connectionmaker.server.spring,HIGH,LOW,CAN BE INCONSISTENT
org.odpi.openmetadata.commonservices.ffdc.rest,org.odpi.openmetadata.viewservices.collectionmanager.server.spring,HIGH,LOW,CAN BE INCONSISTENT
org.odpi.openmetadata.frameworks.openmetadata.ffdc,org.odpi.openmetadata.samples.governanceactions.clinicaltrials,HIGH,LOW,CAN BE INCONSISTENT
org.odpi.openmetadata.frameworks.openmetadata.metadataelements,org.odpi.openmetadata.viewservices.classificationexplorer.server,HIGH,LOW,CAN BE INCONSISTENT
org.odpi.openmetadata.adapters.connectors.secretsstore.yaml,org.odpi.openmetadata.frameworks.connectors,HIGH,LOW,CAN BE INCONSISTENT
org.odpi.openmetadata.commonservices.multitenant,org.odpi.openmetadata.viewservices.projectmanager.server,HIGH,LOW,CAN BE INCONSISTENT
org.odpi.openmetadata.samples.archiveutilities.businesssystems,org.odpi.openmetadata.samples.archiveutilities.organization,HIGH,LOW,CAN BE INCONSISTENT
org.odpi.openmetadata.frameworks.openmetadata.types,org.odpi.openmetadata.frameworks.opensurvey.measurements,HIGH,LOW,CAN BE INCONSISTENT
org.odpi.openmetadata.frameworks.opensurvey.controls,org.odpi.openmetadata.frameworks.opensurvey.measurements,HIGH,LOW,CAN BE INCONSISTENT
org.odpi.openmetadata.tokencontroller,org.odpi.openmetadata.viewservices.glossarymanager.server,HIGH,LOW,CAN BE INCONSISTENT
org.odpi.openmetadata.frameworks.auditlog,org.odpi.openmetadata.viewservices.glossarymanager.server,HIGH,LOW,CAN BE INCONSISTENT
org.odpi.openmetadata.commonservices.ffdc.rest,org.odpi.openmetadata.governanceservers.integrationdaemonservices.server,HIGH,LOW,CAN BE INCONSISTENT
org.odpi.openmetadata.accessservices.communityprofile.fvt.metadatasources,org.odpi.openmetadata.fvt.utilities.exceptions,HIGH,LOW,CAN BE INCONSISTENT
org.odpi.openmetadata.viewservices.runtimemanager.server,org.odpi.openmetadata.viewservices.runtimemanager.server.spring,HIGH,LOW,CAN BE INCONSISTENT
org.odpi.openmetadata.frameworks.openmetadata.converters,org.odpi.openmetadata.frameworks.openmetadata.properties.governance.governanceactions,HIGH,LOW,CAN BE INCONSISTENT
org.odpi.openmetadata.commonservices.generichandlers,org.odpi.openmetadata.frameworkservices.gaf.converters,HIGH,LOW,CAN BE INCONSISTENT
org.odpi.openmetadata.adapters.connectors.egeriainfrastructure.extractor,org.odpi.openmetadata.adapters.connectors.egeriainfrastructure.servers,HIGH,LOW,CAN BE INCONSISTENT
org.odpi.openmetadata.adapters.connectors.controls,org.odpi.openmetadata.frameworks.openmetadata.specificationproperties,HIGH,LOW,CAN BE INCONSISTENT
org.odpi.openmetadata.frameworkservices.omf.client.rest,org.odpi.openmetadata.frameworkservices.omf.rest,HIGH,LOW,CAN BE INCONSISTENT
org.odpi.openmetadata.adapters.connectors.unitycatalog.survey,org.odpi.openmetadata.frameworks.openmetadata.properties.surveyreports,HIGH,LOW,CAN BE INCONSISTENT
org.odpi.openmetadata.adapters.connectors.governanceactions.watchdog,org.odpi.openmetadata.frameworks.openmetadata.properties,HIGH,LOW,CAN BE INCONSISTENT
org.odpi.openmetadata.adapters.connectors.governanceactions.ffdc,org.odpi.openmetadata.frameworks.auditlog,HIGH,LOW,CAN BE INCONSISTENT
org.odpi.openmetadata.frameworks.auditlog,org.odpi.openmetadata.repositoryservices.admin,HIGH,LOW,CAN BE INCONSISTENT
org.odpi.openmetadata.commonservices.multitenant,org.odpi.openmetadata.viewservices.referencedata.server,HIGH,LOW,CAN BE INCONSISTENT
org.odpi.openmetadata.frameworks.auditlog,org.odpi.openmetadata.frameworks.openmetadata.ffdc,HIGH,LOW,CAN BE INCONSISTENT
org.odpi.openmetadata.repositoryservices.connectors.omrstopic,org.odpi.openmetadata.repositoryservices.connectors.stores.metadatacollectionstore.properties.instances,HIGH,LOW,CAN BE INCONSISTENT
org.odpi.openmetadata.frameworks.openmetadata.converters,org.odpi.openmetadata.frameworks.openmetadata.properties.feedback,HIGH,LOW,CAN BE INCONSISTENT
org.odpi.openmetadata.frameworks.auditlog,org.odpi.openmetadata.repositoryservices.clients,HIGH,LOW,CAN BE INCONSISTENT
org.odpi.openmetadata.adapters.connectors.unitycatalog.controls,org.odpi.openmetadata.adapters.connectors.unitycatalog.survey,HIGH,LOW,CAN BE INCONSISTENT
org.odpi.openmetadata.repositoryservices.archivemanager,org.odpi.openmetadata.repositoryservices.connectors.stores.archivestore.properties,HIGH,LOW,CAN BE INCONSISTENT
org.odpi.openmetadata.commonservices.ffdc.rest,org.odpi.openmetadata.commonservices.multitenant,HIGH,LOW,CAN BE INCONSISTENT
org.odpi.openmetadata.frameworks.auditlog,org.odpi.openmetadata.serveroperations.ffdc,HIGH,LOW,CAN BE INCONSISTENT
org.odpi.openmetadata.accessservices.assetowner.fvt.dataassets,org.odpi.openmetadata.frameworks.openmetadata.properties.schema,HIGH,LOW,CAN BE INCONSISTENT
org.odpi.openmetadata.frameworks.openmetadata.metadataelements,org.odpi.openmetadata.samples.governanceactions.clinicaltrials,HIGH,LOW,CAN BE INCONSISTENT
org.odpi.openmetadata.accessservices.assetowner.fvt.dataassets,org.odpi.openmetadata.frameworks.openmetadata.properties,HIGH,LOW,CAN BE INCONSISTENT
org.odpi.openmetadata.frameworks.openmetadata.properties,org.odpi.openmetadata.frameworks.openmetadata.search,HIGH,LOW,CAN BE INCONSISTENT
org.odpi.openmetadata.frameworks.auditlog,org.odpi.openmetadata.frameworks.opensurvey,HIGH,LOW,CAN BE INCONSISTENT
org.odpi.openmetadata.adapters.connectors.unitycatalog.sync,org.odpi.openmetadata.frameworks.openmetadata.connectorcontext,HIGH,LOW,CAN BE INCONSISTENT
org.odpi.openmetadata.adapters.connectors.controls,org.odpi.openmetadata.adapters.connectors.unitycatalog.sync,HIGH,LOW,CAN BE INCONSISTENT
org.odpi.openmetadata.commonservices.multitenant,org.odpi.openmetadata.platformservices.server,HIGH,LOW,CAN BE INCONSISTENT
org.odpi.openmetadata.commonservices.ffdc.rest,org.odpi.openmetadata.viewservices.securityofficer.server,HIGH,LOW,CAN BE INCONSISTENT
org.odpi.openmetadata.adapters.connectors.wedgwood,org.odpi.openmetadata.frameworks.openmetadata.specificationproperties,HIGH,LOW,CAN BE INCONSISTENT
org.odpi.openmetadata.tokencontroller,org.odpi.openmetadata.viewservices.governanceofficer.server,HIGH,LOW,CAN BE INCONSISTENT
org.odpi.openmetadata.adapters.connectors.jacquard.tabulardatasets,org.odpi.openmetadata.frameworks.openmetadata.metadataelements,HIGH,LOW,CAN BE INCONSISTENT
org.odpi.openmetadata.adapters.connectors.surveyaction.extractors,org.odpi.openmetadata.frameworks.opensurvey.measurements,HIGH,LOW,CAN BE INCONSISTENT
org.odpi.openmetadata.adapters.connectors.postgres.controls,org.odpi.openmetadata.frameworks.openmetadata.controls,HIGH,LOW,CAN BE INCONSISTENT
org.odpi.openmetadata.adapters.connectors.integration.basicfiles,org.odpi.openmetadata.adapters.connectors.integration.basicfiles.ffdc,HIGH,LOW,CAN BE INCONSISTENT
org.odpi.openmetadata.commonservices.ffdc,org.odpi.openmetadata.viewservices.digitalbusiness.server,HIGH,LOW,CAN BE INCONSISTENT
org.odpi.openmetadata.frameworks.auditlog,org.odpi.openmetadata.viewservices.governanceofficer.server,HIGH,LOW,CAN BE INCONSISTENT
org.odpi.openmetadata.engineservices.repositorygovernance.handlers,org.odpi.openmetadata.frameworks.openmetadata.ffdc,HIGH,LOW,CAN BE INCONSISTENT
org.odpi.openmetadata.adminservices.classifier,org.odpi.openmetadata.adminservices.configuration.properties,HIGH,LOW,CAN BE INCONSISTENT
org.odpi.openmetadata.frameworks.openmetadata.metadataelements,org.odpi.openmetadata.frameworks.opensurvey,HIGH,LOW,CAN BE INCONSISTENT
org.odpi.openmetadata.repositoryservices.connectors.stores.metadatacollectionstore.properties.search,org.odpi.openmetadata.repositoryservices.localrepository.repositorycontentmanager,HIGH,LOW,CAN BE INCONSISTENT
org.odpi.openmetadata.repositoryservices.connectors.stores.metadatacollectionstore.properties,org.odpi.openmetadata.repositoryservices.enterprise.repositoryconnector.executors,HIGH,LOW,CAN BE INCONSISTENT
org.odpi.openmetadata.adapters.connectors.apacheatlas.resource,org.odpi.openmetadata.frameworks.openmetadata.ffdc,HIGH,LOW,CAN BE INCONSISTENT
org.odpi.openmetadata.viewservices.datadesigner.server,org.odpi.openmetadata.viewservices.datadesigner.server.spring,HIGH,LOW,CAN BE INCONSISTENT
org.odpi.openmetadata.viewservices.metadataexpert.server,org.odpi.openmetadata.viewservices.metadataexpert.server.spring,HIGH,LOW,CAN BE INCONSISTENT
org.odpi.openmetadata.adapters.connectors.surveyaction.surveyfolder,org.odpi.openmetadata.frameworks.openmetadata.fileclassifier,HIGH,LOW,CAN BE INCONSISTENT
org.odpi.openmetadata.adminservices.client,org.odpi.openmetadata.adminservices.ffdc.exception,HIGH,LOW,CAN BE INCONSISTENT
org.odpi.openmetadata.commonservices.ffdc.rest,org.odpi.openmetadata.frameworkservices.omf.server.spring,HIGH,LOW,CAN BE INCONSISTENT
org.odpi.openmetadata.serveroperations.rest,org.odpi.openmetadata.serveroperations.server,HIGH,LOW,CAN BE INCONSISTENT
org.odpi.openmetadata.frameworks.connectors.properties.beans,org.odpi.openmetadata.utilities.serverconfig,HIGH,LOW,CAN BE INCONSISTENT
org.odpi.openmetadata.commonservices.generichandlers,org.odpi.openmetadata.frameworks.auditlog,HIGH,LOW,CAN BE INCONSISTENT
org.odpi.openmetadata.adapters.connectors.resource.jdbc,org.odpi.openmetadata.adapters.repositoryservices.postgres.repositoryconnector.database,HIGH,LOW,CAN BE INCONSISTENT
org.odpi.openmetadata.adapters.connectors.integration.basicfiles,org.odpi.openmetadata.frameworks.connectors.properties.users,HIGH,LOW,CAN BE INCONSISTENT
org.odpi.openmetadata.adapters.connectors.unitycatalog.provision,org.odpi.openmetadata.frameworks.opengovernance,HIGH,LOW,CAN BE INCONSISTENT
org.odpi.openmetadata.adapters.connectors.egeriainfrastructure.control,org.odpi.openmetadata.frameworks.openmetadata.controls,HIGH,LOW,CAN BE INCONSISTENT
org.odpi.openmetadata.frameworks.auditlog,org.odpi.openmetadata.repositoryservices.connectors.omrstopic,HIGH,LOW,CAN BE INCONSISTENT
org.odpi.openmetadata.adapters.connectors.externalharvesters.harvestsurveys,org.odpi.openmetadata.frameworks.connectors.ffdc,HIGH,LOW,CAN BE INCONSISTENT
org.odpi.openmetadata.viewservices.automatedcuration.mermaid,org.odpi.openmetadata.viewservices.automatedcuration.properties,HIGH,LOW,CAN BE INCONSISTENT
org.odpi.openmetadata.adapters.connectors.restclients.ffdc,org.odpi.openmetadata.adapters.connectors.restclients.spring,HIGH,LOW,CAN BE INCONSISTENT
org.odpi.openmetadata.tokencontroller,org.odpi.openmetadata.viewservices.datadiscovery.server,HIGH,LOW,CAN BE INCONSISTENT
org.odpi.openmetadata.metadatasecurity.accessconnector,org.odpi.openmetadata.metadatasecurity.connectors,HIGH,LOW,CAN BE INCONSISTENT
org.odpi.openmetadata.viewservices.solutionarchitect.server,org.odpi.openmetadata.viewservices.solutionarchitect.server.spring,HIGH,LOW,CAN BE INCONSISTENT
org.odpi.openmetadata.adapters.connectors.unitycatalog.resource,org.odpi.openmetadata.adapters.connectors.unitycatalog.sync,HIGH,LOW,CAN BE INCONSISTENT
org.odpi.openmetadata.frameworks.connectors.properties.beans,org.odpi.openmetadata.frameworks.openmetadata.metadataelements,HIGH,LOW,CAN BE INCONSISTENT
org.odpi.openmetadata.repositoryservices.connectors.stores.metadatacollectionstore.properties.typedefs,org.odpi.openmetadata.repositoryservices.events.beans.v2,HIGH,LOW,CAN BE INCONSISTENT
org.odpi.openmetadata.frameworks.auditlog,org.odpi.openmetadata.viewservices.datadiscovery.server,HIGH,LOW,CAN BE INCONSISTENT
org.odpi.openmetadata.frameworks.openmetadata.converters,org.odpi.openmetadata.frameworks.openmetadata.properties.assets.infrastructure,HIGH,LOW,CAN BE INCONSISTENT
org.odpi.openmetadata.adapters.connectors,org.odpi.openmetadata.adapters.connectors.controls,HIGH,LOW,CAN BE INCONSISTENT
org.odpi.openmetadata.adminservices.client.rest,org.odpi.openmetadata.frameworks.openmetadata.ffdc,HIGH,LOW,CAN BE INCONSISTENT
org.odpi.openmetadata.governanceservers.enginehostservices.registration,org.odpi.openmetadata.governanceservers.enginehostservices.server,HIGH,LOW,CAN BE INCONSISTENT
org.odpi.openmetadata.frameworkservices.omf.client,org.odpi.openmetadata.frameworkservices.omf.client.rest,HIGH,LOW,CAN BE INCONSISTENT
org.odpi.openmetadata.frameworks.connectors,org.odpi.openmetadata.metadatasecurity.connectors,HIGH,LOW,CAN BE INCONSISTENT
org.odpi.openmetadata.repositoryservices.archiveutilities,org.odpi.openmetadata.repositoryservices.ffdc,HIGH,LOW,CAN BE INCONSISTENT
org.odpi.openmetadata.repositoryservices.connectors.stores.metadatacollectionstore.properties.typedefs,org.odpi.openmetadata.repositoryservices.enterprise.repositoryconnector,HIGH,LOW,CAN BE INCONSISTENT
org.odpi.openmetadata.frameworks.openmetadata.search,org.odpi.openmetadata.frameworkservices.omf.converters,HIGH,LOW,CAN BE INCONSISTENT
org.odpi.openmetadata.adapters.connectors.subscriptions,org.odpi.openmetadata.frameworks.openmetadata.connectorcontext,HIGH,LOW,CAN BE INCONSISTENT
org.odpi.openmetadata.adapters.connectors.apacheatlas.integration.modules,org.odpi.openmetadata.frameworks.openmetadata.properties.schema,HIGH,LOW,CAN BE INCONSISTENT
org.odpi.openmetadata.adapters.repositoryservices.postgres.repositoryconnector.database,org.odpi.openmetadata.repositoryservices.connectors.stores.metadatacollectionstore.properties.search,HIGH,LOW,CAN BE INCONSISTENT
org.odpi.openmetadata.commonservices.ffdc.rest,org.odpi.openmetadata.viewservices.glossarymanager.rest,HIGH,LOW,CAN BE INCONSISTENT
org.odpi.openmetadata.commonservices.repositoryhandler,org.odpi.openmetadata.repositoryservices.connectors.stores.metadatacollectionstore.properties,HIGH,LOW,CAN BE INCONSISTENT
org.odpi.openmetadata.adapters.repositoryservices.rest.repositoryconnector,org.odpi.openmetadata.repositoryservices.connectors.stores.metadatacollectionstore.properties.instances,HIGH,LOW,CAN BE INCONSISTENT
org.odpi.openmetadata.adapters.connectors.resource.jdbc.mappers,org.odpi.openmetadata.adapters.connectors.resource.jdbc.properties,HIGH,LOW,CAN BE INCONSISTENT
org.odpi.openmetadata.adapters.connectors.integration.basicfiles,org.odpi.openmetadata.frameworks.connectors.ffdc,HIGH,LOW,CAN BE INCONSISTENT
org.odpi.openmetadata.adminservices.registration,org.odpi.openmetadata.frameworks.connectors.properties.beans,HIGH,LOW,CAN BE INCONSISTENT
org.odpi.openmetadata.adapters.connectors.governanceactions.provisioning,org.odpi.openmetadata.frameworks.openmetadata.connectorcontext,HIGH,LOW,CAN BE INCONSISTENT
org.odpi.openmetadata.adapters.repositoryservices.postgres.repositoryconnector,org.odpi.openmetadata.frameworks.openmetadata.ffdc,HIGH,LOW,CAN BE INCONSISTENT
org.odpi.openmetadata.accessservices.assetmanager.fvt.dataassets,org.odpi.openmetadata.frameworks.openmetadata.properties,HIGH,LOW,CAN BE INCONSISTENT
org.odpi.openmetadata.adapters.connectors.integration.basicfiles.controls,org.odpi.openmetadata.frameworks.openmetadata.controls,HIGH,LOW,CAN BE INCONSISTENT
org.odpi.openmetadata.adapters.connectors.egeriainfrastructure.extractor,org.odpi.openmetadata.platformservices.client,HIGH,LOW,CAN BE INCONSISTENT
org.odpi.openmetadata.samples.archiveutilities,org.odpi.openmetadata.samples.archiveutilities.cloudinformationmodel,HIGH,LOW,CAN BE INCONSISTENT
org.odpi.openmetadata.adapters.repositoryservices.inmemory.repositoryconnector,org.odpi.openmetadata.frameworks.openmetadata.ffdc,HIGH,LOW,CAN BE INCONSISTENT
org.odpi.openmetadata.frameworks.connectors,org.odpi.openmetadata.frameworks.integration.connectors,HIGH,LOW,CAN BE INCONSISTENT
org.odpi.openmetadata.adapters.connectors.egeriainfrastructure.servers,org.odpi.openmetadata.frameworks.openmetadata.ffdc,HIGH,LOW,CAN BE INCONSISTENT
org.odpi.openmetadata.frameworks.openmetadata.ffdc,org.odpi.openmetadata.repositoryservices.enterprise.repositoryconnector,HIGH,LOW,CAN BE INCONSISTENT
org.odpi.openmetadata.viewservices.connectionmaker.server,org.odpi.openmetadata.viewservices.connectionmaker.server.spring,HIGH,LOW,CAN BE INCONSISTENT
org.odpi.openmetadata.commonservices.ffdc,org.odpi.openmetadata.platformservices.client,HIGH,LOW,CAN BE INCONSISTENT
org.odpi.openmetadata.frameworks.openmetadata.connectorcontext,org.odpi.openmetadata.frameworks.openwatchdog,HIGH,LOW,CAN BE INCONSISTENT
org.odpi.openmetadata.viewservices.collectionmanager.server,org.odpi.openmetadata.viewservices.collectionmanager.server.spring,HIGH,LOW,CAN BE INCONSISTENT
org.odpi.openmetadata.viewservices.feedbackmanager.server,org.odpi.openmetadata.viewservices.feedbackmanager.server.spring,HIGH,LOW,CAN BE INCONSISTENT
org.odpi.openmetadata.frameworks.connectors,org.odpi.openmetadata.repositoryservices.connectors.openmetadatatopic,HIGH,LOW,CAN BE INCONSISTENT
org.odpi.openmetadata.frameworks.openmetadata.specificationproperties,org.odpi.openmetadata.frameworks.openwatchdog.controls,HIGH,LOW,CAN BE INCONSISTENT
org.odpi.openmetadata.adapters.connectors.resource.jdbc.mappers,org.odpi.openmetadata.repositoryservices.ffdc.exception,HIGH,LOW,CAN BE INCONSISTENT
org.odpi.openmetadata.commonservices.repositoryhandler,org.odpi.openmetadata.frameworks.auditlog,HIGH,LOW,CAN BE INCONSISTENT
org.odpi.openmetadata.adapters.connectors.controls,org.odpi.openmetadata.frameworks.openmetadata.refdata,HIGH,LOW,CAN BE INCONSISTENT
org.odpi.openmetadata.frameworks.integration.connectors,org.odpi.openmetadata.frameworks.openmetadata.search,HIGH,LOW,CAN BE INCONSISTENT
org.odpi.openmetadata.frameworks.openmetadata.properties,org.odpi.openmetadata.viewservices.automatedcuration.handlers,HIGH,LOW,CAN BE INCONSISTENT
org.odpi.openmetadata.adapters.connectors.postgres.survey,org.odpi.openmetadata.frameworks.opensurvey.controls,HIGH,LOW,CAN BE INCONSISTENT
org.odpi.openmetadata.frameworks.openmetadata.converters,org.odpi.openmetadata.frameworks.openmetadata.properties.solutions,HIGH,LOW,CAN BE INCONSISTENT
org.odpi.openmetadata.repositoryservices.admin,org.odpi.openmetadata.repositoryservices.localrepository.repositoryconnector,HIGH,LOW,CAN BE INCONSISTENT
org.odpi.openmetadata.adapters.connectors.jacquard,org.odpi.openmetadata.frameworks.auditlog,HIGH,LOW,CAN BE INCONSISTENT
org.odpi.openmetadata.frameworks.openmetadata.events,org.odpi.openmetadata.frameworkservices.gaf.outtopic,HIGH,LOW,CAN BE INCONSISTENT
org.odpi.openmetadata.frameworks.openmetadata.events,org.odpi.openmetadata.frameworkservices.omf.outtopic,HIGH,LOW,CAN BE INCONSISTENT
org.odpi.openmetadata.adapters.connectors.unitycatalog.sync,org.odpi.openmetadata.frameworks.openmetadata.ffdc,HIGH,LOW,CAN BE INCONSISTENT
org.odpi.openmetadata.adapters.connectors.resource.jdbc.properties,org.odpi.openmetadata.adapters.repositoryservices.postgres.repositoryconnector.database,HIGH,LOW,CAN BE INCONSISTENT
org.odpi.openmetadata.repositoryservices.connectors.omrstopic,org.odpi.openmetadata.repositoryservices.metadatahighway,HIGH,LOW,CAN BE INCONSISTENT
org.odpi.openmetadata.adapters.connectors.apacheatlas.integration,org.odpi.openmetadata.frameworks.integration.connectors,HIGH,LOW,CAN BE INCONSISTENT
org.odpi.openmetadata.accessservices.assetowner.fvt.duplicateprocessing,org.odpi.openmetadata.fvt.utilities.exceptions,HIGH,LOW,CAN BE INCONSISTENT
org.odpi.openmetadata.accessservices.assetconsumer.samples.readcsvfile,org.odpi.openmetadata.frameworks.connectors.properties.beans,HIGH,LOW,CAN BE INCONSISTENT
org.odpi.openmetadata.frameworks.openmetadata.enums,org.odpi.openmetadata.frameworks.openmetadata.types,HIGH,LOW,CAN BE INCONSISTENT
org.odpi.openmetadata.frameworks.connectors.properties.beans,org.odpi.openmetadata.repositoryservices.enterprise.connectormanager,HIGH,LOW,CAN BE INCONSISTENT
org.odpi.openmetadata.adapters.connectors.datastore.basicfile,org.odpi.openmetadata.contentpacks.core,HIGH,LOW,CAN BE INCONSISTENT
org.odpi.openmetadata.adapters.eventbus.topic.kafka,org.odpi.openmetadata.repositoryservices.connectors.openmetadatatopic,HIGH,LOW,CAN BE INCONSISTENT
org.odpi.openmetadata.frameworks.openmetadata.handlers,org.odpi.openmetadata.viewservices.securityofficer.server,HIGH,LOW,CAN BE INCONSISTENT
org.odpi.openmetadata.adapters.connectors.subscriptions,org.odpi.openmetadata.frameworks.openmetadata.search,HIGH,LOW,CAN BE INCONSISTENT
org.odpi.openmetadata.adapters.connectors.integration.basicfiles,org.odpi.openmetadata.frameworks.openmetadata.fileclassifier,HIGH,LOW,CAN BE INCONSISTENT
org.odpi.openmetadata.commonservices.ffdc.rest,org.odpi.openmetadata.viewservices.feedbackmanager.server.spring,HIGH,LOW,CAN BE INCONSISTENT
org.odpi.openmetadata.frameworks.openmetadata.converters,org.odpi.openmetadata.frameworks.openmetadata.properties.locations,HIGH,LOW,CAN BE INCONSISTENT
org.odpi.openmetadata.adminservices.configuration.properties,org.odpi.openmetadata.repositoryservices.metadatahighway,HIGH,LOW,CAN BE INCONSISTENT
org.odpi.openmetadata.tokencontroller,org.odpi.openmetadata.viewservices.projectmanager.server,HIGH,LOW,CAN BE INCONSISTENT
org.odpi.openmetadata.adapters.connectors.postgres.catalog,org.odpi.openmetadata.frameworks.integration.connectors,HIGH,LOW,CAN BE INCONSISTENT
org.odpi.openmetadata.accessservices.governanceserver.fvt.duplicates,org.odpi.openmetadata.frameworks.openmetadata.types,HIGH,LOW,CAN BE INCONSISTENT
org.odpi.openmetadata.frameworks.openmetadata.handlers,org.odpi.openmetadata.viewservices.actionauthor.server,HIGH,LOW,CAN BE INCONSISTENT
org.odpi.openmetadata.commonservices.multitenant,org.odpi.openmetadata.serveroperations.server,HIGH,LOW,CAN BE INCONSISTENT
org.odpi.openmetadata.frameworks.opensurvey.controls,org.odpi.openmetadata.samples.governanceactions.clinicaltrials,HIGH,LOW,CAN BE INCONSISTENT
org.odpi.openmetadata.commonservices.generichandlers,org.odpi.openmetadata.commonservices.generichandlers.ffdc,HIGH,LOW,CAN BE INCONSISTENT
org.odpi.openmetadata.adapters.connectors.datastore.basicfile,org.odpi.openmetadata.adapters.connectors.datastore.basicfile.ffdc.exception,HIGH,LOW,CAN BE INCONSISTENT
org.odpi.openmetadata.frameworks.auditlog,org.odpi.openmetadata.viewservices.projectmanager.server,HIGH,LOW,CAN BE INCONSISTENT
org.odpi.openmetadata.viewservices.validmetadata.server,org.odpi.openmetadata.viewservices.validmetadata.server.spring,HIGH,LOW,CAN BE INCONSISTENT
org.odpi.openmetadata.repositoryservices.ffdc,org.odpi.openmetadata.repositoryservices.localrepository.repositoryconnector,HIGH,LOW,CAN BE INCONSISTENT
org.odpi.openmetadata.commonservices.ffdc.rest,org.odpi.openmetadata.viewservices.digitalbusiness.server,HIGH,LOW,CAN BE INCONSISTENT
org.odpi.openmetadata.frameworks.openmetadata.definitions,org.odpi.openmetadata.frameworks.openmetadata.refdata,HIGH,LOW,CAN BE INCONSISTENT
org.odpi.openmetadata.adapters.connectors.apacheatlas.survey,org.odpi.openmetadata.frameworks.openmetadata.types,HIGH,LOW,CAN BE INCONSISTENT
org.odpi.openmetadata.frameworks.auditlog,org.odpi.openmetadata.metadatasecurity.ffdc,HIGH,LOW,CAN BE INCONSISTENT
org.odpi.openmetadata.adapters.connectors.unitycatalog.provision,org.odpi.openmetadata.frameworks.openmetadata.specificationproperties,HIGH,LOW,CAN BE INCONSISTENT
org.odpi.openmetadata.frameworks.openmetadata.properties.surveyreports,org.odpi.openmetadata.frameworks.opensurvey,HIGH,LOW,CAN BE INCONSISTENT
org.odpi.openmetadata.frameworks.integration.contextmanager,org.odpi.openmetadata.frameworkservices.gaf.client,HIGH,LOW,CAN BE INCONSISTENT
org.odpi.openmetadata.adapters.connectors.apachekafka.integration,org.odpi.openmetadata.frameworks.integration.connectors,HIGH,LOW,CAN BE INCONSISTENT
org.odpi.openmetadata.adapters.connectors.surveyaction.surveycsv,org.odpi.openmetadata.frameworks.opensurvey,HIGH,LOW,CAN BE INCONSISTENT
org.odpi.openmetadata.adapters.connectors.reports.surveyreport,org.odpi.openmetadata.reports,HIGH,LOW,CAN BE INCONSISTENT
org.odpi.openmetadata.conformance.beans,org.odpi.openmetadata.conformance.server,HIGH,LOW,CAN BE INCONSISTENT
org.odpi.openmetadata.frameworks.opengovernance.properties,org.odpi.openmetadata.frameworks.openmetadata.properties.assets.processes.connectors,HIGH,LOW,CAN BE INCONSISTENT
org.odpi.openmetadata.accessservices.assetmanager.fvt.dataassets,org.odpi.openmetadata.frameworks.openmetadata.properties.schema,HIGH,LOW,CAN BE INCONSISTENT
org.odpi.openmetadata.commonservices.ffdc,org.odpi.openmetadata.governanceservers.enginehostservices.server,HIGH,LOW,CAN BE INCONSISTENT
org.odpi.openmetadata.archiveutilities.simplecatalogs.catalogcontent,org.odpi.openmetadata.repositoryservices.archiveutilities,HIGH,LOW,CAN BE INCONSISTENT
org.odpi.openmetadata.frameworks.openmetadata.handlers,org.odpi.openmetadata.viewservices.templatemanager.server,HIGH,LOW,CAN BE INCONSISTENT
org.odpi.openmetadata.adminservices.configuration.properties,org.odpi.openmetadata.adminservices.configuration.registration,HIGH,LOW,CAN BE INCONSISTENT
org.odpi.openmetadata.commonservices.ffdc.rest,org.odpi.openmetadata.viewservices.governanceofficer.server.spring,HIGH,LOW,CAN BE INCONSISTENT
org.odpi.openmetadata.frameworks.auditlog,org.odpi.openmetadata.repositoryservices.localrepository.repositorycontentmanager,HIGH,LOW,CAN BE INCONSISTENT
org.odpi.openmetadata.frameworks.auditlog,org.odpi.openmetadata.governanceservers.integrationdaemonservices.server,HIGH,LOW,CAN BE INCONSISTENT
org.odpi.openmetadata.adapters.connectors.unitycatalog.survey,org.odpi.openmetadata.frameworks.opensurvey.measurements,HIGH,LOW,CAN BE INCONSISTENT
org.odpi.openmetadata.contentpacks.core.files,org.odpi.openmetadata.frameworks.openmetadata.refdata,HIGH,LOW,CAN BE INCONSISTENT
org.odpi.openmetadata.adapters.connectors.jacquard.tabulardatasets,org.odpi.openmetadata.frameworks.connectors,HIGH,LOW,CAN BE INCONSISTENT
org.odpi.openmetadata.tokencontroller,org.odpi.openmetadata.viewservices.referencedata.server,HIGH,LOW,CAN BE INCONSISTENT
org.odpi.openmetadata.commonservices.ffdc.rest,org.odpi.openmetadata.viewservices.runtimemanager.rest,HIGH,LOW,CAN BE INCONSISTENT
org.odpi.openmetadata.adapters.connectors.integration.basicfiles.controls,org.odpi.openmetadata.frameworks.openmetadata.specificationproperties,HIGH,LOW,CAN BE INCONSISTENT
org.odpi.openmetadata.frameworks.integration.connectors,org.odpi.openmetadata.frameworks.opengovernance.properties,HIGH,LOW,CAN BE INCONSISTENT
org.odpi.openmetadata.repositoryservices.connectors.stores.metadatacollectionstore.properties.typedefs,org.odpi.openmetadata.repositoryservices.rest.server,HIGH,LOW,CAN BE INCONSISTENT
org.odpi.openmetadata.frameworks.auditlog,org.odpi.openmetadata.viewservices.referencedata.server,HIGH,LOW,CAN BE INCONSISTENT
org.odpi.openmetadata.frameworks.auditlog,org.odpi.openmetadata.repositoryservices.localrepository.repositoryconnector,HIGH,LOW,CAN BE INCONSISTENT
org.odpi.openmetadata.repositoryservices.connectors.stores.metadatacollectionstore.properties.typedefs,org.odpi.openmetadata.repositoryservices.eventmanagement,HIGH,LOW,CAN BE INCONSISTENT
org.odpi.openmetadata.frameworkservices.omf.rest,org.odpi.openmetadata.viewservices.validmetadata.server,HIGH,LOW,CAN BE INCONSISTENT
org.odpi.openmetadata.frameworks.openmetadata.ffdc,org.odpi.openmetadata.governanceservers.enginehostservices.admin,HIGH,LOW,CAN BE INCONSISTENT
org.odpi.openmetadata.adapters.connectors.integration.basicfiles,org.odpi.openmetadata.frameworks.auditlog,HIGH,LOW,CAN BE INCONSISTENT
org.odpi.openmetadata.adapters.repositoryservices.postgres.repositoryconnector.mappers,org.odpi.openmetadata.adapters.repositoryservices.postgres.repositoryconnector.schema,HIGH,LOW,CAN BE INCONSISTENT
org.odpi.openmetadata.commonservices.ffdc,org.odpi.openmetadata.viewservices.assetcatalog.server,HIGH,LOW,CAN BE INCONSISTENT
org.odpi.openmetadata.frameworkservices.omf.handlers,org.odpi.openmetadata.repositoryservices.connectors.stores.metadatacollectionstore.properties.search,HIGH,LOW,CAN BE INCONSISTENT
org.odpi.openmetadata.frameworks.auditlog,org.odpi.openmetadata.governanceservers.enginehostservices.server,HIGH,LOW,CAN BE INCONSISTENT
org.odpi.openmetadata.adapters.connectors.integration.csvlineageimporter,org.odpi.openmetadata.frameworks.connectors.properties.beans,HIGH,LOW,CAN BE INCONSISTENT
org.odpi.openmetadata.samples.archiveutilities.governanceengines,org.odpi.openmetadata.samples.governanceactions.clinicaltrials,HIGH,LOW,CAN BE INCONSISTENT
org.odpi.openmetadata.adapters.connectors.unitycatalog.provision,org.odpi.openmetadata.frameworks.openmetadata.search,HIGH,LOW,CAN BE INCONSISTENT
org.odpi.openmetadata.repositoryservices.connectors.stores.metadatacollectionstore.properties,org.odpi.openmetadata.repositoryservices.localrepository.repositorycontentmanager,HIGH,LOW,CAN BE INCONSISTENT
org.odpi.openmetadata.frameworks.opengovernance.properties,org.odpi.openmetadata.frameworkservices.gaf.handlers,HIGH,LOW,CAN BE INCONSISTENT
org.odpi.openmetadata.adapters.connectors.externalharvesters.harvestsurveys,org.odpi.openmetadata.frameworks.openmetadata.types,HIGH,LOW,CAN BE INCONSISTENT
org.odpi.openmetadata.adapters.connectors.integration.basicfiles,org.odpi.openmetadata.frameworks.openmetadata.types,HIGH,LOW,CAN BE INCONSISTENT
org.odpi.openmetadata.adapters.connectors.unitycatalog.sync,org.odpi.openmetadata.frameworks.integration.context,HIGH,LOW,CAN BE INCONSISTENT
org.odpi.openmetadata.repositoryservices.connectors.stores.metadatacollectionstore.properties.instances,org.odpi.openmetadata.repositoryservices.events.beans.v2,HIGH,LOW,CAN BE INCONSISTENT
org.odpi.openmetadata.repositoryservices.connectors.stores.metadatacollectionstore.properties,org.odpi.openmetadata.repositoryservices.rest.server,HIGH,LOW,CAN BE INCONSISTENT
org.odpi.openmetadata.adminservices.client,org.odpi.openmetadata.commonservices.ffdc.rest,HIGH,LOW,CAN BE INCONSISTENT
org.odpi.openmetadata.tokencontroller,org.odpi.openmetadata.viewservices.externallinks.server,HIGH,LOW,CAN BE INCONSISTENT
org.odpi.openmetadata.frameworks.auditlog,org.odpi.openmetadata.frameworkservices.gaf.server,HIGH,LOW,CAN BE INCONSISTENT
org.odpi.openmetadata.adapters.connectors.externalharvesters.harvestsurveys,org.odpi.openmetadata.adapters.connectors.externalharvesters.harvestsurveys.ffdc,HIGH,LOW,CAN BE INCONSISTENT
org.odpi.openmetadata.adapters.connectors.jacquard,org.odpi.openmetadata.adapters.connectors.jacquard.ffdc,HIGH,LOW,CAN BE INCONSISTENT
org.odpi.openmetadata.frameworks.auditlog,org.odpi.openmetadata.viewservices.externallinks.server,HIGH,LOW,CAN BE INCONSISTENT
org.odpi.openmetadata.adapters.connectors.integration.openapis,org.odpi.openmetadata.adapters.connectors.integration.openapis.properties,HIGH,LOW,CAN BE INCONSISTENT
org.odpi.openmetadata.adapters.connectors.integration.basicfiles,org.odpi.openmetadata.frameworks.openmetadata.properties,HIGH,LOW,CAN BE INCONSISTENT
org.odpi.openmetadata.repositoryservices.metadatahighway,org.odpi.openmetadata.repositoryservices.properties,HIGH,LOW,CAN BE INCONSISTENT
org.odpi.openmetadata.frameworks.openmetadata.definitions,org.odpi.openmetadata.samples.archiveutilities.governanceengines,HIGH,LOW,CAN BE INCONSISTENT
org.odpi.openmetadata.adapters.connectors.externalharvesters.harvestopenmetadata,org.odpi.openmetadata.frameworks.openmetadata.metadataelements,HIGH,LOW,CAN BE INCONSISTENT
org.odpi.openmetadata.viewservices.glossarymanager.server,org.odpi.openmetadata.viewservices.glossarymanager.server.spring,HIGH,LOW,CAN BE INCONSISTENT
org.odpi.openmetadata.frameworks.openmetadata.converters,org.odpi.openmetadata.frameworks.openmetadata.properties.externalidentifiers,HIGH,LOW,CAN BE INCONSISTENT
org.odpi.openmetadata.adapters.connectors.resource.jdbc,org.odpi.openmetadata.adapters.connectors.resource.jdbc.properties,HIGH,LOW,CAN BE INCONSISTENT
org.odpi.openmetadata.repositoryservices.eventmanagement,org.odpi.openmetadata.repositoryservices.metadatahighway,HIGH,LOW,CAN BE INCONSISTENT
org.odpi.openmetadata.frameworks.opengovernance.mermaid,org.odpi.openmetadata.frameworks.openmetadata.mermaid,HIGH,LOW,CAN BE INCONSISTENT
org.odpi.openmetadata.adapters.connectors.governanceactions.remediation,org.odpi.openmetadata.frameworks.opengovernance.controls,HIGH,LOW,CAN BE INCONSISTENT
org.odpi.openmetadata.opentypes,org.odpi.openmetadata.repositoryservices.ffdc,HIGH,LOW,CAN BE INCONSISTENT
org.odpi.openmetadata.frameworks.openmetadata.types,org.odpi.openmetadata.frameworkservices.gaf.handlers,HIGH,LOW,CAN BE INCONSISTENT
org.odpi.openmetadata.adapters.connectors.jacquard,org.odpi.openmetadata.frameworks.openmetadata.ffdc,HIGH,LOW,CAN BE INCONSISTENT
org.odpi.openmetadata.commonservices.generichandlers,org.odpi.openmetadata.frameworkservices.gaf.handlers,HIGH,LOW,CAN BE INCONSISTENT
org.odpi.openmetadata.accessservices.communityprofile.fvt.locations,org.odpi.openmetadata.frameworks.openmetadata.properties.locations,HIGH,LOW,CAN BE INCONSISTENT
org.odpi.openmetadata.adapters.connectors.integration.jdbc.transfer,org.odpi.openmetadata.adapters.connectors.integration.jdbc.transfer.customization,HIGH,LOW,CAN BE INCONSISTENT
org.odpi.openmetadata.frameworks.opengovernance.client,org.odpi.openmetadata.frameworkservices.gaf.client,HIGH,LOW,CAN BE INCONSISTENT
org.odpi.openmetadata.commonservices.generichandlers,org.odpi.openmetadata.frameworkservices.omf.server,HIGH,LOW,CAN BE INCONSISTENT
org.odpi.openmetadata.adapters.connectors.apacheatlas.integration.modules,org.odpi.openmetadata.frameworks.openmetadata.types,HIGH,LOW,CAN BE INCONSISTENT
org.odpi.openmetadata.repositoryservices.connectors.omrstopic,org.odpi.openmetadata.repositoryservices.eventmanagement,HIGH,LOW,CAN BE INCONSISTENT
org.odpi.openmetadata.repositoryservices.connectors.stores.metadatacollectionstore.properties.typedefs,org.odpi.openmetadata.repositoryservices.enterprise.repositoryconnector.accumulators,HIGH,LOW,CAN BE INCONSISTENT
org.odpi.openmetadata.accessservices.digitalarchitecture.fvt.validvalues,org.odpi.openmetadata.frameworks.openmetadata.properties.validvalues,HIGH,LOW,CAN BE INCONSISTENT
org.odpi.openmetadata.adapters.connectors.resource.jdbc.mappers,org.odpi.openmetadata.adapters.repositoryservices.postgres.repositoryconnector.database,HIGH,LOW,CAN BE INCONSISTENT
org.odpi.openmetadata.adminservices.configuration.registration,org.odpi.openmetadata.governanceservers.enginehostservices.registration,HIGH,LOW,CAN BE INCONSISTENT
org.odpi.openmetadata.frameworkservices.gaf.handlers,org.odpi.openmetadata.frameworkservices.gaf.server,HIGH,LOW,CAN BE INCONSISTENT
org.odpi.openmetadata.commonservices.multitenant,org.odpi.openmetadata.frameworks.auditlog,HIGH,LOW,CAN BE INCONSISTENT
org.odpi.openmetadata.repositoryservices.auditlog,org.odpi.openmetadata.repositoryservices.connectors.stores.auditlogstore,HIGH,LOW,CAN BE INCONSISTENT
org.odpi.openmetadata.adapters.connectors.integration.jdbc.transfer.requests,org.odpi.openmetadata.frameworks.openmetadata.search,HIGH,LOW,CAN BE INCONSISTENT
org.odpi.openmetadata.adapters.connectors.externalharvesters.harvestsurveys,org.odpi.openmetadata.frameworks.openmetadata.connectorcontext,HIGH,LOW,CAN BE INCONSISTENT
org.odpi.openmetadata.adminservices.configuration.registration,org.odpi.openmetadata.contentpacks.core.egeria,HIGH,LOW,CAN BE INCONSISTENT
org.odpi.openmetadata.commonservices.ffdc.rest,org.odpi.openmetadata.viewservices.runtimemanager.server.spring,HIGH,LOW,CAN BE INCONSISTENT
org.odpi.openmetadata.engineservices.repositorygovernance.handlers,org.odpi.openmetadata.repositoryservices.ffdc.exception,HIGH,LOW,CAN BE INCONSISTENT
org.odpi.openmetadata.engineservices.repositorygovernance.connector,org.odpi.openmetadata.repositoryservices.ffdc.exception,HIGH,LOW,CAN BE INCONSISTENT
org.odpi.openmetadata.adminservices.configuration.properties,org.odpi.openmetadata.governanceservers.enginehostservices.enginemap,HIGH,LOW,CAN BE INCONSISTENT
org.odpi.openmetadata.frameworks.opensurvey,org.odpi.openmetadata.frameworks.opensurvey.controls,HIGH,LOW,CAN BE INCONSISTENT
org.odpi.openmetadata.adapters.connectors.restclients.ffdc.exceptions,org.odpi.openmetadata.adapters.connectors.restclients.spring,HIGH,LOW,CAN BE INCONSISTENT
org.odpi.openmetadata.adapters.connectors.reports,org.odpi.openmetadata.frameworks.openmetadata.specificationproperties,HIGH,LOW,CAN BE INCONSISTENT
org.odpi.openmetadata.frameworks.openmetadata.mermaid,org.odpi.openmetadata.frameworks.openmetadata.specificationproperties,HIGH,LOW,CAN BE INCONSISTENT
org.odpi.openmetadata.commonservices.ffdc.exceptions,org.odpi.openmetadata.frameworks.openmetadata.ffdc,HIGH,LOW,CAN BE INCONSISTENT
org.odpi.openmetadata.commonservices.multitenant,org.odpi.openmetadata.viewservices.myprofile.server,HIGH,LOW,CAN BE INCONSISTENT
org.odpi.openmetadata.adapters.connectors.postgres.tabulardatasource,org.odpi.openmetadata.frameworks.connectors,HIGH,LOW,CAN BE INCONSISTENT
org.odpi.openmetadata.adminservices.ffdc,org.odpi.openmetadata.adminservices.server,HIGH,LOW,CAN BE INCONSISTENT
org.odpi.openmetadata.adapters.connectors.governanceactions.remediation,org.odpi.openmetadata.frameworks.openmetadata.connectorcontext,HIGH,LOW,CAN BE INCONSISTENT
org.odpi.openmetadata.adapters.connectors.organizationinsight.karmapoints,org.odpi.openmetadata.frameworks.openwatchdog,HIGH,LOW,CAN BE INCONSISTENT
org.odpi.openmetadata.adminservices.ffdc.exception,org.odpi.openmetadata.adminservices.registration,HIGH,LOW,CAN BE INCONSISTENT
org.odpi.openmetadata.frameworkservices.gaf.server,org.odpi.openmetadata.frameworkservices.gaf.server.spring,HIGH,LOW,CAN BE INCONSISTENT
org.odpi.openmetadata.viewservices.governanceofficer.server,org.odpi.openmetadata.viewservices.governanceofficer.server.spring,HIGH,LOW,CAN BE INCONSISTENT
org.odpi.openmetadata.adapters.connectors.integration.openapis,org.odpi.openmetadata.frameworks.integration.connectors,HIGH,LOW,CAN BE INCONSISTENT
org.odpi.openmetadata.commonservices.ffdc.rest,org.odpi.openmetadata.viewservices.assetcatalog.server,HIGH,LOW,CAN BE INCONSISTENT
org.odpi.openmetadata.conformance.client,org.odpi.openmetadata.frameworks.openmetadata.ffdc,HIGH,LOW,CAN BE INCONSISTENT
org.odpi.openmetadata.conformance.tests.repository.types,org.odpi.openmetadata.conformance.workbenches.repository,HIGH,LOW,CAN BE INCONSISTENT
org.odpi.openmetadata.adapters.connectors.governanceactions.stewardship,org.odpi.openmetadata.samples.archiveutilities.governanceengines,LOW,LOW,UNRELATED or NORMAL
org.odpi.openmetadata.engineservices.governanceaction.client.rest,org.odpi.openmetadata.frameworks.connectors,LOW,LOW,UNRELATED or NORMAL
org.odpi.openmetadata.frameworks.opengovernance.connectorcontext,org.odpi.openmetadata.frameworks.opengovernance.properties,LOW,LOW,UNRELATED or NORMAL
org.odpi.openmetadata.engineservices.surveyaction.client.rest,org.odpi.openmetadata.frameworks.connectors,LOW,LOW,UNRELATED or NORMAL
org.odpi.openmetadata.repositoryservices.auditlog,org.odpi.openmetadata.repositoryservices.connectors.openmetadatatopic,LOW,LOW,UNRELATED or NORMAL
org.odpi.openmetadata.adapters.repositoryservices.postgres.repositoryconnector.schema,org.odpi.openmetadata.frameworks.openmetadata.types,LOW,LOW,UNRELATED or NORMAL
org.odpi.openmetadata.frameworks.connectors,org.odpi.openmetadata.governanceservers.enginehostservices.client,LOW,LOW,UNRELATED or NORMAL
org.odpi.openmetadata.accessservices.assetmanager.fvt.externalidentifiers,org.odpi.openmetadata.frameworks.openmetadata.ffdc,LOW,LOW,UNRELATED or NORMAL
org.odpi.openmetadata.accessservices.datamanager.fvt.validvalues,org.odpi.openmetadata.frameworks.openmetadata.ffdc,LOW,LOW,UNRELATED or NORMAL
org.odpi.openmetadata.accessservices.assetowner.fvt.connections,org.odpi.openmetadata.frameworks.openmetadata.ffdc,LOW,LOW,UNRELATED or NORMAL
org.odpi.openmetadata.frameworks.openmetadata.handlers,org.odpi.openmetadata.viewservices.productmanager.server.spring,LOW,LOW,UNRELATED or NORMAL
org.odpi.openmetadata.adapters.connectors.egeriainfrastructure.platform,org.odpi.openmetadata.commonservices.ffdc.rest,LOW,LOW,UNRELATED or NORMAL
org.odpi.openmetadata.frameworks.connectors,org.odpi.openmetadata.frameworkservices.omf.client.rest,LOW,LOW,UNRELATED or NORMAL
org.odpi.openmetadata.adapters.connectors.restclients,org.odpi.openmetadata.frameworks.connectors.ffdc,LOW,LOW,UNRELATED or NORMAL
org.odpi.openmetadata.frameworks.openmetadata.types,org.odpi.openmetadata.repositoryservices.localrepository.repositorycontentmanager,LOW,LOW,UNRELATED or NORMAL
org.odpi.openmetadata.engineservices.watchdogaction.client,org.odpi.openmetadata.frameworks.connectors,LOW,LOW,UNRELATED or NORMAL
org.odpi.openmetadata.adapters.connectors.integration.jdbc,org.odpi.openmetadata.frameworks.openmetadata.connectorcontext,LOW,LOW,UNRELATED or NORMAL
org.odpi.openmetadata.accessservices.assetconsumer.samples.readcsvfile,org.odpi.openmetadata.adapters.connectors.datastore.basicfile.ffdc.exception,LOW,LOW,UNRELATED or NORMAL
org.odpi.openmetadata.frameworks.opengovernance.connectorcontext,org.odpi.openmetadata.frameworks.openmetadata.metadataelements,LOW,LOW,UNRELATED or NORMAL
org.odpi.openmetadata.adminservices.configuration.properties,org.odpi.openmetadata.viewservices.metadataexpert.server,LOW,LOW,UNRELATED or NORMAL
org.odpi.openmetadata.frameworkservices.omf.client,org.odpi.openmetadata.viewservices.dataengineer.server,LOW,LOW,UNRELATED or NORMAL
org.odpi.openmetadata.adapters.connectors.apacheatlas.integration.modules,org.odpi.openmetadata.frameworks.connectors,LOW,LOW,UNRELATED or NORMAL
org.odpi.openmetadata.accessservices.digitalarchitecture.fvt.connections,org.odpi.openmetadata.frameworks.openmetadata.ffdc,LOW,LOW,UNRELATED or NORMAL
org.odpi.openmetadata.adapters.connectors.egeriainfrastructure.extractor,org.odpi.openmetadata.repositoryservices.ffdc.exception,LOW,LOW,UNRELATED or NORMAL
org.odpi.openmetadata.engineservices.governanceaction.client,org.odpi.openmetadata.frameworks.connectors,LOW,LOW,UNRELATED or NORMAL
org.odpi.openmetadata.adapters.connectors,org.odpi.openmetadata.adapters.connectors.jacquard.solutionblueprint,LOW,LOW,UNRELATED or NORMAL
org.odpi.openmetadata.frameworks.openmetadata.properties.datadictionaries,org.odpi.openmetadata.frameworks.openmetadata.properties.designmodels,LOW,LOW,UNRELATED or NORMAL
org.odpi.openmetadata.adminservices.configuration.properties,org.odpi.openmetadata.viewservices.feedbackmanager.server,LOW,LOW,UNRELATED or NORMAL
org.odpi.openmetadata.frameworks.openmetadata.client,org.odpi.openmetadata.frameworks.openmetadata.specificationproperties,LOW,LOW,UNRELATED or NORMAL
org.odpi.openmetadata.frameworks.openmetadata.mermaid,org.odpi.openmetadata.frameworks.openmetadata.properties.externalreferences,LOW,LOW,UNRELATED or NORMAL
org.odpi.openmetadata.frameworks.connectors.properties.beans,org.odpi.openmetadata.frameworks.integration.context,LOW,LOW,UNRELATED or NORMAL
org.odpi.openmetadata.accessservices.datamanager.fvt.connections,org.odpi.openmetadata.frameworks.openmetadata.ffdc,LOW,LOW,UNRELATED or NORMAL
org.odpi.openmetadata.adminservices.client.rest,org.odpi.openmetadata.frameworks.connectors,LOW,LOW,UNRELATED or NORMAL
org.odpi.openmetadata.engineservices.governanceaction.handlers,org.odpi.openmetadata.engineservices.governanceaction.listener,LOW,LOW,UNRELATED or NORMAL
org.odpi.openmetadata.accessservices.digitalarchitecture.fvt.validvalues,org.odpi.openmetadata.frameworks.openmetadata.ffdc,LOW,LOW,UNRELATED or NORMAL
org.odpi.openmetadata.adminservices.configuration.properties,org.odpi.openmetadata.viewservices.validmetadata.server,LOW,LOW,UNRELATED or NORMAL
org.odpi.openmetadata.frameworks.opengovernance.ffdc,org.odpi.openmetadata.frameworks.openmetadata.ffdc,LOW,LOW,UNRELATED or NORMAL
org.odpi.openmetadata.frameworks.openmetadata.mermaid,org.odpi.openmetadata.frameworks.openmetadata.properties.assets.processes.actions,LOW,LOW,UNRELATED or NORMAL
org.odpi.openmetadata.frameworks.connectors.ffdc,org.odpi.openmetadata.repositoryservices.metadatahighway,LOW,LOW,UNRELATED or NORMAL
org.odpi.openmetadata.engineservices.watchdogaction.client.rest,org.odpi.openmetadata.frameworks.connectors,LOW,LOW,UNRELATED or NORMAL
org.odpi.openmetadata.adminservices.configuration.properties,org.odpi.openmetadata.viewservices.timekeeper.server,LOW,LOW,UNRELATED or NORMAL
org.odpi.openmetadata.frameworks.openmetadata.mermaid,org.odpi.openmetadata.frameworks.openmetadata.properties.surveyreports,LOW,LOW,UNRELATED or NORMAL
org.odpi.openmetadata.frameworks.openmetadata.ffdc,org.odpi.openmetadata.governanceservers.integrationdaemonservices.listener,LOW,LOW,UNRELATED or NORMAL
org.odpi.openmetadata.adminservices.configuration.properties,org.odpi.openmetadata.viewservices.actormanager.server,LOW,LOW,UNRELATED or NORMAL
org.odpi.openmetadata.frameworks.connectors,org.odpi.openmetadata.governanceservers.enginehostservices.client.rest,LOW,LOW,UNRELATED or NORMAL
org.odpi.openmetadata.adminservices.configuration.properties,org.odpi.openmetadata.viewservices.collectionmanager.server,LOW,LOW,UNRELATED or NORMAL
org.odpi.openmetadata.frameworks.openmetadata.mermaid,org.odpi.openmetadata.frameworks.openmetadata.properties.validvalues,LOW,LOW,UNRELATED or NORMAL
org.odpi.openmetadata.frameworks.opengovernance,org.odpi.openmetadata.frameworks.opengovernance.controls,LOW,LOW,UNRELATED or NORMAL
org.odpi.openmetadata.adminservices.configuration.properties,org.odpi.openmetadata.viewservices.lineagelinker.server,LOW,LOW,UNRELATED or NORMAL
org.odpi.openmetadata.frameworks.connectors.properties.users,org.odpi.openmetadata.platformservices.client,LOW,LOW,UNRELATED or NORMAL
org.odpi.openmetadata.accessservices.assetowner.fvt.errorhandling,org.odpi.openmetadata.frameworks.openmetadata.ffdc,LOW,LOW,UNRELATED or NORMAL
org.odpi.openmetadata.frameworks.integration.properties,org.odpi.openmetadata.frameworks.openmetadata.properties.assets.processes.connectors,LOW,LOW,UNRELATED or NORMAL
org.odpi.openmetadata.adapters.connectors.dynamicarchivers,org.odpi.openmetadata.repositoryservices.auditlog,LOW,LOW,UNRELATED or NORMAL
org.odpi.openmetadata.frameworks.openmetadata.properties.datadictionaries,org.odpi.openmetadata.frameworks.openmetadata.properties.informationsupplychains,LOW,LOW,UNRELATED or NORMAL
org.odpi.openmetadata.frameworks.openmetadata.mermaid,org.odpi.openmetadata.frameworks.openmetadata.properties.governance.governanceactions,LOW,LOW,UNRELATED or NORMAL
org.odpi.openmetadata.engineservices.surveyaction.client,org.odpi.openmetadata.frameworks.connectors,LOW,LOW,UNRELATED or NORMAL
org.odpi.openmetadata.adminservices.configuration.properties,org.odpi.openmetadata.viewservices.connectionmaker.server,LOW,LOW,UNRELATED or NORMAL
org.odpi.openmetadata.adapters.connectors.egeriainfrastructure.extractor,org.odpi.openmetadata.commonservices.ffdc.rest,LOW,LOW,UNRELATED or NORMAL
org.odpi.openmetadata.frameworks.connectors,org.odpi.openmetadata.serveroperations.client,LOW,LOW,UNRELATED or NORMAL
org.odpi.openmetadata.repositoryservices.connectors.openmetadatatopic,org.odpi.openmetadata.repositoryservices.events,LOW,LOW,UNRELATED or NORMAL
org.odpi.openmetadata.accessservices.digitalarchitecture.fvt.errorhandling,org.odpi.openmetadata.frameworks.openmetadata.ffdc,LOW,LOW,UNRELATED or NORMAL
org.odpi.openmetadata.frameworkservices.gaf.rest,org.odpi.openmetadata.repositoryservices.rest.properties,LOW,LOW,UNRELATED or NORMAL
org.odpi.openmetadata.repositoryservices.clients,org.odpi.openmetadata.repositoryservices.properties,LOW,LOW,UNRELATED or NORMAL
org.odpi.openmetadata.repositoryservices.admin,org.odpi.openmetadata.repositoryservices.connectors.stores.metadatacollectionstore.properties.typedefs,LOW,LOW,UNRELATED or NORMAL
org.odpi.openmetadata.accessservices.assetmanager.fvt.connections,org.odpi.openmetadata.frameworks.openmetadata.ffdc,LOW,LOW,UNRELATED or NORMAL
org.odpi.openmetadata.frameworks.connectors,org.odpi.openmetadata.samples.governanceactions.clinicaltrials.metadata,LOW,LOW,UNRELATED or NORMAL
org.odpi.openmetadata.accessservices.digitalarchitecture.fvt.locations,org.odpi.openmetadata.frameworks.openmetadata.ffdc,LOW,LOW,UNRELATED or NORMAL
org.odpi.openmetadata.frameworks.openmetadata.mermaid,org.odpi.openmetadata.frameworks.openmetadata.properties.feedback,LOW,LOW,UNRELATED or NORMAL
org.odpi.openmetadata.frameworks.openmetadata.client,org.odpi.openmetadata.viewservices.dataengineer.server,LOW,LOW,UNRELATED or NORMAL
org.odpi.openmetadata.frameworks.openmetadata.properties.datadictionaries,org.odpi.openmetadata.frameworks.openmetadata.properties.glossaries,LOW,LOW,UNRELATED or NORMAL
org.odpi.openmetadata.frameworks.auditlog.messagesets,org.odpi.openmetadata.repositoryservices.clients,LOW,LOW,UNRELATED or NORMAL
org.odpi.openmetadata.accessservices.assetmanager.fvt.errorhandling,org.odpi.openmetadata.frameworks.openmetadata.ffdc,LOW,LOW,UNRELATED or NORMAL
org.odpi.openmetadata.frameworks.opensurvey.controls,org.odpi.openmetadata.samples.archiveutilities.governanceengines,LOW,LOW,UNRELATED or NORMAL
org.odpi.openmetadata.engineservices.repositorygovernance.client,org.odpi.openmetadata.frameworks.connectors,LOW,LOW,UNRELATED or NORMAL
org.odpi.openmetadata.accessservices.assetmanager.fvt.glossaries,org.odpi.openmetadata.frameworks.openmetadata.ffdc,LOW,LOW,UNRELATED or NORMAL
org.odpi.openmetadata.contentpacks.core.egeria,org.odpi.openmetadata.frameworks.connectors.controls,LOW,LOW,UNRELATED or NORMAL
org.odpi.openmetadata.accessservices.datamanager.fvt.events,org.odpi.openmetadata.frameworks.openmetadata.ffdc,LOW,LOW,UNRELATED or NORMAL
org.odpi.openmetadata.adminservices.configuration.properties,org.odpi.openmetadata.viewservices.automatedcuration.server,LOW,LOW,UNRELATED or NORMAL
org.odpi.openmetadata.frameworks.openmetadata.properties.collections,org.odpi.openmetadata.frameworks.openmetadata.properties.projects,LOW,LOW,UNRELATED or NORMAL
org.odpi.openmetadata.adminservices.configuration.properties,org.odpi.openmetadata.viewservices.schemamaker.server,LOW,LOW,UNRELATED or NORMAL
org.odpi.openmetadata.frameworks.openmetadata.metadataelements,org.odpi.openmetadata.frameworks.openmetadata.properties.glossaries,LOW,LOW,UNRELATED or NORMAL
org.odpi.openmetadata.repositoryservices.connectors.omrstopic,org.odpi.openmetadata.repositoryservices.connectors.stores.metadatacollectionstore,LOW,LOW,UNRELATED or NORMAL
org.odpi.openmetadata.frameworks.openmetadata.properties.datadictionaries,org.odpi.openmetadata.frameworks.openmetadata.properties.governance,LOW,LOW,UNRELATED or NORMAL
org.odpi.openmetadata.adapters.connectors,org.odpi.openmetadata.frameworks.connectors,LOW,LOW,UNRELATED or NORMAL
org.odpi.openmetadata.adminservices.configuration.properties,org.odpi.openmetadata.viewservices.assetmaker.server,LOW,LOW,UNRELATED or NORMAL
org.odpi.openmetadata.frameworks.openmetadata.ffdc,org.odpi.openmetadata.governanceservers.enginehostservices.threads,LOW,LOW,UNRELATED or NORMAL
org.odpi.openmetadata.frameworks.connectors.tabulardatasets,org.odpi.openmetadata.frameworks.openmetadata.types,LOW,LOW,UNRELATED or NORMAL
org.odpi.openmetadata.accessservices.datamanager.fvt.databases,org.odpi.openmetadata.frameworks.openmetadata.ffdc,LOW,LOW,UNRELATED or NORMAL
org.odpi.openmetadata.frameworks.openmetadata.search,org.odpi.openmetadata.viewservices.assetcatalog.server,LOW,LOW,UNRELATED or NORMAL
org.odpi.openmetadata.adapters.connectors.secretsstore.yaml,org.odpi.openmetadata.contentpacks.core.egeria,LOW,LOW,UNRELATED or NORMAL
org.odpi.openmetadata.frameworks.openmetadata.mermaid,org.odpi.openmetadata.frameworks.openmetadata.properties.assets.processes.connectors,LOW,LOW,UNRELATED or NORMAL
org.odpi.openmetadata.frameworks.openmetadata.properties.assets.reports,org.odpi.openmetadata.frameworks.openmetadata.properties.collections,LOW,LOW,UNRELATED or NORMAL
org.odpi.openmetadata.accessservices.communityprofile.fvt.locations,org.odpi.openmetadata.frameworks.openmetadata.ffdc,LOW,LOW,UNRELATED or NORMAL
org.odpi.openmetadata.accessservices.assetconsumer.samples.readavrofile,org.odpi.openmetadata.adapters.connectors.datastore.basicfile.ffdc.exception,LOW,LOW,UNRELATED or NORMAL
org.odpi.openmetadata.conformance.tests.repository.connector,org.odpi.openmetadata.repositoryservices.ffdc.exception,LOW,LOW,UNRELATED or NORMAL
org.odpi.openmetadata.frameworks.openmetadata.mermaid,org.odpi.openmetadata.frameworks.openmetadata.properties.connections,LOW,LOW,UNRELATED or NORMAL
org.odpi.openmetadata.engineservices.repositorygovernance.client.rest,org.odpi.openmetadata.frameworks.connectors,LOW,LOW,UNRELATED or NORMAL
org.odpi.openmetadata.adapters.connectors.egeriainfrastructure.servers,org.odpi.openmetadata.repositoryservices.ffdc.exception,LOW,LOW,UNRELATED or NORMAL
org.odpi.openmetadata.frameworkservices.ocf.metadatamanagement.server,org.odpi.openmetadata.repositoryservices.connectors.stores.metadatacollectionstore.properties.instances,LOW,LOW,UNRELATED or NORMAL
org.odpi.openmetadata.contentpacks.core.core,org.odpi.openmetadata.repositoryservices.connectors.stores.metadatacollectionstore.properties,LOW,LOW,UNRELATED or NORMAL
org.odpi.openmetadata.accessservices.communityprofile.fvt.errorhandling,org.odpi.openmetadata.frameworks.openmetadata.ffdc,LOW,LOW,UNRELATED or NORMAL
org.odpi.openmetadata.contentpacks.core.egeria,org.odpi.openmetadata.frameworks.openmetadata.controls,LOW,LOW,UNRELATED or NORMAL
org.odpi.openmetadata.accessservices.communityprofile.fvt.todos,org.odpi.openmetadata.frameworks.openmetadata.ffdc,LOW,LOW,UNRELATED or NORMAL
org.odpi.openmetadata.accessservices.communityprofile.fvt.validvalues,org.odpi.openmetadata.frameworks.openmetadata.ffdc,LOW,LOW,UNRELATED or NORMAL
org.odpi.openmetadata.contentpacks.core.egeria,org.odpi.openmetadata.repositoryservices.connectors.stores.metadatacollectionstore.properties.instances,LOW,LOW,UNRELATED or NORMAL
org.odpi.openmetadata.frameworks.openmetadata.properties.digitalbusiness,org.odpi.openmetadata.viewservices.productmanager.server.spring,LOW,LOW,UNRELATED or NORMAL
org.odpi.openmetadata.commonservices.ffdc,org.odpi.openmetadata.viewservices.productmanager.server.spring,LOW,LOW,UNRELATED or NORMAL
org.odpi.openmetadata.frameworks.openmetadata.api,org.odpi.openmetadata.frameworks.openmetadata.specificationproperties,LOW,LOW,UNRELATED or NORMAL
org.odpi.openmetadata.frameworkservices.omf.handlers,org.odpi.openmetadata.repositoryservices.ffdc.exception,LOW,LOW,UNRELATED or NORMAL
org.odpi.openmetadata.frameworks.openmetadata.mermaid,org.odpi.openmetadata.frameworks.openmetadata.properties.resources,LOW,LOW,UNRELATED or NORMAL
org.odpi.openmetadata.adminservices.properties,org.odpi.openmetadata.adminservices.rest,LOW,LOW,UNRELATED or NORMAL
org.odpi.openmetadata.engineservices.watchdogaction.handlers,org.odpi.openmetadata.frameworkservices.gaf.client.rest,LOW,LOW,UNRELATED or NORMAL
org.odpi.openmetadata.adapters.connectors.externalharvesters.harvestopenmetadata,org.odpi.openmetadata.frameworks.openmetadata.properties.security,LOW,LOW,UNRELATED or NORMAL
org.odpi.openmetadata.frameworks.connectors,org.odpi.openmetadata.serveroperations.client.rest,LOW,LOW,UNRELATED or NORMAL
org.odpi.openmetadata.frameworks.openmetadata.ffdc,org.odpi.openmetadata.repositoryservices.metadatahighway.cohortregistry,LOW,LOW,UNRELATED or NORMAL
org.odpi.openmetadata.frameworks.connectors.ffdc,org.odpi.openmetadata.frameworkservices.omf.client,LOW,LOW,UNRELATED or NORMAL
org.odpi.openmetadata.adapters.repositoryservices.postgres.repositoryconnector.database,org.odpi.openmetadata.frameworks.openmetadata.ffdc,LOW,LOW,UNRELATED or NORMAL
org.odpi.openmetadata.engineservices.repositorygovernance.connector,org.odpi.openmetadata.frameworks.openmetadata.properties,LOW,LOW,UNRELATED or NORMAL
org.odpi.openmetadata.engineservices.governanceaction.handlers,org.odpi.openmetadata.frameworks.opengovernance.connectorcontext,LOW,LOW,UNRELATED or NORMAL
org.odpi.openmetadata.adminservices.configuration.properties,org.odpi.openmetadata.viewservices.classificationexplorer.server,LOW,LOW,UNRELATED or NORMAL
org.odpi.openmetadata.frameworks.opengovernance.client,org.odpi.openmetadata.frameworks.openmetadata.events,LOW,LOW,UNRELATED or NORMAL
org.odpi.openmetadata.adapters.connectors.apacheatlas.survey.controls,org.odpi.openmetadata.contentpacks.core.apachekafka,LOW,LOW,UNRELATED or NORMAL
org.odpi.openmetadata.adapters.connectors.apachekafka.survey.controls,org.odpi.openmetadata.contentpacks.core.postgres,LOW,LOW,UNRELATED or NORMAL
org.odpi.openmetadata.adapters.connectors.egeriainfrastructure.platform,org.odpi.openmetadata.contentpacks.core.egeria,LOW,LOW,UNRELATED or NORMAL
org.odpi.openmetadata.frameworks.openmetadata.mermaid,org.odpi.openmetadata.frameworks.openmetadata.properties.collections,LOW,LOW,UNRELATED or NORMAL
org.odpi.openmetadata.adminservices.configuration.properties,org.odpi.openmetadata.viewservices.governanceofficer.server,LOW,LOW,UNRELATED or NORMAL
org.odpi.openmetadata.frameworks.connectors.properties.beans,org.odpi.openmetadata.frameworkservices.ocf.metadatamanagement.server.spring,LOW,LOW,UNRELATED or NORMAL
org.odpi.openmetadata.accessservices.datamanager.fvt.errorhandling,org.odpi.openmetadata.frameworks.openmetadata.ffdc,LOW,LOW,UNRELATED or NORMAL
org.odpi.openmetadata.adminservices.configuration.properties,org.odpi.openmetadata.viewservices.externallinks.server,LOW,LOW,UNRELATED or NORMAL
org.odpi.openmetadata.frameworks.auditlog,org.odpi.openmetadata.frameworks.connectors.ffdc,LOW,LOW,UNRELATED or NORMAL
org.odpi.openmetadata.adapters.connectors.externalharvesters.harvestopenmetadata,org.odpi.openmetadata.adapters.connectors.resource.jdbc.properties,LOW,LOW,UNRELATED or NORMAL
org.odpi.openmetadata.frameworks.openmetadata.mermaid,org.odpi.openmetadata.frameworks.openmetadata.properties.assets,LOW,LOW,UNRELATED or NORMAL
org.odpi.openmetadata.frameworks.openmetadata.mermaid,org.odpi.openmetadata.frameworks.openmetadata.properties.externalidentifiers,LOW,LOW,UNRELATED or NORMAL
org.odpi.openmetadata.engineservices.watchdogaction.handlers,org.odpi.openmetadata.frameworks.opengovernance.properties,LOW,LOW,UNRELATED or NORMAL
org.odpi.openmetadata.adapters.connectors.externalharvesters.harvestopenmetadata,org.odpi.openmetadata.frameworks.openmetadata.properties.schema,LOW,LOW,UNRELATED or NORMAL
org.odpi.openmetadata.frameworks.opengovernance.connectorcontext,org.odpi.openmetadata.frameworks.openmetadata.properties,LOW,LOW,UNRELATED or NORMAL
org.odpi.openmetadata.frameworks.openmetadata.search,org.odpi.openmetadata.repositoryservices.connectors.stores.metadatacollectionstore.utilities,LOW,LOW,UNRELATED or NORMAL
org.odpi.openmetadata.adapters.connectors.surveyaction.surveyfile,org.odpi.openmetadata.frameworks.opengovernance,LOW,LOW,UNRELATED or NORMAL
org.odpi.openmetadata.adapters.connectors.surveyaction.surveycsv,org.odpi.openmetadata.frameworks.opengovernance,LOW,LOW,UNRELATED or NORMAL
org.odpi.openmetadata.frameworks.openmetadata.properties,org.odpi.openmetadata.frameworkservices.gaf.client,LOW,LOW,UNRELATED or NORMAL
org.odpi.openmetadata.adapters.connectors.integration.basicfiles,org.odpi.openmetadata.repositoryservices.ffdc.exception,LOW,LOW,UNRELATED or NORMAL
org.odpi.openmetadata.frameworks.connectors,org.odpi.openmetadata.platformservices.client,LOW,LOW,UNRELATED or NORMAL
org.odpi.openmetadata.accessservices.assetowner.fvt.dataassets,org.odpi.openmetadata.frameworks.openmetadata.ffdc,LOW,LOW,UNRELATED or NORMAL
org.odpi.openmetadata.frameworks.connectors,org.odpi.openmetadata.governanceservers.integrationdaemonservices.client,LOW,LOW,UNRELATED or NORMAL
org.odpi.openmetadata.conformance.client,org.odpi.openmetadata.frameworks.connectors,LOW,LOW,UNRELATED or NORMAL
org.odpi.openmetadata.adapters.connectors.dynamicarchivers.glossary,org.odpi.openmetadata.frameworks.connectors,LOW,LOW,UNRELATED or NORMAL
org.odpi.openmetadata.adapters.connectors.externalharvesters.harvestopenmetadata,org.odpi.openmetadata.frameworks.openmetadata.properties.glossaries,LOW,LOW,UNRELATED or NORMAL
org.odpi.openmetadata.frameworks.openmetadata.mermaid,org.odpi.openmetadata.frameworks.openmetadata.properties.digitalbusiness,LOW,LOW,UNRELATED or NORMAL
org.odpi.openmetadata.commonservices.ffdc.rest,org.odpi.openmetadata.frameworks.openmetadata.properties.governance.governanceactions,LOW,LOW,UNRELATED or NORMAL
org.odpi.openmetadata.adapters.connectors.externalharvesters.harvestopenmetadata,org.odpi.openmetadata.frameworks.openmetadata.properties.externalidentifiers,LOW,LOW,UNRELATED or NORMAL
org.odpi.openmetadata.adapters.connectors.unitycatalog.survey,org.odpi.openmetadata.frameworks.opengovernance,LOW,LOW,UNRELATED or NORMAL
org.odpi.openmetadata.adapters.connectors.dynamicarchivers.glossary,org.odpi.openmetadata.frameworks.connectors.ffdc,LOW,LOW,UNRELATED or NORMAL
org.odpi.openmetadata.adapters.connectors.surveyaction.surveyfolder,org.odpi.openmetadata.frameworks.opengovernance,LOW,LOW,UNRELATED or NORMAL
org.odpi.openmetadata.metadatasecurity.connectors,org.odpi.openmetadata.repositoryservices.auditlog,LOW,LOW,UNRELATED or NORMAL
org.odpi.openmetadata.frameworks.opengovernance.client,org.odpi.openmetadata.frameworks.openmetadata.properties,LOW,LOW,UNRELATED or NORMAL
org.odpi.openmetadata.accessservices.assetmanager.fvt.dataassets,org.odpi.openmetadata.frameworks.openmetadata.ffdc,LOW,LOW,UNRELATED or NORMAL
org.odpi.openmetadata.commonservices.ffdc.rest,org.odpi.openmetadata.frameworks.connectors,LOW,LOW,UNRELATED or NORMAL
org.odpi.openmetadata.frameworks.openmetadata.properties.actors,org.odpi.openmetadata.frameworks.openmetadata.properties.lineage,LOW,LOW,UNRELATED or NORMAL
org.odpi.openmetadata.conformance.tests.repository.instances,org.odpi.openmetadata.frameworks.openmetadata.ffdc,LOW,LOW,UNRELATED or NORMAL
org.odpi.openmetadata.adapters.connectors.externalharvesters.harvestopenmetadata,org.odpi.openmetadata.frameworks.openmetadata.properties.governance,LOW,LOW,UNRELATED or NORMAL
org.odpi.openmetadata.contentpacks.core.apacheatlas,org.odpi.openmetadata.frameworks.opensurvey.controls,LOW,LOW,UNRELATED or NORMAL
org.odpi.openmetadata.frameworkservices.gaf.rest,org.odpi.openmetadata.viewservices.governanceofficer.server.spring,LOW,LOW,UNRELATED or NORMAL
org.odpi.openmetadata.frameworkservices.omf.rest,org.odpi.openmetadata.viewservices.solutionarchitect.server.spring,LOW,LOW,UNRELATED or NORMAL
org.odpi.openmetadata.commonservices.multitenant,org.odpi.openmetadata.frameworks.opensurvey,LOW,LOW,UNRELATED or NORMAL
org.odpi.openmetadata.adapters.connectors.jacquard,org.odpi.openmetadata.frameworks.openmetadata.properties.governance.governanceactions,LOW,LOW,UNRELATED or NORMAL
org.odpi.openmetadata.adapters.connectors.integration.kafkaaudit,org.odpi.openmetadata.adapters.connectors.resource.jdbc,LOW,LOW,UNRELATED or NORMAL
org.odpi.openmetadata.frameworks.opengovernance,org.odpi.openmetadata.samples.archiveutilities,LOW,LOW,UNRELATED or NORMAL
org.odpi.openmetadata.adapters.connectors.integration.jdbc,org.odpi.openmetadata.frameworks.openmetadata.properties,LOW,LOW,UNRELATED or NORMAL
org.odpi.openmetadata.frameworks.openmetadata.properties.resources,org.odpi.openmetadata.viewservices.automatedcuration.handlers,LOW,LOW,UNRELATED or NORMAL
org.odpi.openmetadata.repositoryservices.auditlog,org.odpi.openmetadata.repositoryservices.rest.server,LOW,LOW,UNRELATED or NORMAL
org.odpi.openmetadata.frameworks.openmetadata.properties.assets,org.odpi.openmetadata.frameworks.opensurvey,LOW,LOW,UNRELATED or NORMAL
org.odpi.openmetadata.frameworks.openmetadata.builders,org.odpi.openmetadata.frameworks.openmetadata.properties.assets.topics,LOW,LOW,UNRELATED or NORMAL
org.odpi.openmetadata.repositoryservices.connectors.stores.metadatacollectionstore.properties.instances,org.odpi.openmetadata.samples.archiveutilities.businesssystems,LOW,LOW,UNRELATED or NORMAL
org.odpi.openmetadata.frameworks.opensurvey,org.odpi.openmetadata.samples.archiveutilities,LOW,LOW,UNRELATED or NORMAL
org.odpi.openmetadata.frameworks.openmetadata.builders,org.odpi.openmetadata.frameworks.openmetadata.properties.resources,LOW,LOW,UNRELATED or NORMAL
org.odpi.openmetadata.frameworks.openmetadata.builders,org.odpi.openmetadata.frameworks.openmetadata.properties.assets.databases,LOW,LOW,UNRELATED or NORMAL
org.odpi.openmetadata.adapters.connectors.apachekafka.integration,org.odpi.openmetadata.frameworks.openmetadata.properties,LOW,LOW,UNRELATED or NORMAL
org.odpi.openmetadata.frameworks.openmetadata.properties.actors,org.odpi.openmetadata.viewservices.classificationexplorer.server,LOW,LOW,UNRELATED or NORMAL
org.odpi.openmetadata.adapters.connectors.datastore.basicfile,org.odpi.openmetadata.adapters.connectors.integration.kafkaaudit,LOW,LOW,UNRELATED or NORMAL
org.odpi.openmetadata.engineservices.governanceaction.listener,org.odpi.openmetadata.governanceservers.enginehostservices.api,LOW,LOW,UNRELATED or NORMAL
org.odpi.openmetadata.frameworks.connectors,org.odpi.openmetadata.reports.componentid,LOW,LOW,UNRELATED or NORMAL
org.odpi.openmetadata.frameworks.openmetadata.builders,org.odpi.openmetadata.frameworks.openmetadata.properties.assets.metadatarepositories,LOW,LOW,UNRELATED or NORMAL
org.odpi.openmetadata.frameworks.openmetadata.properties.datadictionaries,org.odpi.openmetadata.viewservices.collectionmanager.server,LOW,LOW,UNRELATED or NORMAL
org.odpi.openmetadata.engineservices.watchdogaction.handlers,org.odpi.openmetadata.engineservices.watchdogaction.listener,LOW,LOW,UNRELATED or NORMAL
org.odpi.openmetadata.adapters.connectors.integration.basicfiles,org.odpi.openmetadata.frameworks.openmetadata.properties.assets.processes.connectors,LOW,LOW,UNRELATED or NORMAL
org.odpi.openmetadata.frameworks.openmetadata.builders,org.odpi.openmetadata.frameworks.openmetadata.properties.informationsupplychains,LOW,LOW,UNRELATED or NORMAL
org.odpi.openmetadata.frameworks.openmetadata.builders,org.odpi.openmetadata.frameworks.openmetadata.properties.templates,LOW,LOW,UNRELATED or NORMAL
org.odpi.openmetadata.frameworks.openmetadata.builders,org.odpi.openmetadata.frameworks.openmetadata.properties.implementations,LOW,LOW,UNRELATED or NORMAL
org.odpi.openmetadata.governanceservers.enginehostservices.api,org.odpi.openmetadata.governanceservers.enginehostservices.listener,LOW,LOW,UNRELATED or NORMAL
org.odpi.openmetadata.commonservices.multitenant,org.odpi.openmetadata.frameworks.integration.connectors,LOW,LOW,UNRELATED or NORMAL
org.odpi.openmetadata.adapters.repositoryservices,org.odpi.openmetadata.frameworks.connectors,LOW,LOW,UNRELATED or NORMAL
org.odpi.openmetadata.adapters.connectors.jacquard.tabulardatasets,org.odpi.openmetadata.viewservices.dataengineer.server,LOW,LOW,UNRELATED or NORMAL
org.odpi.openmetadata.adapters.connectors.jacquard.tabulardatasets,org.odpi.openmetadata.frameworks.openmetadata.properties.validvalues,LOW,LOW,UNRELATED or NORMAL
org.odpi.openmetadata.frameworks.openmetadata.converters,org.odpi.openmetadata.frameworks.openmetadata.reports,LOW,LOW,UNRELATED or NORMAL
org.odpi.openmetadata.frameworks.openmetadata.builders,org.odpi.openmetadata.frameworks.openmetadata.properties.translations,LOW,LOW,UNRELATED or NORMAL
org.odpi.openmetadata.contentpacks.core,org.odpi.openmetadata.frameworks.opensurvey,LOW,LOW,UNRELATED or NORMAL
org.odpi.openmetadata.commonservices.multitenant,org.odpi.openmetadata.frameworks.opengovernance,LOW,LOW,UNRELATED or NORMAL
org.odpi.openmetadata.viewservices.automatedcuration.converters,org.odpi.openmetadata.viewservices.automatedcuration.properties,LOW,LOW,UNRELATED or NORMAL
org.odpi.openmetadata.frameworks.opensurvey,org.odpi.openmetadata.samples.archiveutilities.governanceengines,LOW,LOW,UNRELATED or NORMAL
org.odpi.openmetadata.adapters.connectors.surveyaction.surveycsv,org.odpi.openmetadata.frameworks.openmetadata.properties.schema,LOW,LOW,UNRELATED or NORMAL
org.odpi.openmetadata.commonservices.repositoryhandler,org.odpi.openmetadata.frameworks.connectors,LOW,LOW,UNRELATED or NORMAL
org.odpi.openmetadata.contentpacks.core.unitycatalog,org.odpi.openmetadata.frameworks.connectors,LOW,LOW,UNRELATED or NORMAL
org.odpi.openmetadata.frameworks.openmetadata.properties,org.odpi.openmetadata.governanceservers.integrationdaemonservices.handlers,LOW,LOW,UNRELATED or NORMAL
org.odpi.openmetadata.adapters.connectors.integration.jdbc,org.odpi.openmetadata.frameworks.openmetadata.properties.assets.processes.connectors,LOW,LOW,UNRELATED or NORMAL
org.odpi.openmetadata.frameworks.openmetadata.refdata,org.odpi.openmetadata.viewservices.automatedcuration.mermaid,LOW,LOW,UNRELATED or NORMAL
org.odpi.openmetadata.opentypes,org.odpi.openmetadata.repositoryservices.connectors.stores.metadatacollectionstore.properties,LOW,LOW,UNRELATED or NORMAL
org.odpi.openmetadata.commonservices.repositoryhandler,org.odpi.openmetadata.repositoryservices.connectors.stores.metadatacollectionstore.utilities,LOW,LOW,UNRELATED or NORMAL
org.odpi.openmetadata.commonservices.multitenant,org.odpi.openmetadata.viewservices.locationarena.admin,LOW,LOW,UNRELATED or NORMAL
org.odpi.openmetadata.commonservices.multitenant,org.odpi.openmetadata.viewservices.productmanager.admin,LOW,LOW,UNRELATED or NORMAL
org.odpi.openmetadata.commonservices.multitenant,org.odpi.openmetadata.viewservices.subjectarea.admin,LOW,LOW,UNRELATED or NORMAL
org.odpi.openmetadata.commonservices.multitenant,org.odpi.openmetadata.viewservices.notificationmanager.admin,LOW,LOW,UNRELATED or NORMAL
org.odpi.openmetadata.adapters.connectors.datastore.basicfile,org.odpi.openmetadata.adapters.connectors.surveyaction.surveycsv,LOW,LOW,UNRELATED or NORMAL
org.odpi.openmetadata.commonservices.multitenant,org.odpi.openmetadata.viewservices.privacyofficer.admin,LOW,LOW,UNRELATED or NORMAL
org.odpi.openmetadata.frameworks.openmetadata.properties.datadictionaries,org.odpi.openmetadata.frameworks.openmetadata.properties.digitalbusiness,LOW,LOW,UNRELATED or NORMAL
org.odpi.openmetadata.adapters.connectors.baudot,org.odpi.openmetadata.frameworks.openmetadata.connectorcontext,LOW,LOW,UNRELATED or NORMAL
org.odpi.openmetadata.frameworks.auditlog,org.odpi.openmetadata.frameworkservices.omf.connectors.outtopic,LOW,LOW,UNRELATED or NORMAL
org.odpi.openmetadata.commonservices.multitenant,org.odpi.openmetadata.viewservices.collectionmanager.admin,LOW,LOW,UNRELATED or NORMAL
org.odpi.openmetadata.frameworks.openmetadata.metadataelements,org.odpi.openmetadata.viewservices.governanceofficer.server,LOW,LOW,UNRELATED or NORMAL
org.odpi.openmetadata.commonservices.multitenant,org.odpi.openmetadata.viewservices.assetmaker.admin,LOW,LOW,UNRELATED or NORMAL
org.odpi.openmetadata.commonservices.multitenant,org.odpi.openmetadata.viewservices.connectionmaker.admin,LOW,LOW,UNRELATED or NORMAL
org.odpi.openmetadata.adapters.eventbus.topic.kafka,org.odpi.openmetadata.frameworks.connectors,LOW,LOW,UNRELATED or NORMAL
org.odpi.openmetadata.commonservices.multitenant,org.odpi.openmetadata.viewservices.governanceofficer.admin,LOW,LOW,UNRELATED or NORMAL
org.odpi.openmetadata.contentpacks.core.unitycatalog,org.odpi.openmetadata.frameworks.connectors.properties.beans,LOW,LOW,UNRELATED or NORMAL
org.odpi.openmetadata.frameworkservices.gaf.outtopic,org.odpi.openmetadata.repositoryservices.connectors.openmetadatatopic,LOW,LOW,UNRELATED or NORMAL
org.odpi.openmetadata.commonservices.multitenant,org.odpi.openmetadata.viewservices.runtimemanager.admin,LOW,LOW,UNRELATED or NORMAL
org.odpi.openmetadata.adapters.connectors.apacheatlas.integration,org.odpi.openmetadata.frameworks.openmetadata.properties.assets.processes.connectors,LOW,LOW,UNRELATED or NORMAL
org.odpi.openmetadata.commonservices.multitenant,org.odpi.openmetadata.viewservices.referencedata.admin,LOW,LOW,UNRELATED or NORMAL
org.odpi.openmetadata.adapters.connectors.apacheatlas.survey,org.odpi.openmetadata.frameworks.opengovernance,LOW,LOW,UNRELATED or NORMAL
org.odpi.openmetadata.frameworks.connectors.properties.beans,org.odpi.openmetadata.samples.archiveutilities.governanceengines,LOW,LOW,UNRELATED or NORMAL
org.odpi.openmetadata.repositoryservices.connectors.stores.metadatacollectionstore.utilities,org.odpi.openmetadata.repositoryservices.eventmanagement,LOW,LOW,UNRELATED or NORMAL
org.odpi.openmetadata.commonservices.multitenant,org.odpi.openmetadata.viewservices.lineagelinker.admin,LOW,LOW,UNRELATED or NORMAL
org.odpi.openmetadata.adapters.connectors.apacheatlas.survey,org.odpi.openmetadata.frameworks.connectors,LOW,LOW,UNRELATED or NORMAL
org.odpi.openmetadata.frameworkservices.omf.outtopic,org.odpi.openmetadata.repositoryservices.connectors.openmetadatatopic,LOW,LOW,UNRELATED or NORMAL
org.odpi.openmetadata.commonservices.multitenant,org.odpi.openmetadata.viewservices.actionauthor.admin,LOW,LOW,UNRELATED or NORMAL
org.odpi.openmetadata.frameworks.connectors.properties.beans,org.odpi.openmetadata.frameworks.opengovernance,LOW,LOW,UNRELATED or NORMAL
org.odpi.openmetadata.frameworks.connectors.properties.users,org.odpi.openmetadata.metadatasecurity.server,LOW,LOW,UNRELATED or NORMAL
org.odpi.openmetadata.adapters.connectors.surveyaction.surveycsv,org.odpi.openmetadata.frameworks.openmetadata.properties,LOW,LOW,UNRELATED or NORMAL
org.odpi.openmetadata.frameworks.auditlog,org.odpi.openmetadata.frameworkservices.gaf.connectors.outtopic,LOW,LOW,UNRELATED or NORMAL
org.odpi.openmetadata.commonservices.multitenant,org.odpi.openmetadata.viewservices.datadiscovery.admin,LOW,LOW,UNRELATED or NORMAL
org.odpi.openmetadata.adapters.connectors.dynamicarchivers.glossary,org.odpi.openmetadata.frameworks.opengovernance,LOW,LOW,UNRELATED or NORMAL
org.odpi.openmetadata.commonservices.multitenant,org.odpi.openmetadata.viewservices.projectmanager.admin,LOW,LOW,UNRELATED or NORMAL
org.odpi.openmetadata.commonservices.multitenant,org.odpi.openmetadata.viewservices.datadesigner.admin,LOW,LOW,UNRELATED or NORMAL
org.odpi.openmetadata.adapters.connectors.surveyaction.surveyfile,org.odpi.openmetadata.frameworks.openmetadata.connectorcontext,LOW,LOW,UNRELATED or NORMAL
org.odpi.openmetadata.commonservices.multitenant,org.odpi.openmetadata.viewservices.automatedcuration.admin,LOW,LOW,UNRELATED or NORMAL
org.odpi.openmetadata.adminservices.configuration.properties,org.odpi.openmetadata.adminservices.samples.configure,LOW,LOW,UNRELATED or NORMAL
org.odpi.openmetadata.adapters.connectors.apachekafka.survey,org.odpi.openmetadata.frameworks.opengovernance,LOW,LOW,UNRELATED or NORMAL
org.odpi.openmetadata.commonservices.multitenant,org.odpi.openmetadata.viewservices.myprofile.admin,LOW,LOW,UNRELATED or NORMAL
org.odpi.openmetadata.conformance.workbenches.repository.connectorconsumer,org.odpi.openmetadata.frameworks.connectors,LOW,LOW,UNRELATED or NORMAL
org.odpi.openmetadata.frameworks.openmetadata.search,org.odpi.openmetadata.viewservices.automatedcuration.server,LOW,LOW,UNRELATED or NORMAL
org.odpi.openmetadata.commonservices.multitenant,org.odpi.openmetadata.engineservices.surveyaction.admin,LOW,LOW,UNRELATED or NORMAL
org.odpi.openmetadata.accessservices.communityprofile.fvt.errorhandling,org.odpi.openmetadata.frameworks.openmetadata.properties,LOW,LOW,UNRELATED or NORMAL
org.odpi.openmetadata.engineservices.repositorygovernance.handlers,org.odpi.openmetadata.frameworks.opengovernance.properties,LOW,LOW,UNRELATED or NORMAL
org.odpi.openmetadata.adapters.connectors.jacquard,org.odpi.openmetadata.frameworks.opengovernance.connectorcontext,LOW,LOW,UNRELATED or NORMAL
org.odpi.openmetadata.commonservices.multitenant,org.odpi.openmetadata.viewservices.timekeeper.admin,LOW,LOW,UNRELATED or NORMAL
org.odpi.openmetadata.commonservices.multitenant,org.odpi.openmetadata.viewservices.dataofficer.admin,LOW,LOW,UNRELATED or NORMAL
org.odpi.openmetadata.adapters.connectors.babbage,org.odpi.openmetadata.frameworks.opengovernance.connectorcontext,LOW,LOW,UNRELATED or NORMAL
org.odpi.openmetadata.commonservices.multitenant,org.odpi.openmetadata.viewservices.validmetadata.admin,LOW,LOW,UNRELATED or NORMAL
org.odpi.openmetadata.adapters.connectors.externalharvesters.harvestopenmetadata.schema,org.odpi.openmetadata.adapters.connectors.resource.jdbc.ddl.postgres,LOW,LOW,UNRELATED or NORMAL
org.odpi.openmetadata.commonservices.multitenant,org.odpi.openmetadata.engineservices.governanceaction.admin,LOW,LOW,UNRELATED or NORMAL
org.odpi.openmetadata.engineservices.governanceaction.handlers,org.odpi.openmetadata.frameworks.opengovernance.properties,LOW,LOW,UNRELATED or NORMAL
org.odpi.openmetadata.adapters.connectors.unitycatalog.provision,org.odpi.openmetadata.frameworks.auditlog,LOW,LOW,UNRELATED or NORMAL
org.odpi.openmetadata.adapters.connectors.resource.jdbc.ddl.postgres,org.odpi.openmetadata.adapters.repositoryservices.auditlogstore.postgres.schema,LOW,LOW,UNRELATED or NORMAL
org.odpi.openmetadata.adapters.repositoryservices.auditlogstore.eventtopic,org.odpi.openmetadata.frameworks.auditlog,LOW,LOW,UNRELATED or NORMAL
org.odpi.openmetadata.adapters.connectors.integration.csvlineageimporter,org.odpi.openmetadata.frameworks.auditlog,LOW,LOW,UNRELATED or NORMAL
org.odpi.openmetadata.commonservices.multitenant,org.odpi.openmetadata.viewservices.feedbackmanager.admin,LOW,LOW,UNRELATED or NORMAL
org.odpi.openmetadata.adapters.connectors.dynamicarchivers.glossary,org.odpi.openmetadata.frameworks.connectors.properties.beans,LOW,LOW,UNRELATED or NORMAL
org.odpi.openmetadata.adapters.connectors.babbage,org.odpi.openmetadata.frameworks.openmetadata.search,LOW,LOW,UNRELATED or NORMAL
org.odpi.openmetadata.adapters.connectors.datastore.csvfile,org.odpi.openmetadata.frameworks.auditlog,LOW,LOW,UNRELATED or NORMAL
org.odpi.openmetadata.commonservices.multitenant,org.odpi.openmetadata.frameworkservices.ocf.metadatamanagement.admin,LOW,LOW,UNRELATED or NORMAL
org.odpi.openmetadata.commonservices.multitenant,org.odpi.openmetadata.frameworkservices.gaf.admin,LOW,LOW,UNRELATED or NORMAL
org.odpi.openmetadata.frameworks.openmetadata.refdata,org.odpi.openmetadata.frameworkservices.gaf.server,LOW,LOW,UNRELATED or NORMAL
org.odpi.openmetadata.engineservices.surveyaction.handlers,org.odpi.openmetadata.frameworks.connectors.properties.beans,LOW,LOW,UNRELATED or NORMAL
org.odpi.openmetadata.commonservices.multitenant,org.odpi.openmetadata.viewservices.templatemanager.admin,LOW,LOW,UNRELATED or NORMAL
org.odpi.openmetadata.commonservices.multitenant,org.odpi.openmetadata.viewservices.multilanguage.admin,LOW,LOW,UNRELATED or NORMAL
org.odpi.openmetadata.frameworks.connectors.ffdc,org.odpi.openmetadata.frameworks.integration.context,LOW,LOW,UNRELATED or NORMAL
org.odpi.openmetadata.frameworks.connectors.ffdc,org.odpi.openmetadata.governanceservers.integrationdaemonservices.handlers,LOW,LOW,UNRELATED or NORMAL
org.odpi.openmetadata.commonservices.multitenant,org.odpi.openmetadata.viewservices.devopspipeline.admin,LOW,LOW,UNRELATED or NORMAL
org.odpi.openmetadata.commonservices.multitenant,org.odpi.openmetadata.viewservices.securityofficer.admin,LOW,LOW,UNRELATED or NORMAL
org.odpi.openmetadata.commonservices.multitenant,org.odpi.openmetadata.viewservices.solutionarchitect.admin,LOW,LOW,UNRELATED or NORMAL
org.odpi.openmetadata.commonservices.multitenant,org.odpi.openmetadata.viewservices.metadataexpert.admin,LOW,LOW,UNRELATED or NORMAL
org.odpi.openmetadata.commonservices.multitenant,org.odpi.openmetadata.viewservices.dataengineer.admin,LOW,LOW,UNRELATED or NORMAL
org.odpi.openmetadata.commonservices.multitenant,org.odpi.openmetadata.engineservices.repositorygovernance.admin,LOW,LOW,UNRELATED or NORMAL
org.odpi.openmetadata.commonservices.multitenant,org.odpi.openmetadata.viewservices.schemamaker.admin,LOW,LOW,UNRELATED or NORMAL
org.odpi.openmetadata.repositoryservices.archiveutilities,org.odpi.openmetadata.samples.archiveutilities.combo,LOW,LOW,UNRELATED or NORMAL
org.odpi.openmetadata.adminservices.rest,org.odpi.openmetadata.adminservices.samples.configure,LOW,LOW,UNRELATED or NORMAL
org.odpi.openmetadata.commonservices.multitenant,org.odpi.openmetadata.viewservices.productcatalog.admin,LOW,LOW,UNRELATED or NORMAL
org.odpi.openmetadata.adapters.connectors.unitycatalog.sync,org.odpi.openmetadata.frameworks.connectors.properties.beans,LOW,LOW,UNRELATED or NORMAL
org.odpi.openmetadata.adapters.connectors.egeriainfrastructure.platform.catalog,org.odpi.openmetadata.repositoryservices.connectors.stores.cohortregistrystore.properties,LOW,LOW,UNRELATED or NORMAL
org.odpi.openmetadata.commonservices.multitenant,org.odpi.openmetadata.engineservices.watchdogaction.admin,LOW,LOW,UNRELATED or NORMAL
org.odpi.openmetadata.commonservices.multitenant,org.odpi.openmetadata.viewservices.communitymatters.admin,LOW,LOW,UNRELATED or NORMAL
org.odpi.openmetadata.frameworks.openmetadata.builders,org.odpi.openmetadata.frameworks.openmetadata.properties.feedback,LOW,LOW,UNRELATED or NORMAL
org.odpi.openmetadata.commonservices.multitenant,org.odpi.openmetadata.viewservices.externallinks.admin,LOW,LOW,UNRELATED or NORMAL
org.odpi.openmetadata.commonservices.multitenant,org.odpi.openmetadata.viewservices.actormanager.admin,LOW,LOW,UNRELATED or NORMAL
org.odpi.openmetadata.frameworks.openmetadata.connectorcontext,org.odpi.openmetadata.governanceservers.integrationdaemonservices.handlers,LOW,LOW,UNRELATED or NORMAL
org.odpi.openmetadata.commonservices.multitenant,org.odpi.openmetadata.viewservices.peopleorganizer.admin,LOW,LOW,UNRELATED or NORMAL
org.odpi.openmetadata.adapters.connectors.egeriainfrastructure.servers,org.odpi.openmetadata.commonservices.ffdc.rest,LOW,LOW,UNRELATED or NORMAL
org.odpi.openmetadata.commonservices.multitenant,org.odpi.openmetadata.viewservices.glossarymanager.admin,LOW,LOW,UNRELATED or NORMAL
org.odpi.openmetadata.adapters.connectors.organizationinsight.karmapoints,org.odpi.openmetadata.frameworks.openmetadata.search,LOW,LOW,UNRELATED or NORMAL
org.odpi.openmetadata.commonservices.multitenant,org.odpi.openmetadata.viewservices.assetcatalog.admin,LOW,LOW,UNRELATED or NORMAL
org.odpi.openmetadata.commonservices.multitenant,org.odpi.openmetadata.viewservices.digitalbusiness.admin,LOW,LOW,UNRELATED or NORMAL
org.odpi.openmetadata.commonservices.multitenant,org.odpi.openmetadata.viewservices.classificationexplorer.admin,LOW,LOW,UNRELATED or NORMAL
org.odpi.openmetadata.commonservices.multitenant,org.odpi.openmetadata.frameworkservices.omf.admin,LOW,LOW,UNRELATED or NORMAL
org.odpi.openmetadata.adapters.connectors.organizationinsight.karmapoints,org.odpi.openmetadata.frameworks.openmetadata.ffdc,LOW,LOW,UNRELATED or NORMAL
org.odpi.openmetadata.frameworks.openmetadata.ffdc,org.odpi.openmetadata.platformservices.server.spring,LOW,LOW,UNRELATED or NORMAL
org.odpi.openmetadata.accessservices.governanceprogram.samples.leadership,org.odpi.openmetadata.adminservices.configuration.registration,LOW,LOW,UNRELATED or NORMAL
org.odpi.openmetadata.frameworks.openmetadata.properties.assets.apis,org.odpi.openmetadata.frameworks.openmetadata.properties.assets.processes,LOW,LOW,UNRELATED or NORMAL
org.odpi.openmetadata.adapters.connectors.secretsstore.yaml,org.odpi.openmetadata.viewservices.automatedcuration.server,LOW,LOW,UNRELATED or NORMAL
org.odpi.openmetadata.frameworks.openmetadata.properties.assets.processes.actions,org.odpi.openmetadata.frameworks.openmetadata.properties.governance.governanceactions,LOW,LOW,UNRELATED or NORMAL
org.odpi.openmetadata.frameworks.openmetadata.ffdc,org.odpi.openmetadata.viewservices.productcatalog.server,LOW,LOW,UNRELATED or NORMAL
org.odpi.openmetadata.adapters.connectors.jacquard.tabulardatasets.validmetadatavalues,org.odpi.openmetadata.frameworks.openmetadata.ffdc,LOW,LOW,UNRELATED or NORMAL
org.odpi.openmetadata.frameworkservices.ocf.metadatamanagement.admin,org.odpi.openmetadata.frameworkservices.ocf.metadatamanagement.server,LOW,LOW,UNRELATED or NORMAL
org.odpi.openmetadata.adminservices.ffdc.exception,org.odpi.openmetadata.viewservices.feedbackmanager.admin,LOW,LOW,UNRELATED or NORMAL
org.odpi.openmetadata.adapters.connectors.postgres.catalog,org.odpi.openmetadata.contentpacks.core,LOW,LOW,UNRELATED or NORMAL
org.odpi.openmetadata.adapters.repositoryservices.auditlogstore.console.eventdisplay,org.odpi.openmetadata.frameworks.openmetadata.ffdc,LOW,LOW,UNRELATED or NORMAL
org.odpi.openmetadata.adapters.eventbus.topic.inmemory,org.odpi.openmetadata.frameworks.openmetadata.ffdc,LOW,LOW,UNRELATED or NORMAL
org.odpi.openmetadata.adapters.connectors.integration.jdbc,org.odpi.openmetadata.contentpacks.core,LOW,LOW,UNRELATED or NORMAL
org.odpi.openmetadata.adminservices.ffdc.exception,org.odpi.openmetadata.frameworkservices.gaf.admin,LOW,LOW,UNRELATED or NORMAL
org.odpi.openmetadata.frameworks.openmetadata.ffdc,org.odpi.openmetadata.viewservices.devopspipeline.server,LOW,LOW,UNRELATED or NORMAL
org.odpi.openmetadata.frameworks.openmetadata.properties.assets.processes,org.odpi.openmetadata.frameworks.openmetadata.properties.assets.processes.actions,LOW,LOW,UNRELATED or NORMAL
org.odpi.openmetadata.adminservices.ffdc.exception,org.odpi.openmetadata.viewservices.templatemanager.admin,LOW,LOW,UNRELATED or NORMAL
org.odpi.openmetadata.adminservices.ffdc.exception,org.odpi.openmetadata.viewservices.multilanguage.admin,LOW,LOW,UNRELATED or NORMAL
org.odpi.openmetadata.adapters.connectors.datastore.csvfile,org.odpi.openmetadata.adapters.connectors.externalharvesters.harvestsurveys,LOW,LOW,UNRELATED or NORMAL
org.odpi.openmetadata.frameworks.openmetadata.properties.assets.processes.actions,org.odpi.openmetadata.frameworks.openmetadata.properties.surveyreports,LOW,LOW,UNRELATED or NORMAL
org.odpi.openmetadata.engineservices.watchdogaction.server,org.odpi.openmetadata.frameworks.openwatchdog,LOW,LOW,UNRELATED or NORMAL
org.odpi.openmetadata.frameworks.connectors.ffdc,org.odpi.openmetadata.frameworks.integration.properties,LOW,LOW,UNRELATED or NORMAL
org.odpi.openmetadata.adminservices.ffdc.exception,org.odpi.openmetadata.viewservices.devopspipeline.admin,LOW,LOW,UNRELATED or NORMAL
org.odpi.openmetadata.adminservices.ffdc.exception,org.odpi.openmetadata.governanceservers.enginehostservices.admin,LOW,LOW,UNRELATED or NORMAL
org.odpi.openmetadata.adminservices.ffdc.exception,org.odpi.openmetadata.viewservices.securityofficer.admin,LOW,LOW,UNRELATED or NORMAL
org.odpi.openmetadata.adapters.repositoryservices.auditlogstore.console,org.odpi.openmetadata.frameworks.openmetadata.ffdc,LOW,LOW,UNRELATED or NORMAL
org.odpi.openmetadata.adminservices.ffdc.exception,org.odpi.openmetadata.viewservices.solutionarchitect.admin,LOW,LOW,UNRELATED or NORMAL
org.odpi.openmetadata.adapters.connectors.integration.openapis,org.odpi.openmetadata.contentpacks.core,LOW,LOW,UNRELATED or NORMAL
org.odpi.openmetadata.viewservices.timekeeper.admin,org.odpi.openmetadata.viewservices.timekeeper.server,LOW,LOW,UNRELATED or NORMAL
org.odpi.openmetadata.adminservices.ffdc.exception,org.odpi.openmetadata.viewservices.metadataexpert.admin,LOW,LOW,UNRELATED or NORMAL
org.odpi.openmetadata.adminservices.ffdc.exception,org.odpi.openmetadata.viewservices.dataengineer.admin,LOW,LOW,UNRELATED or NORMAL
org.odpi.openmetadata.adminservices.ffdc.exception,org.odpi.openmetadata.viewservices.schemamaker.admin,LOW,LOW,UNRELATED or NORMAL
org.odpi.openmetadata.engineservices.watchdogaction.admin,org.odpi.openmetadata.engineservices.watchdogaction.server,LOW,LOW,UNRELATED or NORMAL
org.odpi.openmetadata.viewservices.datadiscovery.admin,org.odpi.openmetadata.viewservices.datadiscovery.server,LOW,LOW,UNRELATED or NORMAL
org.odpi.openmetadata.viewservices.myprofile.admin,org.odpi.openmetadata.viewservices.myprofile.server,LOW,LOW,UNRELATED or NORMAL
org.odpi.openmetadata.viewservices.classificationexplorer.admin,org.odpi.openmetadata.viewservices.classificationexplorer.server,LOW,LOW,UNRELATED or NORMAL
org.odpi.openmetadata.repositoryservices.connectors.stores.archivestore,org.odpi.openmetadata.repositoryservices.ffdc.exception,LOW,LOW,UNRELATED or NORMAL
org.odpi.openmetadata.adminservices.ffdc.exception,org.odpi.openmetadata.viewservices.communitymatters.admin,LOW,LOW,UNRELATED or NORMAL
org.odpi.openmetadata.adminservices.ffdc.exception,org.odpi.openmetadata.frameworkservices.ocf.metadatamanagement.admin,LOW,LOW,UNRELATED or NORMAL
org.odpi.openmetadata.frameworks.openmetadata.properties,org.odpi.openmetadata.frameworks.openmetadata.properties.assets.referencedata,LOW,LOW,UNRELATED or NORMAL
org.odpi.openmetadata.adapters.repositoryservices.archiveconnector.file,org.odpi.openmetadata.frameworks.openmetadata.ffdc,LOW,LOW,UNRELATED or NORMAL
org.odpi.openmetadata.viewservices.collectionmanager.admin,org.odpi.openmetadata.viewservices.collectionmanager.server,LOW,LOW,UNRELATED or NORMAL
org.odpi.openmetadata.adapters.connectors.integration.jdbc,org.odpi.openmetadata.frameworks.openmetadata.ffdc,LOW,LOW,UNRELATED or NORMAL
org.odpi.openmetadata.frameworks.openmetadata.properties.assets,org.odpi.openmetadata.frameworks.openmetadata.properties.assets.processes,LOW,LOW,UNRELATED or NORMAL
org.odpi.openmetadata.adminservices.ffdc.exception,org.odpi.openmetadata.viewservices.actormanager.admin,LOW,LOW,UNRELATED or NORMAL
org.odpi.openmetadata.engineservices.governanceaction.server,org.odpi.openmetadata.frameworks.opengovernance,LOW,LOW,UNRELATED or NORMAL
org.odpi.openmetadata.adapters.connectors.jacquard.tabulardatasets.openmetadatatypes,org.odpi.openmetadata.frameworks.openmetadata.ffdc,LOW,LOW,UNRELATED or NORMAL
org.odpi.openmetadata.viewservices.datadesigner.admin,org.odpi.openmetadata.viewservices.datadesigner.server,LOW,LOW,UNRELATED or NORMAL
org.odpi.openmetadata.frameworks.connectors.ffdc,org.odpi.openmetadata.metadatasecurity.accessconnector,LOW,LOW,UNRELATED or NORMAL
org.odpi.openmetadata.adapters.adminservices.configurationstore.file,org.odpi.openmetadata.frameworks.connectors.ffdc,LOW,LOW,UNRELATED or NORMAL
org.odpi.openmetadata.adapters.repositoryservices.cohortregistrystore.file,org.odpi.openmetadata.frameworks.connectors.ffdc,LOW,LOW,UNRELATED or NORMAL
org.odpi.openmetadata.adminservices.ffdc.exception,org.odpi.openmetadata.viewservices.peopleorganizer.admin,LOW,LOW,UNRELATED or NORMAL
org.odpi.openmetadata.adminservices.ffdc.exception,org.odpi.openmetadata.viewservices.glossarymanager.admin,LOW,LOW,UNRELATED or NORMAL
org.odpi.openmetadata.frameworks.openmetadata.properties.digitalbusiness,org.odpi.openmetadata.frameworks.openmetadata.properties.lineage,LOW,LOW,UNRELATED or NORMAL
org.odpi.openmetadata.adminservices.ffdc.exception,org.odpi.openmetadata.viewservices.assetcatalog.admin,LOW,LOW,UNRELATED or NORMAL
org.odpi.openmetadata.engineservices.surveyaction.server,org.odpi.openmetadata.frameworks.opensurvey,LOW,LOW,UNRELATED or NORMAL
org.odpi.openmetadata.viewservices.communitymatters.admin,org.odpi.openmetadata.viewservices.communitymatters.server,LOW,LOW,UNRELATED or NORMAL
org.odpi.openmetadata.viewservices.productmanager.admin,org.odpi.openmetadata.viewservices.productmanager.server,LOW,LOW,UNRELATED or NORMAL
org.odpi.openmetadata.adminservices.ffdc.exception,org.odpi.openmetadata.viewservices.digitalbusiness.admin,LOW,LOW,UNRELATED or NORMAL
org.odpi.openmetadata.viewservices.solutionarchitect.admin,org.odpi.openmetadata.viewservices.solutionarchitect.server,LOW,LOW,UNRELATED or NORMAL
org.odpi.openmetadata.adminservices.ffdc.exception,org.odpi.openmetadata.viewservices.classificationexplorer.admin,LOW,LOW,UNRELATED or NORMAL
org.odpi.openmetadata.viewservices.actormanager.admin,org.odpi.openmetadata.viewservices.actormanager.server,LOW,LOW,UNRELATED or NORMAL
org.odpi.openmetadata.adminservices.ffdc.exception,org.odpi.openmetadata.frameworkservices.omf.admin,LOW,LOW,UNRELATED or NORMAL
org.odpi.openmetadata.commonservices.multitenant,org.odpi.openmetadata.frameworks.openmetadata.client,LOW,LOW,UNRELATED or NORMAL
org.odpi.openmetadata.viewservices.validmetadata.admin,org.odpi.openmetadata.viewservices.validmetadata.server,LOW,LOW,UNRELATED or NORMAL
org.odpi.openmetadata.viewservices.multilanguage.admin,org.odpi.openmetadata.viewservices.multilanguage.server,LOW,LOW,UNRELATED or NORMAL
org.odpi.openmetadata.adminservices.ffdc.exception,org.odpi.openmetadata.viewservices.productcatalog.admin,LOW,LOW,UNRELATED or NORMAL
org.odpi.openmetadata.frameworks.openmetadata.properties.assets,org.odpi.openmetadata.frameworks.openmetadata.properties.assets.infrastructure,LOW,LOW,UNRELATED or NORMAL
org.odpi.openmetadata.accessservices.samples.assetsetup,org.odpi.openmetadata.adminservices.configuration.registration,LOW,LOW,UNRELATED or NORMAL
org.odpi.openmetadata.adapters.connectors.apachekafka.integration,org.odpi.openmetadata.contentpacks.core,LOW,LOW,UNRELATED or NORMAL
org.odpi.openmetadata.viewservices.dataofficer.admin,org.odpi.openmetadata.viewservices.dataofficer.server,LOW,LOW,UNRELATED or NORMAL
org.odpi.openmetadata.viewservices.peopleorganizer.admin,org.odpi.openmetadata.viewservices.peopleorganizer.server,LOW,LOW,UNRELATED or NORMAL
org.odpi.openmetadata.adminservices.ffdc.exception,org.odpi.openmetadata.viewservices.externallinks.admin,LOW,LOW,UNRELATED or NORMAL
org.odpi.openmetadata.frameworks.openmetadata.properties,org.odpi.openmetadata.frameworks.openmetadata.properties.lineage,LOW,LOW,UNRELATED or NORMAL
org.odpi.openmetadata.engineservices.surveyaction.admin,org.odpi.openmetadata.engineservices.surveyaction.server,LOW,LOW,UNRELATED or NORMAL
org.odpi.openmetadata.frameworks.openmetadata.ffdc,org.odpi.openmetadata.viewservices.automatedcuration.converters,LOW,LOW,UNRELATED or NORMAL
org.odpi.openmetadata.frameworks.openmetadata.properties,org.odpi.openmetadata.frameworks.openmetadata.properties.informationsupplychains,LOW,LOW,UNRELATED or NORMAL
org.odpi.openmetadata.adminservices.ffdc.exception,org.odpi.openmetadata.viewservices.productmanager.admin,LOW,LOW,UNRELATED or NORMAL
org.odpi.openmetadata.adminservices.ffdc.exception,org.odpi.openmetadata.viewservices.subjectarea.admin,LOW,LOW,UNRELATED or NORMAL
org.odpi.openmetadata.adapters.repositoryservices.archiveconnector.directory,org.odpi.openmetadata.frameworks.openmetadata.ffdc,LOW,LOW,UNRELATED or NORMAL
org.odpi.openmetadata.frameworks.openmetadata.properties.actors,org.odpi.openmetadata.frameworks.openmetadata.properties.projects,LOW,LOW,UNRELATED or NORMAL
org.odpi.openmetadata.frameworks.openmetadata.ffdc,org.odpi.openmetadata.viewservices.multilanguage.server,LOW,LOW,UNRELATED or NORMAL
org.odpi.openmetadata.accessservices.governanceserver.fvt.errorhandling,org.odpi.openmetadata.fvt.utilities.exceptions,LOW,LOW,UNRELATED or NORMAL
org.odpi.openmetadata.viewservices.runtimemanager.admin,org.odpi.openmetadata.viewservices.runtimemanager.server,LOW,LOW,UNRELATED or NORMAL
org.odpi.openmetadata.adapters.connectors.jacquard,org.odpi.openmetadata.contentpacks.core,LOW,LOW,UNRELATED or NORMAL
org.odpi.openmetadata.adapters.connectors.egeriainfrastructure.platform,org.odpi.openmetadata.viewservices.runtimemanager.server,LOW,LOW,UNRELATED or NORMAL
org.odpi.openmetadata.adminservices.ffdc.exception,org.odpi.openmetadata.viewservices.notificationmanager.admin,LOW,LOW,UNRELATED or NORMAL
org.odpi.openmetadata.adapters.connectors.apacheatlas.integration,org.odpi.openmetadata.contentpacks.core,LOW,LOW,UNRELATED or NORMAL
org.odpi.openmetadata.viewservices.notificationmanager.admin,org.odpi.openmetadata.viewservices.notificationmanager.server,LOW,LOW,UNRELATED or NORMAL
org.odpi.openmetadata.frameworkservices.omf.connectors.outtopic,org.odpi.openmetadata.frameworkservices.omf.server,LOW,LOW,UNRELATED or NORMAL
org.odpi.openmetadata.viewservices.assetmaker.admin,org.odpi.openmetadata.viewservices.assetmaker.server,LOW,LOW,UNRELATED or NORMAL
org.odpi.openmetadata.viewservices.locationarena.admin,org.odpi.openmetadata.viewservices.locationarena.server,LOW,LOW,UNRELATED or NORMAL
org.odpi.openmetadata.frameworks.openmetadata.properties.governance,org.odpi.openmetadata.frameworks.openmetadata.properties.governance.governanceactions,LOW,LOW,UNRELATED or NORMAL
org.odpi.openmetadata.adapters.connectors.babbage,org.odpi.openmetadata.contentpacks.core,LOW,LOW,UNRELATED or NORMAL
org.odpi.openmetadata.frameworks.openmetadata.properties.schema.databases,org.odpi.openmetadata.frameworks.openmetadata.properties.schema.tabular,LOW,LOW,UNRELATED or NORMAL
org.odpi.openmetadata.frameworks.connectors.ffdc,org.odpi.openmetadata.repositoryservices.connectors.stores.auditlogstore,LOW,LOW,UNRELATED or NORMAL
org.odpi.openmetadata.adminservices.ffdc.exception,org.odpi.openmetadata.viewservices.privacyofficer.admin,LOW,LOW,UNRELATED or NORMAL
org.odpi.openmetadata.adapters.connectors.surveyaction.surveycsv,org.odpi.openmetadata.frameworks.openmetadata.properties.assets,LOW,LOW,UNRELATED or NORMAL
org.odpi.openmetadata.adapters.connectors.datastore.basicfile,org.odpi.openmetadata.frameworks.openmetadata.ffdc,LOW,LOW,UNRELATED or NORMAL
org.odpi.openmetadata.adapters.connectors.apachekafka.resource,org.odpi.openmetadata.frameworks.openmetadata.ffdc,LOW,LOW,UNRELATED or NORMAL
org.odpi.openmetadata.adminservices.ffdc.exception,org.odpi.openmetadata.viewservices.collectionmanager.admin,LOW,LOW,UNRELATED or NORMAL
org.odpi.openmetadata.adapters.repositoryservices.auditlogstore.slf4j,org.odpi.openmetadata.frameworks.openmetadata.ffdc,LOW,LOW,UNRELATED or NORMAL
org.odpi.openmetadata.viewservices.automatedcuration.admin,org.odpi.openmetadata.viewservices.automatedcuration.server,LOW,LOW,UNRELATED or NORMAL
org.odpi.openmetadata.adminservices.ffdc.exception,org.odpi.openmetadata.adminservices.samples.configure,LOW,LOW,UNRELATED or NORMAL
org.odpi.openmetadata.engineservices.repositorygovernance.admin,org.odpi.openmetadata.engineservices.repositorygovernance.server,LOW,LOW,UNRELATED or NORMAL
org.odpi.openmetadata.adapters.connectors.externalharvesters.harvestopenmetadata,org.odpi.openmetadata.frameworks.openmetadata.properties.assets,LOW,LOW,UNRELATED or NORMAL
org.odpi.openmetadata.adminservices.ffdc.exception,org.odpi.openmetadata.viewservices.connectionmaker.admin,LOW,LOW,UNRELATED or NORMAL
org.odpi.openmetadata.viewservices.connectionmaker.admin,org.odpi.openmetadata.viewservices.connectionmaker.server,LOW,LOW,UNRELATED or NORMAL
org.odpi.openmetadata.viewservices.templatemanager.admin,org.odpi.openmetadata.viewservices.templatemanager.server,LOW,LOW,UNRELATED or NORMAL
org.odpi.openmetadata.viewservices.securityofficer.admin,org.odpi.openmetadata.viewservices.securityofficer.server,LOW,LOW,UNRELATED or NORMAL
org.odpi.openmetadata.adapters.connectors.dynamicarchivers,org.odpi.openmetadata.frameworks.openmetadata.ffdc,LOW,LOW,UNRELATED or NORMAL
org.odpi.openmetadata.adapters.connectors.apacheatlas.survey,org.odpi.openmetadata.frameworks.openmetadata.properties.assets,LOW,LOW,UNRELATED or NORMAL
org.odpi.openmetadata.accessservices.governanceprogram.fvt.definitions,org.odpi.openmetadata.fvt.utilities.exceptions,LOW,LOW,UNRELATED or NORMAL
org.odpi.openmetadata.adminservices.ffdc.exception,org.odpi.openmetadata.viewservices.locationarena.admin,LOW,LOW,UNRELATED or NORMAL
org.odpi.openmetadata.adminservices.ffdc.exception,org.odpi.openmetadata.viewservices.governanceofficer.admin,LOW,LOW,UNRELATED or NORMAL
org.odpi.openmetadata.viewservices.governanceofficer.admin,org.odpi.openmetadata.viewservices.governanceofficer.server,LOW,LOW,UNRELATED or NORMAL
org.odpi.openmetadata.adapters.repositoryservices.auditlogstore.eventtopic,org.odpi.openmetadata.frameworks.connectors.ffdc,LOW,LOW,UNRELATED or NORMAL
org.odpi.openmetadata.viewservices.subjectarea.admin,org.odpi.openmetadata.viewservices.subjectarea.server,LOW,LOW,UNRELATED or NORMAL
org.odpi.openmetadata.frameworks.openmetadata.ffdc,org.odpi.openmetadata.governanceservers.enginehostservices.api,LOW,LOW,UNRELATED or NORMAL
org.odpi.openmetadata.adapters.connectors.externalharvesters.harvestopenmetadata,org.odpi.openmetadata.frameworks.openmetadata.ffdc,LOW,LOW,UNRELATED or NORMAL
org.odpi.openmetadata.frameworks.openmetadata.properties.assets.processes,org.odpi.openmetadata.frameworks.openmetadata.properties.assets.processes.connectors,LOW,LOW,UNRELATED or NORMAL
org.odpi.openmetadata.adminservices.ffdc.exception,org.odpi.openmetadata.viewservices.runtimemanager.admin,LOW,LOW,UNRELATED or NORMAL
org.odpi.openmetadata.adapters.connectors.surveyaction.surveyfile,org.odpi.openmetadata.frameworks.openmetadata.ffdc,LOW,LOW,UNRELATED or NORMAL
org.odpi.openmetadata.frameworks.openmetadata.ffdc,org.odpi.openmetadata.repositoryservices.connectors.omrstopic,LOW,LOW,UNRELATED or NORMAL
org.odpi.openmetadata.viewservices.externallinks.admin,org.odpi.openmetadata.viewservices.externallinks.server,LOW,LOW,UNRELATED or NORMAL
org.odpi.openmetadata.engineservices.governanceaction.admin,org.odpi.openmetadata.engineservices.governanceaction.server,LOW,LOW,UNRELATED or NORMAL
org.odpi.openmetadata.viewservices.devopspipeline.admin,org.odpi.openmetadata.viewservices.devopspipeline.server,LOW,LOW,UNRELATED or NORMAL
org.odpi.openmetadata.adminservices.ffdc.exception,org.odpi.openmetadata.viewservices.referencedata.admin,LOW,LOW,UNRELATED or NORMAL
org.odpi.openmetadata.adapters.eventbus.topic.kafka,org.odpi.openmetadata.frameworks.openmetadata.ffdc,LOW,LOW,UNRELATED or NORMAL
org.odpi.openmetadata.frameworks.openmetadata.properties.assets.reports,org.odpi.openmetadata.frameworks.openmetadata.properties.datadictionaries,LOW,LOW,UNRELATED or NORMAL
org.odpi.openmetadata.viewservices.lineagelinker.admin,org.odpi.openmetadata.viewservices.lineagelinker.server,LOW,LOW,UNRELATED or NORMAL
org.odpi.openmetadata.accessservices.governanceserver.fvt.engines,org.odpi.openmetadata.fvt.utilities.exceptions,LOW,LOW,UNRELATED or NORMAL
org.odpi.openmetadata.viewservices.glossarymanager.admin,org.odpi.openmetadata.viewservices.glossarymanager.server,LOW,LOW,UNRELATED or NORMAL
org.odpi.openmetadata.frameworks.openmetadata.ffdc,org.odpi.openmetadata.repositoryservices.connectors.stores.metadatacollectionstore.repositoryeventmapper,LOW,LOW,UNRELATED or NORMAL
org.odpi.openmetadata.repositoryservices.ffdc.exception,org.odpi.openmetadata.serveroperations.server,LOW,LOW,UNRELATED or NORMAL
org.odpi.openmetadata.frameworks.integration.properties,org.odpi.openmetadata.frameworks.openmetadata.ffdc,LOW,LOW,UNRELATED or NORMAL
org.odpi.openmetadata.viewservices.digitalbusiness.admin,org.odpi.openmetadata.viewservices.digitalbusiness.server,LOW,LOW,UNRELATED or NORMAL
org.odpi.openmetadata.adapters.repositoryservices.postgres.repositoryconnector,org.odpi.openmetadata.frameworks.connectors.ffdc,LOW,LOW,UNRELATED or NORMAL
org.odpi.openmetadata.frameworks.openmetadata.properties.assets.analytics,org.odpi.openmetadata.frameworks.openmetadata.properties.assets.processes,LOW,LOW,UNRELATED or NORMAL
org.odpi.openmetadata.adapters.connectors.governanceactions.watchdog,org.odpi.openmetadata.samples.archiveutilities.governanceengines,LOW,LOW,UNRELATED or NORMAL
org.odpi.openmetadata.adminservices.ffdc.exception,org.odpi.openmetadata.viewservices.actionauthor.admin,LOW,LOW,UNRELATED or NORMAL
org.odpi.openmetadata.repositoryservices.events.beans,org.odpi.openmetadata.repositoryservices.events.beans.v2,LOW,LOW,UNRELATED or NORMAL
org.odpi.openmetadata.adapters.connectors.organizationinsight.karmapoints,org.odpi.openmetadata.frameworks.connectors.ffdc,LOW,LOW,UNRELATED or NORMAL
org.odpi.openmetadata.adminservices.ffdc.exception,org.odpi.openmetadata.viewservices.assetmaker.admin,LOW,LOW,UNRELATED or NORMAL
org.odpi.openmetadata.viewservices.projectmanager.admin,org.odpi.openmetadata.viewservices.projectmanager.server,LOW,LOW,UNRELATED or NORMAL
org.odpi.openmetadata.viewservices.productcatalog.admin,org.odpi.openmetadata.viewservices.productcatalog.server,LOW,LOW,UNRELATED or NORMAL
org.odpi.openmetadata.frameworks.openmetadata.ffdc,org.odpi.openmetadata.governanceservers.enginehostservices.registration,LOW,LOW,UNRELATED or NORMAL
org.odpi.openmetadata.frameworks.openmetadata.ffdc,org.odpi.openmetadata.platformservices.server,LOW,LOW,UNRELATED or NORMAL
org.odpi.openmetadata.adminservices.ffdc.exception,org.odpi.openmetadata.viewservices.datadiscovery.admin,LOW,LOW,UNRELATED or NORMAL
org.odpi.openmetadata.viewservices.dataengineer.admin,org.odpi.openmetadata.viewservices.dataengineer.server,LOW,LOW,UNRELATED or NORMAL
org.odpi.openmetadata.adapters.connectors.apachekafka.survey,org.odpi.openmetadata.frameworks.openmetadata.ffdc,LOW,LOW,UNRELATED or NORMAL
org.odpi.openmetadata.adminservices.ffdc.exception,org.odpi.openmetadata.viewservices.projectmanager.admin,LOW,LOW,UNRELATED or NORMAL
org.odpi.openmetadata.viewservices.metadataexpert.admin,org.odpi.openmetadata.viewservices.metadataexpert.server,LOW,LOW,UNRELATED or NORMAL
org.odpi.openmetadata.viewservices.assetcatalog.admin,org.odpi.openmetadata.viewservices.assetcatalog.server,LOW,LOW,UNRELATED or NORMAL
org.odpi.openmetadata.viewservices.privacyofficer.admin,org.odpi.openmetadata.viewservices.privacyofficer.server,LOW,LOW,UNRELATED or NORMAL
org.odpi.openmetadata.adminservices.ffdc.exception,org.odpi.openmetadata.viewservices.datadesigner.admin,LOW,LOW,UNRELATED or NORMAL
org.odpi.openmetadata.frameworks.integration.connectors,org.odpi.openmetadata.governanceservers.integrationdaemonservices.server,LOW,LOW,UNRELATED or NORMAL
org.odpi.openmetadata.frameworkservices.gaf.connectors.outtopic,org.odpi.openmetadata.frameworkservices.gaf.server,LOW,LOW,UNRELATED or NORMAL
org.odpi.openmetadata.adapters.connectors.reports.surveyreport,org.odpi.openmetadata.frameworks.connectors.ffdc,LOW,LOW,UNRELATED or NORMAL
org.odpi.openmetadata.adminservices.ffdc.exception,org.odpi.openmetadata.viewservices.automatedcuration.admin,LOW,LOW,UNRELATED or NORMAL
org.odpi.openmetadata.adapters.connectors.egeriainfrastructure.platform.catalog,org.odpi.openmetadata.contentpacks.core,LOW,LOW,UNRELATED or NORMAL
org.odpi.openmetadata.adapters.connectors.restclients.spring,org.odpi.openmetadata.frameworks.openmetadata.ffdc,LOW,LOW,UNRELATED or NORMAL
org.odpi.openmetadata.viewservices.referencedata.admin,org.odpi.openmetadata.viewservices.referencedata.server,LOW,LOW,UNRELATED or NORMAL
org.odpi.openmetadata.frameworks.openmetadata.properties.dataprocessing,org.odpi.openmetadata.frameworks.openmetadata.properties.governance,LOW,LOW,UNRELATED or NORMAL
org.odpi.openmetadata.adminservices.ffdc.exception,org.odpi.openmetadata.viewservices.myprofile.admin,LOW,LOW,UNRELATED or NORMAL
org.odpi.openmetadata.adapters.repositoryservices.archiveconnector.file,org.odpi.openmetadata.repositoryservices.archiveutilities,LOW,LOW,UNRELATED or NORMAL
org.odpi.openmetadata.viewservices.actionauthor.admin,org.odpi.openmetadata.viewservices.actionauthor.server,LOW,LOW,UNRELATED or NORMAL
org.odpi.openmetadata.engineservices.repositorygovernance.connector,org.odpi.openmetadata.engineservices.repositorygovernance.server,LOW,LOW,UNRELATED or NORMAL
org.odpi.openmetadata.frameworkservices.gaf.admin,org.odpi.openmetadata.frameworkservices.gaf.server,LOW,LOW,UNRELATED or NORMAL
org.odpi.openmetadata.viewservices.schemamaker.admin,org.odpi.openmetadata.viewservices.schemamaker.server,LOW,LOW,UNRELATED or NORMAL
org.odpi.openmetadata.adminservices.ffdc.exception,org.odpi.openmetadata.viewservices.lineagelinker.admin,LOW,LOW,UNRELATED or NORMAL
org.odpi.openmetadata.frameworkservices.omf.admin,org.odpi.openmetadata.frameworkservices.omf.server,LOW,LOW,UNRELATED or NORMAL
org.odpi.openmetadata.adminservices.ffdc.exception,org.odpi.openmetadata.viewservices.timekeeper.admin,LOW,LOW,UNRELATED or NORMAL
org.odpi.openmetadata.adapters.connectors.postgres.tabulardatasource,org.odpi.openmetadata.frameworks.openmetadata.ffdc,LOW,LOW,UNRELATED or NORMAL
org.odpi.openmetadata.adminservices.ffdc.exception,org.odpi.openmetadata.viewservices.dataofficer.admin,LOW,LOW,UNRELATED or NORMAL
org.odpi.openmetadata.adapters.connectors.dynamicarchivers.glossary,org.odpi.openmetadata.frameworks.openmetadata.ffdc,LOW,LOW,UNRELATED or NORMAL
org.odpi.openmetadata.viewservices.feedbackmanager.admin,org.odpi.openmetadata.viewservices.feedbackmanager.server,LOW,LOW,UNRELATED or NORMAL
org.odpi.openmetadata.adminservices.ffdc.exception,org.odpi.openmetadata.viewservices.validmetadata.admin,LOW,LOW,UNRELATED or NORMAL
org.odpi.openmetadata.frameworks.openmetadata.properties.assets,org.odpi.openmetadata.frameworks.openmetadata.properties.assets.topics,LOW,LOW,UNRELATED or NORMAL
org.odpi.openmetadata.frameworks.openmetadata.properties.assets.analytics,org.odpi.openmetadata.frameworks.openmetadata.properties.assets.processes.actions,LOW,LOW,UNRELATED or NORMAL
org.odpi.openmetadata.frameworks.openmetadata.refdata,org.odpi.openmetadata.frameworks.openmetadata.search,LOW,LOW,UNRELATED or NORMAL
org.odpi.openmetadata.frameworks.openmetadata.builders,org.odpi.openmetadata.frameworks.openmetadata.properties.lineage,LOW,LOW,UNRELATED or NORMAL
org.odpi.openmetadata.frameworks.openmetadata.properties,org.odpi.openmetadata.frameworks.openmetadata.properties.schema.events,LOW,LOW,UNRELATED or NORMAL
org.odpi.openmetadata.frameworks.openmetadata.properties,org.odpi.openmetadata.frameworks.openmetadata.properties.schema.display,LOW,LOW,UNRELATED or NORMAL
org.odpi.openmetadata.frameworks.auditlog,org.odpi.openmetadata.viewservices.productcatalog.server,LOW,LOW,UNRELATED or NORMAL
org.odpi.openmetadata.governanceservers.enginehostservices.admin,org.odpi.openmetadata.governanceservers.enginehostservices.registration,LOW,LOW,UNRELATED or NORMAL
org.odpi.openmetadata.adapters.connectors.unitycatalog.controls,org.odpi.openmetadata.frameworks.openmetadata.definitions,LOW,LOW,UNRELATED or NORMAL
org.odpi.openmetadata.frameworks.openmetadata.specificationproperties,org.odpi.openmetadata.viewservices.validmetadata.server.spring,LOW,LOW,UNRELATED or NORMAL
org.odpi.openmetadata.accessservices.assetowner.fvt.assets,org.odpi.openmetadata.fvt.utilities.auditlog,LOW,LOW,UNRELATED or NORMAL
org.odpi.openmetadata.adminservices.configuration.properties,org.odpi.openmetadata.platformservices.server.spring,LOW,LOW,UNRELATED or NORMAL
org.odpi.openmetadata.accessservices.assetmanager.fvt.connections,org.odpi.openmetadata.fvt.utilities.auditlog,LOW,LOW,UNRELATED or NORMAL
org.odpi.openmetadata.frameworks.connectors.api,org.odpi.openmetadata.frameworks.connectors.properties.beans,LOW,LOW,UNRELATED or NORMAL
org.odpi.openmetadata.accessservices.assetowner.fvt.validmetadatavalues,org.odpi.openmetadata.fvt.utilities.auditlog,LOW,LOW,UNRELATED or NORMAL
org.odpi.openmetadata.engineservices.watchdogaction.handlers,org.odpi.openmetadata.frameworks.openmetadata.properties.softwarecapabilities,LOW,LOW,UNRELATED or NORMAL
org.odpi.openmetadata.accessservices.digitalarchitecture.fvt.locations,org.odpi.openmetadata.fvt.utilities.auditlog,LOW,LOW,UNRELATED or NORMAL
org.odpi.openmetadata.frameworks.auditlog,org.odpi.openmetadata.viewservices.devopspipeline.server,LOW,LOW,UNRELATED or NORMAL
org.odpi.openmetadata.commonservices.repositoryhandler,org.odpi.openmetadata.repositoryservices.ffdc.exception,LOW,LOW,UNRELATED or NORMAL
org.odpi.openmetadata.governanceservers.enginehostservices.client,org.odpi.openmetadata.governanceservers.enginehostservices.properties,LOW,LOW,UNRELATED or NORMAL
org.odpi.openmetadata.governanceservers.integrationdaemonservices.rest,org.odpi.openmetadata.viewservices.runtimemanager.server.spring,LOW,LOW,UNRELATED or NORMAL
org.odpi.openmetadata.frameworks.openmetadata.ffdc,org.odpi.openmetadata.governanceservers.integrationdaemonservices.threads,LOW,LOW,UNRELATED or NORMAL
org.odpi.openmetadata.repositoryservices.clients,org.odpi.openmetadata.repositoryservices.connectors.stores.cohortregistrystore.properties,LOW,LOW,UNRELATED or NORMAL
org.odpi.openmetadata.frameworks.openmetadata.client,org.odpi.openmetadata.frameworks.openwatchdog,LOW,LOW,UNRELATED or NORMAL
org.odpi.openmetadata.adapters.connectors.postgres.controls,org.odpi.openmetadata.frameworks.openmetadata.definitions,LOW,LOW,UNRELATED or NORMAL
org.odpi.openmetadata.accessservices.assetmanager.fvt.glossaries,org.odpi.openmetadata.fvt.utilities.auditlog,LOW,LOW,UNRELATED or NORMAL
org.odpi.openmetadata.frameworks.openmetadata.builders,org.odpi.openmetadata.frameworks.openmetadata.properties.propertyfacets,LOW,LOW,UNRELATED or NORMAL
org.odpi.openmetadata.commonservices.ffdc.properties,org.odpi.openmetadata.engineservices.repositorygovernance.api,LOW,LOW,UNRELATED or NORMAL
org.odpi.openmetadata.frameworks.openmetadata.controls,org.odpi.openmetadata.frameworks.openmetadata.definitions,LOW,LOW,UNRELATED or NORMAL
org.odpi.openmetadata.commonservices.ffdc.properties,org.odpi.openmetadata.engineservices.surveyaction.client,LOW,LOW,UNRELATED or NORMAL
org.odpi.openmetadata.engineservices.watchdogaction.handlers,org.odpi.openmetadata.frameworks.connectors,LOW,LOW,UNRELATED or NORMAL
org.odpi.openmetadata.adminservices.configuration.properties,org.odpi.openmetadata.serveroperations.client,LOW,LOW,UNRELATED or NORMAL
org.odpi.openmetadata.frameworkservices.gaf.server.spring,org.odpi.openmetadata.frameworkservices.omf.rest,LOW,LOW,UNRELATED or NORMAL
org.odpi.openmetadata.frameworks.integration.contextmanager,org.odpi.openmetadata.frameworks.openmetadata.events,LOW,LOW,UNRELATED or NORMAL
org.odpi.openmetadata.frameworks.opengovernance,org.odpi.openmetadata.frameworks.opengovernance.client,LOW,LOW,UNRELATED or NORMAL
org.odpi.openmetadata.frameworks.openmetadata.search,org.odpi.openmetadata.frameworkservices.gaf.client,LOW,LOW,UNRELATED or NORMAL
org.odpi.openmetadata.frameworkservices.omf.rest,org.odpi.openmetadata.viewservices.classificationexplorer.server.spring,LOW,LOW,UNRELATED or NORMAL
org.odpi.openmetadata.viewservices.assetcatalog.rest,org.odpi.openmetadata.viewservices.assetcatalog.server.spring,LOW,LOW,UNRELATED or NORMAL
org.odpi.openmetadata.frameworks.openmetadata.properties.governance,org.odpi.openmetadata.frameworks.openwatchdog,LOW,LOW,UNRELATED or NORMAL
org.odpi.openmetadata.accessservices.communityprofile.fvt.validvalues,org.odpi.openmetadata.fvt.utilities.auditlog,LOW,LOW,UNRELATED or NORMAL
org.odpi.openmetadata.commonservices.ffdc.rest,org.odpi.openmetadata.engineservices.repositorygovernance.server.spring,LOW,LOW,UNRELATED or NORMAL
org.odpi.openmetadata.frameworks.connectors.properties.beans,org.odpi.openmetadata.repositoryservices.rest.server,LOW,LOW,UNRELATED or NORMAL
org.odpi.openmetadata.commonservices.ffdc.rest,org.odpi.openmetadata.engineservices.watchdogaction.server.spring,LOW,LOW,UNRELATED or NORMAL
org.odpi.openmetadata.accessservices.datamanager.fvt.databases,org.odpi.openmetadata.fvt.utilities.auditlog,LOW,LOW,UNRELATED or NORMAL
org.odpi.openmetadata.engineservices.watchdogaction.handlers,org.odpi.openmetadata.frameworks.openmetadata.events,LOW,LOW,UNRELATED or NORMAL
org.odpi.openmetadata.repositoryservices.connectors.stores.archivestore.properties,org.odpi.openmetadata.serveroperations.client,LOW,LOW,UNRELATED or NORMAL
org.odpi.openmetadata.adapters.connectors.egeriainfrastructure.properties,org.odpi.openmetadata.adapters.connectors.egeriainfrastructure.servers,LOW,LOW,UNRELATED or NORMAL
org.odpi.openmetadata.engineservices.repositorygovernance.handlers,org.odpi.openmetadata.repositoryservices.connectors.omrstopic,LOW,LOW,UNRELATED or NORMAL
org.odpi.openmetadata.frameworks.connectors.properties.beans,org.odpi.openmetadata.serveroperations.server.spring,LOW,LOW,UNRELATED or NORMAL
org.odpi.openmetadata.adapters.connectors.jacquard.tabulardatasets,org.odpi.openmetadata.frameworks.openmetadata.properties.assets,LOW,LOW,UNRELATED or NORMAL
org.odpi.openmetadata.accessservices.communityprofile.fvt.clientconstructors,org.odpi.openmetadata.fvt.utilities.auditlog,LOW,LOW,UNRELATED or NORMAL
org.odpi.openmetadata.repositoryservices.localrepository,org.odpi.openmetadata.repositoryservices.localrepository.repositoryconnector,LOW,LOW,UNRELATED or NORMAL
org.odpi.openmetadata.frameworks.openmetadata.properties.translations,org.odpi.openmetadata.frameworkservices.omf.server,LOW,LOW,UNRELATED or NORMAL
org.odpi.openmetadata.accessservices.communityprofile.fvt.locations,org.odpi.openmetadata.fvt.utilities.auditlog,LOW,LOW,UNRELATED or NORMAL
org.odpi.openmetadata.adminservices.registration,org.odpi.openmetadata.repositoryservices.connectors.stores.metadatacollectionstore.repositoryconnector,LOW,LOW,UNRELATED or NORMAL
org.odpi.openmetadata.frameworks.auditlog,org.odpi.openmetadata.viewservices.dataofficer.server,LOW,LOW,UNRELATED or NORMAL
org.odpi.openmetadata.frameworks.auditlog,org.odpi.openmetadata.frameworkservices.gaf.listener,LOW,LOW,UNRELATED or NORMAL
org.odpi.openmetadata.repositoryservices.connectors.stores.archivestore.properties,org.odpi.openmetadata.viewservices.runtimemanager.server.spring,LOW,LOW,UNRELATED or NORMAL
org.odpi.openmetadata.frameworks.openmetadata.properties.collections,org.odpi.openmetadata.frameworks.openmetadata.properties.designmodels,LOW,LOW,UNRELATED or NORMAL
org.odpi.openmetadata.adminservices.rest,org.odpi.openmetadata.serveroperations.server.spring,LOW,LOW,UNRELATED or NORMAL
org.odpi.openmetadata.frameworks.openmetadata.metadataelements,org.odpi.openmetadata.frameworkservices.omf.converters,LOW,LOW,UNRELATED or NORMAL
org.odpi.openmetadata.serveroperations.rest,org.odpi.openmetadata.viewservices.runtimemanager.server.spring,LOW,LOW,UNRELATED or NORMAL
org.odpi.openmetadata.accessservices.communityprofile.fvt.errorhandling,org.odpi.openmetadata.fvt.utilities.auditlog,LOW,LOW,UNRELATED or NORMAL
org.odpi.openmetadata.accessservices.communityprofile.fvt.profiles,org.odpi.openmetadata.fvt.utilities.auditlog,LOW,LOW,UNRELATED or NORMAL
org.odpi.openmetadata.accessservices.stewardshipaction.fvt.duplicateprocessing,org.odpi.openmetadata.fvt.utilities.auditlog,LOW,LOW,UNRELATED or NORMAL
org.odpi.openmetadata.accessservices.communityprofile.fvt.todos,org.odpi.openmetadata.fvt.utilities.auditlog,LOW,LOW,UNRELATED or NORMAL
org.odpi.openmetadata.frameworks.connectors.properties.beans,org.odpi.openmetadata.viewservices.runtimemanager.server,LOW,LOW,UNRELATED or NORMAL
org.odpi.openmetadata.adapters.connectors.integration.openlineage,org.odpi.openmetadata.frameworks.openmetadata.properties.assets.processes.actions,LOW,LOW,UNRELATED or NORMAL
org.odpi.openmetadata.frameworks.opengovernance.client,org.odpi.openmetadata.frameworks.openmetadata.refdata,LOW,LOW,UNRELATED or NORMAL
org.odpi.openmetadata.adapters.connectors.egeriainfrastructure.platform,org.odpi.openmetadata.adapters.connectors.egeriainfrastructure.properties,LOW,LOW,UNRELATED or NORMAL
org.odpi.openmetadata.commonservices.ffdc.properties,org.odpi.openmetadata.engineservices.governanceaction.client,LOW,LOW,UNRELATED or NORMAL
org.odpi.openmetadata.frameworks.openmetadata.properties.governance,org.odpi.openmetadata.frameworks.openmetadata.properties.security,LOW,LOW,UNRELATED or NORMAL
org.odpi.openmetadata.repositoryservices.connectors.stores.metadatacollectionstore.repositoryconnector,org.odpi.openmetadata.repositoryservices.rest.server,LOW,LOW,UNRELATED or NORMAL
org.odpi.openmetadata.frameworkservices.ocf.metadatamanagement.admin,org.odpi.openmetadata.repositoryservices.connectors.omrstopic,LOW,LOW,UNRELATED or NORMAL
org.odpi.openmetadata.frameworkservices.ocf.metadatamanagement.admin,org.odpi.openmetadata.repositoryservices.connectors.stores.metadatacollectionstore.repositoryconnector,LOW,LOW,UNRELATED or NORMAL
org.odpi.openmetadata.frameworkservices.gaf.outtopic,org.odpi.openmetadata.repositoryservices.connectors.stores.metadatacollectionstore.repositoryconnector,LOW,LOW,UNRELATED or NORMAL
org.odpi.openmetadata.frameworks.auditlog,org.odpi.openmetadata.frameworkservices.gaf.client.rest,LOW,LOW,UNRELATED or NORMAL
org.odpi.openmetadata.commonservices.ffdc.rest,org.odpi.openmetadata.engineservices.governanceaction.server.spring,LOW,LOW,UNRELATED or NORMAL
org.odpi.openmetadata.commonservices.ffdc.rest,org.odpi.openmetadata.engineservices.surveyaction.server.spring,LOW,LOW,UNRELATED or NORMAL
org.odpi.openmetadata.commonservices.ffdc.properties,org.odpi.openmetadata.governanceservers.integrationdaemonservices.client,LOW,LOW,UNRELATED or NORMAL
org.odpi.openmetadata.frameworks.auditlog,org.odpi.openmetadata.frameworks.connectors.api,LOW,LOW,UNRELATED or NORMAL
org.odpi.openmetadata.frameworkservices.gaf.admin,org.odpi.openmetadata.repositoryservices.connectors.omrstopic,LOW,LOW,UNRELATED or NORMAL
org.odpi.openmetadata.adapters.connectors.datastore.csvfile.controls,org.odpi.openmetadata.frameworks.openmetadata.definitions,LOW,LOW,UNRELATED or NORMAL
org.odpi.openmetadata.adminservices.client,org.odpi.openmetadata.adminservices.properties,LOW,LOW,UNRELATED or NORMAL
org.odpi.openmetadata.frameworkservices.omf.admin,org.odpi.openmetadata.repositoryservices.connectors.omrstopic,LOW,LOW,UNRELATED or NORMAL
org.odpi.openmetadata.engineservices.surveyaction.handlers,org.odpi.openmetadata.frameworks.openmetadata.properties.softwarecapabilities,LOW,LOW,UNRELATED or NORMAL
org.odpi.openmetadata.frameworks.auditlog,org.odpi.openmetadata.viewservices.automatedcuration.handlers,LOW,LOW,UNRELATED or NORMAL
org.odpi.openmetadata.frameworks.auditlog,org.odpi.openmetadata.frameworkservices.omf.listener,LOW,LOW,UNRELATED or NORMAL
org.odpi.openmetadata.conformance.workbenches.repository.connectorconsumer,org.odpi.openmetadata.repositoryservices.localrepository.repositoryconnector,LOW,LOW,UNRELATED or NORMAL
org.odpi.openmetadata.frameworks.openmetadata.connectorcontext,org.odpi.openmetadata.frameworks.openmetadata.properties.assets.apis,LOW,LOW,UNRELATED or NORMAL
org.odpi.openmetadata.frameworks.auditlog,org.odpi.openmetadata.viewservices.multilanguage.server,LOW,LOW,UNRELATED or NORMAL
org.odpi.openmetadata.frameworks.openmetadata.builders,org.odpi.openmetadata.frameworks.openmetadata.properties.externalidentifiers,LOW,LOW,UNRELATED or NORMAL
org.odpi.openmetadata.conformance.tests.repository.instances,org.odpi.openmetadata.repositoryservices.events,LOW,LOW,UNRELATED or NORMAL
org.odpi.openmetadata.engineservices.repositorygovernance.admin,org.odpi.openmetadata.governanceservers.enginehostservices.registration,LOW,LOW,UNRELATED or NORMAL
org.odpi.openmetadata.engineservices.repositorygovernance.handlers,org.odpi.openmetadata.frameworks.connectors,LOW,LOW,UNRELATED or NORMAL
org.odpi.openmetadata.frameworkservices.omf.outtopic,org.odpi.openmetadata.repositoryservices.connectors.stores.metadatacollectionstore.repositoryconnector,LOW,LOW,UNRELATED or NORMAL
org.odpi.openmetadata.accessservices.assetowner.fvt.clientconstructors,org.odpi.openmetadata.fvt.utilities.auditlog,LOW,LOW,UNRELATED or NORMAL
org.odpi.openmetadata.engineservices.repositorygovernance.connector,org.odpi.openmetadata.repositoryservices.connectors.omrstopic,LOW,LOW,UNRELATED or NORMAL
org.odpi.openmetadata.frameworks.openmetadata.properties.collections,org.odpi.openmetadata.frameworks.openmetadata.properties.informationsupplychains,LOW,LOW,UNRELATED or NORMAL
org.odpi.openmetadata.accessservices.assetowner.fvt.connections,org.odpi.openmetadata.fvt.utilities.auditlog,LOW,LOW,UNRELATED or NORMAL
org.odpi.openmetadata.contentpacks.core.base,org.odpi.openmetadata.repositoryservices.connectors.stores.archivestore.properties,LOW,LOW,UNRELATED or NORMAL
org.odpi.openmetadata.accessservices.governanceserver.fvt.errorhandling,org.odpi.openmetadata.fvt.utilities.auditlog,LOW,LOW,UNRELATED or NORMAL
org.odpi.openmetadata.frameworks.connectors.properties.beans,org.odpi.openmetadata.platformservices.server.spring,LOW,LOW,UNRELATED or NORMAL
org.odpi.openmetadata.frameworks.openmetadata.enums,org.odpi.openmetadata.frameworks.opensurvey,LOW,LOW,UNRELATED or NORMAL
org.odpi.openmetadata.accessservices.digitalarchitecture.fvt.clientconstructors,org.odpi.openmetadata.fvt.utilities.auditlog,LOW,LOW,UNRELATED or NORMAL
org.odpi.openmetadata.accessservices.communityprofile.fvt.metadatasources,org.odpi.openmetadata.fvt.utilities.auditlog,LOW,LOW,UNRELATED or NORMAL
org.odpi.openmetadata.commonservices.ffdc.properties,org.odpi.openmetadata.engineservices.watchdogaction.client,LOW,LOW,UNRELATED or NORMAL
org.odpi.openmetadata.frameworks.connectors.properties.beans,org.odpi.openmetadata.frameworkservices.omf.server,LOW,LOW,UNRELATED or NORMAL
org.odpi.openmetadata.frameworks.openmetadata.refdata,org.odpi.openmetadata.frameworkservices.gaf.client,LOW,LOW,UNRELATED or NORMAL
org.odpi.openmetadata.engineservices.repositorygovernance.handlers,org.odpi.openmetadata.frameworks.openmetadata.properties.softwarecapabilities,LOW,LOW,UNRELATED or NORMAL
org.odpi.openmetadata.frameworkservices.ocf.metadatamanagement.server,org.odpi.openmetadata.repositoryservices.connectors.stores.metadatacollectionstore.repositoryconnector,LOW,LOW,UNRELATED or NORMAL
org.odpi.openmetadata.accessservices.datamanager.fvt.errorhandling,org.odpi.openmetadata.fvt.utilities.auditlog,LOW,LOW,UNRELATED or NORMAL
org.odpi.openmetadata.engineservices.governanceaction.admin,org.odpi.openmetadata.governanceservers.enginehostservices.registration,LOW,LOW,UNRELATED or NORMAL
org.odpi.openmetadata.engineservices.watchdogaction.admin,org.odpi.openmetadata.governanceservers.enginehostservices.registration,LOW,LOW,UNRELATED or NORMAL
org.odpi.openmetadata.commonservices.ffdc.rest,org.odpi.openmetadata.viewservices.dataengineer.server.spring,LOW,LOW,UNRELATED or NORMAL
org.odpi.openmetadata.accessservices.governanceserver.fvt.duplicates,org.odpi.openmetadata.fvt.utilities.auditlog,LOW,LOW,UNRELATED or NORMAL
org.odpi.openmetadata.frameworks.openmetadata.refdata,org.odpi.openmetadata.viewservices.validmetadata.server,LOW,LOW,UNRELATED or NORMAL
org.odpi.openmetadata.adapters.connectors.wedgwood,org.odpi.openmetadata.frameworks.openmetadata.ffdc,LOW,LOW,UNRELATED or NORMAL
org.odpi.openmetadata.frameworks.openmetadata.properties.translations,org.odpi.openmetadata.frameworkservices.omf.server.spring,LOW,LOW,UNRELATED or NORMAL
org.odpi.openmetadata.frameworks.openmetadata.connectorcontext,org.odpi.openmetadata.frameworks.openmetadata.specificationproperties,LOW,LOW,UNRELATED or NORMAL
org.odpi.openmetadata.frameworks.connectors.properties.beans,org.odpi.openmetadata.serveroperations.client,LOW,LOW,UNRELATED or NORMAL
org.odpi.openmetadata.repositoryservices.events,org.odpi.openmetadata.repositoryservices.localrepository,LOW,LOW,UNRELATED or NORMAL
org.odpi.openmetadata.commonservices.ffdc.properties,org.odpi.openmetadata.engineservices.surveyaction.api,LOW,LOW,UNRELATED or NORMAL
org.odpi.openmetadata.engineservices.governanceaction.handlers,org.odpi.openmetadata.frameworks.openmetadata.properties.softwarecapabilities,LOW,LOW,UNRELATED or NORMAL
org.odpi.openmetadata.accessservices.governanceprogram.fvt.definitions,org.odpi.openmetadata.fvt.utilities.auditlog,LOW,LOW,UNRELATED or NORMAL
org.odpi.openmetadata.repositoryservices.localrepository.repositoryconnector,org.odpi.openmetadata.repositoryservices.rest.server,LOW,LOW,UNRELATED or NORMAL
org.odpi.openmetadata.frameworks.opengovernance.connectorcontext,org.odpi.openmetadata.frameworks.openmetadata.client,LOW,LOW,UNRELATED or NORMAL
org.odpi.openmetadata.accessservices.assetmanager.fvt.externalidentifiers,org.odpi.openmetadata.fvt.utilities.auditlog,LOW,LOW,UNRELATED or NORMAL
org.odpi.openmetadata.engineservices.governanceaction.handlers,org.odpi.openmetadata.frameworks.openmetadata.enums,LOW,LOW,UNRELATED or NORMAL
org.odpi.openmetadata.accessservices.datamanager.fvt.validvalues,org.odpi.openmetadata.fvt.utilities.auditlog,LOW,LOW,UNRELATED or NORMAL
org.odpi.openmetadata.metadatasecurity.server,org.odpi.openmetadata.repositoryservices.localrepository.repositoryconnector,LOW,LOW,UNRELATED or NORMAL
org.odpi.openmetadata.frameworks.openmetadata.metadataelements,org.odpi.openmetadata.frameworks.openwatchdog,LOW,LOW,UNRELATED or NORMAL
org.odpi.openmetadata.frameworks.openmetadata.handlers,org.odpi.openmetadata.frameworks.openmetadata.properties.informationsupplychains,LOW,LOW,UNRELATED or NORMAL
org.odpi.openmetadata.frameworks.connectors.properties.beans,org.odpi.openmetadata.governanceservers.integrationdaemonservices.client,LOW,LOW,UNRELATED or NORMAL
org.odpi.openmetadata.frameworks.openmetadata.search,org.odpi.openmetadata.viewservices.projectmanager.server.spring,LOW,LOW,UNRELATED or NORMAL
org.odpi.openmetadata.frameworks.openmetadata.connectorcontext,org.odpi.openmetadata.frameworks.openmetadata.refdata,LOW,LOW,UNRELATED or NORMAL
org.odpi.openmetadata.accessservices.governanceprogram.fvt.clientconstructors,org.odpi.openmetadata.fvt.utilities.auditlog,LOW,LOW,UNRELATED or NORMAL
org.odpi.openmetadata.frameworks.connectors.properties.beans,org.odpi.openmetadata.frameworkservices.gaf.server,LOW,LOW,UNRELATED or NORMAL
org.odpi.openmetadata.frameworks.connectors.properties.beans,org.odpi.openmetadata.viewservices.runtimemanager.server.spring,LOW,LOW,UNRELATED or NORMAL
org.odpi.openmetadata.frameworks.openmetadata.properties.collections,org.odpi.openmetadata.frameworks.openmetadata.properties.governance,LOW,LOW,UNRELATED or NORMAL
org.odpi.openmetadata.adapters.connectors.egeriainfrastructure.servers,org.odpi.openmetadata.repositoryservices.connectors.stores.archivestore.properties,LOW,LOW,UNRELATED or NORMAL
org.odpi.openmetadata.metadatasecurity.server,org.odpi.openmetadata.repositoryservices.admin,LOW,LOW,UNRELATED or NORMAL
org.odpi.openmetadata.accessservices.digitalarchitecture.fvt.connections,org.odpi.openmetadata.fvt.utilities.auditlog,LOW,LOW,UNRELATED or NORMAL
org.odpi.openmetadata.engineservices.surveyaction.admin,org.odpi.openmetadata.governanceservers.enginehostservices.registration,LOW,LOW,UNRELATED or NORMAL
org.odpi.openmetadata.accessservices.governanceserver.fvt.engines,org.odpi.openmetadata.fvt.utilities.auditlog,LOW,LOW,UNRELATED or NORMAL
org.odpi.openmetadata.accessservices.stewardshipaction.fvt.clientconstructors,org.odpi.openmetadata.fvt.utilities.auditlog,LOW,LOW,UNRELATED or NORMAL
org.odpi.openmetadata.accessservices.datamanager.fvt.clientconstructors,org.odpi.openmetadata.fvt.utilities.auditlog,LOW,LOW,UNRELATED or NORMAL
org.odpi.openmetadata.frameworks.openmetadata.builders,org.odpi.openmetadata.frameworks.openmetadata.properties.communities,LOW,LOW,UNRELATED or NORMAL
org.odpi.openmetadata.frameworks.connectors.client,org.odpi.openmetadata.frameworks.connectors.properties.beans,LOW,LOW,UNRELATED or NORMAL
org.odpi.openmetadata.frameworks.openmetadata.handlers,org.odpi.openmetadata.frameworks.openmetadata.properties.assets.apis,LOW,LOW,UNRELATED or NORMAL
org.odpi.openmetadata.engineservices.governanceaction.handlers,org.odpi.openmetadata.frameworks.openmetadata.events,LOW,LOW,UNRELATED or NORMAL
org.odpi.openmetadata.accessservices.datamanager.fvt.connections,org.odpi.openmetadata.fvt.utilities.auditlog,LOW,LOW,UNRELATED or NORMAL
org.odpi.openmetadata.adapters.connectors.governanceactions.verification,org.odpi.openmetadata.frameworks.openmetadata.ffdc,LOW,LOW,UNRELATED or NORMAL
org.odpi.openmetadata.frameworks.auditlog,org.odpi.openmetadata.frameworkservices.omf.handlers,LOW,LOW,UNRELATED or NORMAL
org.odpi.openmetadata.repositoryservices.connectors.stores.archivestore.properties,org.odpi.openmetadata.serveroperations.server.spring,LOW,LOW,UNRELATED or NORMAL
org.odpi.openmetadata.archiveutilities.designmodels.base,org.odpi.openmetadata.archiveutilities.designmodels.base.properties,LOW,LOW,UNRELATED or NORMAL
org.odpi.openmetadata.accessservices.governanceserver.fvt.clientconstructors,org.odpi.openmetadata.fvt.utilities.auditlog,LOW,LOW,UNRELATED or NORMAL
org.odpi.openmetadata.repositoryservices.eventmanagement,org.odpi.openmetadata.repositoryservices.localrepository,LOW,LOW,UNRELATED or NORMAL
org.odpi.openmetadata.accessservices.digitalarchitecture.fvt.validvalues,org.odpi.openmetadata.fvt.utilities.auditlog,LOW,LOW,UNRELATED or NORMAL
org.odpi.openmetadata.frameworkservices.omf.handlers,org.odpi.openmetadata.metadatasecurity.server,LOW,LOW,UNRELATED or NORMAL
org.odpi.openmetadata.commonservices.ffdc.properties,org.odpi.openmetadata.engineservices.governanceaction.api,LOW,LOW,UNRELATED or NORMAL
org.odpi.openmetadata.frameworks.auditlog,org.odpi.openmetadata.viewservices.privacyofficer.server,LOW,LOW,UNRELATED or NORMAL
org.odpi.openmetadata.frameworks.connectors.properties.beans,org.odpi.openmetadata.governanceservers.integrationdaemonservices.server.spring,LOW,LOW,UNRELATED or NORMAL
org.odpi.openmetadata.frameworks.openmetadata.properties.collections,org.odpi.openmetadata.frameworks.openmetadata.properties.security,LOW,LOW,UNRELATED or NORMAL
org.odpi.openmetadata.frameworks.openmetadata.properties.assets.processes.actions,org.odpi.openmetadata.viewservices.myprofile.server,LOW,LOW,UNRELATED or NORMAL
org.odpi.openmetadata.accessservices.assetmanager.fvt.clientconstructors,org.odpi.openmetadata.fvt.utilities.auditlog,LOW,LOW,UNRELATED or NORMAL
org.odpi.openmetadata.accessservices.assetmanager.fvt.errorhandling,org.odpi.openmetadata.fvt.utilities.auditlog,LOW,LOW,UNRELATED or NORMAL
org.odpi.openmetadata.frameworks.connectors.properties.beans,org.odpi.openmetadata.repositoryservices.localrepository,LOW,LOW,UNRELATED or NORMAL
org.odpi.openmetadata.accessservices.assetowner.fvt.duplicateprocessing,org.odpi.openmetadata.fvt.utilities.auditlog,LOW,LOW,UNRELATED or NORMAL
org.odpi.openmetadata.frameworks.openmetadata.events,org.odpi.openmetadata.governanceservers.enginehostservices.api,LOW,LOW,UNRELATED or NORMAL
org.odpi.openmetadata.adapters.connectors.integration.openlineage,org.odpi.openmetadata.frameworks.openmetadata.properties.connections,LOW,LOW,UNRELATED or NORMAL
org.odpi.openmetadata.repositoryservices.connectors.stores.archivestore.properties,org.odpi.openmetadata.viewservices.runtimemanager.server,LOW,LOW,UNRELATED or NORMAL
org.odpi.openmetadata.accessservices.assetowner.fvt.errorhandling,org.odpi.openmetadata.fvt.utilities.auditlog,LOW,LOW,UNRELATED or NORMAL
org.odpi.openmetadata.frameworks.connectors,org.odpi.openmetadata.frameworks.integration.context,LOW,LOW,UNRELATED or NORMAL
org.odpi.openmetadata.commonservices.ffdc.properties,org.odpi.openmetadata.engineservices.watchdogaction.api,LOW,LOW,UNRELATED or NORMAL
org.odpi.openmetadata.repositoryservices.auditlog,org.odpi.openmetadata.repositoryservices.clients,LOW,LOW,UNRELATED or NORMAL
org.odpi.openmetadata.accessservices.governanceprogram.fvt.errorhandling,org.odpi.openmetadata.fvt.utilities.auditlog,LOW,LOW,UNRELATED or NORMAL
org.odpi.openmetadata.accessservices.datamanager.fvt.events,org.odpi.openmetadata.fvt.utilities.auditlog,LOW,LOW,UNRELATED or NORMAL
org.odpi.openmetadata.adminservices.configuration.properties,org.odpi.openmetadata.governanceservers.enginehostservices.registration,LOW,LOW,UNRELATED or NORMAL
org.odpi.openmetadata.adapters.connectors.jacquard.tabulardatasets.validmetadatavalues,org.odpi.openmetadata.frameworks.connectors.properties.beans,LOW,LOW,UNRELATED or NORMAL
org.odpi.openmetadata.adminservices.configuration.properties,org.odpi.openmetadata.frameworkservices.ocf.metadatamanagement.admin,LOW,LOW,UNRELATED or NORMAL
org.odpi.openmetadata.commonservices.ffdc.properties,org.odpi.openmetadata.engineservices.repositorygovernance.client,LOW,LOW,UNRELATED or NORMAL
org.odpi.openmetadata.adapters.connectors.egeriainfrastructure.extractor,org.odpi.openmetadata.repositoryservices.connectors.stores.archivestore.properties,LOW,LOW,UNRELATED or NORMAL
org.odpi.openmetadata.accessservices.digitalarchitecture.fvt.errorhandling,org.odpi.openmetadata.fvt.utilities.auditlog,LOW,LOW,UNRELATED or NORMAL
org.odpi.openmetadata.frameworks.openmetadata.refdata,org.odpi.openmetadata.viewservices.validmetadata.server.spring,LOW,LOW,UNRELATED or NORMAL
org.odpi.openmetadata.adapters.connectors.externalharvesters.harvestsurveys.schema,org.odpi.openmetadata.adapters.connectors.resource.jdbc.ddl.postgres,LOW,LOW,UNRELATED or NORMAL
org.odpi.openmetadata.adapters.connectors.egeriainfrastructure.servers,org.odpi.openmetadata.adminservices.ffdc.exception,LOW,LOW,UNRELATED or NORMAL
org.odpi.openmetadata.frameworks.openmetadata.types,org.odpi.openmetadata.frameworks.openwatchdog,LOW,LOW,UNRELATED or NORMAL
org.odpi.openmetadata.adminservices.configuration.registration,org.odpi.openmetadata.viewservices.timekeeper.admin,LOW,LOW,UNRELATED or NORMAL
org.odpi.openmetadata.adminservices.configuration.registration,org.odpi.openmetadata.viewservices.dataofficer.admin,LOW,LOW,UNRELATED or NORMAL
org.odpi.openmetadata.adapters.eventbus.topic.inmemory,org.odpi.openmetadata.frameworks.connectors.ffdc,LOW,LOW,UNRELATED or NORMAL
org.odpi.openmetadata.adapters.connectors.baudot,org.odpi.openmetadata.frameworks.openmetadata.enums,LOW,LOW,UNRELATED or NORMAL
org.odpi.openmetadata.adapters.connectors,org.odpi.openmetadata.adapters.connectors.egeriainfrastructure.platform,LOW,LOW,UNRELATED or NORMAL
org.odpi.openmetadata.frameworks.openmetadata.client,org.odpi.openmetadata.viewservices.devopspipeline.server,LOW,LOW,UNRELATED or NORMAL
org.odpi.openmetadata.adminservices.configuration.registration,org.odpi.openmetadata.viewservices.validmetadata.admin,LOW,LOW,UNRELATED or NORMAL
org.odpi.openmetadata.engineservices.governanceaction.handlers,org.odpi.openmetadata.frameworks.opengovernance.client,LOW,LOW,UNRELATED or NORMAL
org.odpi.openmetadata.adapters.connectors.apacheatlas.controls,org.odpi.openmetadata.frameworks.openmetadata.types,LOW,LOW,UNRELATED or NORMAL
org.odpi.openmetadata.contentpacks.core.openlineage,org.odpi.openmetadata.frameworks.openmetadata.refdata,LOW,LOW,UNRELATED or NORMAL
org.odpi.openmetadata.commonservices.repositoryhandler,org.odpi.openmetadata.frameworks.openmetadata.types,LOW,LOW,UNRELATED or NORMAL
org.odpi.openmetadata.frameworks.openmetadata.types,org.odpi.openmetadata.viewservices.referencedata.server,LOW,LOW,UNRELATED or NORMAL
org.odpi.openmetadata.adapters.connectors.apachekafka.integration,org.odpi.openmetadata.frameworks.openmetadata.enums,LOW,LOW,UNRELATED or NORMAL
org.odpi.openmetadata.adminservices.client.rest,org.odpi.openmetadata.frameworks.connectors.controls,LOW,LOW,UNRELATED or NORMAL
org.odpi.openmetadata.frameworks.openmetadata.client,org.odpi.openmetadata.viewservices.datadiscovery.server,LOW,LOW,UNRELATED or NORMAL
org.odpi.openmetadata.adapters.connectors,org.odpi.openmetadata.adapters.connectors.jacquard,LOW,LOW,UNRELATED or NORMAL
org.odpi.openmetadata.adapters.connectors,org.odpi.openmetadata.adapters.connectors.unitycatalog.resource,LOW,LOW,UNRELATED or NORMAL
org.odpi.openmetadata.frameworks.connectors.ffdc,org.odpi.openmetadata.metadatasecurity.connectors,LOW,LOW,UNRELATED or NORMAL
org.odpi.openmetadata.frameworkservices.gaf.connectors.outtopic,org.odpi.openmetadata.frameworkservices.gaf.ffdc,LOW,LOW,UNRELATED or NORMAL
org.odpi.openmetadata.adminservices.configuration.registration,org.odpi.openmetadata.utilities.serverops,LOW,LOW,UNRELATED or NORMAL
org.odpi.openmetadata.frameworks.integration.context,org.odpi.openmetadata.frameworks.openmetadata.types,LOW,LOW,UNRELATED or NORMAL
org.odpi.openmetadata.frameworks.opengovernance.properties,org.odpi.openmetadata.frameworks.openmetadata.types,LOW,LOW,UNRELATED or NORMAL
org.odpi.openmetadata.frameworkservices.gaf.ffdc,org.odpi.openmetadata.frameworkservices.gaf.server,LOW,LOW,UNRELATED or NORMAL
org.odpi.openmetadata.adapters.connectors.wedgwood,org.odpi.openmetadata.frameworks.auditlog.messagesets,LOW,LOW,UNRELATED or NORMAL
org.odpi.openmetadata.engineservices.watchdogaction.handlers,org.odpi.openmetadata.frameworks.auditlog.messagesets,LOW,LOW,UNRELATED or NORMAL
org.odpi.openmetadata.adapters.connectors.apacheatlas.resource,org.odpi.openmetadata.adapters.connectors.controls,LOW,LOW,UNRELATED or NORMAL
org.odpi.openmetadata.frameworks.openmetadata.refdata,org.odpi.openmetadata.viewservices.myprofile.server,LOW,LOW,UNRELATED or NORMAL
org.odpi.openmetadata.adapters.repositoryservices.auditlogstore.postgres,org.odpi.openmetadata.frameworks.connectors.ffdc,LOW,LOW,UNRELATED or NORMAL
org.odpi.openmetadata.repositoryservices.auditlog,org.odpi.openmetadata.repositoryservices.connectors.stores.metadatacollectionstore.repositoryconnector,LOW,LOW,UNRELATED or NORMAL
org.odpi.openmetadata.adapters.connectors,org.odpi.openmetadata.adapters.connectors.apacheatlas.resource,LOW,LOW,UNRELATED or NORMAL
org.odpi.openmetadata.frameworks.openmetadata.client,org.odpi.openmetadata.viewservices.datadesigner.server,LOW,LOW,UNRELATED or NORMAL
org.odpi.openmetadata.accessservices.stewardshipaction.fvt.clientconstructors,org.odpi.openmetadata.frameworks.openmetadata.ffdc,LOW,LOW,UNRELATED or NORMAL
org.odpi.openmetadata.frameworks.openmetadata.client,org.odpi.openmetadata.viewservices.digitalbusiness.server,LOW,LOW,UNRELATED or NORMAL
org.odpi.openmetadata.adapters.connectors,org.odpi.openmetadata.adapters.repositoryservices.auditlogstore.console.eventdisplay,LOW,LOW,UNRELATED or NORMAL
org.odpi.openmetadata.conformance.client,org.odpi.openmetadata.frameworks.connectors.controls,LOW,LOW,UNRELATED or NORMAL
org.odpi.openmetadata.adapters.connectors.externalharvesters.harvestsurveys,org.odpi.openmetadata.adapters.connectors.resource.jdbc.controls,LOW,LOW,UNRELATED or NORMAL
org.odpi.openmetadata.adminservices.configuration.registration,org.odpi.openmetadata.engineservices.surveyaction.admin,LOW,LOW,UNRELATED or NORMAL
org.odpi.openmetadata.adapters.connectors,org.odpi.openmetadata.adapters.repositoryservices.auditlogstore.eventtopic,LOW,LOW,UNRELATED or NORMAL
org.odpi.openmetadata.adminservices.configuration.registration,org.odpi.openmetadata.viewservices.feedbackmanager.admin,LOW,LOW,UNRELATED or NORMAL
org.odpi.openmetadata.adapters.connectors,org.odpi.openmetadata.adapters.repositoryservices.postgres.repositoryconnector,LOW,LOW,UNRELATED or NORMAL
org.odpi.openmetadata.adapters.connectors,org.odpi.openmetadata.adapters.repositoryservices.auditlogstore.postgres,LOW,LOW,UNRELATED or NORMAL
org.odpi.openmetadata.frameworks.openmetadata.client,org.odpi.openmetadata.viewservices.peopleorganizer.server,LOW,LOW,UNRELATED or NORMAL
org.odpi.openmetadata.adapters.connectors,org.odpi.openmetadata.adapters.connectors.surveyaction.surveyfolder,LOW,LOW,UNRELATED or NORMAL
org.odpi.openmetadata.engineservices.watchdogaction.listener,org.odpi.openmetadata.governanceservers.enginehostservices.admin,LOW,LOW,UNRELATED or NORMAL
org.odpi.openmetadata.commonservices.ffdc.properties,org.odpi.openmetadata.engineservices.governanceaction.server,LOW,LOW,UNRELATED or NORMAL
org.odpi.openmetadata.engineservices.repositorygovernance.client.rest,org.odpi.openmetadata.frameworks.openmetadata.ffdc,LOW,LOW,UNRELATED or NORMAL
org.odpi.openmetadata.frameworks.openmetadata.client,org.odpi.openmetadata.viewservices.projectmanager.server,LOW,LOW,UNRELATED or NORMAL
org.odpi.openmetadata.engineservices.watchdogaction.handlers,org.odpi.openmetadata.frameworks.openmetadata.types,LOW,LOW,UNRELATED or NORMAL
org.odpi.openmetadata.frameworks.openmetadata.client,org.odpi.openmetadata.viewservices.referencedata.server,LOW,LOW,UNRELATED or NORMAL
org.odpi.openmetadata.repositoryservices.auditlog,org.odpi.openmetadata.repositoryservices.connectors.stores.metadatacollectionstore.repositoryeventmapper,LOW,LOW,UNRELATED or NORMAL
org.odpi.openmetadata.adapters.connectors,org.odpi.openmetadata.adapters.connectors.apachekafka.integration,LOW,LOW,UNRELATED or NORMAL
org.odpi.openmetadata.adminservices.configuration.registration,org.odpi.openmetadata.frameworkservices.omf.client,LOW,LOW,UNRELATED or NORMAL
org.odpi.openmetadata.archiveutilities.bigglossaries.catalogcontent,org.odpi.openmetadata.repositoryservices.connectors.stores.metadatacollectionstore.properties.instances,LOW,LOW,UNRELATED or NORMAL
org.odpi.openmetadata.frameworks.openmetadata.enums,org.odpi.openmetadata.frameworkservices.omf.client,LOW,LOW,UNRELATED or NORMAL
org.odpi.openmetadata.adminservices.configuration.registration,org.odpi.openmetadata.viewservices.multilanguage.admin,LOW,LOW,UNRELATED or NORMAL
org.odpi.openmetadata.adapters.connectors,org.odpi.openmetadata.adapters.connectors.babbage,LOW,LOW,UNRELATED or NORMAL
org.odpi.openmetadata.adapters.connectors.babbage,org.odpi.openmetadata.frameworks.openmetadata.enums,LOW,LOW,UNRELATED or NORMAL
org.odpi.openmetadata.adapters.connectors.unitycatalog.survey,org.odpi.openmetadata.frameworks.openmetadata.refdata,LOW,LOW,UNRELATED or NORMAL
org.odpi.openmetadata.frameworks.openmetadata.enums,org.odpi.openmetadata.samples.archiveutilities.organization,LOW,LOW,UNRELATED or NORMAL
org.odpi.openmetadata.accessservices.governanceserver.fvt.clientconstructors,org.odpi.openmetadata.frameworks.openmetadata.ffdc,LOW,LOW,UNRELATED or NORMAL
org.odpi.openmetadata.adapters.connectors,org.odpi.openmetadata.adapters.connectors.datastore.datafolder,LOW,LOW,UNRELATED or NORMAL
org.odpi.openmetadata.adminservices.configuration.registration,org.odpi.openmetadata.engineservices.governanceaction.admin,LOW,LOW,UNRELATED or NORMAL
org.odpi.openmetadata.adminservices.client,org.odpi.openmetadata.adminservices.ffdc,LOW,LOW,UNRELATED or NORMAL
org.odpi.openmetadata.adapters.connectors.surveyaction.surveyfile,org.odpi.openmetadata.frameworks.openmetadata.types,LOW,LOW,UNRELATED or NORMAL
org.odpi.openmetadata.adapters.connectors.surveyaction.surveycsv,org.odpi.openmetadata.frameworks.openmetadata.enums,LOW,LOW,UNRELATED or NORMAL
org.odpi.openmetadata.accessservices.samples.assetsetup,org.odpi.openmetadata.frameworks.openmetadata.client,LOW,LOW,UNRELATED or NORMAL
org.odpi.openmetadata.adminservices.configuration.registration,org.odpi.openmetadata.viewservices.devopspipeline.admin,LOW,LOW,UNRELATED or NORMAL
org.odpi.openmetadata.frameworks.openmetadata.client,org.odpi.openmetadata.viewservices.dataofficer.server,LOW,LOW,UNRELATED or NORMAL
org.odpi.openmetadata.adminservices.configuration.registration,org.odpi.openmetadata.viewservices.securityofficer.admin,LOW,LOW,UNRELATED or NORMAL
org.odpi.openmetadata.adapters.connectors.resource.jdbc.controls,org.odpi.openmetadata.adapters.repositoryservices.auditlogstore.postgres,LOW,LOW,UNRELATED or NORMAL
org.odpi.openmetadata.adapters.connectors.integration.basicfiles,org.odpi.openmetadata.samples.governanceactions.clinicaltrials,LOW,LOW,UNRELATED or NORMAL
org.odpi.openmetadata.frameworks.openmetadata.enums,org.odpi.openmetadata.viewservices.classificationexplorer.server,LOW,LOW,UNRELATED or NORMAL
org.odpi.openmetadata.adapters.connectors,org.odpi.openmetadata.frameworkservices.gaf.admin,LOW,LOW,UNRELATED or NORMAL
org.odpi.openmetadata.tokencontroller,org.odpi.openmetadata.tokencontroller.ffdc,LOW,LOW,UNRELATED or NORMAL
org.odpi.openmetadata.adminservices.configuration.registration,org.odpi.openmetadata.viewservices.dataengineer.admin,LOW,LOW,UNRELATED or NORMAL
org.odpi.openmetadata.adapters.connectors,org.odpi.openmetadata.adapters.repositoryservices.inmemory.repositoryconnector,LOW,LOW,UNRELATED or NORMAL
org.odpi.openmetadata.frameworks.openmetadata.types,org.odpi.openmetadata.frameworkservices.omf.listener,LOW,LOW,UNRELATED or NORMAL
org.odpi.openmetadata.adapters.connectors.wedgwood,org.odpi.openmetadata.frameworks.openmetadata.types,LOW,LOW,UNRELATED or NORMAL
org.odpi.openmetadata.adminservices.configuration.registration,org.odpi.openmetadata.engineservices.repositorygovernance.handlers,LOW,LOW,UNRELATED or NORMAL
org.odpi.openmetadata.adapters.connectors,org.odpi.openmetadata.adapters.connectors.integration.openapis,LOW,LOW,UNRELATED or NORMAL
org.odpi.openmetadata.engineservices.governanceaction.client.rest,org.odpi.openmetadata.frameworks.openmetadata.ffdc,LOW,LOW,UNRELATED or NORMAL
org.odpi.openmetadata.adapters.connectors,org.odpi.openmetadata.adapters.connectors.postgres.catalog,LOW,LOW,UNRELATED or NORMAL
org.odpi.openmetadata.adapters.connectors,org.odpi.openmetadata.adapters.repositoryservices.readonly.repositoryconnector,LOW,LOW,UNRELATED or NORMAL
org.odpi.openmetadata.frameworks.openmetadata.client,org.odpi.openmetadata.viewservices.notificationmanager.server,LOW,LOW,UNRELATED or NORMAL
org.odpi.openmetadata.engineservices.surveyaction.client.rest,org.odpi.openmetadata.frameworks.openmetadata.ffdc,LOW,LOW,UNRELATED or NORMAL
org.odpi.openmetadata.commonservices.ffdc.properties,org.odpi.openmetadata.engineservices.repositorygovernance.server,LOW,LOW,UNRELATED or NORMAL
org.odpi.openmetadata.frameworks.openmetadata.client,org.odpi.openmetadata.viewservices.myprofile.server,LOW,LOW,UNRELATED or NORMAL
org.odpi.openmetadata.adapters.connectors,org.odpi.openmetadata.adapters.repositoryservices.archiveconnector.directory,LOW,LOW,UNRELATED or NORMAL
org.odpi.openmetadata.adapters.connectors,org.odpi.openmetadata.adapters.eventbus.topic.inmemory,LOW,LOW,UNRELATED or NORMAL
org.odpi.openmetadata.adminservices.configuration.registration,org.odpi.openmetadata.viewservices.communitymatters.admin,LOW,LOW,UNRELATED or NORMAL
org.odpi.openmetadata.adminservices.configuration.registration,org.odpi.openmetadata.frameworkservices.ocf.metadatamanagement.admin,LOW,LOW,UNRELATED or NORMAL
org.odpi.openmetadata.adapters.connectors,org.odpi.openmetadata.adapters.repositoryservices.auditlogstore.slf4j,LOW,LOW,UNRELATED or NORMAL
org.odpi.openmetadata.adapters.connectors.externalharvesters.harvestopenmetadata,org.odpi.openmetadata.adapters.connectors.postgres.controls,LOW,LOW,UNRELATED or NORMAL
org.odpi.openmetadata.adapters.connectors,org.odpi.openmetadata.adapters.connectors.organizationinsight.karmapoints,LOW,LOW,UNRELATED or NORMAL
org.odpi.openmetadata.adapters.connectors,org.odpi.openmetadata.adapters.connectors.apacheatlas.integration,LOW,LOW,UNRELATED or NORMAL
org.odpi.openmetadata.adapters.connectors.baudot,org.odpi.openmetadata.frameworks.connectors.ffdc,LOW,LOW,UNRELATED or NORMAL
org.odpi.openmetadata.contentpacks.core.base,org.odpi.openmetadata.frameworks.opensurvey.controls,LOW,LOW,UNRELATED or NORMAL
org.odpi.openmetadata.adminservices.configuration.registration,org.odpi.openmetadata.viewservices.actormanager.admin,LOW,LOW,UNRELATED or NORMAL
org.odpi.openmetadata.adminservices.configuration.registration,org.odpi.openmetadata.viewservices.templatemanager.admin,LOW,LOW,UNRELATED or NORMAL
org.odpi.openmetadata.adapters.connectors.apacheatlas.integration,org.odpi.openmetadata.frameworks.openmetadata.metadataelements,LOW,LOW,UNRELATED or NORMAL
org.odpi.openmetadata.adapters.connectors.unitycatalog.provision,org.odpi.openmetadata.frameworks.auditlog.messagesets,LOW,LOW,UNRELATED or NORMAL
org.odpi.openmetadata.adapters.repositoryservices.auditlogstore.postgres.controls,org.odpi.openmetadata.frameworks.openmetadata.types,LOW,LOW,UNRELATED or NORMAL
org.odpi.openmetadata.adminservices.configuration.registration,org.odpi.openmetadata.frameworkservices.gaf.client,LOW,LOW,UNRELATED or NORMAL
org.odpi.openmetadata.adminservices.configuration.registration,org.odpi.openmetadata.viewservices.peopleorganizer.admin,LOW,LOW,UNRELATED or NORMAL
org.odpi.openmetadata.frameworks.connectors.client,org.odpi.openmetadata.frameworks.integration.contextmanager,LOW,LOW,UNRELATED or NORMAL
org.odpi.openmetadata.adminservices.configuration.registration,org.odpi.openmetadata.viewservices.glossarymanager.admin,LOW,LOW,UNRELATED or NORMAL
org.odpi.openmetadata.adapters.connectors,org.odpi.openmetadata.adapters.repositoryservices.auditlogstore.console,LOW,LOW,UNRELATED or NORMAL
org.odpi.openmetadata.adapters.connectors,org.odpi.openmetadata.adapters.connectors.resource.jdbc,LOW,LOW,UNRELATED or NORMAL
org.odpi.openmetadata.adapters.repositoryservices.auditlogstore.postgres,org.odpi.openmetadata.frameworks.openmetadata.refdata,LOW,LOW,UNRELATED or NORMAL
org.odpi.openmetadata.adapters.connectors.integration.jdbc,org.odpi.openmetadata.frameworks.openmetadata.search,LOW,LOW,UNRELATED or NORMAL
org.odpi.openmetadata.adminservices.configuration.registration,org.odpi.openmetadata.viewservices.solutionarchitect.admin,LOW,LOW,UNRELATED or NORMAL
org.odpi.openmetadata.repositoryservices.events,org.odpi.openmetadata.repositoryservices.metadatahighway,LOW,LOW,UNRELATED or NORMAL
org.odpi.openmetadata.adminservices.configuration.registration,org.odpi.openmetadata.viewservices.digitalbusiness.admin,LOW,LOW,UNRELATED or NORMAL
org.odpi.openmetadata.frameworks.openmetadata.types,org.odpi.openmetadata.viewservices.assetcatalog.server,LOW,LOW,UNRELATED or NORMAL
org.odpi.openmetadata.engineservices.surveyaction.handlers,org.odpi.openmetadata.frameworks.openmetadata.enums,LOW,LOW,UNRELATED or NORMAL
org.odpi.openmetadata.accessservices.assetconsumer.fvt,org.odpi.openmetadata.frameworks.openmetadata.properties.feedback,LOW,LOW,UNRELATED or NORMAL
org.odpi.openmetadata.adminservices.configuration.registration,org.odpi.openmetadata.viewservices.classificationexplorer.admin,LOW,LOW,UNRELATED or NORMAL
org.odpi.openmetadata.adapters.connectors,org.odpi.openmetadata.adapters.connectors.surveyaction.surveycsv,LOW,LOW,UNRELATED or NORMAL
org.odpi.openmetadata.repositoryservices.auditlog,org.odpi.openmetadata.repositoryservices.connectors.stores.archivestore,LOW,LOW,UNRELATED or NORMAL
org.odpi.openmetadata.adminservices.configuration.registration,org.odpi.openmetadata.viewservices.metadataexpert.admin,LOW,LOW,UNRELATED or NORMAL
org.odpi.openmetadata.adminservices.configuration.registration,org.odpi.openmetadata.engineservices.repositorygovernance.admin,LOW,LOW,UNRELATED or NORMAL
org.odpi.openmetadata.adapters.connectors.surveyaction.surveyfile,org.odpi.openmetadata.frameworks.connectors.ffdc,LOW,LOW,UNRELATED or NORMAL
org.odpi.openmetadata.adapters.connectors.integration.openapis,org.odpi.openmetadata.frameworks.openmetadata.refdata,LOW,LOW,UNRELATED or NORMAL
org.odpi.openmetadata.repositoryservices.archivemanager,org.odpi.openmetadata.repositoryservices.auditlog,LOW,LOW,UNRELATED or NORMAL
org.odpi.openmetadata.adminservices.configuration.registration,org.odpi.openmetadata.viewservices.schemamaker.admin,LOW,LOW,UNRELATED or NORMAL
org.odpi.openmetadata.frameworks.openmetadata.mapper,org.odpi.openmetadata.samples.archiveutilities.governanceprogram,LOW,LOW,UNRELATED or NORMAL
org.odpi.openmetadata.repositoryservices.auditlog,org.odpi.openmetadata.repositoryservices.localrepository.repositoryconnector,LOW,LOW,UNRELATED or NORMAL
org.odpi.openmetadata.adapters.connectors.apachekafka.survey,org.odpi.openmetadata.adapters.connectors.apachekafka.survey.ffdc,LOW,LOW,UNRELATED or NORMAL
org.odpi.openmetadata.engineservices.governanceaction.listener,org.odpi.openmetadata.governanceservers.enginehostservices.admin,LOW,LOW,UNRELATED or NORMAL
org.odpi.openmetadata.frameworks.openmetadata.types,org.odpi.openmetadata.viewservices.solutionarchitect.server,LOW,LOW,UNRELATED or NORMAL
org.odpi.openmetadata.adminservices.configuration.registration,org.odpi.openmetadata.viewservices.productcatalog.admin,LOW,LOW,UNRELATED or NORMAL
org.odpi.openmetadata.frameworks.openmetadata.mapper,org.odpi.openmetadata.samples.archiveutilities.sustainability,LOW,LOW,UNRELATED or NORMAL
org.odpi.openmetadata.frameworks.opengovernance.handlers,org.odpi.openmetadata.frameworks.openmetadata.refdata,LOW,LOW,UNRELATED or NORMAL
org.odpi.openmetadata.adapters.connectors,org.odpi.openmetadata.adapters.connectors.integration.csvlineageimporter,LOW,LOW,UNRELATED or NORMAL
org.odpi.openmetadata.adapters.connectors.dynamicarchivers.glossary,org.odpi.openmetadata.frameworks.openmetadata.types,LOW,LOW,UNRELATED or NORMAL
org.odpi.openmetadata.frameworks.integration.context,org.odpi.openmetadata.frameworks.openmetadata.search,LOW,LOW,UNRELATED or NORMAL
org.odpi.openmetadata.frameworkservices.gaf.ffdc,org.odpi.openmetadata.frameworkservices.gaf.outtopic,LOW,LOW,UNRELATED or NORMAL
org.odpi.openmetadata.adapters.connectors.externalharvesters.harvestopenmetadata,org.odpi.openmetadata.adapters.connectors.resource.jdbc.controls,LOW,LOW,UNRELATED or NORMAL
org.odpi.openmetadata.adminservices.configuration.registration,org.odpi.openmetadata.engineservices.watchdogaction.admin,LOW,LOW,UNRELATED or NORMAL
org.odpi.openmetadata.adapters.connectors.externalharvesters.harvestsurveys,org.odpi.openmetadata.adapters.connectors.unitycatalog.controls,LOW,LOW,UNRELATED or NORMAL
org.odpi.openmetadata.adapters.connectors.organizationinsight.karmapoints,org.odpi.openmetadata.frameworks.auditlog.messagesets,LOW,LOW,UNRELATED or NORMAL
org.odpi.openmetadata.adapters.connectors.unitycatalog.provision,org.odpi.openmetadata.contentpacks.core.unitycatalog,LOW,LOW,UNRELATED or NORMAL
org.odpi.openmetadata.adapters.connectors.egeriainfrastructure.platform.catalog,org.odpi.openmetadata.serveroperations.properties,LOW,LOW,UNRELATED or NORMAL
org.odpi.openmetadata.engineservices.governanceaction.ffdc,org.odpi.openmetadata.engineservices.governanceaction.listener,LOW,LOW,UNRELATED or NORMAL
org.odpi.openmetadata.adapters.connectors,org.odpi.openmetadata.contentpacks.core.unitycatalog,LOW,LOW,UNRELATED or NORMAL
org.odpi.openmetadata.adminservices.configuration.registration,org.odpi.openmetadata.viewservices.externallinks.admin,LOW,LOW,UNRELATED or NORMAL
org.odpi.openmetadata.adapters.connectors,org.odpi.openmetadata.adapters.connectors.integration.jdbc,LOW,LOW,UNRELATED or NORMAL
org.odpi.openmetadata.adapters.connectors,org.odpi.openmetadata.frameworkservices.omf.admin,LOW,LOW,UNRELATED or NORMAL
org.odpi.openmetadata.frameworks.openmetadata.client,org.odpi.openmetadata.viewservices.actionauthor.server,LOW,LOW,UNRELATED or NORMAL
org.odpi.openmetadata.frameworks.integration.contextmanager,org.odpi.openmetadata.frameworks.openmetadata.search,LOW,LOW,UNRELATED or NORMAL
org.odpi.openmetadata.engineservices.governanceaction.handlers,org.odpi.openmetadata.frameworks.auditlog.messagesets,LOW,LOW,UNRELATED or NORMAL
org.odpi.openmetadata.samples.archiveutilities.governanceprogram,org.odpi.openmetadata.samples.archiveutilities.sustainability,LOW,LOW,UNRELATED or NORMAL
org.odpi.openmetadata.adapters.connectors.restclients.factory,org.odpi.openmetadata.adapters.connectors.restclients.spring,LOW,LOW,UNRELATED or NORMAL
org.odpi.openmetadata.adapters.connectors,org.odpi.openmetadata.adapters.connectors.reports.surveyreport,LOW,LOW,UNRELATED or NORMAL
org.odpi.openmetadata.adapters.connectors.organizationinsight.karmapoints,org.odpi.openmetadata.frameworks.openmetadata.types,LOW,LOW,UNRELATED or NORMAL
org.odpi.openmetadata.adapters.connectors,org.odpi.openmetadata.adapters.connectors.unitycatalog.provision,LOW,LOW,UNRELATED or NORMAL
org.odpi.openmetadata.adminservices.configuration.registration,org.odpi.openmetadata.viewservices.productmanager.admin,LOW,LOW,UNRELATED or NORMAL
org.odpi.openmetadata.frameworks.openmetadata.client,org.odpi.openmetadata.viewservices.communitymatters.server,LOW,LOW,UNRELATED or NORMAL
org.odpi.openmetadata.adminservices.configuration.registration,org.odpi.openmetadata.viewservices.subjectarea.admin,LOW,LOW,UNRELATED or NORMAL
org.odpi.openmetadata.adapters.connectors.surveyaction.surveycsv,org.odpi.openmetadata.frameworks.connectors.ffdc,LOW,LOW,UNRELATED or NORMAL
org.odpi.openmetadata.adapters.connectors,org.odpi.openmetadata.adapters.repositoryservices.archiveconnector.file,LOW,LOW,UNRELATED or NORMAL
org.odpi.openmetadata.frameworks.openmetadata.client,org.odpi.openmetadata.viewservices.solutionarchitect.server,LOW,LOW,UNRELATED or NORMAL
org.odpi.openmetadata.frameworkservices.ocf.metadatamanagement.server,org.odpi.openmetadata.repositoryservices.connectors.stores.metadatacollectionstore.properties,LOW,LOW,UNRELATED or NORMAL
org.odpi.openmetadata.frameworks.openmetadata.types,org.odpi.openmetadata.viewservices.externallinks.server,LOW,LOW,UNRELATED or NORMAL
org.odpi.openmetadata.frameworks.openmetadata.events,org.odpi.openmetadata.governanceservers.enginehostservices.server,LOW,LOW,UNRELATED or NORMAL
org.odpi.openmetadata.adminservices.configuration.registration,org.odpi.openmetadata.viewservices.notificationmanager.admin,LOW,LOW,UNRELATED or NORMAL
org.odpi.openmetadata.frameworks.openmetadata.types,org.odpi.openmetadata.frameworkservices.omf.client,LOW,LOW,UNRELATED or NORMAL
org.odpi.openmetadata.adapters.connectors.subscriptions,org.odpi.openmetadata.frameworks.openmetadata.enums,LOW,LOW,UNRELATED or NORMAL
org.odpi.openmetadata.adapters.connectors,org.odpi.openmetadata.adapters.connectors.apachekafka.survey,LOW,LOW,UNRELATED or NORMAL
org.odpi.openmetadata.frameworks.integration.contextmanager,org.odpi.openmetadata.frameworks.openmetadata.client,LOW,LOW,UNRELATED or NORMAL
org.odpi.openmetadata.adapters.connectors.apachekafka.integration,org.odpi.openmetadata.frameworks.openmetadata.ffdc,LOW,LOW,UNRELATED or NORMAL
org.odpi.openmetadata.adapters.connectors.baudot,org.odpi.openmetadata.frameworks.opengovernance.controls,LOW,LOW,UNRELATED or NORMAL
org.odpi.openmetadata.adminservices.configuration.registration,org.odpi.openmetadata.engineservices.watchdogaction.handlers,LOW,LOW,UNRELATED or NORMAL
org.odpi.openmetadata.frameworks.openmetadata.mapper,org.odpi.openmetadata.viewservices.automatedcuration.handlers,LOW,LOW,UNRELATED or NORMAL
org.odpi.openmetadata.adapters.connectors,org.odpi.openmetadata.adapters.repositoryservices.auditlogstore.file,LOW,LOW,UNRELATED or NORMAL
org.odpi.openmetadata.frameworks.openmetadata.types,org.odpi.openmetadata.viewservices.glossarymanager.server,LOW,LOW,UNRELATED or NORMAL
org.odpi.openmetadata.adapters.repositoryservices.auditlogstore.file,org.odpi.openmetadata.frameworks.connectors.ffdc,LOW,LOW,UNRELATED or NORMAL
org.odpi.openmetadata.adminservices.ffdc.exception,org.odpi.openmetadata.utilities.serverconfig,LOW,LOW,UNRELATED or NORMAL
org.odpi.openmetadata.engineservices.watchdogaction.ffdc,org.odpi.openmetadata.engineservices.watchdogaction.listener,LOW,LOW,UNRELATED or NORMAL
org.odpi.openmetadata.adapters.connectors.datastore.datafolder,org.odpi.openmetadata.frameworks.openmetadata.refdata,LOW,LOW,UNRELATED or NORMAL
org.odpi.openmetadata.adminservices.configuration.registration,org.odpi.openmetadata.viewservices.privacyofficer.admin,LOW,LOW,UNRELATED or NORMAL
org.odpi.openmetadata.adapters.connectors,org.odpi.openmetadata.adapters.connectors.restclients.spring,LOW,LOW,UNRELATED or NORMAL
org.odpi.openmetadata.adapters.connectors.jacquard.tabulardatasets,org.odpi.openmetadata.frameworks.openmetadata.client,LOW,LOW,UNRELATED or NORMAL
org.odpi.openmetadata.adapters.connectors.egeriainfrastructure.platform.catalog,org.odpi.openmetadata.frameworks.openmetadata.enums,LOW,LOW,UNRELATED or NORMAL
org.odpi.openmetadata.adapters.connectors.governanceactions.ffdc,org.odpi.openmetadata.adapters.connectors.governanceactions.verification,LOW,LOW,UNRELATED or NORMAL
org.odpi.openmetadata.frameworks.openmetadata.reports,org.odpi.openmetadata.frameworks.openmetadata.types,LOW,LOW,UNRELATED or NORMAL
org.odpi.openmetadata.commonservices.ffdc.properties,org.odpi.openmetadata.engineservices.watchdogaction.server,LOW,LOW,UNRELATED or NORMAL
org.odpi.openmetadata.adminservices.configuration.registration,org.odpi.openmetadata.viewservices.collectionmanager.admin,LOW,LOW,UNRELATED or NORMAL
org.odpi.openmetadata.adapters.connectors.apachekafka.resource,org.odpi.openmetadata.frameworks.openmetadata.refdata,LOW,LOW,UNRELATED or NORMAL
org.odpi.openmetadata.accessservices.stewardshipaction.fvt.duplicateprocessing,org.odpi.openmetadata.frameworks.openmetadata.properties.assets,LOW,LOW,UNRELATED or NORMAL
org.odpi.openmetadata.adapters.connectors.datastore.csvfile,org.odpi.openmetadata.frameworks.openmetadata.types,LOW,LOW,UNRELATED or NORMAL
org.odpi.openmetadata.frameworks.openmetadata.mermaid,org.odpi.openmetadata.frameworks.openmetadata.properties.solutions,LOW,LOW,UNRELATED or NORMAL
org.odpi.openmetadata.adapters.connectors,org.odpi.openmetadata.adapters.connectors.wedgwood,LOW,LOW,UNRELATED or NORMAL
org.odpi.openmetadata.adminservices.configuration.registration,org.odpi.openmetadata.viewservices.connectionmaker.admin,LOW,LOW,UNRELATED or NORMAL
org.odpi.openmetadata.frameworks.openmetadata.types,org.odpi.openmetadata.viewservices.securityofficer.server,LOW,LOW,UNRELATED or NORMAL
org.odpi.openmetadata.accessservices.governanceserver.fvt.engines,org.odpi.openmetadata.frameworks.opengovernance.properties,LOW,LOW,UNRELATED or NORMAL
org.odpi.openmetadata.adminservices.configuration.registration,org.odpi.openmetadata.viewservices.locationarena.admin,LOW,LOW,UNRELATED or NORMAL
org.odpi.openmetadata.adapters.connectors,org.odpi.openmetadata.adapters.connectors.dynamicarchivers.glossary,LOW,LOW,UNRELATED or NORMAL
org.odpi.openmetadata.adapters.connectors,org.odpi.openmetadata.contentpacks.core.egeria,LOW,LOW,UNRELATED or NORMAL
org.odpi.openmetadata.frameworks.openmetadata.client,org.odpi.openmetadata.viewservices.glossarymanager.server,LOW,LOW,UNRELATED or NORMAL
org.odpi.openmetadata.frameworks.openmetadata.ffdc,org.odpi.openmetadata.governanceservers.enginehostservices.enginemap,LOW,LOW,UNRELATED or NORMAL
org.odpi.openmetadata.adapters.connectors,org.odpi.openmetadata.adapters.connectors.integration.kafkaaudit,LOW,LOW,UNRELATED or NORMAL
org.odpi.openmetadata.engineservices.governanceaction.handlers,org.odpi.openmetadata.frameworks.openmetadata.types,LOW,LOW,UNRELATED or NORMAL
org.odpi.openmetadata.adapters.connectors.jacquard.productcatalog,org.odpi.openmetadata.frameworks.openmetadata.mapper,LOW,LOW,UNRELATED or NORMAL
org.odpi.openmetadata.adminservices.configuration.registration,org.odpi.openmetadata.viewservices.runtimemanager.admin,LOW,LOW,UNRELATED or NORMAL
org.odpi.openmetadata.adapters.connectors.controls,org.odpi.openmetadata.adapters.connectors.jacquard.solutionblueprint,LOW,LOW,UNRELATED or NORMAL
org.odpi.openmetadata.engineservices.watchdogaction.client.rest,org.odpi.openmetadata.frameworks.openmetadata.ffdc,LOW,LOW,UNRELATED or NORMAL
org.odpi.openmetadata.adminservices.configuration.registration,org.odpi.openmetadata.governanceservers.enginehostservices.listener,LOW,LOW,UNRELATED or NORMAL
org.odpi.openmetadata.repositoryservices.auditlog,org.odpi.openmetadata.repositoryservices.connectors.stores.cohortregistrystore,LOW,LOW,UNRELATED or NORMAL
org.odpi.openmetadata.frameworks.openmetadata.client,org.odpi.openmetadata.viewservices.locationarena.server,LOW,LOW,UNRELATED or NORMAL
org.odpi.openmetadata.frameworkservices.ocf.metadatamanagement.client,org.odpi.openmetadata.frameworkservices.ocf.metadatamanagement.ffdc,LOW,LOW,UNRELATED or NORMAL
org.odpi.openmetadata.adapters.connectors,org.odpi.openmetadata.adapters.repositoryservices.rest.repositoryconnector,LOW,LOW,UNRELATED or NORMAL
org.odpi.openmetadata.adapters.connectors.resource.jdbc.ddl.postgres,org.odpi.openmetadata.adapters.connectors.resource.jdbc.ffdc,LOW,LOW,UNRELATED or NORMAL
org.odpi.openmetadata.adapters.eventbus.topic.kafka,org.odpi.openmetadata.frameworks.openmetadata.refdata,LOW,LOW,UNRELATED or NORMAL
org.odpi.openmetadata.frameworks.openmetadata.client,org.odpi.openmetadata.viewservices.securityofficer.server,LOW,LOW,UNRELATED or NORMAL
org.odpi.openmetadata.frameworks.openmetadata.client,org.odpi.openmetadata.viewservices.productmanager.server,LOW,LOW,UNRELATED or NORMAL
org.odpi.openmetadata.adapters.connectors,org.odpi.openmetadata.adapters.connectors.apacheatlas.survey,LOW,LOW,UNRELATED or NORMAL
org.odpi.openmetadata.archiveutilities.simplecatalogs.catalogcontent,org.odpi.openmetadata.frameworks.openmetadata.refdata,LOW,LOW,UNRELATED or NORMAL
org.odpi.openmetadata.frameworks.openmetadata.properties,org.odpi.openmetadata.frameworks.openmetadata.refdata,LOW,LOW,UNRELATED or NORMAL
org.odpi.openmetadata.frameworks.openmetadata.client,org.odpi.openmetadata.viewservices.privacyofficer.server,LOW,LOW,UNRELATED or NORMAL
org.odpi.openmetadata.adapters.connectors.externalharvesters.harvestsurveys,org.odpi.openmetadata.adapters.connectors.postgres.controls,LOW,LOW,UNRELATED or NORMAL
org.odpi.openmetadata.commonservices.ffdc.properties,org.odpi.openmetadata.governanceservers.integrationdaemonservices.server,LOW,LOW,UNRELATED or NORMAL
org.odpi.openmetadata.adapters.connectors.governanceactions.verification,org.odpi.openmetadata.frameworks.opengovernance.controls,LOW,LOW,UNRELATED or NORMAL
org.odpi.openmetadata.adapters.adminservices.configurationstore.file,org.odpi.openmetadata.adapters.connectors,LOW,LOW,UNRELATED or NORMAL
org.odpi.openmetadata.adminservices.configuration.registration,org.odpi.openmetadata.viewservices.actionauthor.admin,LOW,LOW,UNRELATED or NORMAL
org.odpi.openmetadata.commonservices.ffdc.rest,org.odpi.openmetadata.frameworks.connectors.controls,LOW,LOW,UNRELATED or NORMAL
org.odpi.openmetadata.accessservices.governanceprogram.samples.leadership,org.odpi.openmetadata.frameworks.openmetadata.client,LOW,LOW,UNRELATED or NORMAL
org.odpi.openmetadata.frameworkservices.ocf.metadatamanagement.ffdc,org.odpi.openmetadata.frameworkservices.ocf.metadatamanagement.server,LOW,LOW,UNRELATED or NORMAL
org.odpi.openmetadata.adminservices.configuration.registration,org.odpi.openmetadata.viewservices.assetmaker.admin,LOW,LOW,UNRELATED or NORMAL
org.odpi.openmetadata.engineservices.surveyaction.handlers,org.odpi.openmetadata.frameworks.opengovernance.controls,LOW,LOW,UNRELATED or NORMAL
org.odpi.openmetadata.accessservices.itinfrastructure.samples.assetdeploy,org.odpi.openmetadata.frameworks.openmetadata.types,LOW,LOW,UNRELATED or NORMAL
org.odpi.openmetadata.adapters.connectors,org.odpi.openmetadata.adapters.connectors.surveyaction.surveyfile,LOW,LOW,UNRELATED or NORMAL
org.odpi.openmetadata.metadatasecurity.properties,org.odpi.openmetadata.userauthn,LOW,LOW,UNRELATED or NORMAL
org.odpi.openmetadata.frameworks.connectors.controls,org.odpi.openmetadata.frameworks.connectors.properties.beans,LOW,LOW,UNRELATED or NORMAL
org.odpi.openmetadata.adminservices.configuration.registration,org.odpi.openmetadata.viewservices.governanceofficer.admin,LOW,LOW,UNRELATED or NORMAL
org.odpi.openmetadata.adapters.connectors.jacquard.tabulardatasets,org.odpi.openmetadata.frameworks.openmetadata.enums,LOW,LOW,UNRELATED or NORMAL
org.odpi.openmetadata.adminservices.configuration.registration,org.odpi.openmetadata.viewservices.datadiscovery.admin,LOW,LOW,UNRELATED or NORMAL
org.odpi.openmetadata.adminservices.configuration.registration,org.odpi.openmetadata.viewservices.projectmanager.admin,LOW,LOW,UNRELATED or NORMAL
org.odpi.openmetadata.commonservices.ffdc.properties,org.odpi.openmetadata.engineservices.surveyaction.server,LOW,LOW,UNRELATED or NORMAL
org.odpi.openmetadata.adapters.connectors.apachekafka.survey,org.odpi.openmetadata.frameworks.openmetadata.refdata,LOW,LOW,UNRELATED or NORMAL
org.odpi.openmetadata.adapters.connectors,org.odpi.openmetadata.adapters.connectors.jacquard.tabulardatasets.openmetadatatypes,LOW,LOW,UNRELATED or NORMAL
org.odpi.openmetadata.adminservices.configuration.registration,org.odpi.openmetadata.viewservices.datadesigner.admin,LOW,LOW,UNRELATED or NORMAL
org.odpi.openmetadata.accessservices.digitalarchitecture.fvt.clientconstructors,org.odpi.openmetadata.frameworks.openmetadata.ffdc,LOW,LOW,UNRELATED or NORMAL
org.odpi.openmetadata.adminservices.configuration.registration,org.odpi.openmetadata.viewservices.automatedcuration.admin,LOW,LOW,UNRELATED or NORMAL
org.odpi.openmetadata.frameworks.openmetadata.definitions,org.odpi.openmetadata.frameworks.openmetadata.mapper,LOW,LOW,UNRELATED or NORMAL
org.odpi.openmetadata.frameworks.openmetadata.mapper,org.odpi.openmetadata.samples.archiveutilities.organization,LOW,LOW,UNRELATED or NORMAL
org.odpi.openmetadata.adapters.connectors,org.odpi.openmetadata.adapters.connectors.apachekafka.resource,LOW,LOW,UNRELATED or NORMAL
org.odpi.openmetadata.contentpacks.core,org.odpi.openmetadata.frameworks.opengovernance.controls,LOW,LOW,UNRELATED or NORMAL
org.odpi.openmetadata.adminservices.configuration.registration,org.odpi.openmetadata.viewservices.referencedata.admin,LOW,LOW,UNRELATED or NORMAL
org.odpi.openmetadata.adapters.connectors.surveyaction.surveyfile,org.odpi.openmetadata.frameworks.openmetadata.properties.surveyreports,LOW,LOW,UNRELATED or NORMAL
org.odpi.openmetadata.adminservices.configuration.registration,org.odpi.openmetadata.viewservices.myprofile.admin,LOW,LOW,UNRELATED or NORMAL
org.odpi.openmetadata.adapters.connectors,org.odpi.openmetadata.adapters.eventbus.topic.kafka,LOW,LOW,UNRELATED or NORMAL
org.odpi.openmetadata.adapters.connectors,org.odpi.openmetadata.adapters.repositoryservices.cohortregistrystore.file,LOW,LOW,UNRELATED or NORMAL
org.odpi.openmetadata.frameworks.connectors.ffdc,org.odpi.openmetadata.repositoryservices.connectors.stores.metadatacollectionstore.repositoryeventmapper,LOW,LOW,UNRELATED or NORMAL
org.odpi.openmetadata.frameworks.openmetadata.client,org.odpi.openmetadata.viewservices.productcatalog.server,LOW,LOW,UNRELATED or NORMAL
org.odpi.openmetadata.adapters.connectors,org.odpi.openmetadata.adapters.connectors.subscriptions,LOW,LOW,UNRELATED or NORMAL
org.odpi.openmetadata.adapters.connectors,org.odpi.openmetadata.adapters.connectors.baudot,LOW,LOW,UNRELATED or NORMAL
org.odpi.openmetadata.metadatasecurity.server,org.odpi.openmetadata.serveroperations.server,LOW,LOW,UNRELATED or NORMAL
org.odpi.openmetadata.governanceservers.enginehostservices.enginemap,org.odpi.openmetadata.governanceservers.enginehostservices.ffdc,LOW,LOW,UNRELATED or NORMAL
org.odpi.openmetadata.adapters.repositoryservices,org.odpi.openmetadata.repositoryservices.connectors.stores.auditlogstore,LOW,LOW,UNRELATED or NORMAL
org.odpi.openmetadata.frameworks.openmetadata.client,org.odpi.openmetadata.viewservices.subjectarea.server,LOW,LOW,UNRELATED or NORMAL
org.odpi.openmetadata.adminservices.configuration.registration,org.odpi.openmetadata.viewservices.lineagelinker.admin,LOW,LOW,UNRELATED or NORMAL
org.odpi.openmetadata.adapters.connectors.unitycatalog.sync,org.odpi.openmetadata.frameworks.openmetadata.properties.assets.reports,LOW,LOW,UNRELATED or NORMAL
org.odpi.openmetadata.adapters.repositoryservices.archiveconnector.file,org.odpi.openmetadata.frameworks.auditlog,LOW,LOW,UNRELATED or NORMAL
org.odpi.openmetadata.frameworks.openmetadata.properties.governance,org.odpi.openmetadata.viewservices.subjectarea.server,LOW,LOW,UNRELATED or NORMAL
org.odpi.openmetadata.adapters.connectors.apacheatlas.survey,org.odpi.openmetadata.frameworks.openmetadata.properties.schema,LOW,LOW,UNRELATED or NORMAL
org.odpi.openmetadata.adapters.repositoryservices.cohortregistrystore.file,org.odpi.openmetadata.frameworks.connectors,LOW,LOW,UNRELATED or NORMAL
org.odpi.openmetadata.adapters.connectors.baudot,org.odpi.openmetadata.frameworks.opengovernance,LOW,LOW,UNRELATED or NORMAL
org.odpi.openmetadata.frameworks.openmetadata.properties.digitalbusiness,org.odpi.openmetadata.viewservices.productmanager.server,LOW,LOW,UNRELATED or NORMAL
org.odpi.openmetadata.adapters.connectors.apachekafka.integration,org.odpi.openmetadata.frameworks.openmetadata.properties.assets.topics,LOW,LOW,UNRELATED or NORMAL
org.odpi.openmetadata.adapters.connectors.integration.jdbc.transfer.model,org.odpi.openmetadata.adapters.connectors.integration.jdbc.transfer.requests,LOW,LOW,UNRELATED or NORMAL
org.odpi.openmetadata.adapters.connectors.integration.kafkaaudit,org.odpi.openmetadata.frameworks.openmetadata.properties.assets.processes.connectors,LOW,LOW,UNRELATED or NORMAL
org.odpi.openmetadata.frameworks.openmetadata.properties.externalidentifiers,org.odpi.openmetadata.samples.governanceactions.clinicaltrials,LOW,LOW,UNRELATED or NORMAL
org.odpi.openmetadata.frameworkservices.omf.client,org.odpi.openmetadata.repositoryservices.connectors.openmetadatatopic,LOW,LOW,UNRELATED or NORMAL
org.odpi.openmetadata.adapters.connectors.integration.openapis,org.odpi.openmetadata.frameworks.openmetadata.properties.assets,LOW,LOW,UNRELATED or NORMAL
org.odpi.openmetadata.frameworks.openmetadata.metadataelements,org.odpi.openmetadata.governanceservers.enginehostservices.enginemap,LOW,LOW,UNRELATED or NORMAL
org.odpi.openmetadata.adapters.connectors.integration.kafkaaudit,org.odpi.openmetadata.frameworks.openmetadata.metadataelements,LOW,LOW,UNRELATED or NORMAL
org.odpi.openmetadata.adapters.connectors.integration.jdbc,org.odpi.openmetadata.frameworks.connectors.properties.beans,LOW,LOW,UNRELATED or NORMAL
org.odpi.openmetadata.frameworks.connectors.properties.beans,org.odpi.openmetadata.repositoryservices.connectors.stores.metadatacollectionstore.repositoryeventmapper,LOW,LOW,UNRELATED or NORMAL
org.odpi.openmetadata.adapters.connectors.unitycatalog.sync,org.odpi.openmetadata.frameworks.openmetadata.properties.assets.filesandfolders,LOW,LOW,UNRELATED or NORMAL
org.odpi.openmetadata.adapters.repositoryservices.auditlogstore.postgres,org.odpi.openmetadata.frameworks.connectors.properties.beans,LOW,LOW,UNRELATED or NORMAL
org.odpi.openmetadata.metadatasecurity.properties,org.odpi.openmetadata.viewservices.automatedcuration.server,LOW,LOW,UNRELATED or NORMAL
org.odpi.openmetadata.frameworks.connectors,org.odpi.openmetadata.samples.archiveutilities.governanceengines,LOW,LOW,UNRELATED or NORMAL
org.odpi.openmetadata.adapters.connectors.wedgwood,org.odpi.openmetadata.frameworks.connectors,LOW,LOW,UNRELATED or NORMAL
org.odpi.openmetadata.adapters.connectors.postgres.survey,org.odpi.openmetadata.frameworks.auditlog,LOW,LOW,UNRELATED or NORMAL
org.odpi.openmetadata.commonservices.ffdc,org.odpi.openmetadata.governanceservers.enginehostservices.client.rest,LOW,LOW,UNRELATED or NORMAL
org.odpi.openmetadata.frameworks.openmetadata.properties.actors,org.odpi.openmetadata.viewservices.productmanager.server,LOW,LOW,UNRELATED or NORMAL
org.odpi.openmetadata.commonservices.generichandlers,org.odpi.openmetadata.repositoryservices.ffdc.exception,LOW,LOW,UNRELATED or NORMAL
org.odpi.openmetadata.accessservices.governanceprogram.fvt.errorhandling,org.odpi.openmetadata.frameworks.openmetadata.ffdc,LOW,LOW,UNRELATED or NORMAL
org.odpi.openmetadata.commonservices.ffdc.rest,org.odpi.openmetadata.platformchassis.springboot,LOW,LOW,UNRELATED or NORMAL
org.odpi.openmetadata.frameworks.openmetadata.properties,org.odpi.openmetadata.frameworks.openmetadata.properties.schema.tabular,LOW,LOW,UNRELATED or NORMAL
org.odpi.openmetadata.adapters.connectors.externalharvesters.harvestopenmetadata,org.odpi.openmetadata.frameworks.openmetadata.properties.assets.processes.connectors,LOW,LOW,UNRELATED or NORMAL
org.odpi.openmetadata.frameworks.openmetadata.properties,org.odpi.openmetadata.frameworks.openmetadata.properties.assets.analytics,LOW,LOW,UNRELATED or NORMAL
org.odpi.openmetadata.frameworks.openmetadata.connectorcontext,org.odpi.openmetadata.frameworks.openmetadata.properties.assets.metadatarepositories,LOW,LOW,UNRELATED or NORMAL
org.odpi.openmetadata.frameworks.integration.context,org.odpi.openmetadata.frameworks.openmetadata.reports,LOW,LOW,UNRELATED or NORMAL
org.odpi.openmetadata.adapters.connectors.egeriainfrastructure.platform.catalog,org.odpi.openmetadata.frameworks.openmetadata.properties.assets.topics,LOW,LOW,UNRELATED or NORMAL
org.odpi.openmetadata.adapters.connectors.unitycatalog.sync,org.odpi.openmetadata.frameworks.openmetadata.properties.assets.databases,LOW,LOW,UNRELATED or NORMAL
org.odpi.openmetadata.metadatasecurity.accessconnector,org.odpi.openmetadata.repositoryservices.connectors.stores.metadatacollectionstore.utilities,LOW,LOW,UNRELATED or NORMAL
org.odpi.openmetadata.frameworks.openmetadata.properties.assets.infrastructure,org.odpi.openmetadata.viewservices.assetmaker.server,LOW,LOW,UNRELATED or NORMAL
org.odpi.openmetadata.adapters.connectors.apacheatlas.survey,org.odpi.openmetadata.frameworks.auditlog,LOW,LOW,UNRELATED or NORMAL
org.odpi.openmetadata.adapters.repositoryservices.auditlogstore.file,org.odpi.openmetadata.frameworks.auditlog,LOW,LOW,UNRELATED or NORMAL
org.odpi.openmetadata.frameworks.openmetadata.properties.operatingplatforms,org.odpi.openmetadata.frameworks.openmetadata.types,LOW,LOW,UNRELATED or NORMAL
org.odpi.openmetadata.frameworks.openmetadata.properties.templates,org.odpi.openmetadata.viewservices.automatedcuration.handlers,LOW,LOW,UNRELATED or NORMAL
org.odpi.openmetadata.commonservices.ffdc.rest,org.odpi.openmetadata.governanceservers.enginehostservices.client,LOW,LOW,UNRELATED or NORMAL
org.odpi.openmetadata.frameworks.openmetadata.properties.actors,org.odpi.openmetadata.viewservices.projectmanager.server,LOW,LOW,UNRELATED or NORMAL
org.odpi.openmetadata.adapters.connectors.integration.kafkaaudit,org.odpi.openmetadata.frameworks.openmetadata.search,LOW,LOW,UNRELATED or NORMAL
org.odpi.openmetadata.frameworkservices.gaf.client,org.odpi.openmetadata.repositoryservices.connectors.openmetadatatopic,LOW,LOW,UNRELATED or NORMAL
org.odpi.openmetadata.metadatasecurity.properties,org.odpi.openmetadata.platformservices.server,LOW,LOW,UNRELATED or NORMAL
org.odpi.openmetadata.adapters.connectors.apacheatlas.survey,org.odpi.openmetadata.frameworks.connectors.properties.beans,LOW,LOW,UNRELATED or NORMAL
org.odpi.openmetadata.adapters.connectors.apacheatlas.resource,org.odpi.openmetadata.frameworks.openmetadata.metadataelements,LOW,LOW,UNRELATED or NORMAL
org.odpi.openmetadata.frameworks.openmetadata.properties.assets.databases,org.odpi.openmetadata.frameworks.openmetadata.types,LOW,LOW,UNRELATED or NORMAL
org.odpi.openmetadata.frameworks.connectors.properties.beans,org.odpi.openmetadata.samples.archiveutilities.clinicaltrialtemplates,LOW,LOW,UNRELATED or NORMAL
org.odpi.openmetadata.adapters.connectors.unitycatalog.sync,org.odpi.openmetadata.frameworks.openmetadata.properties.assets.analytics,LOW,LOW,UNRELATED or NORMAL
org.odpi.openmetadata.frameworks.openmetadata.properties.softwarecapabilities,org.odpi.openmetadata.viewservices.assetmaker.server,LOW,LOW,UNRELATED or NORMAL
org.odpi.openmetadata.commonservices.generichandlers,org.odpi.openmetadata.frameworkservices.omf.listener,LOW,LOW,UNRELATED or NORMAL
org.odpi.openmetadata.frameworks.openmetadata.properties,org.odpi.openmetadata.frameworks.openmetadata.reports,LOW,LOW,UNRELATED or NORMAL
org.odpi.openmetadata.adapters.connectors.externalharvesters.harvestsurveys,org.odpi.openmetadata.frameworks.openmetadata.properties.assets.processes.connectors,LOW,LOW,UNRELATED or NORMAL
org.odpi.openmetadata.adapters.connectors.subscriptions,org.odpi.openmetadata.frameworks.auditlog,LOW,LOW,UNRELATED or NORMAL
org.odpi.openmetadata.adapters.connectors.babbage,org.odpi.openmetadata.frameworks.openmetadata.properties.governance.governanceactions,LOW,LOW,UNRELATED or NORMAL
org.odpi.openmetadata.frameworks.openmetadata.properties.security,org.odpi.openmetadata.viewservices.securityofficer.server,LOW,LOW,UNRELATED or NORMAL
org.odpi.openmetadata.frameworks.openmetadata.properties.assets,org.odpi.openmetadata.viewservices.templatemanager.server,LOW,LOW,UNRELATED or NORMAL
org.odpi.openmetadata.frameworks.connectors.controls,org.odpi.openmetadata.frameworks.openmetadata.specificationproperties,LOW,LOW,UNRELATED or NORMAL
org.odpi.openmetadata.adapters.connectors.jacquard,org.odpi.openmetadata.frameworks.openmetadata.properties.governance,LOW,LOW,UNRELATED or NORMAL
org.odpi.openmetadata.accessservices.assetowner.fvt.dataassets,org.odpi.openmetadata.frameworks.openmetadata.metadataelements,LOW,LOW,UNRELATED or NORMAL
org.odpi.openmetadata.adminservices.ffdc.exception,org.odpi.openmetadata.adminservices.server,LOW,LOW,UNRELATED or NORMAL
org.odpi.openmetadata.frameworks.integration.connectors,org.odpi.openmetadata.frameworks.integration.ffdc,LOW,LOW,UNRELATED or NORMAL
org.odpi.openmetadata.commonservices.multitenant,org.odpi.openmetadata.viewservices.locationarena.server,LOW,LOW,UNRELATED or NORMAL
org.odpi.openmetadata.contentpacks.core.base,org.odpi.openmetadata.frameworks.openmetadata.specificationproperties,LOW,LOW,UNRELATED or NORMAL
org.odpi.openmetadata.adapters.connectors.governanceactions.provisioning,org.odpi.openmetadata.frameworks.openmetadata.refdata,LOW,LOW,UNRELATED or NORMAL
org.odpi.openmetadata.frameworks.connectors.ffdc,org.odpi.openmetadata.samples.governanceactions.clinicaltrials,LOW,LOW,UNRELATED or NORMAL
org.odpi.openmetadata.commonservices.ffdc,org.odpi.openmetadata.viewservices.productmanager.server,LOW,LOW,UNRELATED or NORMAL
org.odpi.openmetadata.adapters.connectors.apachekafka.integration,org.odpi.openmetadata.frameworks.openmetadata.metadataelements,LOW,LOW,UNRELATED or NORMAL
org.odpi.openmetadata.commonservices.ffdc,org.odpi.openmetadata.viewservices.peopleorganizer.server,LOW,LOW,UNRELATED or NORMAL
org.odpi.openmetadata.commonservices.ffdc,org.odpi.openmetadata.viewservices.notificationmanager.server,LOW,LOW,UNRELATED or NORMAL
org.odpi.openmetadata.frameworks.openmetadata.events,org.odpi.openmetadata.frameworkservices.gaf.client,LOW,LOW,UNRELATED or NORMAL
org.odpi.openmetadata.frameworks.integration.connectors,org.odpi.openmetadata.frameworks.openmetadata.properties,LOW,LOW,UNRELATED or NORMAL
org.odpi.openmetadata.adapters.connectors.apacheatlas.integration.modules,org.odpi.openmetadata.frameworks.openmetadata.properties.assets,LOW,LOW,UNRELATED or NORMAL
org.odpi.openmetadata.adapters.connectors.datastore.csvfile,org.odpi.openmetadata.frameworks.connectors,LOW,LOW,UNRELATED or NORMAL
org.odpi.openmetadata.frameworks.openmetadata.properties,org.odpi.openmetadata.frameworkservices.omf.converters,LOW,LOW,UNRELATED or NORMAL
org.odpi.openmetadata.viewservices.datadiscovery.server,org.odpi.openmetadata.viewservices.datadiscovery.server.spring,LOW,LOW,UNRELATED or NORMAL
org.odpi.openmetadata.commonservices.multitenant,org.odpi.openmetadata.governanceservers.enginehostservices.server,LOW,LOW,UNRELATED or NORMAL
org.odpi.openmetadata.frameworks.openmetadata.events,org.odpi.openmetadata.frameworkservices.gaf.listener,LOW,LOW,UNRELATED or NORMAL
org.odpi.openmetadata.frameworks.openmetadata.events,org.odpi.openmetadata.frameworkservices.omf.listener,LOW,LOW,UNRELATED or NORMAL
org.odpi.openmetadata.frameworks.openmetadata.converters,org.odpi.openmetadata.frameworks.openmetadata.refdata,LOW,LOW,UNRELATED or NORMAL
org.odpi.openmetadata.accessservices.governanceprogram.samples.leadership,org.odpi.openmetadata.frameworks.openmetadata.handlers,LOW,LOW,UNRELATED or NORMAL
org.odpi.openmetadata.frameworks.openmetadata.converters,org.odpi.openmetadata.frameworks.openmetadata.handlers,LOW,LOW,UNRELATED or NORMAL
org.odpi.openmetadata.frameworks.auditlog,org.odpi.openmetadata.governanceservers.integrationdaemonservices.handlers,LOW,LOW,UNRELATED or NORMAL
org.odpi.openmetadata.adapters.connectors.subscriptions,org.odpi.openmetadata.frameworks.openmetadata.metadataelements,LOW,LOW,UNRELATED or NORMAL
org.odpi.openmetadata.adapters.connectors.egeriainfrastructure.platform.catalog,org.odpi.openmetadata.frameworks.connectors.properties.beans,LOW,LOW,UNRELATED or NORMAL
org.odpi.openmetadata.repositoryservices.connectors.stores.metadatacollectionstore.properties.typedefs,org.odpi.openmetadata.samples.archiveutilities,LOW,LOW,UNRELATED or NORMAL
org.odpi.openmetadata.samples.archiveutilities.clinicaltrialtemplates,org.odpi.openmetadata.samples.governanceactions.clinicaltrials,LOW,LOW,UNRELATED or NORMAL
org.odpi.openmetadata.contentpacks.core.base,org.odpi.openmetadata.frameworks.openmetadata.controls,LOW,LOW,UNRELATED or NORMAL
org.odpi.openmetadata.frameworks.openmetadata.types,org.odpi.openmetadata.frameworkservices.gaf.server,LOW,LOW,UNRELATED or NORMAL
org.odpi.openmetadata.adapters.connectors.egeriainfrastructure.platform.catalog,org.odpi.openmetadata.frameworks.openmetadata.types,LOW,LOW,UNRELATED or NORMAL
org.odpi.openmetadata.frameworks.openmetadata.controls,org.odpi.openmetadata.frameworks.openmetadata.types,LOW,LOW,UNRELATED or NORMAL
org.odpi.openmetadata.accessservices.assetconsumer.samples.readavrofile,org.odpi.openmetadata.frameworks.connectors.properties.beans,LOW,LOW,UNRELATED or NORMAL
org.odpi.openmetadata.adapters.repositoryservices.inmemory.repositoryconnector,org.odpi.openmetadata.adapters.repositoryservices.readonly.repositoryconnector,LOW,LOW,UNRELATED or NORMAL
org.odpi.openmetadata.frameworks.openmetadata.handlers,org.odpi.openmetadata.frameworks.openmetadata.properties.governance,LOW,LOW,UNRELATED or NORMAL
org.odpi.openmetadata.frameworks.openmetadata.ffdc,org.odpi.openmetadata.repositoryservices.enterprise.repositoryconnector.executors,LOW,LOW,UNRELATED or NORMAL
org.odpi.openmetadata.commonservices.ffdc,org.odpi.openmetadata.commonservices.multitenant,LOW,LOW,UNRELATED or NORMAL
org.odpi.openmetadata.adapters.connectors.egeriainfrastructure.extractor,org.odpi.openmetadata.adapters.connectors.egeriainfrastructure.platform,LOW,LOW,UNRELATED or NORMAL
org.odpi.openmetadata.adapters.connectors.egeriainfrastructure.servers,org.odpi.openmetadata.frameworks.connectors,LOW,LOW,UNRELATED or NORMAL
org.odpi.openmetadata.adapters.connectors.baudot,org.odpi.openmetadata.frameworks.openmetadata.events,LOW,LOW,UNRELATED or NORMAL
org.odpi.openmetadata.adapters.connectors.integration.openlineage,org.odpi.openmetadata.frameworks.connectors.properties.beans,LOW,LOW,UNRELATED or NORMAL
org.odpi.openmetadata.frameworks.openmetadata.converters,org.odpi.openmetadata.frameworks.openmetadata.properties.schema.apis,LOW,LOW,UNRELATED or NORMAL
org.odpi.openmetadata.adminservices.client.rest,org.odpi.openmetadata.adminservices.rest,LOW,LOW,UNRELATED or NORMAL
org.odpi.openmetadata.frameworks.connectors.properties.beans,org.odpi.openmetadata.repositoryservices.archiveutilities,LOW,LOW,UNRELATED or NORMAL
org.odpi.openmetadata.commonservices.ffdc.rest,org.odpi.openmetadata.metadatasecurity.properties,LOW,LOW,UNRELATED or NORMAL
org.odpi.openmetadata.frameworks.opengovernance.handlers,org.odpi.openmetadata.frameworks.openmetadata.handlers,LOW,LOW,UNRELATED or NORMAL
org.odpi.openmetadata.adapters.connectors.externalharvesters.harvestopenmetadata,org.odpi.openmetadata.frameworks.integration.connectors,LOW,LOW,UNRELATED or NORMAL
org.odpi.openmetadata.tokencontroller,org.odpi.openmetadata.viewservices.timekeeper.server,LOW,LOW,UNRELATED or NORMAL
org.odpi.openmetadata.adapters.connectors.jacquard.tabulardatasets,org.odpi.openmetadata.frameworks.connectors.ffdc,LOW,LOW,UNRELATED or NORMAL
org.odpi.openmetadata.adapters.connectors.postgres.catalog,org.odpi.openmetadata.adapters.connectors.postgres.controls,LOW,LOW,UNRELATED or NORMAL
org.odpi.openmetadata.adapters.connectors.apachekafka.survey,org.odpi.openmetadata.frameworks.opensurvey,LOW,LOW,UNRELATED or NORMAL
org.odpi.openmetadata.frameworks.openmetadata.types,org.odpi.openmetadata.samples.archiveutilities.clinicaltrialtemplates,LOW,LOW,UNRELATED or NORMAL
org.odpi.openmetadata.serveroperations.ffdc,org.odpi.openmetadata.serveroperations.server,LOW,LOW,UNRELATED or NORMAL
org.odpi.openmetadata.frameworks.openmetadata.properties.assets.processes.connectors,org.odpi.openmetadata.frameworkservices.gaf.converters,LOW,LOW,UNRELATED or NORMAL
org.odpi.openmetadata.frameworks.auditlog,org.odpi.openmetadata.viewservices.timekeeper.server,LOW,LOW,UNRELATED or NORMAL
org.odpi.openmetadata.adapters.repositoryservices.archiveconnector.directory,org.odpi.openmetadata.repositoryservices.archiveutilities,LOW,LOW,UNRELATED or NORMAL
org.odpi.openmetadata.adapters.connectors.governanceactions.watchdog,org.odpi.openmetadata.frameworks.connectors.properties.beans,LOW,LOW,UNRELATED or NORMAL
org.odpi.openmetadata.frameworks.opengovernance.properties,org.odpi.openmetadata.frameworkservices.gaf.rest,LOW,LOW,UNRELATED or NORMAL
org.odpi.openmetadata.adapters.connectors.apacheatlas.integration,org.odpi.openmetadata.adapters.connectors.apacheatlas.resource,LOW,LOW,UNRELATED or NORMAL
org.odpi.openmetadata.adapters.connectors.unitycatalog.ffdc,org.odpi.openmetadata.frameworks.auditlog,LOW,LOW,UNRELATED or NORMAL
org.odpi.openmetadata.adapters.connectors.integration.basicfiles.ffdc,org.odpi.openmetadata.frameworks.auditlog,LOW,LOW,UNRELATED or NORMAL
org.odpi.openmetadata.frameworks.openmetadata.ffdc,org.odpi.openmetadata.frameworks.openwatchdog,LOW,LOW,UNRELATED or NORMAL
org.odpi.openmetadata.adapters.connectors.baudot,org.odpi.openmetadata.frameworks.openmetadata.properties.governance,LOW,LOW,UNRELATED or NORMAL
org.odpi.openmetadata.adapters.connectors.unitycatalog.sync,org.odpi.openmetadata.frameworks.openmetadata.types,LOW,LOW,UNRELATED or NORMAL
org.odpi.openmetadata.metadatasecurity.connectors,org.odpi.openmetadata.metadatasecurity.ffdc,LOW,LOW,UNRELATED or NORMAL
org.odpi.openmetadata.adapters.connectors.unitycatalog.controls,org.odpi.openmetadata.frameworks.openmetadata.controls,LOW,LOW,UNRELATED or NORMAL
org.odpi.openmetadata.frameworks.auditlog,org.odpi.openmetadata.repositoryservices.eventmanagement,LOW,LOW,UNRELATED or NORMAL
org.odpi.openmetadata.commonservices.ffdc.rest,org.odpi.openmetadata.viewservices.notificationmanager.server,LOW,LOW,UNRELATED or NORMAL
org.odpi.openmetadata.adapters.connectors.unitycatalog.sync,org.odpi.openmetadata.frameworks.openmetadata.properties.externalidentifiers,LOW,LOW,UNRELATED or NORMAL
org.odpi.openmetadata.commonservices.ffdc.rest,org.odpi.openmetadata.viewservices.productmanager.server,LOW,LOW,UNRELATED or NORMAL
org.odpi.openmetadata.frameworks.openmetadata.types,org.odpi.openmetadata.samples.archiveutilities.sustainability,LOW,LOW,UNRELATED or NORMAL
org.odpi.openmetadata.commonservices.ffdc.rest,org.odpi.openmetadata.frameworkservices.gaf.client,LOW,LOW,UNRELATED or NORMAL
org.odpi.openmetadata.frameworks.openmetadata.metadataelements,org.odpi.openmetadata.viewservices.myprofile.server,LOW,LOW,UNRELATED or NORMAL
org.odpi.openmetadata.adminservices.client,org.odpi.openmetadata.adminservices.samples.configure,LOW,LOW,UNRELATED or NORMAL
org.odpi.openmetadata.frameworks.opengovernance.properties,org.odpi.openmetadata.frameworks.openmetadata.enums,LOW,LOW,UNRELATED or NORMAL
org.odpi.openmetadata.commonservices.ffdc.rest,org.odpi.openmetadata.viewservices.externallinks.server.spring,LOW,LOW,UNRELATED or NORMAL
org.odpi.openmetadata.adapters.connectors.organizationinsight.karmapoints,org.odpi.openmetadata.frameworks.openmetadata.metadataelements,LOW,LOW,UNRELATED or NORMAL
org.odpi.openmetadata.contentpacks.core.base,org.odpi.openmetadata.contentpacks.core.core,LOW,LOW,UNRELATED or NORMAL
org.odpi.openmetadata.adapters.connectors.unitycatalog.sync,org.odpi.openmetadata.frameworks.openmetadata.properties.assets.processes.connectors,LOW,LOW,UNRELATED or NORMAL
org.odpi.openmetadata.frameworks.openmetadata.handlers,org.odpi.openmetadata.viewservices.digitalbusiness.server,LOW,LOW,UNRELATED or NORMAL
org.odpi.openmetadata.adapters.connectors.surveyaction.surveycsv,org.odpi.openmetadata.frameworks.openmetadata.metadataelements,LOW,LOW,UNRELATED or NORMAL
org.odpi.openmetadata.accessservices.assetmanager.fvt,org.odpi.openmetadata.fvt.utilities,LOW,LOW,UNRELATED or NORMAL
org.odpi.openmetadata.adapters.connectors.externalharvesters.harvestsurveys.schema,org.odpi.openmetadata.frameworks.opensurvey.measurements,LOW,LOW,UNRELATED or NORMAL
org.odpi.openmetadata.adapters.connectors.apacheatlas.survey.controls,org.odpi.openmetadata.frameworks.openmetadata.specificationproperties,LOW,LOW,UNRELATED or NORMAL
org.odpi.openmetadata.frameworks.openmetadata.ffdc,org.odpi.openmetadata.frameworkservices.omf.client.rest,LOW,LOW,UNRELATED or NORMAL
org.odpi.openmetadata.frameworks.openmetadata.mermaid,org.odpi.openmetadata.viewservices.automatedcuration.mermaid,LOW,LOW,UNRELATED or NORMAL
org.odpi.openmetadata.frameworks.connectors.ffdc,org.odpi.openmetadata.frameworks.opensurvey,LOW,LOW,UNRELATED or NORMAL
org.odpi.openmetadata.adapters.connectors.externalharvesters.harvestopenmetadata,org.odpi.openmetadata.frameworks.auditlog,LOW,LOW,UNRELATED or NORMAL
org.odpi.openmetadata.frameworks.openmetadata.enums,org.odpi.openmetadata.frameworkservices.gaf.converters,LOW,LOW,UNRELATED or NORMAL
org.odpi.openmetadata.adapters.connectors.integration.openapis,org.odpi.openmetadata.frameworks.openmetadata.metadataelements,LOW,LOW,UNRELATED or NORMAL
org.odpi.openmetadata.adapters.connectors.governanceactions.provisioning,org.odpi.openmetadata.frameworks.connectors.properties.beans,LOW,LOW,UNRELATED or NORMAL
org.odpi.openmetadata.repositoryservices.clients,org.odpi.openmetadata.repositoryservices.connectors.stores.metadatacollectionstore.properties.typedefs,LOW,LOW,UNRELATED or NORMAL
org.odpi.openmetadata.frameworks.openmetadata.metadataelements,org.odpi.openmetadata.frameworks.openmetadata.properties,LOW,LOW,UNRELATED or NORMAL
org.odpi.openmetadata.adminservices.configuration.registration,org.odpi.openmetadata.viewservices.actormanager.server,LOW,LOW,UNRELATED or NORMAL
org.odpi.openmetadata.conformance.beans,org.odpi.openmetadata.conformance.tests.repository.connector,LOW,LOW,UNRELATED or NORMAL
org.odpi.openmetadata.repositoryservices.admin,org.odpi.openmetadata.repositoryservices.ffdc,LOW,LOW,UNRELATED or NORMAL
org.odpi.openmetadata.commonservices.ffdc.rest,org.odpi.openmetadata.viewservices.datadiscovery.server.spring,LOW,LOW,UNRELATED or NORMAL
org.odpi.openmetadata.adapters.connectors.apacheatlas.integration.modules,org.odpi.openmetadata.frameworks.openmetadata.properties.glossaries,LOW,LOW,UNRELATED or NORMAL
org.odpi.openmetadata.viewservices.assetcatalog.rest,org.odpi.openmetadata.viewservices.assetcatalog.server,LOW,LOW,UNRELATED or NORMAL
org.odpi.openmetadata.adapters.connectors.datastore.basicfile,org.odpi.openmetadata.adapters.connectors.datastore.basicfile.ffdc,LOW,LOW,UNRELATED or NORMAL
org.odpi.openmetadata.adapters.connectors.jacquard.tabulardatasets,org.odpi.openmetadata.adapters.connectors.jacquard.tabulardatasets.validmetadatavalues,LOW,LOW,UNRELATED or NORMAL
org.odpi.openmetadata.accessservices.assetowner.fvt.assets,org.odpi.openmetadata.frameworks.openmetadata.properties,LOW,LOW,UNRELATED or NORMAL
org.odpi.openmetadata.adapters.connectors.jacquard.productcatalog,org.odpi.openmetadata.frameworks.opensurvey.measurements,LOW,LOW,UNRELATED or NORMAL
org.odpi.openmetadata.frameworks.openmetadata.handlers,org.odpi.openmetadata.frameworks.openmetadata.properties.schema,LOW,LOW,UNRELATED or NORMAL
org.odpi.openmetadata.adapters.repositoryservices.postgres.repositoryconnector,org.odpi.openmetadata.repositoryservices.connectors.stores.metadatacollectionstore.properties.typedefs,LOW,LOW,UNRELATED or NORMAL
org.odpi.openmetadata.viewservices.automatedcuration.rest,org.odpi.openmetadata.viewservices.automatedcuration.server,LOW,LOW,UNRELATED or NORMAL
org.odpi.openmetadata.commonservices.ffdc,org.odpi.openmetadata.viewservices.lineagelinker.server,LOW,LOW,UNRELATED or NORMAL
org.odpi.openmetadata.frameworks.openmetadata.handlers,org.odpi.openmetadata.frameworks.openmetadata.properties.actors,LOW,LOW,UNRELATED or NORMAL
org.odpi.openmetadata.frameworks.openmetadata.types,org.odpi.openmetadata.frameworkservices.omf.handlers,LOW,LOW,UNRELATED or NORMAL
org.odpi.openmetadata.commonservices.ffdc.rest,org.odpi.openmetadata.viewservices.glossarymanager.server.spring,LOW,LOW,UNRELATED or NORMAL
org.odpi.openmetadata.commonservices.ffdc.rest,org.odpi.openmetadata.frameworks.openmetadata.metadataelements,LOW,LOW,UNRELATED or NORMAL
org.odpi.openmetadata.frameworks.opengovernance.handlers,org.odpi.openmetadata.frameworks.openmetadata.metadataelements,LOW,LOW,UNRELATED or NORMAL
org.odpi.openmetadata.adapters.connectors.datastore.basicfile.ffdc.exception,org.odpi.openmetadata.adapters.connectors.datastore.csvfile,LOW,LOW,UNRELATED or NORMAL
org.odpi.openmetadata.viewservices.projectmanager.server,org.odpi.openmetadata.viewservices.projectmanager.server.spring,LOW,LOW,UNRELATED or NORMAL
org.odpi.openmetadata.repositoryservices.admin,org.odpi.openmetadata.repositoryservices.ffdc.exception,LOW,LOW,UNRELATED or NORMAL
org.odpi.openmetadata.commonservices.ffdc,org.odpi.openmetadata.repositoryservices.clients,LOW,LOW,UNRELATED or NORMAL
org.odpi.openmetadata.accessservices.communityprofile.fvt.locations,org.odpi.openmetadata.frameworks.openmetadata.properties,LOW,LOW,UNRELATED or NORMAL
org.odpi.openmetadata.conformance.tests.repository.types,org.odpi.openmetadata.repositoryservices.connectors.stores.metadatacollectionstore,LOW,LOW,UNRELATED or NORMAL
org.odpi.openmetadata.frameworks.opengovernance.ffdc,org.odpi.openmetadata.frameworks.openwatchdog,LOW,LOW,UNRELATED or NORMAL
org.odpi.openmetadata.frameworks.openmetadata.properties.assets,org.odpi.openmetadata.frameworks.openmetadata.properties.assets.referencedata,LOW,LOW,UNRELATED or NORMAL
org.odpi.openmetadata.adapters.connectors.jacquard.tabulardatasets.openmetadatatypes,org.odpi.openmetadata.frameworks.auditlog,LOW,LOW,UNRELATED or NORMAL
org.odpi.openmetadata.frameworks.openmetadata.properties.implementations,org.odpi.openmetadata.frameworks.openmetadata.types,LOW,LOW,UNRELATED or NORMAL
org.odpi.openmetadata.adapters.adminservices.configurationstore.file,org.odpi.openmetadata.frameworks.connectors,LOW,LOW,UNRELATED or NORMAL
org.odpi.openmetadata.frameworks.openmetadata.properties.externalidentifiers,org.odpi.openmetadata.frameworks.openmetadata.types,LOW,LOW,UNRELATED or NORMAL
org.odpi.openmetadata.frameworks.openmetadata.search,org.odpi.openmetadata.viewservices.metadataexpert.server,LOW,LOW,UNRELATED or NORMAL
org.odpi.openmetadata.frameworks.openmetadata.builders,org.odpi.openmetadata.frameworks.openmetadata.properties.solutions,LOW,LOW,UNRELATED or NORMAL
org.odpi.openmetadata.frameworks.openmetadata.builders,org.odpi.openmetadata.frameworks.openmetadata.properties.schema.apis,LOW,LOW,UNRELATED or NORMAL
org.odpi.openmetadata.frameworks.openmetadata.properties.translations,org.odpi.openmetadata.frameworks.openmetadata.types,LOW,LOW,UNRELATED or NORMAL
org.odpi.openmetadata.frameworks.openmetadata.properties,org.odpi.openmetadata.frameworks.openmetadata.properties.propertyfacets,LOW,LOW,UNRELATED or NORMAL
org.odpi.openmetadata.engineservices.surveyaction.api,org.odpi.openmetadata.engineservices.surveyaction.client,LOW,LOW,UNRELATED or NORMAL
org.odpi.openmetadata.adapters.connectors.integration.basicfiles,org.odpi.openmetadata.frameworks.openmetadata.filelistener,LOW,LOW,UNRELATED or NORMAL
org.odpi.openmetadata.engineservices.surveyaction.handlers,org.odpi.openmetadata.governanceservers.enginehostservices.registration,LOW,LOW,UNRELATED or NORMAL
org.odpi.openmetadata.frameworks.openmetadata.builders,org.odpi.openmetadata.frameworks.openmetadata.properties.designmodels,LOW,LOW,UNRELATED or NORMAL
org.odpi.openmetadata.frameworks.openmetadata.ffdc,org.odpi.openmetadata.repositoryservices.metadatahighway,LOW,LOW,UNRELATED or NORMAL
org.odpi.openmetadata.tokencontroller,org.odpi.openmetadata.viewservices.dataofficer.server,LOW,LOW,UNRELATED or NORMAL
org.odpi.openmetadata.frameworks.openmetadata.builders,org.odpi.openmetadata.frameworks.openmetadata.properties.locations,LOW,LOW,UNRELATED or NORMAL
org.odpi.openmetadata.tokencontroller,org.odpi.openmetadata.viewservices.multilanguage.server,LOW,LOW,UNRELATED or NORMAL
org.odpi.openmetadata.frameworks.openmetadata.properties,org.odpi.openmetadata.frameworks.openmetadata.properties.resources,LOW,LOW,UNRELATED or NORMAL
org.odpi.openmetadata.engineservices.repositorygovernance.handlers,org.odpi.openmetadata.governanceservers.enginehostservices.registration,LOW,LOW,UNRELATED or NORMAL
org.odpi.openmetadata.frameworks.openmetadata.builders,org.odpi.openmetadata.frameworks.openmetadata.properties.projects,LOW,LOW,UNRELATED or NORMAL
org.odpi.openmetadata.frameworks.openmetadata.properties.schema,org.odpi.openmetadata.frameworks.openmetadata.properties.schema.tabular,LOW,LOW,UNRELATED or NORMAL
org.odpi.openmetadata.frameworks.auditlog.requestid,org.odpi.openmetadata.frameworkservices.gaf.rest,LOW,LOW,UNRELATED or NORMAL
org.odpi.openmetadata.adapters.connectors.integration.kafkaaudit,org.odpi.openmetadata.frameworks.connectors.ffdc,LOW,LOW,UNRELATED or NORMAL
org.odpi.openmetadata.adapters.connectors.datastore.basicfile,org.odpi.openmetadata.frameworks.connectors.ffdc,LOW,LOW,UNRELATED or NORMAL
org.odpi.openmetadata.commonservices.ffdc.rest,org.odpi.openmetadata.frameworks.auditlog.requestid,LOW,LOW,UNRELATED or NORMAL
org.odpi.openmetadata.adapters.connectors.jacquard.tabulardatasets,org.odpi.openmetadata.frameworks.openmetadata.ffdc,LOW,LOW,UNRELATED or NORMAL
org.odpi.openmetadata.engineservices.governanceaction.handlers,org.odpi.openmetadata.governanceservers.enginehostservices.api,LOW,LOW,UNRELATED or NORMAL
org.odpi.openmetadata.conformance.workbenches.repository.listener,org.odpi.openmetadata.repositoryservices.connectors.omrstopic,LOW,LOW,UNRELATED or NORMAL
org.odpi.openmetadata.frameworks.openmetadata.builders,org.odpi.openmetadata.frameworks.openmetadata.properties.assets.processes,LOW,LOW,UNRELATED or NORMAL
org.odpi.openmetadata.frameworks.openmetadata.properties.assets.analytics,org.odpi.openmetadata.frameworks.openmetadata.types,LOW,LOW,UNRELATED or NORMAL
org.odpi.openmetadata.frameworks.openmetadata.properties,org.odpi.openmetadata.frameworks.openmetadata.properties.externalidentifiers,LOW,LOW,UNRELATED or NORMAL
org.odpi.openmetadata.adapters.connectors.integration.kafkaaudit,org.odpi.openmetadata.frameworks.openmetadata.ffdc,LOW,LOW,UNRELATED or NORMAL
org.odpi.openmetadata.frameworks.openmetadata.properties.assets.topics,org.odpi.openmetadata.frameworks.openmetadata.types,LOW,LOW,UNRELATED or NORMAL
org.odpi.openmetadata.frameworks.openmetadata.properties,org.odpi.openmetadata.frameworks.openmetadata.properties.implementations,LOW,LOW,UNRELATED or NORMAL
org.odpi.openmetadata.engineservices.governanceaction.handlers,org.odpi.openmetadata.governanceservers.enginehostservices.registration,LOW,LOW,UNRELATED or NORMAL
org.odpi.openmetadata.frameworks.openmetadata.properties.resources,org.odpi.openmetadata.frameworks.openmetadata.types,LOW,LOW,UNRELATED or NORMAL
org.odpi.openmetadata.frameworks.openmetadata.properties.propertyfacets,org.odpi.openmetadata.frameworks.openmetadata.types,LOW,LOW,UNRELATED or NORMAL
org.odpi.openmetadata.frameworks.openmetadata.properties.informationsupplychains,org.odpi.openmetadata.frameworks.openmetadata.types,LOW,LOW,UNRELATED or NORMAL
org.odpi.openmetadata.conformance.workbenches.repository.connectorconsumer,org.odpi.openmetadata.repositoryservices.enterprise.connectormanager,LOW,LOW,UNRELATED or NORMAL
org.odpi.openmetadata.engineservices.governanceaction.api,org.odpi.openmetadata.engineservices.governanceaction.client,LOW,LOW,UNRELATED or NORMAL
org.odpi.openmetadata.repositoryservices.connectors.stores.metadatacollectionstore.repositoryconnector,org.odpi.openmetadata.repositoryservices.connectors.stores.metadatacollectionstore.utilities,LOW,LOW,UNRELATED or NORMAL
org.odpi.openmetadata.repositoryservices.connectors.stores.archivestore,org.odpi.openmetadata.serveroperations.server,LOW,LOW,UNRELATED or NORMAL
org.odpi.openmetadata.frameworks.openmetadata.builders,org.odpi.openmetadata.frameworks.openmetadata.properties.contextevents,LOW,LOW,UNRELATED or NORMAL
org.odpi.openmetadata.engineservices.watchdogaction.api,org.odpi.openmetadata.engineservices.watchdogaction.client,LOW,LOW,UNRELATED or NORMAL
org.odpi.openmetadata.frameworks.openmetadata.properties,org.odpi.openmetadata.frameworks.openmetadata.properties.assets.infrastructure,LOW,LOW,UNRELATED or NORMAL
org.odpi.openmetadata.tokencontroller,org.odpi.openmetadata.viewservices.privacyofficer.server,LOW,LOW,UNRELATED or NORMAL
org.odpi.openmetadata.adapters.connectors.jacquard.tabulardatasets.validmetadatavalues,org.odpi.openmetadata.frameworks.connectors.tabulardatasets,LOW,LOW,UNRELATED or NORMAL
org.odpi.openmetadata.frameworks.openmetadata.properties,org.odpi.openmetadata.frameworks.openmetadata.properties.dataprocessing,LOW,LOW,UNRELATED or NORMAL
org.odpi.openmetadata.frameworks.openmetadata.builders,org.odpi.openmetadata.frameworks.openmetadata.properties.assets.processes.actions,LOW,LOW,UNRELATED or NORMAL
org.odpi.openmetadata.adapters.connectors.unitycatalog.sync,org.odpi.openmetadata.contentpacks.core,LOW,LOW,UNRELATED or NORMAL
org.odpi.openmetadata.adapters.connectors.jacquard.tabulardatasets.openmetadatatypes,org.odpi.openmetadata.frameworks.connectors.tabulardatasets,LOW,LOW,UNRELATED or NORMAL
org.odpi.openmetadata.adapters.connectors.jacquard.tabulardatasets.validmetadatavalues,org.odpi.openmetadata.frameworks.auditlog,LOW,LOW,UNRELATED or NORMAL
org.odpi.openmetadata.frameworks.openmetadata.properties,org.odpi.openmetadata.frameworks.openmetadata.properties.communities,LOW,LOW,UNRELATED or NORMAL
org.odpi.openmetadata.tokencontroller,org.odpi.openmetadata.viewservices.productcatalog.server,LOW,LOW,UNRELATED or NORMAL
org.odpi.openmetadata.engineservices.repositorygovernance.api,org.odpi.openmetadata.engineservices.repositorygovernance.client,LOW,LOW,UNRELATED or NORMAL
org.odpi.openmetadata.engineservices.watchdogaction.handlers,org.odpi.openmetadata.governanceservers.enginehostservices.api,LOW,LOW,UNRELATED or NORMAL
org.odpi.openmetadata.frameworks.auditlog.requestid,org.odpi.openmetadata.frameworks.openmetadata.search,LOW,LOW,UNRELATED or NORMAL
org.odpi.openmetadata.adapters.repositoryservices.auditlogstore.eventtopic,org.odpi.openmetadata.frameworks.openmetadata.ffdc,LOW,LOW,UNRELATED or NORMAL
org.odpi.openmetadata.metadatasecurity,org.odpi.openmetadata.metadatasecurity.connectors,LOW,LOW,UNRELATED or NORMAL
org.odpi.openmetadata.frameworks.opengovernance,org.odpi.openmetadata.frameworks.openmetadata.events,LOW,LOW,UNRELATED or NORMAL
org.odpi.openmetadata.tokencontroller,org.odpi.openmetadata.viewservices.devopspipeline.server,LOW,LOW,UNRELATED or NORMAL
org.odpi.openmetadata.adapters.connectors.jacquard.tabulardatasets,org.odpi.openmetadata.frameworks.connectors.tabulardatasets,LOW,LOW,UNRELATED or NORMAL
org.odpi.openmetadata.frameworks.openmetadata.properties.actors,org.odpi.openmetadata.frameworks.openmetadata.properties.communities,LOW,LOW,UNRELATED or NORMAL
org.odpi.openmetadata.frameworks.openmetadata.properties.schema,org.odpi.openmetadata.frameworks.openmetadata.properties.schema.databases,LOW,LOW,UNRELATED or NORMAL
org.odpi.openmetadata.frameworks.openmetadata.properties,org.odpi.openmetadata.frameworks.openmetadata.properties.translations,LOW,LOW,UNRELATED or NORMAL
org.odpi.openmetadata.adapters.connectors.secretsstore.yaml,org.odpi.openmetadata.frameworks.openmetadata.ffdc,LOW,LOW,UNRELATED or NORMAL
org.odpi.openmetadata.commonservices.multitenant,org.odpi.openmetadata.frameworks.connectors.ffdc,LOW,LOW,UNRELATED or NORMAL
org.odpi.openmetadata.frameworks.connectors.controls,org.odpi.openmetadata.repositoryservices.enterprise.connectormanager,LOW,LOW,UNRELATED or NORMAL
org.odpi.openmetadata.adapters.connectors.datastore.csvfile,org.odpi.openmetadata.frameworks.openmetadata.ffdc,LOW,LOW,UNRELATED or NORMAL
org.odpi.openmetadata.adminservices.client.rest,org.odpi.openmetadata.commonservices.ffdc,LOW,LOW,UNRELATED or NORMAL
org.odpi.openmetadata.frameworks.connectors.api,org.odpi.openmetadata.frameworks.connectors.client,LOW,LOW,UNRELATED or NORMAL
org.odpi.openmetadata.engineservices.watchdogaction.handlers,org.odpi.openmetadata.governanceservers.enginehostservices.registration,LOW,LOW,UNRELATED or NORMAL
org.odpi.openmetadata.adapters.connectors.integration.basicfiles,org.odpi.openmetadata.frameworks.openmetadata.refdata,LOW,LOW,UNRELATED or NORMAL
org.odpi.openmetadata.frameworks.openmetadata.handlers,org.odpi.openmetadata.viewservices.communitymatters.server,LOW,LOW,UNRELATED or NORMAL
org.odpi.openmetadata.adapters.connectors.restclients,org.odpi.openmetadata.repositoryservices.clients,LOW,LOW,UNRELATED or NORMAL
org.odpi.openmetadata.frameworks.openmetadata.connectorcontext,org.odpi.openmetadata.frameworks.opensurvey,LOW,LOW,UNRELATED or NORMAL
org.odpi.openmetadata.repositoryservices.admin,org.odpi.openmetadata.repositoryservices.auditlog,LOW,LOW,UNRELATED or NORMAL
org.odpi.openmetadata.frameworks.integration.connectors,org.odpi.openmetadata.frameworks.openmetadata.connectorcontext,LOW,LOW,UNRELATED or NORMAL
org.odpi.openmetadata.frameworkservices.omf.rest,org.odpi.openmetadata.frameworkservices.omf.server.spring,LOW,LOW,UNRELATED or NORMAL
org.odpi.openmetadata.adapters.connectors.integration.openlineage,org.odpi.openmetadata.frameworks.openmetadata.connectorcontext,LOW,LOW,UNRELATED or NORMAL
org.odpi.openmetadata.frameworks.auditlog,org.odpi.openmetadata.repositoryservices.connectors.openmetadatatopic,LOW,LOW,UNRELATED or NORMAL
org.odpi.openmetadata.commonservices.ffdc.rest,org.odpi.openmetadata.platformservices.server.spring,LOW,LOW,UNRELATED or NORMAL
org.odpi.openmetadata.commonservices.ffdc.rest,org.odpi.openmetadata.frameworks.openmetadata.ffdc,LOW,LOW,UNRELATED or NORMAL
org.odpi.openmetadata.frameworks.openmetadata.ffdc,org.odpi.openmetadata.governanceservers.enginehostservices.server,LOW,LOW,UNRELATED or NORMAL
org.odpi.openmetadata.adapters.connectors.unitycatalog.sync,org.odpi.openmetadata.frameworks.connectors.ffdc,LOW,LOW,UNRELATED or NORMAL
org.odpi.openmetadata.frameworks.integration.iterator,org.odpi.openmetadata.frameworks.openmetadata.enums,LOW,LOW,UNRELATED or NORMAL
org.odpi.openmetadata.adapters.connectors.surveyaction.surveycsv,org.odpi.openmetadata.frameworks.openmetadata.properties.surveyreports,LOW,LOW,UNRELATED or NORMAL
org.odpi.openmetadata.adapters.connectors.integration.basicfiles,org.odpi.openmetadata.frameworks.openmetadata.properties.security,LOW,LOW,UNRELATED or NORMAL
org.odpi.openmetadata.adapters.connectors.governanceactions.remediation,org.odpi.openmetadata.frameworks.opengovernance.properties,LOW,LOW,UNRELATED or NORMAL
org.odpi.openmetadata.adapters.connectors.apacheatlas.survey,org.odpi.openmetadata.adapters.connectors.apacheatlas.survey.controls,LOW,LOW,UNRELATED or NORMAL
org.odpi.openmetadata.adapters.connectors.governanceactions.provisioning,org.odpi.openmetadata.frameworks.openmetadata.fileclassifier,LOW,LOW,UNRELATED or NORMAL
org.odpi.openmetadata.adminservices.client,org.odpi.openmetadata.adminservices.configuration.properties,LOW,LOW,UNRELATED or NORMAL
org.odpi.openmetadata.contentpacks.core.unitycatalog,org.odpi.openmetadata.frameworks.openmetadata.controls,LOW,LOW,UNRELATED or NORMAL
org.odpi.openmetadata.adapters.connectors.reports.surveyreport,org.odpi.openmetadata.frameworks.openmetadata.types,LOW,LOW,UNRELATED or NORMAL
org.odpi.openmetadata.adapters.connectors.governanceactions.provisioning,org.odpi.openmetadata.frameworks.openmetadata.search,LOW,LOW,UNRELATED or NORMAL
org.odpi.openmetadata.accessservices.governanceprogram.samples.subjectareas,org.odpi.openmetadata.frameworks.openmetadata.properties.governance,LOW,LOW,UNRELATED or NORMAL
org.odpi.openmetadata.adapters.connectors.integration.basicfiles,org.odpi.openmetadata.frameworks.openmetadata.properties.assets,LOW,LOW,UNRELATED or NORMAL
org.odpi.openmetadata.metadatasecurity.connectors,org.odpi.openmetadata.repositoryservices.connectors.stores.metadatacollectionstore.properties.typedefs,LOW,LOW,UNRELATED or NORMAL
org.odpi.openmetadata.accessservices.assetmanager.fvt.common,org.odpi.openmetadata.accessservices.assetmanager.fvt.externalidentifiers,LOW,LOW,UNRELATED or NORMAL
org.odpi.openmetadata.frameworks.connectors.properties.users,org.odpi.openmetadata.metadatasecurity.properties,LOW,LOW,UNRELATED or NORMAL
org.odpi.openmetadata.contentpacks.core.base,org.odpi.openmetadata.contentpacks.core.postgres,LOW,LOW,UNRELATED or NORMAL
org.odpi.openmetadata.adapters.connectors.integration.basicfiles,org.odpi.openmetadata.frameworks.integration.controls,LOW,LOW,UNRELATED or NORMAL
org.odpi.openmetadata.viewservices.referencedata.server,org.odpi.openmetadata.viewservices.referencedata.server.spring,LOW,LOW,UNRELATED or NORMAL
org.odpi.openmetadata.frameworkservices.omf.server,org.odpi.openmetadata.repositoryservices.connectors.stores.metadatacollectionstore.repositoryconnector,LOW,LOW,UNRELATED or NORMAL
org.odpi.openmetadata.frameworkservices.omf.listener,org.odpi.openmetadata.frameworkservices.omf.outtopic,LOW,LOW,UNRELATED or NORMAL
org.odpi.openmetadata.adapters.connectors.unitycatalog.sync,org.odpi.openmetadata.frameworks.auditlog,LOW,LOW,UNRELATED or NORMAL
org.odpi.openmetadata.frameworks.openmetadata.refdata,org.odpi.openmetadata.frameworks.openmetadata.specificationproperties,LOW,LOW,UNRELATED or NORMAL
org.odpi.openmetadata.frameworkservices.gaf.listener,org.odpi.openmetadata.frameworkservices.gaf.outtopic,LOW,LOW,UNRELATED or NORMAL
org.odpi.openmetadata.adapters.connectors.integration.openlineage,org.odpi.openmetadata.contentpacks.core,LOW,LOW,UNRELATED or NORMAL
org.odpi.openmetadata.adapters.connectors.restclients,org.odpi.openmetadata.adapters.connectors.restclients.factory,LOW,LOW,UNRELATED or NORMAL
org.odpi.openmetadata.repositoryservices.admin,org.odpi.openmetadata.repositoryservices.connectors.stores.metadatacollectionstore.repositoryeventmapper,LOW,LOW,UNRELATED or NORMAL
org.odpi.openmetadata.frameworks.openmetadata.properties,org.odpi.openmetadata.frameworks.openmetadata.properties.assets.metadatarepositories,LOW,LOW,UNRELATED or NORMAL
org.odpi.openmetadata.frameworks.openmetadata.properties.assets.apis,org.odpi.openmetadata.frameworks.openmetadata.types,LOW,LOW,UNRELATED or NORMAL
org.odpi.openmetadata.frameworks.openmetadata.properties.assets,org.odpi.openmetadata.viewservices.classificationexplorer.server,LOW,LOW,UNRELATED or NORMAL
org.odpi.openmetadata.commonservices.ffdc.rest,org.odpi.openmetadata.viewservices.peopleorganizer.server,LOW,LOW,UNRELATED or NORMAL
org.odpi.openmetadata.adapters.connectors.unitycatalog.resource,org.odpi.openmetadata.frameworks.openmetadata.ffdc,LOW,LOW,UNRELATED or NORMAL
org.odpi.openmetadata.adapters.connectors.egeriainfrastructure.control,org.odpi.openmetadata.contentpacks.core.egeria,LOW,LOW,UNRELATED or NORMAL
org.odpi.openmetadata.adapters.connectors.surveyaction.surveyfolder,org.odpi.openmetadata.frameworks.opensurvey.controls,LOW,LOW,UNRELATED or NORMAL
org.odpi.openmetadata.repositoryservices.connectors.stores.metadatacollectionstore.properties.typedefs,org.odpi.openmetadata.repositoryservices.ffdc.exception,LOW,LOW,UNRELATED or NORMAL
org.odpi.openmetadata.commonservices.ffdc,org.odpi.openmetadata.frameworks.auditlog.messagesets,LOW,LOW,UNRELATED or NORMAL
org.odpi.openmetadata.archiveutilities.simplecatalogs.catalogcontent,org.odpi.openmetadata.repositoryservices.connectors.stores.archivestore.properties,LOW,LOW,UNRELATED or NORMAL
org.odpi.openmetadata.commonservices.multitenant,org.odpi.openmetadata.serveroperations.properties,LOW,LOW,UNRELATED or NORMAL
org.odpi.openmetadata.commonservices.generichandlers.ffdc,org.odpi.openmetadata.frameworks.auditlog,LOW,LOW,UNRELATED or NORMAL
org.odpi.openmetadata.frameworks.connectors,org.odpi.openmetadata.repositoryservices.admin,LOW,LOW,UNRELATED or NORMAL
org.odpi.openmetadata.frameworks.auditlog,org.odpi.openmetadata.frameworks.auditlog.messagesets,LOW,LOW,UNRELATED or NORMAL
org.odpi.openmetadata.adminservices.rest,org.odpi.openmetadata.adminservices.spring,LOW,LOW,UNRELATED or NORMAL
org.odpi.openmetadata.adapters.connectors.jacquard,org.odpi.openmetadata.frameworks.openmetadata.properties.connections,LOW,LOW,UNRELATED or NORMAL
org.odpi.openmetadata.adminservices.configuration.registration,org.odpi.openmetadata.viewservices.feedbackmanager.server,LOW,LOW,UNRELATED or NORMAL
org.odpi.openmetadata.conformance.beans,org.odpi.openmetadata.conformance.rest,LOW,LOW,UNRELATED or NORMAL
org.odpi.openmetadata.adapters.connectors.unitycatalog.resource,org.odpi.openmetadata.adapters.connectors.unitycatalog.survey,LOW,LOW,UNRELATED or NORMAL
org.odpi.openmetadata.governanceservers.integrationdaemonservices.client,org.odpi.openmetadata.governanceservers.integrationdaemonservices.rest,LOW,LOW,UNRELATED or NORMAL
org.odpi.openmetadata.adapters.connectors.restclients.factory,org.odpi.openmetadata.repositoryservices.clients,LOW,LOW,UNRELATED or NORMAL
org.odpi.openmetadata.frameworks.integration.connectors,org.odpi.openmetadata.frameworks.integration.context,LOW,LOW,UNRELATED or NORMAL
org.odpi.openmetadata.accessservices.datamanager.fvt,org.odpi.openmetadata.fvt.utilities,LOW,LOW,UNRELATED or NORMAL
org.odpi.openmetadata.commonservices.ffdc.rest,org.odpi.openmetadata.serveroperations.server,LOW,LOW,UNRELATED or NORMAL
org.odpi.openmetadata.frameworks.openmetadata.fileclassifier,org.odpi.openmetadata.frameworks.openmetadata.properties,LOW,LOW,UNRELATED or NORMAL
org.odpi.openmetadata.accessservices.assetowner.fvt,org.odpi.openmetadata.fvt.utilities,LOW,LOW,UNRELATED or NORMAL
org.odpi.openmetadata.repositoryservices.events,org.odpi.openmetadata.repositoryservices.events.beans.v2,LOW,LOW,UNRELATED or NORMAL
org.odpi.openmetadata.accessservices.communityprofile.fvt.profiles,org.odpi.openmetadata.frameworks.openmetadata.search,LOW,LOW,UNRELATED or NORMAL
org.odpi.openmetadata.frameworks.openmetadata.metadataelements,org.odpi.openmetadata.viewservices.automatedcuration.handlers,LOW,LOW,UNRELATED or NORMAL
org.odpi.openmetadata.adapters.connectors.integration.jdbc.ffdc,org.odpi.openmetadata.adapters.connectors.integration.jdbc.transfer.requests,LOW,LOW,UNRELATED or NORMAL
org.odpi.openmetadata.repositoryservices.connectors.stores.metadatacollectionstore,org.odpi.openmetadata.repositoryservices.ffdc,LOW,LOW,UNRELATED or NORMAL
org.odpi.openmetadata.frameworks.openmetadata.events,org.odpi.openmetadata.governanceservers.enginehostservices.listener,LOW,LOW,UNRELATED or NORMAL
org.odpi.openmetadata.adminservices.server,org.odpi.openmetadata.serveroperations.server,LOW,LOW,UNRELATED or NORMAL
org.odpi.openmetadata.viewservices.externallinks.server,org.odpi.openmetadata.viewservices.externallinks.server.spring,LOW,LOW,UNRELATED or NORMAL
org.odpi.openmetadata.accessservices.communityprofile.fvt.profiles,org.odpi.openmetadata.frameworks.openmetadata.handlers,LOW,LOW,UNRELATED or NORMAL
org.odpi.openmetadata.repositoryservices.connectors.stores.metadatacollectionstore.properties.search,org.odpi.openmetadata.repositoryservices.connectors.stores.metadatacollectionstore.utilities,LOW,LOW,UNRELATED or NORMAL
org.odpi.openmetadata.contentpacks.core,org.odpi.openmetadata.frameworks.connectors,LOW,LOW,UNRELATED or NORMAL
org.odpi.openmetadata.adapters.connectors.externalharvesters.harvestsurveys,org.odpi.openmetadata.frameworks.openmetadata.metadataelements,LOW,LOW,UNRELATED or NORMAL
org.odpi.openmetadata.adapters.connectors.jacquard.productcatalog,org.odpi.openmetadata.frameworks.openmetadata.refdata,LOW,LOW,UNRELATED or NORMAL
org.odpi.openmetadata.frameworkservices.gaf.client,org.odpi.openmetadata.governanceservers.enginehostservices.admin,LOW,LOW,UNRELATED or NORMAL
org.odpi.openmetadata.frameworks.auditlog,org.odpi.openmetadata.governanceservers.enginehostservices.admin,LOW,LOW,UNRELATED or NORMAL
org.odpi.openmetadata.frameworks.openmetadata.handlers,org.odpi.openmetadata.frameworks.openmetadata.refdata,LOW,LOW,UNRELATED or NORMAL
org.odpi.openmetadata.adapters.connectors.subscriptions,org.odpi.openmetadata.frameworks.openmetadata.types,LOW,LOW,UNRELATED or NORMAL
org.odpi.openmetadata.adminservices.configuration.properties,org.odpi.openmetadata.commonservices.multitenant,LOW,LOW,UNRELATED or NORMAL
org.odpi.openmetadata.adapters.connectors.surveyaction.surveyfile,org.odpi.openmetadata.frameworks.opensurvey,LOW,LOW,UNRELATED or NORMAL
org.odpi.openmetadata.frameworks.auditlog,org.odpi.openmetadata.frameworks.openwatchdog,LOW,LOW,UNRELATED or NORMAL
org.odpi.openmetadata.commonservices.generichandlers,org.odpi.openmetadata.frameworkservices.omf.converters,LOW,LOW,UNRELATED or NORMAL
org.odpi.openmetadata.tokencontroller,org.odpi.openmetadata.viewservices.schemamaker.server,LOW,LOW,UNRELATED or NORMAL
org.odpi.openmetadata.contentpacks.core.base,org.odpi.openmetadata.contentpacks.core.unitycatalog,LOW,LOW,UNRELATED or NORMAL
org.odpi.openmetadata.adapters.connectors.integration.csvlineageimporter.ffdc,org.odpi.openmetadata.frameworks.auditlog,LOW,LOW,UNRELATED or NORMAL
org.odpi.openmetadata.adapters.repositoryservices.postgres.repositoryconnector,org.odpi.openmetadata.adapters.repositoryservices.postgres.repositoryconnector.schema,LOW,LOW,UNRELATED or NORMAL
org.odpi.openmetadata.contentpacks.core,org.odpi.openmetadata.frameworks.connectors.properties.beans,LOW,LOW,UNRELATED or NORMAL
org.odpi.openmetadata.accessservices.assetowner.fvt.validmetadatavalues,org.odpi.openmetadata.frameworks.openmetadata.properties,LOW,LOW,UNRELATED or NORMAL
org.odpi.openmetadata.frameworks.connectors,org.odpi.openmetadata.repositoryservices.connectors.omrstopic,LOW,LOW,UNRELATED or NORMAL
org.odpi.openmetadata.frameworks.openmetadata.types,org.odpi.openmetadata.frameworks.opensurvey.controls,LOW,LOW,UNRELATED or NORMAL
org.odpi.openmetadata.adapters.connectors.unitycatalog.controls,org.odpi.openmetadata.frameworks.openmetadata.types,LOW,LOW,UNRELATED or NORMAL
org.odpi.openmetadata.frameworks.openmetadata.properties.assets.reports,org.odpi.openmetadata.frameworks.openmetadata.reports,LOW,LOW,UNRELATED or NORMAL
org.odpi.openmetadata.conformance.server,org.odpi.openmetadata.frameworks.openmetadata.ffdc,LOW,LOW,UNRELATED or NORMAL
org.odpi.openmetadata.frameworks.openmetadata.client,org.odpi.openmetadata.viewservices.validmetadata.server,LOW,LOW,UNRELATED or NORMAL
org.odpi.openmetadata.conformance.tests.repository.types,org.odpi.openmetadata.repositoryservices.events,LOW,LOW,UNRELATED or NORMAL
org.odpi.openmetadata.frameworks.opengovernance.handlers,org.odpi.openmetadata.frameworks.openmetadata.properties,LOW,LOW,UNRELATED or NORMAL
org.odpi.openmetadata.frameworks.auditlog,org.odpi.openmetadata.viewservices.schemamaker.server,LOW,LOW,UNRELATED or NORMAL
org.odpi.openmetadata.governanceservers.integrationdaemonservices.rest,org.odpi.openmetadata.governanceservers.integrationdaemonservices.server,LOW,LOW,UNRELATED or NORMAL
org.odpi.openmetadata.frameworks.opengovernance.client,org.odpi.openmetadata.frameworks.openmetadata.ffdc,LOW,LOW,UNRELATED or NORMAL
org.odpi.openmetadata.commonservices.ffdc.rest,org.odpi.openmetadata.viewservices.projectmanager.server.spring,LOW,LOW,UNRELATED or NORMAL
org.odpi.openmetadata.repositoryservices.connectors.stores.metadatacollectionstore.properties.typedefs,org.odpi.openmetadata.repositoryservices.connectors.stores.metadatacollectionstore.repositoryconnector,LOW,LOW,UNRELATED or NORMAL
org.odpi.openmetadata.adapters.connectors,org.odpi.openmetadata.contentpacks.core.base,LOW,LOW,UNRELATED or NORMAL
org.odpi.openmetadata.adapters.repositoryservices.inmemory.repositoryconnector,org.odpi.openmetadata.repositoryservices.connectors.stores.metadatacollectionstore.properties.typedefs,LOW,LOW,UNRELATED or NORMAL
org.odpi.openmetadata.commonservices.ffdc.rest,org.odpi.openmetadata.frameworkservices.gaf.rest,LOW,LOW,UNRELATED or NORMAL
org.odpi.openmetadata.archiveutilities.designmodels.base,org.odpi.openmetadata.archiveutilities.designmodels.owlcanonicalglossarymodel,LOW,LOW,UNRELATED or NORMAL
org.odpi.openmetadata.adapters.connectors.reports.surveyreport,org.odpi.openmetadata.frameworks.openmetadata.search,LOW,LOW,UNRELATED or NORMAL
org.odpi.openmetadata.adapters.connectors.egeriainfrastructure.extractor,org.odpi.openmetadata.repositoryservices.clients,LOW,LOW,UNRELATED or NORMAL
org.odpi.openmetadata.frameworks.auditlog,org.odpi.openmetadata.frameworks.openmetadata.filelistener,LOW,LOW,UNRELATED or NORMAL
org.odpi.openmetadata.commonservices.repositoryhandler,org.odpi.openmetadata.repositoryservices.connectors.stores.metadatacollectionstore.repositoryconnector,LOW,LOW,UNRELATED or NORMAL
org.odpi.openmetadata.commonservices.ffdc.rest,org.odpi.openmetadata.frameworkservices.omf.client.rest,LOW,LOW,UNRELATED or NORMAL
org.odpi.openmetadata.adapters.connectors.apacheatlas.integration.modules,org.odpi.openmetadata.frameworks.openmetadata.enums,LOW,LOW,UNRELATED or NORMAL
org.odpi.openmetadata.accessservices.communityprofile.fvt.validvalues,org.odpi.openmetadata.frameworks.openmetadata.properties,LOW,LOW,UNRELATED or NORMAL
org.odpi.openmetadata.accessservices.datamanager.fvt.validvalues,org.odpi.openmetadata.frameworks.openmetadata.properties,LOW,LOW,UNRELATED or NORMAL
org.odpi.openmetadata.frameworks.openmetadata.ffdc,org.odpi.openmetadata.governanceservers.integrationdaemonservices.client,LOW,LOW,UNRELATED or NORMAL
org.odpi.openmetadata.engineservices.repositorygovernance.connector,org.odpi.openmetadata.frameworks.openmetadata.ffdc,LOW,LOW,UNRELATED or NORMAL
org.odpi.openmetadata.frameworkservices.omf.rest,org.odpi.openmetadata.viewservices.assetmaker.server.spring,LOW,LOW,UNRELATED or NORMAL
org.odpi.openmetadata.frameworks.opengovernance.connectorcontext,org.odpi.openmetadata.frameworks.openmetadata.enums,LOW,LOW,UNRELATED or NORMAL
org.odpi.openmetadata.adapters.connectors.egeriainfrastructure.platform,org.odpi.openmetadata.adminservices.configuration.properties,LOW,LOW,UNRELATED or NORMAL
org.odpi.openmetadata.adapters.repositoryservices.archiveconnector.file,org.odpi.openmetadata.frameworks.connectors.ffdc,LOW,LOW,UNRELATED or NORMAL
org.odpi.openmetadata.engineservices.surveyaction.client.rest,org.odpi.openmetadata.frameworks.auditlog,LOW,LOW,UNRELATED or NORMAL
org.odpi.openmetadata.frameworks.connectors.ffdc,org.odpi.openmetadata.governanceservers.enginehostservices.admin,LOW,LOW,UNRELATED or NORMAL
org.odpi.openmetadata.engineservices.watchdogaction.client,org.odpi.openmetadata.frameworks.auditlog,LOW,LOW,UNRELATED or NORMAL
org.odpi.openmetadata.accessservices.assetconsumer.fvt,org.odpi.openmetadata.frameworks.openmetadata.ffdc,LOW,LOW,UNRELATED or NORMAL
org.odpi.openmetadata.frameworks.openmetadata.connectorcontext,org.odpi.openmetadata.frameworks.openmetadata.properties.assets.processes.connectors,LOW,LOW,UNRELATED or NORMAL
org.odpi.openmetadata.accessservices.assetmanager.fvt.common,org.odpi.openmetadata.frameworks.openmetadata.enums,LOW,LOW,UNRELATED or NORMAL
org.odpi.openmetadata.engineservices.governanceaction.client.rest,org.odpi.openmetadata.frameworks.auditlog,LOW,LOW,UNRELATED or NORMAL
org.odpi.openmetadata.commonservices.ffdc.rest,org.odpi.openmetadata.engineservices.assetanalysis.server.spring,LOW,LOW,UNRELATED or NORMAL
org.odpi.openmetadata.frameworks.openmetadata.connectorcontext,org.odpi.openmetadata.frameworks.openmetadata.properties.lineage,LOW,LOW,UNRELATED or NORMAL
org.odpi.openmetadata.frameworks.auditlog,org.odpi.openmetadata.serveroperations.client.rest,LOW,LOW,UNRELATED or NORMAL
org.odpi.openmetadata.engineservices.governanceaction.client,org.odpi.openmetadata.frameworks.auditlog,LOW,LOW,UNRELATED or NORMAL
org.odpi.openmetadata.frameworks.opengovernance.connectorcontext,org.odpi.openmetadata.frameworks.openmetadata.search,LOW,LOW,UNRELATED or NORMAL
org.odpi.openmetadata.frameworks.openmetadata.enums,org.odpi.openmetadata.frameworkservices.gaf.client,LOW,LOW,UNRELATED or NORMAL
org.odpi.openmetadata.adminservices.client.rest,org.odpi.openmetadata.frameworks.auditlog,LOW,LOW,UNRELATED or NORMAL
org.odpi.openmetadata.repositoryservices.archivemanager,org.odpi.openmetadata.repositoryservices.ffdc.exception,LOW,LOW,UNRELATED or NORMAL
org.odpi.openmetadata.frameworks.openmetadata.handlers,org.odpi.openmetadata.frameworks.openmetadata.properties.assets.processes.connectors,LOW,LOW,UNRELATED or NORMAL
org.odpi.openmetadata.engineservices.watchdogaction.client.rest,org.odpi.openmetadata.frameworks.auditlog,LOW,LOW,UNRELATED or NORMAL
org.odpi.openmetadata.frameworks.openmetadata.builders,org.odpi.openmetadata.frameworks.openmetadata.properties.assets.reports,LOW,LOW,UNRELATED or NORMAL
org.odpi.openmetadata.frameworks.auditlog,org.odpi.openmetadata.governanceservers.enginehostservices.client,LOW,LOW,UNRELATED or NORMAL
org.odpi.openmetadata.frameworks.auditlog,org.odpi.openmetadata.frameworkservices.omf.client.rest,LOW,LOW,UNRELATED or NORMAL
org.odpi.openmetadata.engineservices.surveyaction.client,org.odpi.openmetadata.frameworks.auditlog,LOW,LOW,UNRELATED or NORMAL
org.odpi.openmetadata.adapters.connectors.restclients.spring,org.odpi.openmetadata.frameworks.connectors.ffdc,LOW,LOW,UNRELATED or NORMAL
org.odpi.openmetadata.frameworks.openmetadata.connectorcontext,org.odpi.openmetadata.frameworks.openmetadata.properties.communities,LOW,LOW,UNRELATED or NORMAL
org.odpi.openmetadata.engineservices.repositorygovernance.client,org.odpi.openmetadata.frameworks.auditlog,LOW,LOW,UNRELATED or NORMAL
org.odpi.openmetadata.adapters.connectors.egeriainfrastructure.platform,org.odpi.openmetadata.viewservices.securityofficer.server,LOW,LOW,UNRELATED or NORMAL
org.odpi.openmetadata.frameworks.opengovernance.client,org.odpi.openmetadata.frameworks.openmetadata.enums,LOW,LOW,UNRELATED or NORMAL
org.odpi.openmetadata.frameworks.auditlog,org.odpi.openmetadata.repositoryservices.archiveutilities,LOW,LOW,UNRELATED or NORMAL
org.odpi.openmetadata.frameworkservices.gaf.listener,org.odpi.openmetadata.repositoryservices.connectors.stores.metadatacollectionstore.properties.typedefs,LOW,LOW,UNRELATED or NORMAL
org.odpi.openmetadata.frameworks.auditlog,org.odpi.openmetadata.governanceservers.enginehostservices.client.rest,LOW,LOW,UNRELATED or NORMAL
org.odpi.openmetadata.engineservices.repositorygovernance.client.rest,org.odpi.openmetadata.frameworks.auditlog,LOW,LOW,UNRELATED or NORMAL
org.odpi.openmetadata.frameworks.openmetadata.properties.validvalues,org.odpi.openmetadata.viewservices.validmetadata.server,LOW,LOW,UNRELATED or NORMAL
org.odpi.openmetadata.frameworkservices.omf.listener,org.odpi.openmetadata.repositoryservices.connectors.stores.metadatacollectionstore.properties.typedefs,LOW,LOW,UNRELATED or NORMAL
org.odpi.openmetadata.frameworks.auditlog,org.odpi.openmetadata.metadatasecurity.server,LOW,LOW,UNRELATED or NORMAL
org.odpi.openmetadata.frameworks.openmetadata.handlers,org.odpi.openmetadata.frameworks.openmetadata.properties.communities,LOW,LOW,UNRELATED or NORMAL
org.odpi.openmetadata.adapters.connectors.jacquard,org.odpi.openmetadata.frameworks.openmetadata.properties.assets,LOW,LOW,UNRELATED or NORMAL
org.odpi.openmetadata.accessservices.communityprofile.fvt.profiles,org.odpi.openmetadata.frameworks.openmetadata.properties.actors,LOW,LOW,UNRELATED or NORMAL
org.odpi.openmetadata.adapters.connectors.resource.jdbc,org.odpi.openmetadata.frameworks.openmetadata.ffdc,LOW,LOW,UNRELATED or NORMAL
org.odpi.openmetadata.frameworks.connectors.properties.beans,org.odpi.openmetadata.metadatasecurity.accessconnector,LOW,LOW,UNRELATED or NORMAL
org.odpi.openmetadata.commonservices.multitenant,org.odpi.openmetadata.viewservices.actionauthor.server,LOW,LOW,UNRELATED or NORMAL
org.odpi.openmetadata.adminservices.registration,org.odpi.openmetadata.frameworks.auditlog,LOW,LOW,UNRELATED or NORMAL
org.odpi.openmetadata.commonservices.multitenant,org.odpi.openmetadata.viewservices.securityofficer.server,LOW,LOW,UNRELATED or NORMAL
org.odpi.openmetadata.commonservices.ffdc.rest,org.odpi.openmetadata.viewservices.referencedata.server.spring,LOW,LOW,UNRELATED or NORMAL
org.odpi.openmetadata.adapters.repositoryservices.postgres.repositoryconnector.database,org.odpi.openmetadata.adapters.repositoryservices.postgres.repositoryconnector.ffdc,LOW,LOW,UNRELATED or NORMAL
org.odpi.openmetadata.contentpacks.core.base,org.odpi.openmetadata.contentpacks.core.files,LOW,LOW,UNRELATED or NORMAL
org.odpi.openmetadata.adapters.connectors.integration.openapis,org.odpi.openmetadata.frameworks.openmetadata.connectorcontext,LOW,LOW,UNRELATED or NORMAL
org.odpi.openmetadata.frameworks.connectors,org.odpi.openmetadata.frameworks.opensurvey,LOW,LOW,UNRELATED or NORMAL
org.odpi.openmetadata.governanceservers.enginehostservices.ffdc,org.odpi.openmetadata.governanceservers.enginehostservices.server,LOW,LOW,UNRELATED or NORMAL
org.odpi.openmetadata.commonservices.multitenant,org.odpi.openmetadata.viewservices.lineagelinker.server,LOW,LOW,UNRELATED or NORMAL
org.odpi.openmetadata.repositoryservices.metadatahighway,org.odpi.openmetadata.repositoryservices.rest.server,LOW,LOW,UNRELATED or NORMAL
org.odpi.openmetadata.frameworks.openmetadata.handlers,org.odpi.openmetadata.viewservices.productmanager.server,LOW,LOW,UNRELATED or NORMAL
org.odpi.openmetadata.frameworks.openmetadata.handlers,org.odpi.openmetadata.viewservices.notificationmanager.server,LOW,LOW,UNRELATED or NORMAL
org.odpi.openmetadata.platformservices.client,org.odpi.openmetadata.serveroperations.rest,LOW,LOW,UNRELATED or NORMAL
org.odpi.openmetadata.adapters.connectors.subscriptions,org.odpi.openmetadata.frameworks.opengovernance.properties,LOW,LOW,UNRELATED or NORMAL
org.odpi.openmetadata.adminservices.configuration.registration,org.odpi.openmetadata.viewservices.automatedcuration.server,LOW,LOW,UNRELATED or NORMAL
org.odpi.openmetadata.adapters.connectors.unitycatalog.controls,org.odpi.openmetadata.frameworks.opensurvey.measurements,LOW,LOW,UNRELATED or NORMAL
org.odpi.openmetadata.adapters.connectors.dynamicarchivers,org.odpi.openmetadata.repositoryservices.connectors.stores.metadatacollectionstore.properties.typedefs,LOW,LOW,UNRELATED or NORMAL
org.odpi.openmetadata.accessservices.digitalarchitecture.fvt.locations,org.odpi.openmetadata.frameworks.openmetadata.properties,LOW,LOW,UNRELATED or NORMAL
org.odpi.openmetadata.accessservices.datamanager.fvt.events,org.odpi.openmetadata.frameworks.openmetadata.properties,LOW,LOW,UNRELATED or NORMAL
org.odpi.openmetadata.adapters.connectors.datastore.basicfile,org.odpi.openmetadata.adapters.connectors.datastore.csvfile,LOW,LOW,UNRELATED or NORMAL
org.odpi.openmetadata.tokencontroller,org.odpi.openmetadata.viewservices.automatedcuration.server,LOW,LOW,UNRELATED or NORMAL
org.odpi.openmetadata.tokencontroller,org.odpi.openmetadata.viewservices.locationarena.server,LOW,LOW,UNRELATED or NORMAL
org.odpi.openmetadata.adapters.connectors.integration.jdbc,org.odpi.openmetadata.frameworks.integration.connectors,LOW,LOW,UNRELATED or NORMAL
org.odpi.openmetadata.adapters.connectors.reports.surveyreport,org.odpi.openmetadata.frameworks.opengovernance,LOW,LOW,UNRELATED or NORMAL
org.odpi.openmetadata.adminservices.configuration.registration,org.odpi.openmetadata.platformservices.server,LOW,LOW,UNRELATED or NORMAL
org.odpi.openmetadata.repositoryservices.connectors.stores.metadatacollectionstore,org.odpi.openmetadata.repositoryservices.connectors.stores.metadatacollectionstore.properties,LOW,LOW,UNRELATED or NORMAL
org.odpi.openmetadata.metadatasecurity.accessconnector,org.odpi.openmetadata.metadatasecurity.accessconnector.controls,LOW,LOW,UNRELATED or NORMAL
org.odpi.openmetadata.adapters.connectors.egeriainfrastructure.extractor,org.odpi.openmetadata.frameworks.connectors.properties.beans,LOW,LOW,UNRELATED or NORMAL
org.odpi.openmetadata.adapters.repositoryservices.readonly.repositoryconnector,org.odpi.openmetadata.repositoryservices.connectors.stores.metadatacollectionstore,LOW,LOW,UNRELATED or NORMAL
org.odpi.openmetadata.frameworks.auditlog,org.odpi.openmetadata.viewservices.automatedcuration.server,LOW,LOW,UNRELATED or NORMAL
org.odpi.openmetadata.adminservices.ffdc.exception,org.odpi.openmetadata.serveroperations.server,LOW,LOW,UNRELATED or NORMAL
org.odpi.openmetadata.frameworks.auditlog,org.odpi.openmetadata.viewservices.locationarena.server,LOW,LOW,UNRELATED or NORMAL
org.odpi.openmetadata.commonservices.multitenant,org.odpi.openmetadata.viewservices.templatemanager.server,LOW,LOW,UNRELATED or NORMAL
org.odpi.openmetadata.repositoryservices.connectors.stores.metadatacollectionstore.repositoryeventmapper,org.odpi.openmetadata.repositoryservices.localrepository.repositoryconnector,LOW,LOW,UNRELATED or NORMAL
org.odpi.openmetadata.adminservices.client.rest,org.odpi.openmetadata.adminservices.ffdc.exception,LOW,LOW,UNRELATED or NORMAL
org.odpi.openmetadata.frameworks.auditlog,org.odpi.openmetadata.repositoryservices.metadatahighway.cohortregistry,LOW,LOW,UNRELATED or NORMAL
org.odpi.openmetadata.frameworks.auditlog,org.odpi.openmetadata.governanceservers.integrationdaemonservices.threads,LOW,LOW,UNRELATED or NORMAL
org.odpi.openmetadata.frameworks.connectors.properties.beans,org.odpi.openmetadata.governanceservers.integrationdaemonservices.handlers,LOW,LOW,UNRELATED or NORMAL
org.odpi.openmetadata.viewservices.automatedcuration.handlers,org.odpi.openmetadata.viewservices.automatedcuration.server,LOW,LOW,UNRELATED or NORMAL
org.odpi.openmetadata.frameworks.auditlog,org.odpi.openmetadata.frameworks.integration.ffdc,LOW,LOW,UNRELATED or NORMAL
org.odpi.openmetadata.frameworks.opengovernance,org.odpi.openmetadata.frameworks.openmetadata.connectorcontext,LOW,LOW,UNRELATED or NORMAL
org.odpi.openmetadata.adminservices.ffdc,org.odpi.openmetadata.frameworks.auditlog,LOW,LOW,UNRELATED or NORMAL
org.odpi.openmetadata.adapters.connectors.governanceactions.provisioning,org.odpi.openmetadata.frameworks.openmetadata.types,LOW,LOW,UNRELATED or NORMAL
org.odpi.openmetadata.adapters.connectors.egeriainfrastructure.extractor,org.odpi.openmetadata.governanceservers.integrationdaemonservices.client,LOW,LOW,UNRELATED or NORMAL
org.odpi.openmetadata.frameworks.openmetadata.events,org.odpi.openmetadata.frameworks.openmetadata.search,LOW,LOW,UNRELATED or NORMAL
org.odpi.openmetadata.accessservices.communityprofile.fvt,org.odpi.openmetadata.fvt.utilities,LOW,LOW,UNRELATED or NORMAL
org.odpi.openmetadata.frameworks.openmetadata.properties,org.odpi.openmetadata.frameworks.openmetadata.properties.schema.databases,LOW,LOW,UNRELATED or NORMAL
org.odpi.openmetadata.frameworks.openmetadata.properties.contextevents,org.odpi.openmetadata.frameworks.openmetadata.types,LOW,LOW,UNRELATED or NORMAL
org.odpi.openmetadata.frameworks.openmetadata.properties,org.odpi.openmetadata.viewservices.governanceofficer.server,LOW,LOW,UNRELATED or NORMAL
org.odpi.openmetadata.conformance.ffdc.exception,org.odpi.openmetadata.conformance.tests.repository.instances,LOW,LOW,UNRELATED or NORMAL
org.odpi.openmetadata.adapters.connectors.egeriainfrastructure.extractor,org.odpi.openmetadata.frameworks.connectors,LOW,LOW,UNRELATED or NORMAL
org.odpi.openmetadata.frameworks.integration.connectors,org.odpi.openmetadata.frameworks.integration.controls,LOW,LOW,UNRELATED or NORMAL
org.odpi.openmetadata.commonservices.ffdc.rest,org.odpi.openmetadata.serveroperations.client,LOW,LOW,UNRELATED or NORMAL
org.odpi.openmetadata.adapters.connectors.jacquard.tabulardatasets.validmetadatavalues,org.odpi.openmetadata.frameworks.openmetadata.search,LOW,LOW,UNRELATED or NORMAL
org.odpi.openmetadata.adapters.repositoryservices.archiveconnector.directory,org.odpi.openmetadata.frameworks.connectors,LOW,LOW,UNRELATED or NORMAL
org.odpi.openmetadata.frameworks.openmetadata.search,org.odpi.openmetadata.frameworkservices.gaf.server,LOW,LOW,UNRELATED or NORMAL
org.odpi.openmetadata.adapters.connectors.apachekafka.integration,org.odpi.openmetadata.frameworks.openmetadata.properties.assets.processes.connectors,LOW,LOW,UNRELATED or NORMAL
org.odpi.openmetadata.frameworks.opengovernance.properties,org.odpi.openmetadata.frameworks.opensurvey,LOW,LOW,UNRELATED or NORMAL
org.odpi.openmetadata.frameworks.openmetadata.specificationproperties,org.odpi.openmetadata.viewservices.automatedcuration.properties,LOW,LOW,UNRELATED or NORMAL
org.odpi.openmetadata.engineservices.watchdogaction.handlers,org.odpi.openmetadata.frameworks.openmetadata.properties,LOW,LOW,UNRELATED or NORMAL
org.odpi.openmetadata.frameworks.openmetadata.properties.schema,org.odpi.openmetadata.samples.governanceactions.clinicaltrials,LOW,LOW,UNRELATED or NORMAL
org.odpi.openmetadata.adapters.connectors.dynamicarchivers,org.odpi.openmetadata.frameworks.opengovernance,LOW,LOW,UNRELATED or NORMAL
org.odpi.openmetadata.frameworks.openmetadata.properties,org.odpi.openmetadata.frameworks.openmetadata.properties.assets.databases,LOW,LOW,UNRELATED or NORMAL
org.odpi.openmetadata.adapters.connectors.apacheatlas.integration,org.odpi.openmetadata.frameworks.openmetadata.connectorcontext,LOW,LOW,UNRELATED or NORMAL
org.odpi.openmetadata.contentpacks.core.unitycatalog,org.odpi.openmetadata.frameworks.openmetadata.specificationproperties,LOW,LOW,UNRELATED or NORMAL
org.odpi.openmetadata.adapters.connectors.egeriainfrastructure.properties,org.odpi.openmetadata.governanceservers.enginehostservices.properties,LOW,LOW,UNRELATED or NORMAL
org.odpi.openmetadata.accessservices.communityprofile.fvt.profiles,org.odpi.openmetadata.frameworks.openmetadata.metadataelements,LOW,LOW,UNRELATED or NORMAL
org.odpi.openmetadata.frameworks.openmetadata.metadataelements,org.odpi.openmetadata.frameworkservices.omf.rest,LOW,LOW,UNRELATED or NORMAL
org.odpi.openmetadata.frameworks.openmetadata.properties,org.odpi.openmetadata.frameworks.opensurvey,LOW,LOW,UNRELATED or NORMAL
org.odpi.openmetadata.frameworks.opengovernance.properties,org.odpi.openmetadata.frameworkservices.gaf.listener,LOW,LOW,UNRELATED or NORMAL
org.odpi.openmetadata.frameworks.openmetadata.properties,org.odpi.openmetadata.frameworkservices.gaf.server,LOW,LOW,UNRELATED or NORMAL
org.odpi.openmetadata.frameworks.openmetadata.specificationproperties,org.odpi.openmetadata.frameworkservices.omf.client,LOW,LOW,UNRELATED or NORMAL
org.odpi.openmetadata.adapters.connectors.unitycatalog.survey,org.odpi.openmetadata.frameworks.connectors,LOW,LOW,UNRELATED or NORMAL
org.odpi.openmetadata.accessservices.samples.assetsetup,org.odpi.openmetadata.frameworks.openmetadata.properties,LOW,LOW,UNRELATED or NORMAL
org.odpi.openmetadata.frameworks.openmetadata.metadataelements,org.odpi.openmetadata.frameworks.openmetadata.specificationproperties,LOW,LOW,UNRELATED or NORMAL
org.odpi.openmetadata.adapters.repositoryservices.readonly.repositoryconnector,org.odpi.openmetadata.repositoryservices.connectors.stores.metadatacollectionstore.properties.typedefs,LOW,LOW,UNRELATED or NORMAL
org.odpi.openmetadata.frameworkservices.omf.handlers,org.odpi.openmetadata.repositoryservices.connectors.stores.metadatacollectionstore.utilities,LOW,LOW,UNRELATED or NORMAL
org.odpi.openmetadata.frameworks.openmetadata.properties.resources,org.odpi.openmetadata.viewservices.collectionmanager.server,LOW,LOW,UNRELATED or NORMAL
org.odpi.openmetadata.accessservices.governanceserver.fvt.duplicates,org.odpi.openmetadata.frameworks.openmetadata.metadataelements,LOW,LOW,UNRELATED or NORMAL
org.odpi.openmetadata.frameworks.auditlog.messagesets,org.odpi.openmetadata.repositoryservices.rest.properties,LOW,LOW,UNRELATED or NORMAL
org.odpi.openmetadata.frameworks.integration.iterator,org.odpi.openmetadata.frameworks.openmetadata.properties.propertyfacets,LOW,LOW,UNRELATED or NORMAL
org.odpi.openmetadata.contentpacks.core.core,org.odpi.openmetadata.frameworks.connectors,LOW,LOW,UNRELATED or NORMAL
org.odpi.openmetadata.adapters.connectors.egeriainfrastructure.properties,org.odpi.openmetadata.commonservices.ffdc.rest,LOW,LOW,UNRELATED or NORMAL
org.odpi.openmetadata.frameworks.openmetadata.properties,org.odpi.openmetadata.frameworkservices.omf.listener,LOW,LOW,UNRELATED or NORMAL
org.odpi.openmetadata.frameworks.integration.context,org.odpi.openmetadata.frameworks.openmetadata.properties.assets.processes.connectors,LOW,LOW,UNRELATED or NORMAL
org.odpi.openmetadata.adapters.repositoryservices.archiveconnector.file,org.odpi.openmetadata.frameworks.connectors,LOW,LOW,UNRELATED or NORMAL
org.odpi.openmetadata.frameworks.auditlog.messagesets,org.odpi.openmetadata.frameworks.opengovernance.ffdc,LOW,LOW,UNRELATED or NORMAL
org.odpi.openmetadata.adminservices.configuration.properties,org.odpi.openmetadata.repositoryservices.connectors.stores.metadatacollectionstore.properties.typedefs,LOW,LOW,UNRELATED or NORMAL
org.odpi.openmetadata.archiveutilities.designmodels.base,org.odpi.openmetadata.repositoryservices.connectors.stores.metadatacollectionstore.utilities,LOW,LOW,UNRELATED or NORMAL
org.odpi.openmetadata.contentpacks.core.core,org.odpi.openmetadata.frameworks.openmetadata.search,LOW,LOW,UNRELATED or NORMAL
org.odpi.openmetadata.frameworkservices.gaf.outtopic,org.odpi.openmetadata.repositoryservices.connectors.stores.metadatacollectionstore.properties.instances,LOW,LOW,UNRELATED or NORMAL
org.odpi.openmetadata.frameworkservices.omf.outtopic,org.odpi.openmetadata.repositoryservices.connectors.stores.metadatacollectionstore.properties.instances,LOW,LOW,UNRELATED or NORMAL
org.odpi.openmetadata.contentpacks.core.unitycatalog,org.odpi.openmetadata.frameworks.openmetadata.types,LOW,LOW,UNRELATED or NORMAL
org.odpi.openmetadata.frameworks.opengovernance,org.odpi.openmetadata.frameworks.openmetadata.types,LOW,LOW,UNRELATED or NORMAL
org.odpi.openmetadata.frameworks.auditlog,org.odpi.openmetadata.repositoryservices.metadatahighway,LOW,LOW,UNRELATED or NORMAL
org.odpi.openmetadata.frameworks.openmetadata.handlers,org.odpi.openmetadata.frameworks.opensurvey,LOW,LOW,UNRELATED or NORMAL
org.odpi.openmetadata.frameworkservices.gaf.converters,org.odpi.openmetadata.repositoryservices.connectors.stores.metadatacollectionstore.repositoryconnector,LOW,LOW,UNRELATED or NORMAL
org.odpi.openmetadata.accessservices.governanceprogram.samples.leadership,org.odpi.openmetadata.frameworks.openmetadata.metadataelements,LOW,LOW,UNRELATED or NORMAL
org.odpi.openmetadata.viewservices.timekeeper.server,org.odpi.openmetadata.viewservices.timekeeper.server.spring,LOW,LOW,UNRELATED or NORMAL
org.odpi.openmetadata.archiveutilities.simplecatalogs,org.odpi.openmetadata.archiveutilities.simplecatalogs.catalogcontent,LOW,LOW,UNRELATED or NORMAL
org.odpi.openmetadata.adapters.connectors.babbage,org.odpi.openmetadata.frameworks.integration.connectors,LOW,LOW,UNRELATED or NORMAL
org.odpi.openmetadata.adapters.connectors.egeriainfrastructure.platform,org.odpi.openmetadata.frameworks.openmetadata.ffdc,LOW,LOW,UNRELATED or NORMAL
org.odpi.openmetadata.adapters.connectors.unitycatalog.controls,org.odpi.openmetadata.frameworks.opensurvey.controls,LOW,LOW,UNRELATED or NORMAL
org.odpi.openmetadata.repositoryservices.connectors.stores.archivestore.properties,org.odpi.openmetadata.repositoryservices.connectors.stores.metadatacollectionstore.properties.instances,LOW,LOW,UNRELATED or NORMAL
org.odpi.openmetadata.adminservices.configuration.registration,org.odpi.openmetadata.adminservices.registration,LOW,LOW,UNRELATED or NORMAL
org.odpi.openmetadata.adapters.repositoryservices.postgres.repositoryconnector,org.odpi.openmetadata.repositoryservices.connectors.stores.metadatacollectionstore.properties,LOW,LOW,UNRELATED or NORMAL
org.odpi.openmetadata.frameworks.integration.context,org.odpi.openmetadata.frameworks.openmetadata.connectorcontext,LOW,LOW,UNRELATED or NORMAL
org.odpi.openmetadata.commonservices.ffdc.rest,org.odpi.openmetadata.viewservices.lineagelinker.server,LOW,LOW,UNRELATED or NORMAL
org.odpi.openmetadata.adapters.connectors.baudot,org.odpi.openmetadata.frameworks.openmetadata.properties,LOW,LOW,UNRELATED or NORMAL
org.odpi.openmetadata.adapters.connectors.datastore.csvfile.controls,org.odpi.openmetadata.frameworks.openmetadata.specificationproperties,LOW,LOW,UNRELATED or NORMAL
org.odpi.openmetadata.adapters.connectors.resource.jdbc,org.odpi.openmetadata.frameworks.auditlog,LOW,LOW,UNRELATED or NORMAL
org.odpi.openmetadata.engineservices.governanceaction.handlers,org.odpi.openmetadata.frameworkservices.gaf.client,LOW,LOW,UNRELATED or NORMAL
org.odpi.openmetadata.repositoryservices.connectors.stores.metadatacollectionstore.repositoryconnector,org.odpi.openmetadata.repositoryservices.enterprise.connectormanager,LOW,LOW,UNRELATED or NORMAL
org.odpi.openmetadata.adapters.connectors.resource.jdbc.properties,org.odpi.openmetadata.adapters.repositoryservices.postgres.repositoryconnector.mappers,LOW,LOW,UNRELATED or NORMAL
org.odpi.openmetadata.governanceservers.integrationdaemonservices.server,org.odpi.openmetadata.tokencontroller,LOW,LOW,UNRELATED or NORMAL
org.odpi.openmetadata.adapters.connectors.datastore.basicfile,org.odpi.openmetadata.frameworks.connectors,LOW,LOW,UNRELATED or NORMAL
org.odpi.openmetadata.tokencontroller,org.odpi.openmetadata.viewservices.myprofile.server,LOW,LOW,UNRELATED or NORMAL
org.odpi.openmetadata.adapters.connectors.wedgwood,org.odpi.openmetadata.frameworks.opengovernance,LOW,LOW,UNRELATED or NORMAL
org.odpi.openmetadata.frameworks.openmetadata.converters,org.odpi.openmetadata.frameworks.openmetadata.properties.operatingplatforms,LOW,LOW,UNRELATED or NORMAL
org.odpi.openmetadata.frameworkservices.gaf.converters,org.odpi.openmetadata.frameworkservices.gaf.handlers,LOW,LOW,UNRELATED or NORMAL
org.odpi.openmetadata.repositoryservices.connectors.stores.cohortregistrystore,org.odpi.openmetadata.repositoryservices.metadatahighway.cohortregistry,LOW,LOW,UNRELATED or NORMAL
org.odpi.openmetadata.frameworks.opengovernance.handlers,org.odpi.openmetadata.frameworks.openmetadata.search,LOW,LOW,UNRELATED or NORMAL
org.odpi.openmetadata.frameworkservices.omf.converters,org.odpi.openmetadata.frameworkservices.omf.outtopic,LOW,LOW,UNRELATED or NORMAL
org.odpi.openmetadata.commonservices.ffdc,org.odpi.openmetadata.frameworks.auditlog.requestid,LOW,LOW,UNRELATED or NORMAL
org.odpi.openmetadata.frameworkservices.gaf.outtopic,org.odpi.openmetadata.frameworkservices.omf.converters,LOW,LOW,UNRELATED or NORMAL
org.odpi.openmetadata.frameworks.auditlog,org.odpi.openmetadata.repositoryservices.enterprise.repositoryconnector.accumulators,LOW,LOW,UNRELATED or NORMAL
org.odpi.openmetadata.frameworkservices.gaf.client.rest,org.odpi.openmetadata.frameworkservices.gaf.rest,LOW,LOW,UNRELATED or NORMAL
org.odpi.openmetadata.adapters.connectors.dynamicarchivers.glossary,org.odpi.openmetadata.frameworks.openmetadata.specificationproperties,LOW,LOW,UNRELATED or NORMAL
org.odpi.openmetadata.commonservices.ffdc,org.odpi.openmetadata.commonservices.repositoryhandler,LOW,LOW,UNRELATED or NORMAL
org.odpi.openmetadata.adapters.connectors.apacheatlas.resource.ffdc,org.odpi.openmetadata.frameworks.auditlog.messagesets,LOW,LOW,UNRELATED or NORMAL
org.odpi.openmetadata.governanceservers.enginehostservices.admin,org.odpi.openmetadata.governanceservers.enginehostservices.properties,LOW,LOW,UNRELATED or NORMAL
org.odpi.openmetadata.frameworks.integration.contextmanager,org.odpi.openmetadata.frameworks.openmetadata.enums,LOW,LOW,UNRELATED or NORMAL
org.odpi.openmetadata.frameworks.auditlog,org.odpi.openmetadata.frameworks.opengovernance.connectorcontext,LOW,LOW,UNRELATED or NORMAL
org.odpi.openmetadata.accessservices.assetowner.fvt.dataassets,org.odpi.openmetadata.fvt.utilities.auditlog,LOW,LOW,UNRELATED or NORMAL
org.odpi.openmetadata.adapters.connectors.integration.basicfiles.controls,org.odpi.openmetadata.frameworks.openmetadata.definitions,LOW,LOW,UNRELATED or NORMAL
org.odpi.openmetadata.adapters.connectors.integration.jdbc,org.odpi.openmetadata.frameworks.connectors.ffdc,LOW,LOW,UNRELATED or NORMAL
org.odpi.openmetadata.frameworks.openmetadata.builders,org.odpi.openmetadata.frameworks.openmetadata.properties.connections,LOW,LOW,UNRELATED or NORMAL
org.odpi.openmetadata.adapters.connectors.apacheatlas.integration,org.odpi.openmetadata.frameworks.opengovernance.properties,LOW,LOW,UNRELATED or NORMAL
org.odpi.openmetadata.viewservices.runtimemanager.rest,org.odpi.openmetadata.viewservices.runtimemanager.server.spring,LOW,LOW,UNRELATED or NORMAL
org.odpi.openmetadata.viewservices.metadataexpert.rest,org.odpi.openmetadata.viewservices.metadataexpert.server.spring,LOW,LOW,UNRELATED or NORMAL
org.odpi.openmetadata.adapters.connectors.externalharvesters.harvestopenmetadata,org.odpi.openmetadata.frameworks.opengovernance.properties,LOW,LOW,UNRELATED or NORMAL
org.odpi.openmetadata.frameworks.openmetadata.builders,org.odpi.openmetadata.frameworks.openmetadata.properties.assets.processes.connectors,LOW,LOW,UNRELATED or NORMAL
org.odpi.openmetadata.metadatasecurity,org.odpi.openmetadata.repositoryservices.metadatahighway,LOW,LOW,UNRELATED or NORMAL
org.odpi.openmetadata.engineservices.assetanalysis.server.spring,org.odpi.openmetadata.governanceservers.enginehostservices.rest,LOW,LOW,UNRELATED or NORMAL
org.odpi.openmetadata.adapters.connectors.babbage,org.odpi.openmetadata.frameworks.connectors,LOW,LOW,UNRELATED or NORMAL
org.odpi.openmetadata.adapters.connectors.postgres.survey,org.odpi.openmetadata.frameworks.connectors.ffdc,LOW,LOW,UNRELATED or NORMAL
org.odpi.openmetadata.adapters.connectors.egeriainfrastructure.platform.catalog,org.odpi.openmetadata.adapters.connectors.egeriainfrastructure.servers,LOW,LOW,UNRELATED or NORMAL
org.odpi.openmetadata.accessservices.assetmanager.fvt.dataassets,org.odpi.openmetadata.fvt.utilities.auditlog,LOW,LOW,UNRELATED or NORMAL
org.odpi.openmetadata.governanceservers.integrationdaemonservices.client,org.odpi.openmetadata.governanceservers.integrationdaemonservices.properties,LOW,LOW,UNRELATED or NORMAL
org.odpi.openmetadata.frameworks.openmetadata.connectorcontext,org.odpi.openmetadata.frameworks.openmetadata.properties.implementations,LOW,LOW,UNRELATED or NORMAL
org.odpi.openmetadata.frameworks.openmetadata.builders,org.odpi.openmetadata.frameworks.openmetadata.properties.operatingplatforms,LOW,LOW,UNRELATED or NORMAL
org.odpi.openmetadata.frameworkservices.gaf.handlers,org.odpi.openmetadata.metadatasecurity.server,LOW,LOW,UNRELATED or NORMAL
org.odpi.openmetadata.frameworks.openmetadata.client,org.odpi.openmetadata.viewservices.externallinks.server,LOW,LOW,UNRELATED or NORMAL
org.odpi.openmetadata.frameworks.openmetadata.connectorcontext,org.odpi.openmetadata.frameworks.openmetadata.properties.assets.infrastructure,LOW,LOW,UNRELATED or NORMAL
org.odpi.openmetadata.frameworks.openmetadata.properties.collections,org.odpi.openmetadata.frameworks.openmetadata.properties.datadictionaries,LOW,LOW,UNRELATED or NORMAL
org.odpi.openmetadata.adapters.connectors.integration.jdbc,org.odpi.openmetadata.frameworks.integration.context,LOW,LOW,UNRELATED or NORMAL
org.odpi.openmetadata.frameworks.integration.context,org.odpi.openmetadata.frameworks.openmetadata.client,LOW,LOW,UNRELATED or NORMAL
org.odpi.openmetadata.adapters.connectors.egeriainfrastructure.servers,org.odpi.openmetadata.serveroperations.properties,LOW,LOW,UNRELATED or NORMAL
org.odpi.openmetadata.engineservices.repositorygovernance.handlers,org.odpi.openmetadata.frameworks.connectors.ffdc,LOW,LOW,UNRELATED or NORMAL
org.odpi.openmetadata.frameworks.openmetadata.handlers,org.odpi.openmetadata.frameworks.openmetadata.properties.implementations,LOW,LOW,UNRELATED or NORMAL
org.odpi.openmetadata.frameworkservices.gaf.client,org.odpi.openmetadata.governanceservers.enginehostservices.registration,LOW,LOW,UNRELATED or NORMAL
org.odpi.openmetadata.adapters.connectors.babbage,org.odpi.openmetadata.frameworks.openmetadata.ffdc,LOW,LOW,UNRELATED or NORMAL
org.odpi.openmetadata.frameworks.openmetadata.builders,org.odpi.openmetadata.frameworks.openmetadata.properties.validvalues,LOW,LOW,UNRELATED or NORMAL
org.odpi.openmetadata.frameworks.auditlog,org.odpi.openmetadata.frameworkservices.gaf.handlers,LOW,LOW,UNRELATED or NORMAL
org.odpi.openmetadata.frameworks.openmetadata.builders,org.odpi.openmetadata.frameworks.openmetadata.properties.assets.filesandfolders,LOW,LOW,UNRELATED or NORMAL
org.odpi.openmetadata.adapters.connectors.governanceactions.remediation,org.odpi.openmetadata.samples.archiveutilities.governanceengines,LOW,LOW,UNRELATED or NORMAL
org.odpi.openmetadata.frameworks.auditlog.messagesets,org.odpi.openmetadata.frameworks.opengovernance,LOW,LOW,UNRELATED or NORMAL
org.odpi.openmetadata.frameworks.openmetadata.handlers,org.odpi.openmetadata.frameworks.openmetadata.properties.assets.infrastructure,LOW,LOW,UNRELATED or NORMAL
org.odpi.openmetadata.adapters.connectors.externalharvesters.harvestsurveys,org.odpi.openmetadata.frameworks.opengovernance.properties,LOW,LOW,UNRELATED or NORMAL
org.odpi.openmetadata.adapters.connectors.apachekafka.integration,org.odpi.openmetadata.frameworks.integration.context,LOW,LOW,UNRELATED or NORMAL
org.odpi.openmetadata.adminservices.samples.configure,org.odpi.openmetadata.frameworks.openmetadata.ffdc,LOW,LOW,UNRELATED or NORMAL
org.odpi.openmetadata.adapters.connectors.externalharvesters.harvestopenmetadata,org.odpi.openmetadata.frameworks.integration.context,LOW,LOW,UNRELATED or NORMAL
org.odpi.openmetadata.contentpacks.core,org.odpi.openmetadata.frameworks.openmetadata.types,LOW,LOW,UNRELATED or NORMAL
org.odpi.openmetadata.frameworks.auditlog,org.odpi.openmetadata.viewservices.myprofile.server,LOW,LOW,UNRELATED or NORMAL
org.odpi.openmetadata.frameworks.openmetadata.metadataelements,org.odpi.openmetadata.viewservices.runtimemanager.server,LOW,LOW,UNRELATED or NORMAL
org.odpi.openmetadata.adapters.connectors.subscriptions,org.odpi.openmetadata.frameworks.openmetadata.refdata,LOW,LOW,UNRELATED or NORMAL
org.odpi.openmetadata.frameworkservices.gaf.client,org.odpi.openmetadata.frameworkservices.gaf.client.rest,LOW,LOW,UNRELATED or NORMAL
org.odpi.openmetadata.adapters.connectors,org.odpi.openmetadata.frameworks.openmetadata.types,LOW,LOW,UNRELATED or NORMAL
org.odpi.openmetadata.frameworks.connectors.properties.beans,org.odpi.openmetadata.repositoryservices.localrepository.repositoryconnector,LOW,LOW,UNRELATED or NORMAL
org.odpi.openmetadata.governanceservers.enginehostservices.admin,org.odpi.openmetadata.governanceservers.enginehostservices.server,LOW,LOW,UNRELATED or NORMAL
org.odpi.openmetadata.commonservices.multitenant,org.odpi.openmetadata.viewservices.assetcatalog.server,LOW,LOW,UNRELATED or NORMAL
org.odpi.openmetadata.contentpacks.core.base,org.odpi.openmetadata.contentpacks.core.egeria,LOW,LOW,UNRELATED or NORMAL
org.odpi.openmetadata.frameworkservices.omf.rest,org.odpi.openmetadata.viewservices.metadataexpert.server.spring,LOW,LOW,UNRELATED or NORMAL
org.odpi.openmetadata.adminservices.configuration.registration,org.odpi.openmetadata.viewservices.governanceofficer.server,LOW,LOW,UNRELATED or NORMAL
org.odpi.openmetadata.adminservices.configuration.registration,org.odpi.openmetadata.viewservices.externallinks.server,LOW,LOW,UNRELATED or NORMAL
org.odpi.openmetadata.commonservices.ffdc,org.odpi.openmetadata.frameworkservices.gaf.handlers,LOW,LOW,UNRELATED or NORMAL
org.odpi.openmetadata.frameworks.openmetadata.handlers,org.odpi.openmetadata.frameworks.openmetadata.properties.connections,LOW,LOW,UNRELATED or NORMAL
org.odpi.openmetadata.adminservices.configuration.registration,org.odpi.openmetadata.viewservices.validmetadata.server,LOW,LOW,UNRELATED or NORMAL
org.odpi.openmetadata.adminservices.configuration.registration,org.odpi.openmetadata.viewservices.connectionmaker.server,LOW,LOW,UNRELATED or NORMAL
org.odpi.openmetadata.adminservices.client,org.odpi.openmetadata.frameworks.connectors,LOW,LOW,UNRELATED or NORMAL
org.odpi.openmetadata.adapters.connectors.controls,org.odpi.openmetadata.adapters.connectors.unitycatalog.provision,LOW,LOW,UNRELATED or NORMAL
org.odpi.openmetadata.adapters.connectors.externalharvesters.harvestopenmetadata,org.odpi.openmetadata.frameworks.openmetadata.types,LOW,LOW,UNRELATED or NORMAL
org.odpi.openmetadata.frameworks.openmetadata.handlers,org.odpi.openmetadata.viewservices.assetcatalog.server,LOW,LOW,UNRELATED or NORMAL
org.odpi.openmetadata.engineservices.watchdogaction.handlers,org.odpi.openmetadata.frameworkservices.gaf.client,LOW,LOW,UNRELATED or NORMAL
org.odpi.openmetadata.frameworks.openmetadata.handlers,org.odpi.openmetadata.viewservices.peopleorganizer.server,LOW,LOW,UNRELATED or NORMAL
org.odpi.openmetadata.metadatasecurity.accessconnector,org.odpi.openmetadata.repositoryservices.connectors.stores.metadatacollectionstore.repositoryconnector,LOW,LOW,UNRELATED or NORMAL
org.odpi.openmetadata.engineservices.watchdogaction.handlers,org.odpi.openmetadata.frameworks.openwatchdog,LOW,LOW,UNRELATED or NORMAL
org.odpi.openmetadata.accessservices.digitalarchitecture.fvt.locations,org.odpi.openmetadata.frameworks.openmetadata.properties.locations,LOW,LOW,UNRELATED or NORMAL
org.odpi.openmetadata.adapters.connectors.apacheatlas.survey.controls,org.odpi.openmetadata.frameworks.opensurvey.controls,LOW,LOW,UNRELATED or NORMAL
org.odpi.openmetadata.commonservices.ffdc.properties,org.odpi.openmetadata.commonservices.multitenant,LOW,LOW,UNRELATED or NORMAL
org.odpi.openmetadata.accessservices.assetconsumer.fvt,org.odpi.openmetadata.frameworks.auditlog,LOW,LOW,UNRELATED or NORMAL
org.odpi.openmetadata.adapters.connectors.integration.jdbc.ffdc,org.odpi.openmetadata.frameworks.auditlog,LOW,LOW,UNRELATED or NORMAL
org.odpi.openmetadata.adapters.connectors.integration.basicfiles,org.odpi.openmetadata.frameworks.connectors.properties.beans,LOW,LOW,UNRELATED or NORMAL
org.odpi.openmetadata.adminservices.configuration.properties,org.odpi.openmetadata.governanceservers.integrationdaemonservices.server,LOW,LOW,UNRELATED or NORMAL
org.odpi.openmetadata.frameworks.integration.connectors,org.odpi.openmetadata.frameworks.openmetadata.ffdc,LOW,LOW,UNRELATED or NORMAL
org.odpi.openmetadata.conformance.ffdc,org.odpi.openmetadata.frameworks.auditlog,LOW,LOW,UNRELATED or NORMAL
org.odpi.openmetadata.adapters.connectors.postgres.survey,org.odpi.openmetadata.adapters.connectors.resource.jdbc,LOW,LOW,UNRELATED or NORMAL
org.odpi.openmetadata.frameworks.openmetadata.mermaid,org.odpi.openmetadata.frameworks.openmetadata.refdata,LOW,LOW,UNRELATED or NORMAL
org.odpi.openmetadata.frameworks.auditlog,org.odpi.openmetadata.repositoryservices.enterprise.repositoryconnector.executors,LOW,LOW,UNRELATED or NORMAL
org.odpi.openmetadata.frameworks.auditlog,org.odpi.openmetadata.metadatasecurity.connectors,LOW,LOW,UNRELATED or NORMAL
org.odpi.openmetadata.repositoryservices.localrepository.repositoryconnector,org.odpi.openmetadata.repositoryservices.localrepository.repositorycontentmanager,LOW,LOW,UNRELATED or NORMAL
org.odpi.openmetadata.adapters.repositoryservices.auditlogstore.slf4j,org.odpi.openmetadata.repositoryservices.connectors.stores.auditlogstore,LOW,LOW,UNRELATED or NORMAL
org.odpi.openmetadata.commonservices.ffdc.rest,org.odpi.openmetadata.viewservices.schemamaker.server.spring,LOW,LOW,UNRELATED or NORMAL
org.odpi.openmetadata.adapters.connectors.integration.openapis,org.odpi.openmetadata.frameworks.openmetadata.ffdc,LOW,LOW,UNRELATED or NORMAL
org.odpi.openmetadata.commonservices.ffdc,org.odpi.openmetadata.frameworkservices.ocf.metadatamanagement.server,LOW,LOW,UNRELATED or NORMAL
org.odpi.openmetadata.repositoryservices.connectors.stores.archivestore.properties,org.odpi.openmetadata.repositoryservices.connectors.stores.metadatacollectionstore.properties.typedefs,LOW,LOW,UNRELATED or NORMAL
org.odpi.openmetadata.commonservices.repositoryhandler,org.odpi.openmetadata.frameworkservices.gaf.handlers,LOW,LOW,UNRELATED or NORMAL
org.odpi.openmetadata.conformance.tests.repository,org.odpi.openmetadata.repositoryservices.connectors.stores.metadatacollectionstore.repositoryconnector,LOW,LOW,UNRELATED or NORMAL
org.odpi.openmetadata.adapters.connectors.controls,org.odpi.openmetadata.frameworks.openmetadata.types,LOW,LOW,UNRELATED or NORMAL
org.odpi.openmetadata.commonservices.multitenant,org.odpi.openmetadata.viewservices.communitymatters.server,LOW,LOW,UNRELATED or NORMAL
org.odpi.openmetadata.frameworks.openmetadata.handlers,org.odpi.openmetadata.frameworks.openmetadata.properties.assets.processes.actions,LOW,LOW,UNRELATED or NORMAL
org.odpi.openmetadata.frameworkservices.omf.rest,org.odpi.openmetadata.repositoryservices.rest.properties,LOW,LOW,UNRELATED or NORMAL
org.odpi.openmetadata.serveroperations.server,org.odpi.openmetadata.tokencontroller,LOW,LOW,UNRELATED or NORMAL
org.odpi.openmetadata.adapters.connectors.integration.openlineage,org.odpi.openmetadata.frameworks.openmetadata.ffdc,LOW,LOW,UNRELATED or NORMAL
org.odpi.openmetadata.adapters.connectors.governanceactions.verification,org.odpi.openmetadata.frameworks.opengovernance,LOW,LOW,UNRELATED or NORMAL
org.odpi.openmetadata.contentpacks.core.apacheatlas,org.odpi.openmetadata.contentpacks.core.base,LOW,LOW,UNRELATED or NORMAL
org.odpi.openmetadata.adapters.connectors.jacquard.tabulardatasets,org.odpi.openmetadata.adapters.connectors.jacquard.tabulardatasets.referencedata,LOW,LOW,UNRELATED or NORMAL
org.odpi.openmetadata.contentpacks.core.apachekafka,org.odpi.openmetadata.contentpacks.core.base,LOW,LOW,UNRELATED or NORMAL
org.odpi.openmetadata.adapters.connectors.integration.basicfiles.controls,org.odpi.openmetadata.contentpacks.core,LOW,LOW,UNRELATED or NORMAL
org.odpi.openmetadata.conformance.workbenches.repository,org.odpi.openmetadata.repositoryservices.connectors.stores.metadatacollectionstore.repositoryconnector,LOW,LOW,UNRELATED or NORMAL
org.odpi.openmetadata.repositoryservices.admin,org.odpi.openmetadata.repositoryservices.eventmanagement,LOW,LOW,UNRELATED or NORMAL
org.odpi.openmetadata.frameworks.openmetadata.converters,org.odpi.openmetadata.frameworks.openmetadata.properties.templates,LOW,LOW,UNRELATED or NORMAL
org.odpi.openmetadata.conformance.tests.repository,org.odpi.openmetadata.conformance.workbenches.repository,LOW,LOW,UNRELATED or NORMAL
org.odpi.openmetadata.adapters.connectors.governanceactions.verification,org.odpi.openmetadata.frameworks.openmetadata.specificationproperties,LOW,LOW,UNRELATED or NORMAL
org.odpi.openmetadata.adapters.connectors.jacquard,org.odpi.openmetadata.frameworks.openmetadata.properties.actors,LOW,LOW,UNRELATED or NORMAL
org.odpi.openmetadata.adapters.connectors.apacheatlas.survey,org.odpi.openmetadata.frameworks.opensurvey.controls,LOW,LOW,UNRELATED or NORMAL
org.odpi.openmetadata.adapters.connectors.apacheatlas.resource,org.odpi.openmetadata.adapters.connectors.restclients,LOW,LOW,UNRELATED or NORMAL
org.odpi.openmetadata.frameworks.auditlog,org.odpi.openmetadata.frameworks.opengovernance,LOW,LOW,UNRELATED or NORMAL
org.odpi.openmetadata.adapters.connectors.jacquard,org.odpi.openmetadata.frameworks.openmetadata.properties.validvalues,LOW,LOW,UNRELATED or NORMAL
org.odpi.openmetadata.accessservices.assetowner.fvt,org.odpi.openmetadata.http,LOW,LOW,UNRELATED or NORMAL
org.odpi.openmetadata.adminservices.registration,org.odpi.openmetadata.viewservices.assetcatalog.server,LOW,LOW,UNRELATED or NORMAL
org.odpi.openmetadata.frameworks.openmetadata.properties.softwarecapabilities,org.odpi.openmetadata.governanceservers.integrationdaemonservices.handlers,LOW,LOW,UNRELATED or NORMAL
org.odpi.openmetadata.frameworks.openmetadata.properties.assets.processes.actions,org.odpi.openmetadata.viewservices.assetmaker.server,LOW,LOW,UNRELATED or NORMAL
org.odpi.openmetadata.engineservices.surveyaction.server,org.odpi.openmetadata.governanceservers.enginehostservices.registration,LOW,LOW,UNRELATED or NORMAL
org.odpi.openmetadata.accessservices.assetmanager.samples.glossaryworkflow,org.odpi.openmetadata.http,LOW,LOW,UNRELATED or NORMAL
org.odpi.openmetadata.adapters.connectors.surveyaction.surveyfile,org.odpi.openmetadata.frameworks.connectors.controls,LOW,LOW,UNRELATED or NORMAL
org.odpi.openmetadata.adminservices.registration,org.odpi.openmetadata.viewservices.dataofficer.server,LOW,LOW,UNRELATED or NORMAL
org.odpi.openmetadata.adminservices.registration,org.odpi.openmetadata.viewservices.multilanguage.server,LOW,LOW,UNRELATED or NORMAL
org.odpi.openmetadata.accessservices.datamanager.fvt,org.odpi.openmetadata.accessservices.datamanager.fvt.connections,LOW,LOW,UNRELATED or NORMAL
org.odpi.openmetadata.accessservices.digitalarchitecture.fvt,org.odpi.openmetadata.accessservices.digitalarchitecture.fvt.validvalues,LOW,LOW,UNRELATED or NORMAL
org.odpi.openmetadata.accessservices.assetconsumer.samples.readcsvfile,org.odpi.openmetadata.http,LOW,LOW,UNRELATED or NORMAL
org.odpi.openmetadata.adapters.connectors.apacheatlas.integration,org.odpi.openmetadata.frameworks.connectors.controls,LOW,LOW,UNRELATED or NORMAL
org.odpi.openmetadata.adapters.eventbus.topic.kafka,org.odpi.openmetadata.frameworks.connectors.controls,LOW,LOW,UNRELATED or NORMAL
org.odpi.openmetadata.metadatasecurity.server,org.odpi.openmetadata.platformchassis.springboot,LOW,LOW,UNRELATED or NORMAL
org.odpi.openmetadata.accessservices.governanceprogram.fvt,org.odpi.openmetadata.accessservices.governanceprogram.fvt.errorhandling,LOW,LOW,UNRELATED or NORMAL
org.odpi.openmetadata.adminservices.registration,org.odpi.openmetadata.viewservices.dataengineer.server,LOW,LOW,UNRELATED or NORMAL
org.odpi.openmetadata.accessservices.assetowner.fvt,org.odpi.openmetadata.accessservices.assetowner.fvt.connections,LOW,LOW,UNRELATED or NORMAL
org.odpi.openmetadata.accessservices.assetmanager.fvt,org.odpi.openmetadata.accessservices.assetmanager.fvt.externalidentifiers,LOW,LOW,UNRELATED or NORMAL
org.odpi.openmetadata.frameworks.openmetadata.properties.collections,org.odpi.openmetadata.viewservices.solutionarchitect.server,LOW,LOW,UNRELATED or NORMAL
org.odpi.openmetadata.accessservices.datamanager.fvt,org.odpi.openmetadata.accessservices.datamanager.fvt.clientconstructors,LOW,LOW,UNRELATED or NORMAL
org.odpi.openmetadata.adapters.connectors.surveyaction.surveycsv,org.odpi.openmetadata.frameworks.connectors.controls,LOW,LOW,UNRELATED or NORMAL
org.odpi.openmetadata.engineservices.governanceaction.server,org.odpi.openmetadata.governanceservers.enginehostservices.registration,LOW,LOW,UNRELATED or NORMAL
org.odpi.openmetadata.adminservices.registration,org.odpi.openmetadata.viewservices.actionauthor.server,LOW,LOW,UNRELATED or NORMAL
org.odpi.openmetadata.http,org.odpi.openmetadata.utilities.serverconfig,LOW,LOW,UNRELATED or NORMAL
org.odpi.openmetadata.accessservices.governanceprogram.samples.leadership,org.odpi.openmetadata.http,LOW,LOW,UNRELATED or NORMAL
org.odpi.openmetadata.adapters.connectors.apachekafka.survey,org.odpi.openmetadata.frameworks.connectors.controls,LOW,LOW,UNRELATED or NORMAL
org.odpi.openmetadata.accessservices.governanceserver.fvt,org.odpi.openmetadata.http,LOW,LOW,UNRELATED or NORMAL
org.odpi.openmetadata.frameworks.openmetadata.properties.security,org.odpi.openmetadata.viewservices.actormanager.server,LOW,LOW,UNRELATED or NORMAL
org.odpi.openmetadata.adminservices.registration,org.odpi.openmetadata.viewservices.communitymatters.server,LOW,LOW,UNRELATED or NORMAL
org.odpi.openmetadata.accessservices.governanceprogram.samples.zonecreate,org.odpi.openmetadata.http,LOW,LOW,UNRELATED or NORMAL
org.odpi.openmetadata.adapters.connectors.surveyaction.controls,org.odpi.openmetadata.adapters.connectors.unitycatalog.survey,LOW,LOW,UNRELATED or NORMAL
org.odpi.openmetadata.accessservices.datamanager.fvt,org.odpi.openmetadata.accessservices.datamanager.fvt.validvalues,LOW,LOW,UNRELATED or NORMAL
org.odpi.openmetadata.accessservices.assetowner.fvt,org.odpi.openmetadata.accessservices.assetowner.fvt.dataassets,LOW,LOW,UNRELATED or NORMAL
org.odpi.openmetadata.http,org.odpi.openmetadata.platformchassis.springboot,LOW,LOW,UNRELATED or NORMAL
org.odpi.openmetadata.accessservices.stewardshipaction.fvt,org.odpi.openmetadata.http,LOW,LOW,UNRELATED or NORMAL
org.odpi.openmetadata.adapters.connectors.apacheatlas.survey,org.odpi.openmetadata.frameworks.connectors.controls,LOW,LOW,UNRELATED or NORMAL
org.odpi.openmetadata.adminservices.registration,org.odpi.openmetadata.viewservices.solutionarchitect.server,LOW,LOW,UNRELATED or NORMAL
org.odpi.openmetadata.accessservices.assetmanager.fvt,org.odpi.openmetadata.http,LOW,LOW,UNRELATED or NORMAL
org.odpi.openmetadata.adapters.connectors.unitycatalog.provision,org.odpi.openmetadata.frameworks.connectors.controls,LOW,LOW,UNRELATED or NORMAL
org.odpi.openmetadata.adminservices.registration,org.odpi.openmetadata.viewservices.runtimemanager.server,LOW,LOW,UNRELATED or NORMAL
org.odpi.openmetadata.metadatasecurity.server,org.odpi.openmetadata.userauthn.auth,LOW,LOW,UNRELATED or NORMAL
org.odpi.openmetadata.accessservices.assetmanager.fvt,org.odpi.openmetadata.accessservices.assetmanager.fvt.errorhandling,LOW,LOW,UNRELATED or NORMAL
org.odpi.openmetadata.accessservices.datamanager.fvt,org.odpi.openmetadata.accessservices.datamanager.fvt.errorhandling,LOW,LOW,UNRELATED or NORMAL
org.odpi.openmetadata.accessservices.governanceserver.fvt,org.odpi.openmetadata.accessservices.governanceserver.fvt.duplicates,LOW,LOW,UNRELATED or NORMAL
org.odpi.openmetadata.accessservices.assetmanager.fvt,org.odpi.openmetadata.accessservices.assetmanager.fvt.clientconstructors,LOW,LOW,UNRELATED or NORMAL
org.odpi.openmetadata.conformance.client,org.odpi.openmetadata.http,LOW,LOW,UNRELATED or NORMAL
org.odpi.openmetadata.adminservices.registration,org.odpi.openmetadata.viewservices.governanceofficer.server,LOW,LOW,UNRELATED or NORMAL
org.odpi.openmetadata.adminservices.configuration.properties,org.odpi.openmetadata.adminservices.store,LOW,LOW,UNRELATED or NORMAL
org.odpi.openmetadata.adminservices.registration,org.odpi.openmetadata.viewservices.externallinks.server,LOW,LOW,UNRELATED or NORMAL
org.odpi.openmetadata.accessservices.assetowner.fvt,org.odpi.openmetadata.accessservices.assetowner.fvt.assets,LOW,LOW,UNRELATED or NORMAL
org.odpi.openmetadata.adminservices.samples.configure,org.odpi.openmetadata.http,LOW,LOW,UNRELATED or NORMAL
org.odpi.openmetadata.accessservices.digitalarchitecture.fvt,org.odpi.openmetadata.http,LOW,LOW,UNRELATED or NORMAL
org.odpi.openmetadata.adminservices.registration,org.odpi.openmetadata.viewservices.glossarymanager.server,LOW,LOW,UNRELATED or NORMAL
org.odpi.openmetadata.accessservices.stewardshipaction.fvt,org.odpi.openmetadata.accessservices.stewardshipaction.fvt.clientconstructors,LOW,LOW,UNRELATED or NORMAL
org.odpi.openmetadata.adminservices.registration,org.odpi.openmetadata.viewservices.classificationexplorer.server,LOW,LOW,UNRELATED or NORMAL
org.odpi.openmetadata.adminservices.registration,org.odpi.openmetadata.viewservices.locationarena.server,LOW,LOW,UNRELATED or NORMAL
org.odpi.openmetadata.adapters.connectors.integration.jdbc.transfer,org.odpi.openmetadata.frameworks.openmetadata.properties.assets,LOW,LOW,UNRELATED or NORMAL
org.odpi.openmetadata.accessservices.communityprofile.fvt,org.odpi.openmetadata.accessservices.communityprofile.fvt.todos,LOW,LOW,UNRELATED or NORMAL
org.odpi.openmetadata.adminservices.registration,org.odpi.openmetadata.viewservices.securityofficer.server,LOW,LOW,UNRELATED or NORMAL
org.odpi.openmetadata.adminservices.registration,org.odpi.openmetadata.viewservices.productmanager.server,LOW,LOW,UNRELATED or NORMAL
org.odpi.openmetadata.adminservices.registration,org.odpi.openmetadata.viewservices.privacyofficer.server,LOW,LOW,UNRELATED or NORMAL
org.odpi.openmetadata.adminservices.registration,org.odpi.openmetadata.viewservices.templatemanager.server,LOW,LOW,UNRELATED or NORMAL
org.odpi.openmetadata.accessservices.assetowner.samples.createcsvfile,org.odpi.openmetadata.http,LOW,LOW,UNRELATED or NORMAL
org.odpi.openmetadata.adapters.connectors.apacheatlas.survey.controls,org.odpi.openmetadata.contentpacks.core.apacheatlas,LOW,LOW,UNRELATED or NORMAL
org.odpi.openmetadata.adminservices.registration,org.odpi.openmetadata.viewservices.metadataexpert.server,LOW,LOW,UNRELATED or NORMAL
org.odpi.openmetadata.accessservices.governanceprogram.fvt,org.odpi.openmetadata.accessservices.governanceprogram.fvt.definitions,LOW,LOW,UNRELATED or NORMAL
org.odpi.openmetadata.accessservices.governanceserver.fvt,org.odpi.openmetadata.accessservices.governanceserver.fvt.clientconstructors,LOW,LOW,UNRELATED or NORMAL
org.odpi.openmetadata.accessservices.assetmanager.fvt,org.odpi.openmetadata.accessservices.assetmanager.fvt.connections,LOW,LOW,UNRELATED or NORMAL
org.odpi.openmetadata.adapters.connectors.resource.jdbc,org.odpi.openmetadata.frameworks.connectors.controls,LOW,LOW,UNRELATED or NORMAL
org.odpi.openmetadata.frameworks.connectors.properties.beans,org.odpi.openmetadata.governanceservers.enginehostservices.admin,LOW,LOW,UNRELATED or NORMAL
org.odpi.openmetadata.adapters.connectors.apacheatlas.resource,org.odpi.openmetadata.frameworks.connectors.controls,LOW,LOW,UNRELATED or NORMAL
org.odpi.openmetadata.accessservices.communityprofile.fvt,org.odpi.openmetadata.http,LOW,LOW,UNRELATED or NORMAL
org.odpi.openmetadata.accessservices.communityprofile.fvt,org.odpi.openmetadata.accessservices.communityprofile.fvt.profiles,LOW,LOW,UNRELATED or NORMAL
org.odpi.openmetadata.adminservices.registration,org.odpi.openmetadata.viewservices.feedbackmanager.server,LOW,LOW,UNRELATED or NORMAL
org.odpi.openmetadata.adapters.connectors,org.odpi.openmetadata.reports.componentid,LOW,LOW,UNRELATED or NORMAL
org.odpi.openmetadata.frameworks.openmetadata.properties.feedback,org.odpi.openmetadata.viewservices.classificationexplorer.server,LOW,LOW,UNRELATED or NORMAL
org.odpi.openmetadata.repositoryservices.properties,org.odpi.openmetadata.repositoryservices.rest.properties,LOW,LOW,UNRELATED or NORMAL
org.odpi.openmetadata.accessservices.assetowner.samples.createavrofile,org.odpi.openmetadata.http,LOW,LOW,UNRELATED or NORMAL
org.odpi.openmetadata.http,org.odpi.openmetadata.utilities.serverops,LOW,LOW,UNRELATED or NORMAL
org.odpi.openmetadata.engineservices.watchdogaction.server,org.odpi.openmetadata.governanceservers.enginehostservices.registration,LOW,LOW,UNRELATED or NORMAL
org.odpi.openmetadata.accessservices.assetconsumer.fvt,org.odpi.openmetadata.http,LOW,LOW,UNRELATED or NORMAL
org.odpi.openmetadata.accessservices.samples.assetsetup,org.odpi.openmetadata.http,LOW,LOW,UNRELATED or NORMAL
org.odpi.openmetadata.adminservices.registration,org.odpi.openmetadata.frameworkservices.gaf.server,LOW,LOW,UNRELATED or NORMAL
org.odpi.openmetadata.adminservices.registration,org.odpi.openmetadata.frameworkservices.omf.server,LOW,LOW,UNRELATED or NORMAL
org.odpi.openmetadata.adminservices.registration,org.odpi.openmetadata.viewservices.productcatalog.server,LOW,LOW,UNRELATED or NORMAL
org.odpi.openmetadata.adminservices.registration,org.odpi.openmetadata.viewservices.validmetadata.server,LOW,LOW,UNRELATED or NORMAL
org.odpi.openmetadata.adapters.connectors.postgres.catalog,org.odpi.openmetadata.frameworks.connectors.controls,LOW,LOW,UNRELATED or NORMAL
org.odpi.openmetadata.accessservices.governanceserver.fvt,org.odpi.openmetadata.accessservices.governanceserver.fvt.errorhandling,LOW,LOW,UNRELATED or NORMAL
org.odpi.openmetadata.accessservices.governanceprogram.fvt,org.odpi.openmetadata.http,LOW,LOW,UNRELATED or NORMAL
org.odpi.openmetadata.accessservices.assetconsumer.samples.readavrofile,org.odpi.openmetadata.http,LOW,LOW,UNRELATED or NORMAL
org.odpi.openmetadata.accessservices.stewardshipaction.fvt,org.odpi.openmetadata.accessservices.stewardshipaction.fvt.duplicateprocessing,LOW,LOW,UNRELATED or NORMAL
org.odpi.openmetadata.adapters.connectors.integration.jdbc,org.odpi.openmetadata.frameworks.connectors.controls,LOW,LOW,UNRELATED or NORMAL
org.odpi.openmetadata.adapters.connectors.integration.openapis,org.odpi.openmetadata.frameworks.integration.context,LOW,LOW,UNRELATED or NORMAL
org.odpi.openmetadata.adapters.connectors.governanceactions.watchdog,org.odpi.openmetadata.frameworks.connectors.controls,LOW,LOW,UNRELATED or NORMAL
org.odpi.openmetadata.adminservices.registration,org.odpi.openmetadata.viewservices.devopspipeline.server,LOW,LOW,UNRELATED or NORMAL
org.odpi.openmetadata.adapters.connectors.reports.surveyreport,org.odpi.openmetadata.frameworks.opensurvey.controls,LOW,LOW,UNRELATED or NORMAL
org.odpi.openmetadata.engineservices.repositorygovernance.server,org.odpi.openmetadata.governanceservers.enginehostservices.registration,LOW,LOW,UNRELATED or NORMAL
org.odpi.openmetadata.accessservices.digitalarchitecture.fvt,org.odpi.openmetadata.accessservices.digitalarchitecture.fvt.connections,LOW,LOW,UNRELATED or NORMAL
org.odpi.openmetadata.adapters.connectors.surveyaction.surveyfolder,org.odpi.openmetadata.frameworks.connectors.controls,LOW,LOW,UNRELATED or NORMAL
org.odpi.openmetadata.adapters.repositoryservices.auditlogstore.postgres,org.odpi.openmetadata.frameworks.connectors.controls,LOW,LOW,UNRELATED or NORMAL
org.odpi.openmetadata.accessservices.assetmanager.fvt,org.odpi.openmetadata.accessservices.assetmanager.fvt.glossaries,LOW,LOW,UNRELATED or NORMAL
org.odpi.openmetadata.accessservices.digitalarchitecture.fvt,org.odpi.openmetadata.accessservices.digitalarchitecture.fvt.errorhandling,LOW,LOW,UNRELATED or NORMAL
org.odpi.openmetadata.adminservices.registration,org.odpi.openmetadata.viewservices.actormanager.server,LOW,LOW,UNRELATED or NORMAL
org.odpi.openmetadata.commonservices.multitenant,org.odpi.openmetadata.governanceservers.enginehostservices.registration,LOW,LOW,UNRELATED or NORMAL
org.odpi.openmetadata.adminservices.registration,org.odpi.openmetadata.viewservices.collectionmanager.server,LOW,LOW,UNRELATED or NORMAL
org.odpi.openmetadata.repositoryservices.connectors.omrstopic,org.odpi.openmetadata.repositoryservices.events.beans,LOW,LOW,UNRELATED or NORMAL
org.odpi.openmetadata.adminservices.registration,org.odpi.openmetadata.viewservices.lineagelinker.server,LOW,LOW,UNRELATED or NORMAL
org.odpi.openmetadata.frameworks.openmetadata.properties.communities,org.odpi.openmetadata.viewservices.communitymatters.server,LOW,LOW,UNRELATED or NORMAL
org.odpi.openmetadata.accessservices.governanceprogram.samples.subjectareas,org.odpi.openmetadata.http,LOW,LOW,UNRELATED or NORMAL
org.odpi.openmetadata.accessservices.datamanager.fvt,org.odpi.openmetadata.accessservices.datamanager.fvt.databases,LOW,LOW,UNRELATED or NORMAL
org.odpi.openmetadata.adminservices.registration,org.odpi.openmetadata.viewservices.connectionmaker.server,LOW,LOW,UNRELATED or NORMAL
org.odpi.openmetadata.adapters.repositoryservices.rest.repositoryconnector,org.odpi.openmetadata.frameworks.connectors,LOW,LOW,UNRELATED or NORMAL
org.odpi.openmetadata.adapters.connectors.datastore.datafolder,org.odpi.openmetadata.frameworks.connectors.controls,LOW,LOW,UNRELATED or NORMAL
org.odpi.openmetadata.adapters.repositoryservices.auditlogstore.postgres,org.odpi.openmetadata.adapters.repositoryservices.auditlogstore.postgres.controls,LOW,LOW,UNRELATED or NORMAL
org.odpi.openmetadata.adminservices.registration,org.odpi.openmetadata.viewservices.datadesigner.server,LOW,LOW,UNRELATED or NORMAL
org.odpi.openmetadata.adminservices.registration,org.odpi.openmetadata.viewservices.digitalbusiness.server,LOW,LOW,UNRELATED or NORMAL
org.odpi.openmetadata.adminservices.registration,org.odpi.openmetadata.viewservices.subjectarea.server,LOW,LOW,UNRELATED or NORMAL
org.odpi.openmetadata.adminservices.registration,org.odpi.openmetadata.viewservices.projectmanager.server,LOW,LOW,UNRELATED or NORMAL
org.odpi.openmetadata.accessservices.communityprofile.fvt,org.odpi.openmetadata.accessservices.communityprofile.fvt.errorhandling,LOW,LOW,UNRELATED or NORMAL
org.odpi.openmetadata.adminservices.registration,org.odpi.openmetadata.viewservices.referencedata.server,LOW,LOW,UNRELATED or NORMAL
org.odpi.openmetadata.frameworks.openmetadata.connectorcontext,org.odpi.openmetadata.frameworks.openmetadata.properties.translations,LOW,LOW,UNRELATED or NORMAL
org.odpi.openmetadata.frameworks.openmetadata.properties.actors,org.odpi.openmetadata.viewservices.assetmaker.server,LOW,LOW,UNRELATED or NORMAL
org.odpi.openmetadata.accessservices.communityprofile.fvt,org.odpi.openmetadata.accessservices.communityprofile.fvt.clientconstructors,LOW,LOW,UNRELATED or NORMAL
org.odpi.openmetadata.accessservices.assetowner.fvt,org.odpi.openmetadata.accessservices.assetowner.fvt.validmetadatavalues,LOW,LOW,UNRELATED or NORMAL
org.odpi.openmetadata.adapters.connectors.baudot,org.odpi.openmetadata.adapters.connectors.governanceactions.watchdog,LOW,LOW,UNRELATED or NORMAL
org.odpi.openmetadata.accessservices.governanceserver.fvt,org.odpi.openmetadata.accessservices.governanceserver.fvt.engines,LOW,LOW,UNRELATED or NORMAL
org.odpi.openmetadata.adminservices.registration,org.odpi.openmetadata.viewservices.timekeeper.server,LOW,LOW,UNRELATED or NORMAL
org.odpi.openmetadata.accessservices.digitalarchitecture.fvt,org.odpi.openmetadata.accessservices.digitalarchitecture.fvt.clientconstructors,LOW,LOW,UNRELATED or NORMAL
org.odpi.openmetadata.adapters.connectors.controls,org.odpi.openmetadata.contentpacks.core.core,LOW,LOW,UNRELATED or NORMAL
org.odpi.openmetadata.frameworks.openmetadata.properties.lineage,org.odpi.openmetadata.viewservices.lineagelinker.server,LOW,LOW,UNRELATED or NORMAL
org.odpi.openmetadata.accessservices.assetowner.fvt,org.odpi.openmetadata.accessservices.assetowner.fvt.clientconstructors,LOW,LOW,UNRELATED or NORMAL
org.odpi.openmetadata.accessservices.itinfrastructure.samples.assetdeploy,org.odpi.openmetadata.http,LOW,LOW,UNRELATED or NORMAL
org.odpi.openmetadata.adminservices.registration,org.odpi.openmetadata.viewservices.datadiscovery.server,LOW,LOW,UNRELATED or NORMAL
org.odpi.openmetadata.repositoryservices.connectors.stores.metadatacollectionstore,org.odpi.openmetadata.repositoryservices.enterprise.connectormanager,LOW,LOW,UNRELATED or NORMAL
org.odpi.openmetadata.accessservices.datamanager.fvt,org.odpi.openmetadata.http,LOW,LOW,UNRELATED or NORMAL
org.odpi.openmetadata.frameworks.openmetadata.properties.assets,org.odpi.openmetadata.viewservices.runtimemanager.server,LOW,LOW,UNRELATED or NORMAL
org.odpi.openmetadata.adminservices.registration,org.odpi.openmetadata.viewservices.automatedcuration.server,LOW,LOW,UNRELATED or NORMAL
org.odpi.openmetadata.adapters.connectors.integration.kafkaaudit,org.odpi.openmetadata.frameworks.connectors.controls,LOW,LOW,UNRELATED or NORMAL
org.odpi.openmetadata.accessservices.assetowner.fvt,org.odpi.openmetadata.accessservices.assetowner.fvt.errorhandling,LOW,LOW,UNRELATED or NORMAL
org.odpi.openmetadata.adapters.connectors.restclients.spring,org.odpi.openmetadata.tokenmanager.http,LOW,LOW,UNRELATED or NORMAL
org.odpi.openmetadata.accessservices.communityprofile.fvt,org.odpi.openmetadata.accessservices.communityprofile.fvt.validvalues,LOW,LOW,UNRELATED or NORMAL
org.odpi.openmetadata.adminservices.registration,org.odpi.openmetadata.frameworkservices.ocf.metadatamanagement.server,LOW,LOW,UNRELATED or NORMAL
org.odpi.openmetadata.adminservices.registration,org.odpi.openmetadata.viewservices.schemamaker.server,LOW,LOW,UNRELATED or NORMAL
org.odpi.openmetadata.frameworks.openmetadata.properties.assets.processes.connectors,org.odpi.openmetadata.viewservices.assetmaker.server,LOW,LOW,UNRELATED or NORMAL
org.odpi.openmetadata.adminservices.registration,org.odpi.openmetadata.viewservices.peopleorganizer.server,LOW,LOW,UNRELATED or NORMAL
org.odpi.openmetadata.accessservices.governanceprogram.fvt,org.odpi.openmetadata.accessservices.governanceprogram.fvt.clientconstructors,LOW,LOW,UNRELATED or NORMAL
org.odpi.openmetadata.adminservices.registration,org.odpi.openmetadata.viewservices.assetmaker.server,LOW,LOW,UNRELATED or NORMAL
org.odpi.openmetadata.adapters.connectors.apachekafka.survey.controls,org.odpi.openmetadata.contentpacks.core.apachekafka,LOW,LOW,UNRELATED or NORMAL
org.odpi.openmetadata.adapters.connectors.apachekafka.resource,org.odpi.openmetadata.frameworks.connectors.controls,LOW,LOW,UNRELATED or NORMAL
org.odpi.openmetadata.adminservices.registration,org.odpi.openmetadata.viewservices.notificationmanager.server,LOW,LOW,UNRELATED or NORMAL
org.odpi.openmetadata.frameworks.openmetadata.api,org.odpi.openmetadata.frameworks.openmetadata.properties.translations,LOW,LOW,UNRELATED or NORMAL
org.odpi.openmetadata.adminservices.registration,org.odpi.openmetadata.viewservices.myprofile.server,LOW,LOW,UNRELATED or NORMAL
org.odpi.openmetadata.accessservices.assetconsumer.samples.assetlookup,org.odpi.openmetadata.http,LOW,LOW,UNRELATED or NORMAL
org.odpi.openmetadata.adapters.connectors.apachekafka.integration,org.odpi.openmetadata.frameworks.connectors.controls,LOW,LOW,UNRELATED or NORMAL
org.odpi.openmetadata.frameworks.openmetadata.properties.translations,org.odpi.openmetadata.frameworkservices.omf.client,LOW,LOW,UNRELATED or NORMAL
org.odpi.openmetadata.accessservices.datamanager.fvt,org.odpi.openmetadata.accessservices.datamanager.fvt.events,LOW,LOW,UNRELATED or NORMAL
org.odpi.openmetadata.adapters.connectors.jacquard,org.odpi.openmetadata.frameworks.openmetadata.properties.datadictionaries,LOW,LOW,UNRELATED or NORMAL
org.odpi.openmetadata.adapters.connectors.governanceactions.remediation,org.odpi.openmetadata.frameworks.openmetadata.types,LOW,LOW,UNRELATED or NORMAL
org.odpi.openmetadata.adapters.connectors.integration.openapis,org.odpi.openmetadata.frameworks.auditlog,LOW,LOW,UNRELATED or NORMAL
org.odpi.openmetadata.governanceservers.integrationdaemonservices.properties,org.odpi.openmetadata.utilities.serverops,LOW,LOW,UNRELATED or NORMAL
org.odpi.openmetadata.adapters.connectors.jacquard,org.odpi.openmetadata.frameworks.openmetadata.properties.solutions,LOW,LOW,UNRELATED or NORMAL
org.odpi.openmetadata.accessservices.assetmanager.samples.glossaryworkflow,org.odpi.openmetadata.frameworks.openmetadata.properties.glossaries,LOW,LOW,UNRELATED or NORMAL
org.odpi.openmetadata.accessservices.governanceserver.fvt,org.odpi.openmetadata.fvt.utilities,LOW,LOW,UNRELATED or NORMAL
org.odpi.openmetadata.accessservices.digitalarchitecture.fvt,org.odpi.openmetadata.fvt.utilities,LOW,LOW,UNRELATED or NORMAL
org.odpi.openmetadata.governanceservers.enginehostservices.enginemap,org.odpi.openmetadata.governanceservers.enginehostservices.server,LOW,LOW,UNRELATED or NORMAL
org.odpi.openmetadata.engineservices.governanceaction.ffdc,org.odpi.openmetadata.frameworks.auditlog,LOW,LOW,UNRELATED or NORMAL
org.odpi.openmetadata.commonservices.ffdc.rest,org.odpi.openmetadata.governanceservers.integrationdaemonservices.rest,LOW,LOW,UNRELATED or NORMAL
org.odpi.openmetadata.adapters.connectors.datastore.basicfile,org.odpi.openmetadata.frameworks.connectors.properties.beans,LOW,LOW,UNRELATED or NORMAL
org.odpi.openmetadata.adapters.connectors.jacquard.ffdc,org.odpi.openmetadata.frameworks.auditlog,LOW,LOW,UNRELATED or NORMAL
org.odpi.openmetadata.frameworks.connectors.properties.users,org.odpi.openmetadata.userauthn.auth,LOW,LOW,UNRELATED or NORMAL
org.odpi.openmetadata.frameworks.openmetadata.refdata,org.odpi.openmetadata.samples.archiveutilities.clinicaltrialtemplates,LOW,LOW,UNRELATED or NORMAL
org.odpi.openmetadata.commonservices.ffdc.rest,org.odpi.openmetadata.viewservices.timekeeper.server.spring,LOW,LOW,UNRELATED or NORMAL
org.odpi.openmetadata.adminservices.ffdc,org.odpi.openmetadata.adminservices.registration,LOW,LOW,UNRELATED or NORMAL
org.odpi.openmetadata.adapters.connectors.integration.jdbc,org.odpi.openmetadata.frameworks.openmetadata.types,LOW,LOW,UNRELATED or NORMAL
org.odpi.openmetadata.repositoryservices.connectors.stores.auditlogstore,org.odpi.openmetadata.utilities.serverconfig,LOW,LOW,UNRELATED or NORMAL
org.odpi.openmetadata.accessservices.samples.assetsetup,org.odpi.openmetadata.frameworks.openmetadata.ffdc,LOW,LOW,UNRELATED or NORMAL
org.odpi.openmetadata.frameworks.openmetadata.properties.assets,org.odpi.openmetadata.frameworks.openmetadata.properties.assets.databases,LOW,LOW,UNRELATED or NORMAL
org.odpi.openmetadata.frameworks.openmetadata.properties.schema.events,org.odpi.openmetadata.frameworks.openmetadata.types,LOW,LOW,UNRELATED or NORMAL
org.odpi.openmetadata.frameworks.openmetadata.properties.schema.tabular,org.odpi.openmetadata.frameworks.openmetadata.types,LOW,LOW,UNRELATED or NORMAL
org.odpi.openmetadata.adapters.connectors.egeriainfrastructure.control,org.odpi.openmetadata.frameworks.opensurvey.controls,LOW,LOW,UNRELATED or NORMAL
org.odpi.openmetadata.adapters.connectors.egeriainfrastructure.platform,org.odpi.openmetadata.adminservices.ffdc.exception,LOW,LOW,UNRELATED or NORMAL
org.odpi.openmetadata.repositoryservices.connectors.stores.metadatacollectionstore.repositoryeventmapper,org.odpi.openmetadata.repositoryservices.ffdc,LOW,LOW,UNRELATED or NORMAL
org.odpi.openmetadata.adminservices.ffdc,org.odpi.openmetadata.serveroperations.server,LOW,LOW,UNRELATED or NORMAL
org.odpi.openmetadata.repositoryservices.auditlog,org.odpi.openmetadata.repositoryservices.enterprise.repositoryconnector,LOW,LOW,UNRELATED or NORMAL
org.odpi.openmetadata.adapters.connectors.resource.jdbc,org.odpi.openmetadata.frameworks.openmetadata.refdata,LOW,LOW,UNRELATED or NORMAL
org.odpi.openmetadata.frameworks.openmetadata.enums,org.odpi.openmetadata.viewservices.glossarymanager.server,LOW,LOW,UNRELATED or NORMAL
org.odpi.openmetadata.adapters.connectors.governanceactions.provisioning,org.odpi.openmetadata.adapters.connectors.subscriptions,LOW,LOW,UNRELATED or NORMAL
org.odpi.openmetadata.adapters.connectors.integration.kafkaaudit,org.odpi.openmetadata.frameworks.openmetadata.types,LOW,LOW,UNRELATED or NORMAL
org.odpi.openmetadata.adapters.connectors.reports.ffdc,org.odpi.openmetadata.adapters.connectors.reports.surveyreport,LOW,LOW,UNRELATED or NORMAL
org.odpi.openmetadata.accessservices.assetmanager.fvt.clientconstructors,org.odpi.openmetadata.frameworks.openmetadata.ffdc,LOW,LOW,UNRELATED or NORMAL
org.odpi.openmetadata.contentpacks.core.base,org.odpi.openmetadata.frameworks.connectors.controls,LOW,LOW,UNRELATED or NORMAL
org.odpi.openmetadata.frameworks.connectors,org.odpi.openmetadata.samples.governanceactions.clinicaltrials,LOW,LOW,UNRELATED or NORMAL
org.odpi.openmetadata.adapters.connectors.babbage,org.odpi.openmetadata.frameworks.openmetadata.types,LOW,LOW,UNRELATED or NORMAL
org.odpi.openmetadata.frameworks.openmetadata.properties.schema,org.odpi.openmetadata.frameworks.openmetadata.properties.schema.apis,LOW,LOW,UNRELATED or NORMAL
org.odpi.openmetadata.frameworks.openmetadata.properties,org.odpi.openmetadata.frameworks.openmetadata.properties.assets.processes.connectors,LOW,LOW,UNRELATED or NORMAL
org.odpi.openmetadata.frameworks.openmetadata.properties.assets,org.odpi.openmetadata.frameworks.openmetadata.properties.assets.metadatarepositories,LOW,LOW,UNRELATED or NORMAL
org.odpi.openmetadata.adapters.connectors.dynamicarchivers,org.odpi.openmetadata.engineservices.repositorygovernance.ffdc,LOW,LOW,UNRELATED or NORMAL
org.odpi.openmetadata.adapters.connectors.governanceactions.ffdc,org.odpi.openmetadata.adapters.connectors.wedgwood,LOW,LOW,UNRELATED or NORMAL
org.odpi.openmetadata.adapters.connectors.integration.jdbc,org.odpi.openmetadata.frameworks.openmetadata.refdata,LOW,LOW,UNRELATED or NORMAL
org.odpi.openmetadata.adapters.connectors.apachekafka.survey.controls,org.odpi.openmetadata.frameworks.openmetadata.types,LOW,LOW,UNRELATED or NORMAL
org.odpi.openmetadata.engineservices.surveyaction.handlers,org.odpi.openmetadata.frameworks.openmetadata.types,LOW,LOW,UNRELATED or NORMAL
org.odpi.openmetadata.frameworks.openmetadata.controls,org.odpi.openmetadata.frameworks.openmetadata.refdata,LOW,LOW,UNRELATED or NORMAL
org.odpi.openmetadata.frameworks.openmetadata.ffdc,org.odpi.openmetadata.frameworks.openmetadata.reports,LOW,LOW,UNRELATED or NORMAL
org.odpi.openmetadata.adminservices.configuration.registration,org.odpi.openmetadata.viewservices.assetcatalog.admin,LOW,LOW,UNRELATED or NORMAL
org.odpi.openmetadata.adapters.connectors.egeriainfrastructure.platform.catalog,org.odpi.openmetadata.frameworks.connectors.controls,LOW,LOW,UNRELATED or NORMAL
org.odpi.openmetadata.adapters.connectors.integration.jdbc.controls,org.odpi.openmetadata.frameworks.openmetadata.refdata,LOW,LOW,UNRELATED or NORMAL
org.odpi.openmetadata.frameworks.openmetadata.events,org.odpi.openmetadata.frameworks.openwatchdog,LOW,LOW,UNRELATED or NORMAL
org.odpi.openmetadata.adminservices.configuration.registration,org.odpi.openmetadata.engineservices.surveyaction.handlers,LOW,LOW,UNRELATED or NORMAL
org.odpi.openmetadata.frameworks.openmetadata.properties.dataprocessing,org.odpi.openmetadata.frameworks.openmetadata.types,LOW,LOW,UNRELATED or NORMAL
org.odpi.openmetadata.adapters.connectors.egeriainfrastructure.control,org.odpi.openmetadata.contentpacks.core,LOW,LOW,UNRELATED or NORMAL
org.odpi.openmetadata.adapters.connectors,org.odpi.openmetadata.frameworks.openmetadata.controls,LOW,LOW,UNRELATED or NORMAL
org.odpi.openmetadata.adapters.connectors.governanceactions.stewardship,org.odpi.openmetadata.adapters.connectors.subscriptions,LOW,LOW,UNRELATED or NORMAL
org.odpi.openmetadata.frameworks.opengovernance.mermaid,org.odpi.openmetadata.frameworks.openmetadata.enums,LOW,LOW,UNRELATED or NORMAL
org.odpi.openmetadata.frameworks.openmetadata.properties.assets.referencedata,org.odpi.openmetadata.frameworks.openmetadata.types,LOW,LOW,UNRELATED or NORMAL
org.odpi.openmetadata.frameworks.openmetadata.builders,org.odpi.openmetadata.frameworks.openmetadata.properties.datadictionaries,LOW,LOW,UNRELATED or NORMAL
org.odpi.openmetadata.engineservices.repositorygovernance.api,org.odpi.openmetadata.frameworks.openmetadata.ffdc,LOW,LOW,UNRELATED or NORMAL
org.odpi.openmetadata.frameworks.openmetadata.types,org.odpi.openmetadata.viewservices.runtimemanager.server,LOW,LOW,UNRELATED or NORMAL
org.odpi.openmetadata.adapters.repositoryservices.auditlogstore.postgres,org.odpi.openmetadata.adapters.repositoryservices.auditlogstore.postgres.ffdc,LOW,LOW,UNRELATED or NORMAL
org.odpi.openmetadata.metadatasecurity.accessconnector,org.odpi.openmetadata.metadatasecurity.accessconnector.ffdc,LOW,LOW,UNRELATED or NORMAL
org.odpi.openmetadata.commonservices.multitenant,org.odpi.openmetadata.repositoryservices.connectors.openmetadatatopic,LOW,LOW,UNRELATED or NORMAL
org.odpi.openmetadata.frameworks.openmetadata.fileclassifier,org.odpi.openmetadata.frameworks.openmetadata.mapper,LOW,LOW,UNRELATED or NORMAL
org.odpi.openmetadata.frameworks.openmetadata.properties.assets.metadatarepositories,org.odpi.openmetadata.frameworks.openmetadata.types,LOW,LOW,UNRELATED or NORMAL
org.odpi.openmetadata.adapters.connectors.governanceactions.stewardship,org.odpi.openmetadata.contentpacks.core.base,LOW,LOW,UNRELATED or NORMAL
org.odpi.openmetadata.frameworks.openmetadata.types,org.odpi.openmetadata.frameworks.openwatchdog.controls,LOW,LOW,UNRELATED or NORMAL
org.odpi.openmetadata.frameworks.openmetadata.properties,org.odpi.openmetadata.frameworks.openmetadata.properties.templates,LOW,LOW,UNRELATED or NORMAL
org.odpi.openmetadata.contentpacks.core.base,org.odpi.openmetadata.frameworks.openmetadata.properties,LOW,LOW,UNRELATED or NORMAL
org.odpi.openmetadata.adapters.connectors.integration.kafkaaudit,org.odpi.openmetadata.frameworks.openmetadata.refdata,LOW,LOW,UNRELATED or NORMAL
org.odpi.openmetadata.frameworks.openmetadata.properties.schema.databases,org.odpi.openmetadata.frameworks.openmetadata.types,LOW,LOW,UNRELATED or NORMAL
org.odpi.openmetadata.adapters.connectors.integration.csvlineageimporter,org.odpi.openmetadata.frameworks.openmetadata.types,LOW,LOW,UNRELATED or NORMAL
org.odpi.openmetadata.frameworks.openmetadata.converters,org.odpi.openmetadata.frameworks.openmetadata.mapper,LOW,LOW,UNRELATED or NORMAL
org.odpi.openmetadata.accessservices.communityprofile.fvt.clientconstructors,org.odpi.openmetadata.frameworks.openmetadata.ffdc,LOW,LOW,UNRELATED or NORMAL
org.odpi.openmetadata.engineservices.watchdogaction.handlers,org.odpi.openmetadata.frameworks.opengovernance.controls,LOW,LOW,UNRELATED or NORMAL
org.odpi.openmetadata.accessservices.governanceprogram.samples.zonecreate,org.odpi.openmetadata.frameworks.openmetadata.ffdc,LOW,LOW,UNRELATED or NORMAL
org.odpi.openmetadata.adapters.connectors.controls,org.odpi.openmetadata.adapters.connectors.egeriainfrastructure.platform.survey,LOW,LOW,UNRELATED or NORMAL
org.odpi.openmetadata.frameworks.openmetadata.properties.schema,org.odpi.openmetadata.frameworks.openmetadata.properties.schema.events,LOW,LOW,UNRELATED or NORMAL
org.odpi.openmetadata.engineservices.watchdogaction.handlers,org.odpi.openmetadata.frameworks.openmetadata.refdata,LOW,LOW,UNRELATED or NORMAL
org.odpi.openmetadata.engineservices.surveyaction.api,org.odpi.openmetadata.frameworks.openmetadata.ffdc,LOW,LOW,UNRELATED or NORMAL
org.odpi.openmetadata.adapters.connectors.apachekafka.resource,org.odpi.openmetadata.adapters.connectors.controls,LOW,LOW,UNRELATED or NORMAL
org.odpi.openmetadata.repositoryservices.connectors.stores.metadatacollectionstore.repositoryconnector,org.odpi.openmetadata.repositoryservices.ffdc,LOW,LOW,UNRELATED or NORMAL
org.odpi.openmetadata.adapters.connectors.jacquard,org.odpi.openmetadata.frameworks.opengovernance.controls,LOW,LOW,UNRELATED or NORMAL
org.odpi.openmetadata.engineservices.watchdogaction.api,org.odpi.openmetadata.frameworks.openmetadata.ffdc,LOW,LOW,UNRELATED or NORMAL
org.odpi.openmetadata.frameworks.connectors.mapper,org.odpi.openmetadata.samples.archiveutilities,LOW,LOW,UNRELATED or NORMAL
org.odpi.openmetadata.adapters.connectors.resource.jdbc.controls,org.odpi.openmetadata.contentpacks.core,LOW,LOW,UNRELATED or NORMAL
org.odpi.openmetadata.adapters.connectors.surveyaction.extractors,org.odpi.openmetadata.frameworks.openmetadata.ffdc,LOW,LOW,UNRELATED or NORMAL
org.odpi.openmetadata.frameworks.integration.ffdc,org.odpi.openmetadata.frameworks.integration.iterator,LOW,LOW,UNRELATED or NORMAL
org.odpi.openmetadata.frameworks.connectors.controls,org.odpi.openmetadata.userauthn,LOW,LOW,UNRELATED or NORMAL
org.odpi.openmetadata.adapters.connectors.jacquard.tabulardatasets.controls,org.odpi.openmetadata.frameworks.openmetadata.types,LOW,LOW,UNRELATED or NORMAL
org.odpi.openmetadata.engineservices.repositorygovernance.connector,org.odpi.openmetadata.engineservices.repositorygovernance.ffdc,LOW,LOW,UNRELATED or NORMAL
org.odpi.openmetadata.engineservices.governanceaction.api,org.odpi.openmetadata.frameworks.openmetadata.ffdc,LOW,LOW,UNRELATED or NORMAL
org.odpi.openmetadata.adapters.connectors.jacquard,org.odpi.openmetadata.adapters.connectors.jacquard.tabulardatasets.controls,LOW,LOW,UNRELATED or NORMAL
org.odpi.openmetadata.accessservices.communityprofile.fvt.profiles,org.odpi.openmetadata.frameworks.openmetadata.client,LOW,LOW,UNRELATED or NORMAL
org.odpi.openmetadata.frameworks.openmetadata.properties.templates,org.odpi.openmetadata.frameworks.openmetadata.types,LOW,LOW,UNRELATED or NORMAL
org.odpi.openmetadata.frameworks.auditlog.messagesets,org.odpi.openmetadata.repositoryservices.localrepository.repositoryconnector,LOW,LOW,UNRELATED or NORMAL
org.odpi.openmetadata.frameworks.openmetadata.properties.designmodels,org.odpi.openmetadata.frameworks.openmetadata.properties.solutions,LOW,LOW,UNRELATED or NORMAL
org.odpi.openmetadata.adapters.connectors.integration.csvlineageimporter,org.odpi.openmetadata.frameworks.openmetadata.refdata,LOW,LOW,UNRELATED or NORMAL
org.odpi.openmetadata.adapters.connectors.governanceactions.verification,org.odpi.openmetadata.frameworks.openmetadata.refdata,LOW,LOW,UNRELATED or NORMAL
org.odpi.openmetadata.platformservices.server,org.odpi.openmetadata.serveroperations.rest,LOW,LOW,UNRELATED or NORMAL
org.odpi.openmetadata.accessservices.assetowner.fvt.dataassets,org.odpi.openmetadata.fvt.utilities,LOW,LOW,UNRELATED or NORMAL
org.odpi.openmetadata.adapters.repositoryservices.archiveconnector.directory,org.odpi.openmetadata.frameworks.auditlog,LOW,LOW,UNRELATED or NORMAL
org.odpi.openmetadata.adapters.connectors.jacquard.tabulardatasets.validmetadatavalues,org.odpi.openmetadata.frameworks.openmetadata.metadataelements,LOW,LOW,UNRELATED or NORMAL
org.odpi.openmetadata.frameworks.auditlog,org.odpi.openmetadata.frameworkservices.gaf.client,LOW,LOW,UNRELATED or NORMAL
org.odpi.openmetadata.frameworks.openmetadata.converters,org.odpi.openmetadata.frameworks.openmetadata.properties.translations,LOW,LOW,UNRELATED or NORMAL
org.odpi.openmetadata.accessservices.assetmanager.fvt.dataassets,org.odpi.openmetadata.fvt.utilities,LOW,LOW,UNRELATED or NORMAL
org.odpi.openmetadata.adapters.connectors.datastore.csvfile.ffdc,org.odpi.openmetadata.frameworks.auditlog.messagesets,LOW,LOW,UNRELATED or NORMAL
org.odpi.openmetadata.accessservices.governanceprogram.fvt.errorhandling,org.odpi.openmetadata.frameworks.openmetadata.properties.governance,LOW,LOW,UNRELATED or NORMAL
org.odpi.openmetadata.accessservices.communityprofile.fvt.errorhandling,org.odpi.openmetadata.fvt.utilities.exceptions,LOW,LOW,UNRELATED or NORMAL
org.odpi.openmetadata.commonservices.ffdc,org.odpi.openmetadata.viewservices.subjectarea.server,LOW,LOW,UNRELATED or NORMAL
org.odpi.openmetadata.frameworks.openmetadata.connectorcontext,org.odpi.openmetadata.frameworks.openmetadata.types,LOW,LOW,UNRELATED or NORMAL
org.odpi.openmetadata.adapters.connectors.integration.basicfiles,org.odpi.openmetadata.frameworks.connectors,LOW,LOW,UNRELATED or NORMAL
org.odpi.openmetadata.adminservices.rest,org.odpi.openmetadata.platformservices.client,LOW,LOW,UNRELATED or NORMAL
org.odpi.openmetadata.frameworks.openmetadata.handlers,org.odpi.openmetadata.frameworks.openmetadata.properties.contextevents,LOW,LOW,UNRELATED or NORMAL
org.odpi.openmetadata.adapters.connectors.integration.jdbc.transfer,org.odpi.openmetadata.frameworks.openmetadata.properties,LOW,LOW,UNRELATED or NORMAL
org.odpi.openmetadata.frameworks.connectors.ffdc,org.odpi.openmetadata.frameworks.openmetadata.ffdc,LOW,LOW,UNRELATED or NORMAL
org.odpi.openmetadata.adapters.connectors.controls,org.odpi.openmetadata.contentpacks.core.unitycatalog,LOW,LOW,UNRELATED or NORMAL
org.odpi.openmetadata.adapters.connectors.datastore.basicfile.ffdc.exception,org.odpi.openmetadata.frameworks.connectors.ffdc,LOW,LOW,UNRELATED or NORMAL
org.odpi.openmetadata.viewservices.schemamaker.server,org.odpi.openmetadata.viewservices.schemamaker.server.spring,LOW,LOW,UNRELATED or NORMAL
org.odpi.openmetadata.adapters.connectors.subscriptions,org.odpi.openmetadata.frameworks.openmetadata.properties.digitalbusiness,LOW,LOW,UNRELATED or NORMAL
org.odpi.openmetadata.adapters.connectors.integration.kafkaaudit,org.odpi.openmetadata.frameworks.integration.connectors,LOW,LOW,UNRELATED or NORMAL
org.odpi.openmetadata.adminservices.server,org.odpi.openmetadata.adminservices.store,LOW,LOW,UNRELATED or NORMAL
org.odpi.openmetadata.frameworks.auditlog.messagesets,org.odpi.openmetadata.frameworks.connectors.ffdc,LOW,LOW,UNRELATED or NORMAL
org.odpi.openmetadata.commonservices.ffdc.rest,org.odpi.openmetadata.viewservices.metadataexpert.server.spring,LOW,LOW,UNRELATED or NORMAL
org.odpi.openmetadata.adapters.connectors.integration.jdbc.transfer,org.odpi.openmetadata.frameworks.openmetadata.properties.schema,LOW,LOW,UNRELATED or NORMAL
org.odpi.openmetadata.accessservices.assetmanager.fvt.connections,org.odpi.openmetadata.frameworks.openmetadata.properties.connections,LOW,LOW,UNRELATED or NORMAL
org.odpi.openmetadata.adapters.connectors.surveyaction.surveycsv,org.odpi.openmetadata.frameworks.opensurvey.controls,LOW,LOW,UNRELATED or NORMAL
org.odpi.openmetadata.frameworks.openmetadata.ffdc,org.odpi.openmetadata.viewservices.myprofile.server,LOW,LOW,UNRELATED or NORMAL
org.odpi.openmetadata.adapters.connectors.governanceactions.remediation,org.odpi.openmetadata.frameworks.connectors.ffdc,LOW,LOW,UNRELATED or NORMAL
org.odpi.openmetadata.frameworks.auditlog.messagesets,org.odpi.openmetadata.repositoryservices.ffdc,LOW,LOW,UNRELATED or NORMAL
org.odpi.openmetadata.commonservices.repositoryhandler,org.odpi.openmetadata.frameworks.auditlog.messagesets,LOW,LOW,UNRELATED or NORMAL
org.odpi.openmetadata.adapters.connectors.integration.kafkaaudit.ffdc,org.odpi.openmetadata.frameworks.auditlog.messagesets,LOW,LOW,UNRELATED or NORMAL
org.odpi.openmetadata.engineservices.repositorygovernance.ffdc,org.odpi.openmetadata.frameworks.auditlog.messagesets,LOW,LOW,UNRELATED or NORMAL
org.odpi.openmetadata.frameworks.auditlog.messagesets,org.odpi.openmetadata.viewservices.classificationexplorer.ffdc,LOW,LOW,UNRELATED or NORMAL
org.odpi.openmetadata.adapters.connectors.surveyaction.extractors,org.odpi.openmetadata.frameworks.openmetadata.properties.surveyreports,LOW,LOW,UNRELATED or NORMAL
org.odpi.openmetadata.frameworks.auditlog.messagesets,org.odpi.openmetadata.viewservices.feedbackmanager.ffdc,LOW,LOW,UNRELATED or NORMAL
org.odpi.openmetadata.adapters.repositoryservices.archiveconnector.file.ffdc,org.odpi.openmetadata.frameworks.auditlog.messagesets,LOW,LOW,UNRELATED or NORMAL
org.odpi.openmetadata.adapters.connectors.integration.jdbc.ffdc,org.odpi.openmetadata.frameworks.auditlog.messagesets,LOW,LOW,UNRELATED or NORMAL
org.odpi.openmetadata.adapters.connectors.resource.jdbc.ffdc,org.odpi.openmetadata.frameworks.auditlog.messagesets,LOW,LOW,UNRELATED or NORMAL
org.odpi.openmetadata.frameworks.auditlog.messagesets,org.odpi.openmetadata.frameworkservices.gaf.ffdc,LOW,LOW,UNRELATED or NORMAL
org.odpi.openmetadata.engineservices.watchdogaction.ffdc,org.odpi.openmetadata.frameworks.auditlog.messagesets,LOW,LOW,UNRELATED or NORMAL
org.odpi.openmetadata.adapters.connectors.integration.openapis.ffdc,org.odpi.openmetadata.frameworks.auditlog.messagesets,LOW,LOW,UNRELATED or NORMAL
org.odpi.openmetadata.adminservices.configuration.registration,org.odpi.openmetadata.viewservices.solutionarchitect.server,LOW,LOW,UNRELATED or NORMAL
org.odpi.openmetadata.adapters.connectors.governanceactions.ffdc,org.odpi.openmetadata.frameworks.auditlog.messagesets,LOW,LOW,UNRELATED or NORMAL
org.odpi.openmetadata.adapters.eventbus.topic.kafka,org.odpi.openmetadata.frameworks.auditlog.messagesets,LOW,LOW,UNRELATED or NORMAL
org.odpi.openmetadata.adminservices.configuration.registration,org.odpi.openmetadata.viewservices.classificationexplorer.server,LOW,LOW,UNRELATED or NORMAL
org.odpi.openmetadata.frameworks.auditlog.messagesets,org.odpi.openmetadata.serveroperations.ffdc,LOW,LOW,UNRELATED or NORMAL
org.odpi.openmetadata.adapters.connectors.integration.csvlineageimporter.ffdc,org.odpi.openmetadata.frameworks.auditlog.messagesets,LOW,LOW,UNRELATED or NORMAL
org.odpi.openmetadata.frameworks.auditlog.messagesets,org.odpi.openmetadata.governanceservers.enginehostservices.ffdc,LOW,LOW,UNRELATED or NORMAL
org.odpi.openmetadata.frameworks.auditlog.messagesets,org.odpi.openmetadata.viewservices.connectionmaker.ffdc,LOW,LOW,UNRELATED or NORMAL
org.odpi.openmetadata.adapters.repositoryservices.archiveconnector.directory.ffdc,org.odpi.openmetadata.frameworks.auditlog.messagesets,LOW,LOW,UNRELATED or NORMAL
org.odpi.openmetadata.frameworks.auditlog.messagesets,org.odpi.openmetadata.frameworks.integration.ffdc,LOW,LOW,UNRELATED or NORMAL
org.odpi.openmetadata.adapters.connectors.apachekafka.resource.ffdc,org.odpi.openmetadata.frameworks.auditlog.messagesets,LOW,LOW,UNRELATED or NORMAL
org.odpi.openmetadata.frameworks.auditlog.messagesets,org.odpi.openmetadata.frameworks.opensurvey.ffdc,LOW,LOW,UNRELATED or NORMAL
org.odpi.openmetadata.frameworks.auditlog.messagesets,org.odpi.openmetadata.viewservices.metadataexpert.ffdc,LOW,LOW,UNRELATED or NORMAL
org.odpi.openmetadata.adapters.connectors.apachekafka.survey.ffdc,org.odpi.openmetadata.frameworks.auditlog.messagesets,LOW,LOW,UNRELATED or NORMAL
org.odpi.openmetadata.adapters.connectors.secretsstore.yaml.ffdc,org.odpi.openmetadata.frameworks.auditlog.messagesets,LOW,LOW,UNRELATED or NORMAL
org.odpi.openmetadata.adapters.connectors.jacquard.tabulardatasets.ffdc,org.odpi.openmetadata.frameworks.auditlog.messagesets,LOW,LOW,UNRELATED or NORMAL
org.odpi.openmetadata.frameworks.auditlog.messagesets,org.odpi.openmetadata.viewservices.myprofile.ffdc,LOW,LOW,UNRELATED or NORMAL
org.odpi.openmetadata.adapters.connectors.dynamicarchivers.ffdc,org.odpi.openmetadata.frameworks.auditlog.messagesets,LOW,LOW,UNRELATED or NORMAL
org.odpi.openmetadata.frameworks.auditlog.messagesets,org.odpi.openmetadata.frameworks.openwatchdog.ffdc,LOW,LOW,UNRELATED or NORMAL
org.odpi.openmetadata.frameworks.auditlog.messagesets,org.odpi.openmetadata.frameworkservices.ocf.metadatamanagement.ffdc,LOW,LOW,UNRELATED or NORMAL
org.odpi.openmetadata.adapters.connectors.egeriainfrastructure.extractor,org.odpi.openmetadata.adminservices.client,LOW,LOW,UNRELATED or NORMAL
org.odpi.openmetadata.frameworks.auditlog.messagesets,org.odpi.openmetadata.samples.governanceactions.ffdc,LOW,LOW,UNRELATED or NORMAL
org.odpi.openmetadata.adapters.connectors.apacheatlas.integration.ffdc,org.odpi.openmetadata.frameworks.auditlog.messagesets,LOW,LOW,UNRELATED or NORMAL
org.odpi.openmetadata.frameworks.auditlog.messagesets,org.odpi.openmetadata.viewservices.lineagelinker.ffdc,LOW,LOW,UNRELATED or NORMAL
org.odpi.openmetadata.frameworks.auditlog.messagesets,org.odpi.openmetadata.frameworkservices.omf.ffdc,LOW,LOW,UNRELATED or NORMAL
org.odpi.openmetadata.frameworks.auditlog.messagesets,org.odpi.openmetadata.governanceservers.integrationdaemonservices.ffdc,LOW,LOW,UNRELATED or NORMAL
org.odpi.openmetadata.frameworks.auditlog.messagesets,org.odpi.openmetadata.metadatasecurity.ffdc,LOW,LOW,UNRELATED or NORMAL
org.odpi.openmetadata.adapters.repositoryservices.postgres.repositoryconnector.ffdc,org.odpi.openmetadata.frameworks.auditlog.messagesets,LOW,LOW,UNRELATED or NORMAL
org.odpi.openmetadata.frameworks.auditlog.messagesets,org.odpi.openmetadata.viewservices.actormanager.ffdc,LOW,LOW,UNRELATED or NORMAL
org.odpi.openmetadata.adminservices.ffdc,org.odpi.openmetadata.frameworks.auditlog.messagesets,LOW,LOW,UNRELATED or NORMAL
org.odpi.openmetadata.conformance.ffdc,org.odpi.openmetadata.frameworks.auditlog.messagesets,LOW,LOW,UNRELATED or NORMAL
org.odpi.openmetadata.adapters.connectors.integration.openlineage.ffdc,org.odpi.openmetadata.frameworks.auditlog.messagesets,LOW,LOW,UNRELATED or NORMAL
org.odpi.openmetadata.adapters.connectors.unitycatalog.ffdc,org.odpi.openmetadata.frameworks.auditlog.messagesets,LOW,LOW,UNRELATED or NORMAL
org.odpi.openmetadata.adapters.connectors.postgres.ffdc,org.odpi.openmetadata.frameworks.auditlog.messagesets,LOW,LOW,UNRELATED or NORMAL
org.odpi.openmetadata.adapters.connectors.apachekafka.integration.ffdc,org.odpi.openmetadata.frameworks.auditlog.messagesets,LOW,LOW,UNRELATED or NORMAL
org.odpi.openmetadata.frameworks.auditlog.messagesets,org.odpi.openmetadata.viewservices.externallinks.ffdc,LOW,LOW,UNRELATED or NORMAL
org.odpi.openmetadata.adminservices.configuration.registration,org.odpi.openmetadata.viewservices.assetmaker.server,LOW,LOW,UNRELATED or NORMAL
org.odpi.openmetadata.commonservices.multitenant.ffdc,org.odpi.openmetadata.frameworks.auditlog.messagesets,LOW,LOW,UNRELATED or NORMAL
org.odpi.openmetadata.adapters.connectors.apacheatlas.survey.ffdc,org.odpi.openmetadata.frameworks.auditlog.messagesets,LOW,LOW,UNRELATED or NORMAL
org.odpi.openmetadata.adminservices.configuration.registration,org.odpi.openmetadata.viewservices.myprofile.server,LOW,LOW,UNRELATED or NORMAL
org.odpi.openmetadata.frameworks.auditlog.messagesets,org.odpi.openmetadata.viewservices.governanceofficer.ffdc,LOW,LOW,UNRELATED or NORMAL
org.odpi.openmetadata.engineservices.governanceaction.ffdc,org.odpi.openmetadata.frameworks.auditlog.messagesets,LOW,LOW,UNRELATED or NORMAL
org.odpi.openmetadata.commonservices.generichandlers.ffdc,org.odpi.openmetadata.frameworks.auditlog.messagesets,LOW,LOW,UNRELATED or NORMAL
org.odpi.openmetadata.engineservices.surveyaction.ffdc,org.odpi.openmetadata.frameworks.auditlog.messagesets,LOW,LOW,UNRELATED or NORMAL
org.odpi.openmetadata.frameworks.auditlog.messagesets,org.odpi.openmetadata.viewservices.assetmaker.ffdc,LOW,LOW,UNRELATED or NORMAL
org.odpi.openmetadata.adapters.connectors.egeriainfrastructure.ffdc,org.odpi.openmetadata.frameworks.auditlog.messagesets,LOW,LOW,UNRELATED or NORMAL
org.odpi.openmetadata.adapters.connectors.integration.basicfiles.ffdc,org.odpi.openmetadata.frameworks.auditlog.messagesets,LOW,LOW,UNRELATED or NORMAL
org.odpi.openmetadata.adapters.connectors.organizationinsight.ffdc,org.odpi.openmetadata.frameworks.auditlog.messagesets,LOW,LOW,UNRELATED or NORMAL
org.odpi.openmetadata.adminservices.configuration.registration,org.odpi.openmetadata.viewservices.schemamaker.server,LOW,LOW,UNRELATED or NORMAL
org.odpi.openmetadata.frameworks.auditlog.messagesets,org.odpi.openmetadata.viewservices.schemamaker.ffdc,LOW,LOW,UNRELATED or NORMAL
org.odpi.openmetadata.adapters.connectors.externalharvesters.harvestsurveys.ffdc,org.odpi.openmetadata.frameworks.auditlog.messagesets,LOW,LOW,UNRELATED or NORMAL
org.odpi.openmetadata.frameworks.openmetadata.mermaid,org.odpi.openmetadata.viewservices.automatedcuration.handlers,LOW,LOW,UNRELATED or NORMAL
org.odpi.openmetadata.adapters.connectors.externalharvesters.harvestopenmetadata.ffdc,org.odpi.openmetadata.frameworks.auditlog.messagesets,LOW,LOW,UNRELATED or NORMAL
org.odpi.openmetadata.frameworks.opengovernance.properties,org.odpi.openmetadata.frameworks.openmetadata.specificationproperties,LOW,LOW,UNRELATED or NORMAL
org.odpi.openmetadata.adapters.connectors.jacquard.ffdc,org.odpi.openmetadata.frameworks.auditlog.messagesets,LOW,LOW,UNRELATED or NORMAL
org.odpi.openmetadata.adapters.connectors.babbage.ffdc,org.odpi.openmetadata.frameworks.auditlog.messagesets,LOW,LOW,UNRELATED or NORMAL
org.odpi.openmetadata.frameworks.openmetadata.handlers,org.odpi.openmetadata.frameworks.openmetadata.properties.externalreferences,LOW,LOW,UNRELATED or NORMAL
org.odpi.openmetadata.adapters.repositoryservices.readonly.repositoryconnector,org.odpi.openmetadata.repositoryservices.ffdc.exception,LOW,LOW,UNRELATED or NORMAL
org.odpi.openmetadata.frameworks.openmetadata.connectorcontext,org.odpi.openmetadata.frameworks.openmetadata.properties.actors,LOW,LOW,UNRELATED or NORMAL
org.odpi.openmetadata.adapters.connectors.wedgwood,org.odpi.openmetadata.frameworks.connectors.tabulardatasets,LOW,LOW,UNRELATED or NORMAL
org.odpi.openmetadata.commonservices.multitenant,org.odpi.openmetadata.frameworkservices.ocf.metadatamanagement.server,LOW,LOW,UNRELATED or NORMAL
org.odpi.openmetadata.frameworks.auditlog,org.odpi.openmetadata.frameworkservices.omf.ffdc,LOW,LOW,UNRELATED or NORMAL
org.odpi.openmetadata.accessservices.governanceprogram.samples.leadership,org.odpi.openmetadata.frameworks.openmetadata.search,LOW,LOW,UNRELATED or NORMAL
org.odpi.openmetadata.adapters.connectors.governanceactions.provisioning,org.odpi.openmetadata.frameworks.connectors.tabulardatasets,LOW,LOW,UNRELATED or NORMAL
org.odpi.openmetadata.adapters.repositoryservices.cohortregistrystore.file,org.odpi.openmetadata.repositoryservices.connectors.stores.cohortregistrystore,LOW,LOW,UNRELATED or NORMAL
org.odpi.openmetadata.repositoryservices.rest.server,org.odpi.openmetadata.tokencontroller,LOW,LOW,UNRELATED or NORMAL
org.odpi.openmetadata.frameworks.openmetadata.api,org.odpi.openmetadata.frameworks.openmetadata.search,LOW,LOW,UNRELATED or NORMAL
org.odpi.openmetadata.adapters.connectors.integration.openlineage,org.odpi.openmetadata.frameworks.openmetadata.events,LOW,LOW,UNRELATED or NORMAL
org.odpi.openmetadata.adapters.connectors.restclients.spring,org.odpi.openmetadata.frameworks.auditlog.requestid,LOW,LOW,UNRELATED or NORMAL
org.odpi.openmetadata.adapters.connectors.integration.basicfiles,org.odpi.openmetadata.frameworks.openmetadata.controls,LOW,LOW,UNRELATED or NORMAL
org.odpi.openmetadata.frameworks.openmetadata.ffdc,org.odpi.openmetadata.repositoryservices.connectors.stores.metadatacollectionstore.repositoryconnector,LOW,LOW,UNRELATED or NORMAL
org.odpi.openmetadata.repositoryservices.clients,org.odpi.openmetadata.repositoryservices.ffdc,LOW,LOW,UNRELATED or NORMAL
org.odpi.openmetadata.commonservices.multitenant,org.odpi.openmetadata.viewservices.digitalbusiness.server,LOW,LOW,UNRELATED or NORMAL
org.odpi.openmetadata.adapters.connectors.postgres.catalog,org.odpi.openmetadata.frameworks.openmetadata.search,LOW,LOW,UNRELATED or NORMAL
org.odpi.openmetadata.repositoryservices.connectors.stores.auditlogstore,org.odpi.openmetadata.repositoryservices.ffdc.exception,LOW,LOW,UNRELATED or NORMAL
org.odpi.openmetadata.governanceservers.integrationdaemonservices.ffdc,org.odpi.openmetadata.governanceservers.integrationdaemonservices.server,LOW,LOW,UNRELATED or NORMAL
org.odpi.openmetadata.adapters.connectors.secretsstore.yaml,org.odpi.openmetadata.contentpacks.core,LOW,LOW,UNRELATED or NORMAL
org.odpi.openmetadata.adapters.connectors.unitycatalog.sync,org.odpi.openmetadata.frameworks.openmetadata.properties,LOW,LOW,UNRELATED or NORMAL
org.odpi.openmetadata.frameworks.opengovernance,org.odpi.openmetadata.frameworks.openmetadata.refdata,LOW,LOW,UNRELATED or NORMAL
org.odpi.openmetadata.commonservices.ffdc,org.odpi.openmetadata.commonservices.ffdc.rest,LOW,LOW,UNRELATED or NORMAL
org.odpi.openmetadata.contentpacks.core.egeria,org.odpi.openmetadata.samples.archiveutilities,LOW,LOW,UNRELATED or NORMAL
org.odpi.openmetadata.commonservices.generichandlers,org.odpi.openmetadata.frameworkservices.ocf.metadatamanagement.server,LOW,LOW,UNRELATED or NORMAL
org.odpi.openmetadata.contentpacks.core.base,org.odpi.openmetadata.contentpacks.core.openlineage,LOW,LOW,UNRELATED or NORMAL
org.odpi.openmetadata.viewservices.automatedcuration.server,org.odpi.openmetadata.viewservices.automatedcuration.server.spring,LOW,LOW,UNRELATED or NORMAL
org.odpi.openmetadata.viewservices.myprofile.server,org.odpi.openmetadata.viewservices.myprofile.server.spring,LOW,LOW,UNRELATED or NORMAL
org.odpi.openmetadata.adapters.connectors.apacheatlas.survey,org.odpi.openmetadata.frameworks.openmetadata.connectorcontext,LOW,LOW,UNRELATED or NORMAL
org.odpi.openmetadata.viewservices.locationarena.server,org.odpi.openmetadata.viewservices.locationarena.server.spring,LOW,LOW,UNRELATED or NORMAL
org.odpi.openmetadata.adapters.connectors.restclients.spring,org.odpi.openmetadata.frameworks.auditlog,LOW,LOW,UNRELATED or NORMAL
org.odpi.openmetadata.adapters.connectors.postgres.tabulardatasource,org.odpi.openmetadata.frameworks.connectors.ffdc,LOW,LOW,UNRELATED or NORMAL
org.odpi.openmetadata.adapters.connectors.externalharvesters.harvestsurveys,org.odpi.openmetadata.frameworks.openmetadata.search,LOW,LOW,UNRELATED or NORMAL
org.odpi.openmetadata.frameworks.auditlog.messagesets,org.odpi.openmetadata.repositoryservices.rest.server,LOW,LOW,UNRELATED or NORMAL
org.odpi.openmetadata.commonservices.ffdc.rest,org.odpi.openmetadata.viewservices.validmetadata.server.spring,LOW,LOW,UNRELATED or NORMAL
org.odpi.openmetadata.adapters.connectors.postgres.survey,org.odpi.openmetadata.frameworks.connectors,LOW,LOW,UNRELATED or NORMAL
org.odpi.openmetadata.viewservices.glossarymanager.rest,org.odpi.openmetadata.viewservices.glossarymanager.server,LOW,LOW,UNRELATED or NORMAL
org.odpi.openmetadata.frameworks.connectors,org.odpi.openmetadata.repositoryservices.connectors.stores.metadatacollectionstore.repositoryeventmapper,LOW,LOW,UNRELATED or NORMAL
org.odpi.openmetadata.adapters.connectors.apacheatlas.resource,org.odpi.openmetadata.adapters.connectors.apacheatlas.resource.ffdc,LOW,LOW,UNRELATED or NORMAL
org.odpi.openmetadata.frameworks.openmetadata.handlers,org.odpi.openmetadata.frameworks.openmetadata.specificationproperties,LOW,LOW,UNRELATED or NORMAL
org.odpi.openmetadata.adapters.connectors.integration.jdbc.transfer,org.odpi.openmetadata.frameworks.openmetadata.properties.schema.databases,LOW,LOW,UNRELATED or NORMAL
org.odpi.openmetadata.accessservices.assetconsumer.samples.readcsvfile,org.odpi.openmetadata.adapters.connectors.datastore.csvfile,LOW,LOW,UNRELATED or NORMAL
org.odpi.openmetadata.adapters.connectors,org.odpi.openmetadata.adapters.connectors.secretsstore.yaml,LOW,LOW,UNRELATED or NORMAL
org.odpi.openmetadata.adapters.connectors.surveyaction.surveyfolder,org.odpi.openmetadata.frameworks.connectors,LOW,LOW,UNRELATED or NORMAL
org.odpi.openmetadata.adapters.connectors,org.odpi.openmetadata.adapters.connectors.postgres.tabulardatasource,LOW,LOW,UNRELATED or NORMAL
org.odpi.openmetadata.adapters.connectors.postgres.survey,org.odpi.openmetadata.frameworks.openmetadata.types,LOW,LOW,UNRELATED or NORMAL
org.odpi.openmetadata.adapters.connectors,org.odpi.openmetadata.adapters.connectors.jacquard.tabulardatasets.referencedata,LOW,LOW,UNRELATED or NORMAL
org.odpi.openmetadata.adapters.connectors,org.odpi.openmetadata.frameworkservices.gaf.connectors.outtopic,LOW,LOW,UNRELATED or NORMAL
org.odpi.openmetadata.adapters.connectors.subscriptions,org.odpi.openmetadata.frameworks.opengovernance.controls,LOW,LOW,UNRELATED or NORMAL
org.odpi.openmetadata.adapters.connectors.governanceactions.provisioning,org.odpi.openmetadata.frameworks.opengovernance.controls,LOW,LOW,UNRELATED or NORMAL
org.odpi.openmetadata.frameworks.connectors.controls,org.odpi.openmetadata.platformchassis.springboot,LOW,LOW,UNRELATED or NORMAL
org.odpi.openmetadata.adapters.connectors.egeriainfrastructure.platform.survey,org.odpi.openmetadata.frameworks.connectors,LOW,LOW,UNRELATED or NORMAL
org.odpi.openmetadata.frameworks.openmetadata.types,org.odpi.openmetadata.repositoryservices.eventmanagement,LOW,LOW,UNRELATED or NORMAL
org.odpi.openmetadata.frameworks.openmetadata.ffdc,org.odpi.openmetadata.utilities.serverconfig,LOW,LOW,UNRELATED or NORMAL
org.odpi.openmetadata.frameworks.openmetadata.builders,org.odpi.openmetadata.frameworks.openmetadata.properties.glossaries,LOW,LOW,UNRELATED or NORMAL
org.odpi.openmetadata.frameworks.openmetadata.properties.assets,org.odpi.openmetadata.frameworks.openmetadata.properties.assets.reports,LOW,LOW,UNRELATED or NORMAL
org.odpi.openmetadata.adapters.repositoryservices.auditlogstore.file,org.odpi.openmetadata.frameworks.connectors,LOW,LOW,UNRELATED or NORMAL
org.odpi.openmetadata.adapters.repositoryservices.postgres.repositoryconnector.database,org.odpi.openmetadata.frameworks.openmetadata.types,LOW,LOW,UNRELATED or NORMAL
org.odpi.openmetadata.frameworks.openmetadata.builders,org.odpi.openmetadata.frameworks.openmetadata.properties.collections,LOW,LOW,UNRELATED or NORMAL
org.odpi.openmetadata.frameworks.integration.contextmanager,org.odpi.openmetadata.frameworks.opengovernance.client,LOW,LOW,UNRELATED or NORMAL
org.odpi.openmetadata.adapters.connectors.jacquard.productcatalog,org.odpi.openmetadata.frameworks.openmetadata.enums,LOW,LOW,UNRELATED or NORMAL
org.odpi.openmetadata.conformance.workbenches.repository.listener,org.odpi.openmetadata.repositoryservices.connectors.stores.metadatacollectionstore.properties.typedefs,LOW,LOW,UNRELATED or NORMAL
org.odpi.openmetadata.repositoryservices.enterprise.repositoryconnector.control,org.odpi.openmetadata.repositoryservices.ffdc,LOW,LOW,UNRELATED or NORMAL
org.odpi.openmetadata.adapters.connectors.controls,org.odpi.openmetadata.adapters.connectors.postgres.survey,LOW,LOW,UNRELATED or NORMAL
org.odpi.openmetadata.frameworks.openmetadata.properties,org.odpi.openmetadata.frameworks.openmetadata.properties.collections,LOW,LOW,UNRELATED or NORMAL
org.odpi.openmetadata.adapters.connectors,org.odpi.openmetadata.adapters.connectors.jacquard.tabulardatasets.validmetadatavalues,LOW,LOW,UNRELATED or NORMAL
org.odpi.openmetadata.frameworkservices.gaf.connectors.outtopic,org.odpi.openmetadata.frameworkservices.omf.ffdc,LOW,LOW,UNRELATED or NORMAL
org.odpi.openmetadata.adapters.connectors.governanceactions.verification,org.odpi.openmetadata.frameworks.connectors,LOW,LOW,UNRELATED or NORMAL
org.odpi.openmetadata.accessservices.assetmanager.fvt.common,org.odpi.openmetadata.frameworks.auditlog,LOW,LOW,UNRELATED or NORMAL
org.odpi.openmetadata.adapters.connectors,org.odpi.openmetadata.adapters.connectors.unitycatalog.sync,LOW,LOW,UNRELATED or NORMAL
org.odpi.openmetadata.frameworks.openmetadata.properties.collections,org.odpi.openmetadata.frameworks.openmetadata.properties.glossaries,LOW,LOW,UNRELATED or NORMAL
org.odpi.openmetadata.adapters.connectors.controls,org.odpi.openmetadata.adapters.connectors.postgres.tabulardatasource,LOW,LOW,UNRELATED or NORMAL
org.odpi.openmetadata.adapters.connectors.subscriptions,org.odpi.openmetadata.frameworks.auditlog.messagesets,LOW,LOW,UNRELATED or NORMAL
org.odpi.openmetadata.adapters.connectors.governanceactions.provisioning,org.odpi.openmetadata.frameworks.auditlog.messagesets,LOW,LOW,UNRELATED or NORMAL
org.odpi.openmetadata.adapters.connectors.datastore.basicfile,org.odpi.openmetadata.frameworks.openmetadata.refdata,LOW,LOW,UNRELATED or NORMAL
org.odpi.openmetadata.adapters.connectors.subscriptions,org.odpi.openmetadata.frameworks.connectors,LOW,LOW,UNRELATED or NORMAL
org.odpi.openmetadata.accessservices.itinfrastructure.samples.assetdeploy,org.odpi.openmetadata.adminservices.configuration.registration,LOW,LOW,UNRELATED or NORMAL
org.odpi.openmetadata.adapters.connectors.governanceactions.remediation,org.odpi.openmetadata.frameworks.auditlog.messagesets,LOW,LOW,UNRELATED or NORMAL
org.odpi.openmetadata.frameworks.openmetadata.properties,org.odpi.openmetadata.frameworks.openmetadata.properties.assets.processes.actions,LOW,LOW,UNRELATED or NORMAL
org.odpi.openmetadata.commonservices.ffdc.rest,org.odpi.openmetadata.serveroperations.server.spring,LOW,LOW,UNRELATED or NORMAL
org.odpi.openmetadata.frameworks.openmetadata.builders,org.odpi.openmetadata.frameworks.openmetadata.properties.externalreferences,LOW,LOW,UNRELATED or NORMAL
org.odpi.openmetadata.adapters.connectors,org.odpi.openmetadata.adapters.connectors.postgres.survey,LOW,LOW,UNRELATED or NORMAL
org.odpi.openmetadata.adapters.connectors.integration.csvlineageimporter,org.odpi.openmetadata.adapters.connectors.integration.csvlineageimporter.ffdc,LOW,LOW,UNRELATED or NORMAL
org.odpi.openmetadata.adapters.connectors,org.odpi.openmetadata.frameworkservices.omf.connectors.outtopic,LOW,LOW,UNRELATED or NORMAL
org.odpi.openmetadata.adminservices.configuration.registration,org.odpi.openmetadata.engineservices.governanceaction.handlers,LOW,LOW,UNRELATED or NORMAL
org.odpi.openmetadata.adapters.connectors.unitycatalog.provision,org.odpi.openmetadata.frameworks.opengovernance.controls,LOW,LOW,UNRELATED or NORMAL
org.odpi.openmetadata.frameworkservices.omf.ffdc,org.odpi.openmetadata.frameworkservices.omf.server,LOW,LOW,UNRELATED or NORMAL
org.odpi.openmetadata.adapters.connectors.egeriainfrastructure.servers,org.odpi.openmetadata.adminservices.configuration.properties,LOW,LOW,UNRELATED or NORMAL
org.odpi.openmetadata.frameworks.connectors.properties.beans,org.odpi.openmetadata.repositoryservices.eventmanagement,LOW,LOW,UNRELATED or NORMAL
org.odpi.openmetadata.adapters.connectors,org.odpi.openmetadata.adapters.connectors.datastore.basicfile,LOW,LOW,UNRELATED or NORMAL
org.odpi.openmetadata.adapters.connectors.governanceactions.stewardship,org.odpi.openmetadata.frameworks.connectors.ffdc,LOW,LOW,UNRELATED or NORMAL
org.odpi.openmetadata.commonservices.ffdc.rest,org.odpi.openmetadata.platformchassis.springboot.ffdc,LOW,LOW,UNRELATED or NORMAL
org.odpi.openmetadata.adapters.repositoryservices.auditlogstore.slf4j,org.odpi.openmetadata.frameworks.auditlog,LOW,LOW,UNRELATED or NORMAL
org.odpi.openmetadata.repositoryservices.ffdc.exception,org.odpi.openmetadata.repositoryservices.metadatahighway,LOW,LOW,UNRELATED or NORMAL
org.odpi.openmetadata.adapters.connectors.postgres.catalog,org.odpi.openmetadata.frameworks.openmetadata.connectorcontext,LOW,LOW,UNRELATED or NORMAL
org.odpi.openmetadata.commonservices.ffdc.rest,org.odpi.openmetadata.frameworkservices.ocf.metadatamanagement.client,LOW,LOW,UNRELATED or NORMAL
org.odpi.openmetadata.frameworks.auditlog,org.odpi.openmetadata.repositoryservices.rest.services,LOW,LOW,UNRELATED or NORMAL
org.odpi.openmetadata.repositoryservices.eventmanagement,org.odpi.openmetadata.repositoryservices.ffdc,LOW,LOW,UNRELATED or NORMAL
org.odpi.openmetadata.adapters.connectors.jacquard.productcatalog,org.odpi.openmetadata.adapters.connectors.jacquard.tabulardatasets.openmetadatatypes,LOW,LOW,UNRELATED or NORMAL
org.odpi.openmetadata.contentpacks.core.core,org.odpi.openmetadata.samples.archiveutilities.businesssystems,LOW,LOW,UNRELATED or NORMAL
org.odpi.openmetadata.adapters.connectors.externalharvesters.harvestsurveys,org.odpi.openmetadata.frameworks.integration.properties,LOW,LOW,UNRELATED or NORMAL
org.odpi.openmetadata.contentpacks.core.digitalproducts,org.odpi.openmetadata.repositoryservices.connectors.stores.archivestore.properties,LOW,LOW,UNRELATED or NORMAL
org.odpi.openmetadata.adapters.connectors.postgres.catalog,org.odpi.openmetadata.frameworks.connectors.properties.beans,LOW,LOW,UNRELATED or NORMAL
org.odpi.openmetadata.contentpacks.core.core,org.odpi.openmetadata.contentpacks.core.unitycatalog,LOW,LOW,UNRELATED or NORMAL
org.odpi.openmetadata.frameworks.openmetadata.properties.assets.processes,org.odpi.openmetadata.frameworks.openwatchdog,LOW,LOW,UNRELATED or NORMAL
org.odpi.openmetadata.adapters.connectors.datastore.datafolder,org.odpi.openmetadata.contentpacks.core.unitycatalog,LOW,LOW,UNRELATED or NORMAL
org.odpi.openmetadata.governanceservers.integrationdaemonservices.listener,org.odpi.openmetadata.governanceservers.integrationdaemonservices.threads,LOW,LOW,UNRELATED or NORMAL
org.odpi.openmetadata.frameworkservices.omf.client,org.odpi.openmetadata.governanceservers.enginehostservices.server,LOW,LOW,UNRELATED or NORMAL
org.odpi.openmetadata.frameworkservices.omf.client,org.odpi.openmetadata.viewservices.dataofficer.server,LOW,LOW,UNRELATED or NORMAL
org.odpi.openmetadata.repositoryservices.connectors.openmetadatatopic,org.odpi.openmetadata.repositoryservices.ffdc.exception,LOW,LOW,UNRELATED or NORMAL
org.odpi.openmetadata.contentpacks.core.core,org.odpi.openmetadata.contentpacks.core.egeria,LOW,LOW,UNRELATED or NORMAL
org.odpi.openmetadata.adapters.connectors.postgres.catalog,org.odpi.openmetadata.frameworks.openmetadata.definitions,LOW,LOW,UNRELATED or NORMAL
org.odpi.openmetadata.adapters.connectors.organizationinsight.karmapoints,org.odpi.openmetadata.frameworks.opengovernance.ffdc,LOW,LOW,UNRELATED or NORMAL
org.odpi.openmetadata.adapters.connectors.jacquard.tabulardatasets.referencedata,org.odpi.openmetadata.frameworks.connectors.properties.beans,LOW,LOW,UNRELATED or NORMAL
org.odpi.openmetadata.adapters.connectors.integration.kafkaaudit,org.odpi.openmetadata.adapters.repositoryservices.auditlogstore.console,LOW,LOW,UNRELATED or NORMAL
org.odpi.openmetadata.adminservices.configuration.properties,org.odpi.openmetadata.frameworkservices.omf.admin,LOW,LOW,UNRELATED or NORMAL
org.odpi.openmetadata.adapters.connectors.jacquard.tabulardatasets,org.odpi.openmetadata.frameworks.openmetadata.properties,LOW,LOW,UNRELATED or NORMAL
org.odpi.openmetadata.contentpacks.core.apacheatlas,org.odpi.openmetadata.repositoryservices.connectors.stores.archivestore.properties,LOW,LOW,UNRELATED or NORMAL
org.odpi.openmetadata.contentpacks.core.unitycatalog,org.odpi.openmetadata.repositoryservices.connectors.stores.archivestore.properties,LOW,LOW,UNRELATED or NORMAL
org.odpi.openmetadata.engineservices.surveyaction.handlers,org.odpi.openmetadata.engineservices.surveyaction.server,LOW,LOW,UNRELATED or NORMAL
org.odpi.openmetadata.engineservices.governanceaction.handlers,org.odpi.openmetadata.frameworkservices.ocf.metadatamanagement.client,LOW,LOW,UNRELATED or NORMAL
org.odpi.openmetadata.adapters.connectors.governanceactions.watchdog,org.odpi.openmetadata.frameworks.openmetadata.definitions,LOW,LOW,UNRELATED or NORMAL
org.odpi.openmetadata.adapters.connectors.integration.openlineage,org.odpi.openmetadata.frameworks.openmetadata.properties,LOW,LOW,UNRELATED or NORMAL
org.odpi.openmetadata.repositoryservices.connectors.stores.archivestore.properties,org.odpi.openmetadata.samples.archiveutilities.governanceengines,LOW,LOW,UNRELATED or NORMAL
org.odpi.openmetadata.adapters.connectors.governanceactions.watchdog,org.odpi.openmetadata.contentpacks.core,LOW,LOW,UNRELATED or NORMAL
org.odpi.openmetadata.adapters.connectors.surveyaction.surveyfolder,org.odpi.openmetadata.frameworks.openmetadata.definitions,LOW,LOW,UNRELATED or NORMAL
org.odpi.openmetadata.contentpacks.core.unitycatalog,org.odpi.openmetadata.samples.archiveutilities.businesssystems,LOW,LOW,UNRELATED or NORMAL
org.odpi.openmetadata.adapters.repositoryservices.auditlogstore.postgres,org.odpi.openmetadata.frameworks.openmetadata.definitions,LOW,LOW,UNRELATED or NORMAL
org.odpi.openmetadata.adapters.connectors.surveyaction.surveyfolder,org.odpi.openmetadata.contentpacks.core,LOW,LOW,UNRELATED or NORMAL
org.odpi.openmetadata.adapters.connectors.apachekafka.survey,org.odpi.openmetadata.contentpacks.core.apachekafka,LOW,LOW,UNRELATED or NORMAL
org.odpi.openmetadata.contentpacks.core.apachekafka,org.odpi.openmetadata.contentpacks.core.core,LOW,LOW,UNRELATED or NORMAL
org.odpi.openmetadata.accessservices.assetconsumer.samples.readavrofile,org.odpi.openmetadata.frameworkservices.ocf.metadatamanagement.client,LOW,LOW,UNRELATED or NORMAL
org.odpi.openmetadata.frameworkservices.omf.client,org.odpi.openmetadata.viewservices.actionauthor.server,LOW,LOW,UNRELATED or NORMAL
org.odpi.openmetadata.adapters.connectors.integration.openapis,org.odpi.openmetadata.contentpacks.core.apis,LOW,LOW,UNRELATED or NORMAL
org.odpi.openmetadata.adapters.connectors.integration.openapis,org.odpi.openmetadata.frameworks.openmetadata.definitions,LOW,LOW,UNRELATED or NORMAL
org.odpi.openmetadata.engineservices.surveyaction.handlers,org.odpi.openmetadata.frameworkservices.omf.client,LOW,LOW,UNRELATED or NORMAL
org.odpi.openmetadata.frameworkservices.gaf.admin,org.odpi.openmetadata.frameworkservices.gaf.listener,LOW,LOW,UNRELATED or NORMAL
org.odpi.openmetadata.frameworkservices.omf.client,org.odpi.openmetadata.viewservices.communitymatters.server,LOW,LOW,UNRELATED or NORMAL
org.odpi.openmetadata.contentpacks.core.apis,org.odpi.openmetadata.contentpacks.core.core,LOW,LOW,UNRELATED or NORMAL
org.odpi.openmetadata.adapters.connectors.jacquard.productcatalog,org.odpi.openmetadata.adapters.connectors.jacquard.tabulardatasets.referencedata,LOW,LOW,UNRELATED or NORMAL
org.odpi.openmetadata.frameworks.openmetadata.search,org.odpi.openmetadata.viewservices.validmetadata.server,LOW,LOW,UNRELATED or NORMAL
org.odpi.openmetadata.frameworkservices.omf.client,org.odpi.openmetadata.viewservices.solutionarchitect.server,LOW,LOW,UNRELATED or NORMAL
org.odpi.openmetadata.frameworks.integration.iterator,org.odpi.openmetadata.frameworks.openmetadata.properties.externalidentifiers,LOW,LOW,UNRELATED or NORMAL
org.odpi.openmetadata.adapters.connectors.integration.jdbc,org.odpi.openmetadata.frameworks.openmetadata.definitions,LOW,LOW,UNRELATED or NORMAL
org.odpi.openmetadata.engineservices.repositorygovernance.connector,org.odpi.openmetadata.frameworks.openmetadata.refdata,LOW,LOW,UNRELATED or NORMAL
org.odpi.openmetadata.repositoryservices.connectors.stores.archivestore.properties,org.odpi.openmetadata.samples.archiveutilities.businesssystems,LOW,LOW,UNRELATED or NORMAL
org.odpi.openmetadata.adapters.connectors.integration.kafkaaudit,org.odpi.openmetadata.adapters.repositoryservices.auditlogstore.file,LOW,LOW,UNRELATED or NORMAL
org.odpi.openmetadata.contentpacks.core.core,org.odpi.openmetadata.samples.archiveutilities.governanceprogram,LOW,LOW,UNRELATED or NORMAL
org.odpi.openmetadata.contentpacks.core.core,org.odpi.openmetadata.samples.archiveutilities.clinicaltrialtemplates,LOW,LOW,UNRELATED or NORMAL
org.odpi.openmetadata.contentpacks.core.files,org.odpi.openmetadata.samples.archiveutilities.combo,LOW,LOW,UNRELATED or NORMAL
org.odpi.openmetadata.frameworkservices.omf.client,org.odpi.openmetadata.viewservices.governanceofficer.server,LOW,LOW,UNRELATED or NORMAL
org.odpi.openmetadata.contentpacks.core.core,org.odpi.openmetadata.samples.archiveutilities.sustainability,LOW,LOW,UNRELATED or NORMAL
org.odpi.openmetadata.adminservices.configuration.properties,org.odpi.openmetadata.utilities.serverconfig,LOW,LOW,UNRELATED or NORMAL
org.odpi.openmetadata.frameworkservices.omf.client,org.odpi.openmetadata.viewservices.externallinks.server,LOW,LOW,UNRELATED or NORMAL
org.odpi.openmetadata.contentpacks.core.organizationinsight,org.odpi.openmetadata.repositoryservices.connectors.stores.archivestore.properties,LOW,LOW,UNRELATED or NORMAL
org.odpi.openmetadata.engineservices.surveyaction.handlers,org.odpi.openmetadata.frameworks.connectors,LOW,LOW,UNRELATED or NORMAL
org.odpi.openmetadata.contentpacks.core.apachekafka,org.odpi.openmetadata.repositoryservices.connectors.stores.archivestore.properties,LOW,LOW,UNRELATED or NORMAL
org.odpi.openmetadata.adapters.connectors.integration.kafkaaudit,org.odpi.openmetadata.frameworks.openmetadata.definitions,LOW,LOW,UNRELATED or NORMAL
org.odpi.openmetadata.adapters.connectors.jacquard,org.odpi.openmetadata.frameworks.connectors.tabulardatasets,LOW,LOW,UNRELATED or NORMAL
org.odpi.openmetadata.repositoryservices.connectors.omrstopic,org.odpi.openmetadata.serveroperations.server,LOW,LOW,UNRELATED or NORMAL
org.odpi.openmetadata.frameworkservices.omf.client,org.odpi.openmetadata.viewservices.glossarymanager.server,LOW,LOW,UNRELATED or NORMAL
org.odpi.openmetadata.adapters.connectors.datastore.datafolder,org.odpi.openmetadata.frameworks.openmetadata.definitions,LOW,LOW,UNRELATED or NORMAL
org.odpi.openmetadata.adapters.connectors.datastore.datafolder,org.odpi.openmetadata.contentpacks.core,LOW,LOW,UNRELATED or NORMAL
org.odpi.openmetadata.frameworkservices.omf.admin,org.odpi.openmetadata.frameworkservices.omf.listener,LOW,LOW,UNRELATED or NORMAL
org.odpi.openmetadata.accessservices.datamanager.fvt.databases,org.odpi.openmetadata.frameworks.openmetadata.properties.assets,LOW,LOW,UNRELATED or NORMAL
org.odpi.openmetadata.frameworks.openmetadata.properties.governance,org.odpi.openmetadata.viewservices.notificationmanager.server,LOW,LOW,UNRELATED or NORMAL
org.odpi.openmetadata.adapters.connectors.baudot,org.odpi.openmetadata.contentpacks.core,LOW,LOW,UNRELATED or NORMAL
org.odpi.openmetadata.contentpacks.core.apis,org.odpi.openmetadata.repositoryservices.connectors.stores.archivestore.properties,LOW,LOW,UNRELATED or NORMAL
org.odpi.openmetadata.adapters.connectors.apachekafka.resource,org.odpi.openmetadata.frameworks.openmetadata.definitions,LOW,LOW,UNRELATED or NORMAL
org.odpi.openmetadata.adapters.connectors.wedgwood,org.odpi.openmetadata.contentpacks.core,LOW,LOW,UNRELATED or NORMAL
org.odpi.openmetadata.adapters.connectors.apachekafka.resource,org.odpi.openmetadata.contentpacks.core,LOW,LOW,UNRELATED or NORMAL
org.odpi.openmetadata.adapters.connectors.jacquard.productcatalog,org.odpi.openmetadata.adapters.connectors.jacquard.tabulardatasets.validmetadatavalues,LOW,LOW,UNRELATED or NORMAL
org.odpi.openmetadata.adapters.connectors.apachekafka.integration,org.odpi.openmetadata.frameworks.openmetadata.definitions,LOW,LOW,UNRELATED or NORMAL
org.odpi.openmetadata.frameworkservices.omf.client,org.odpi.openmetadata.viewservices.locationarena.server,LOW,LOW,UNRELATED or NORMAL
org.odpi.openmetadata.contentpacks.core.core,org.odpi.openmetadata.contentpacks.core.organizationinsight,LOW,LOW,UNRELATED or NORMAL
org.odpi.openmetadata.frameworks.openmetadata.properties.assets.processes,org.odpi.openmetadata.frameworkservices.gaf.converters,LOW,LOW,UNRELATED or NORMAL
org.odpi.openmetadata.frameworkservices.omf.client,org.odpi.openmetadata.viewservices.securityofficer.server,LOW,LOW,UNRELATED or NORMAL
org.odpi.openmetadata.frameworkservices.omf.client,org.odpi.openmetadata.viewservices.productmanager.server,LOW,LOW,UNRELATED or NORMAL
org.odpi.openmetadata.repositoryservices.admin,org.odpi.openmetadata.repositoryservices.connectors.stores.metadatacollectionstore.repositoryconnector,LOW,LOW,UNRELATED or NORMAL
org.odpi.openmetadata.adapters.connectors.apacheatlas.integration,org.odpi.openmetadata.contentpacks.core.apacheatlas,LOW,LOW,UNRELATED or NORMAL
org.odpi.openmetadata.contentpacks.core.files,org.odpi.openmetadata.repositoryservices.connectors.stores.archivestore.properties,LOW,LOW,UNRELATED or NORMAL
org.odpi.openmetadata.frameworkservices.omf.client,org.odpi.openmetadata.viewservices.privacyofficer.server,LOW,LOW,UNRELATED or NORMAL
org.odpi.openmetadata.frameworks.openmetadata.properties.schema.apis,org.odpi.openmetadata.frameworks.openmetadata.types,LOW,LOW,UNRELATED or NORMAL
org.odpi.openmetadata.frameworks.openmetadata.properties.resources,org.odpi.openmetadata.viewservices.classificationexplorer.server,LOW,LOW,UNRELATED or NORMAL
org.odpi.openmetadata.frameworkservices.omf.client,org.odpi.openmetadata.viewservices.metadataexpert.server,LOW,LOW,UNRELATED or NORMAL
org.odpi.openmetadata.engineservices.repositorygovernance.handlers,org.odpi.openmetadata.engineservices.repositorygovernance.server,LOW,LOW,UNRELATED or NORMAL
org.odpi.openmetadata.conformance.server,org.odpi.openmetadata.repositoryservices.connectors.omrstopic,LOW,LOW,UNRELATED or NORMAL
org.odpi.openmetadata.contentpacks.core.files,org.odpi.openmetadata.samples.archiveutilities.governanceengines,LOW,LOW,UNRELATED or NORMAL
org.odpi.openmetadata.adapters.connectors.surveyaction.surveyfile,org.odpi.openmetadata.frameworks.openmetadata.definitions,LOW,LOW,UNRELATED or NORMAL
org.odpi.openmetadata.contentpacks.core.apis,org.odpi.openmetadata.contentpacks.core.egeria,LOW,LOW,UNRELATED or NORMAL
org.odpi.openmetadata.adapters.connectors.surveyaction.surveyfile,org.odpi.openmetadata.contentpacks.core,LOW,LOW,UNRELATED or NORMAL
org.odpi.openmetadata.adapters.connectors.externalharvesters.harvestopenmetadata,org.odpi.openmetadata.adapters.connectors.externalharvesters.harvestopenmetadata.schema,LOW,LOW,UNRELATED or NORMAL
org.odpi.openmetadata.contentpacks.core.files,org.odpi.openmetadata.contentpacks.core.unitycatalog,LOW,LOW,UNRELATED or NORMAL
org.odpi.openmetadata.adapters.connectors.postgres.catalog,org.odpi.openmetadata.contentpacks.core.postgres,LOW,LOW,UNRELATED or NORMAL
org.odpi.openmetadata.frameworks.openmetadata.metadataelements,org.odpi.openmetadata.frameworkservices.omf.server,LOW,LOW,UNRELATED or NORMAL
org.odpi.openmetadata.frameworks.connectors.properties.beans,org.odpi.openmetadata.frameworkservices.gaf.handlers,LOW,LOW,UNRELATED or NORMAL
org.odpi.openmetadata.adapters.connectors.apacheatlas.integration,org.odpi.openmetadata.frameworks.openmetadata.definitions,LOW,LOW,UNRELATED or NORMAL
org.odpi.openmetadata.adapters.eventbus.topic.kafka,org.odpi.openmetadata.frameworks.openmetadata.definitions,LOW,LOW,UNRELATED or NORMAL
org.odpi.openmetadata.contentpacks.core,org.odpi.openmetadata.frameworks.openmetadata.enums,LOW,LOW,UNRELATED or NORMAL
org.odpi.openmetadata.adapters.eventbus.topic.kafka,org.odpi.openmetadata.contentpacks.core,LOW,LOW,UNRELATED or NORMAL
org.odpi.openmetadata.frameworks.openmetadata.api,org.odpi.openmetadata.frameworks.openmetadata.connectorcontext,LOW,LOW,UNRELATED or NORMAL
org.odpi.openmetadata.frameworkservices.gaf.server,org.odpi.openmetadata.repositoryservices.connectors.stores.metadatacollectionstore.repositoryconnector,LOW,LOW,UNRELATED or NORMAL
org.odpi.openmetadata.adapters.connectors.baudot,org.odpi.openmetadata.frameworks.openmetadata.search,LOW,LOW,UNRELATED or NORMAL
org.odpi.openmetadata.commonservices.ffdc,org.odpi.openmetadata.frameworks.connectors.properties.beans,LOW,LOW,UNRELATED or NORMAL
org.odpi.openmetadata.frameworks.openmetadata.refdata,org.odpi.openmetadata.governanceservers.enginehostservices.admin,LOW,LOW,UNRELATED or NORMAL
org.odpi.openmetadata.contentpacks.core.openlineage,org.odpi.openmetadata.repositoryservices.connectors.stores.archivestore.properties,LOW,LOW,UNRELATED or NORMAL
org.odpi.openmetadata.engineservices.governanceaction.handlers,org.odpi.openmetadata.frameworkservices.omf.client,LOW,LOW,UNRELATED or NORMAL
org.odpi.openmetadata.contentpacks.core.core,org.odpi.openmetadata.contentpacks.core.openlineage,LOW,LOW,UNRELATED or NORMAL
org.odpi.openmetadata.repositoryservices.connectors.stores.archivestore.properties,org.odpi.openmetadata.samples.archiveutilities.governanceprogram,LOW,LOW,UNRELATED or NORMAL
org.odpi.openmetadata.contentpacks.core.egeria,org.odpi.openmetadata.samples.archiveutilities.combo,LOW,LOW,UNRELATED or NORMAL
org.odpi.openmetadata.repositoryservices.connectors.stores.archivestore.properties,org.odpi.openmetadata.samples.archiveutilities.clinicaltrialtemplates,LOW,LOW,UNRELATED or NORMAL
org.odpi.openmetadata.frameworkservices.omf.admin,org.odpi.openmetadata.repositoryservices.connectors.stores.metadatacollectionstore.repositoryconnector,LOW,LOW,UNRELATED or NORMAL
org.odpi.openmetadata.adapters.connectors.surveyaction.surveycsv,org.odpi.openmetadata.frameworks.openmetadata.definitions,LOW,LOW,UNRELATED or NORMAL
org.odpi.openmetadata.repositoryservices.connectors.stores.archivestore.properties,org.odpi.openmetadata.samples.archiveutilities.sustainability,LOW,LOW,UNRELATED or NORMAL
org.odpi.openmetadata.adapters.connectors.surveyaction.surveycsv,org.odpi.openmetadata.contentpacks.core,LOW,LOW,UNRELATED or NORMAL
org.odpi.openmetadata.frameworkservices.omf.client,org.odpi.openmetadata.viewservices.productcatalog.server,LOW,LOW,UNRELATED or NORMAL
org.odpi.openmetadata.frameworkservices.omf.client,org.odpi.openmetadata.viewservices.validmetadata.server,LOW,LOW,UNRELATED or NORMAL
org.odpi.openmetadata.contentpacks.core.postgres,org.odpi.openmetadata.samples.archiveutilities.combo,LOW,LOW,UNRELATED or NORMAL
org.odpi.openmetadata.adapters.connectors.governanceactions.verification,org.odpi.openmetadata.contentpacks.core,LOW,LOW,UNRELATED or NORMAL
org.odpi.openmetadata.frameworkservices.omf.client,org.odpi.openmetadata.viewservices.subjectarea.server,LOW,LOW,UNRELATED or NORMAL
org.odpi.openmetadata.adapters.connectors.datastore.csvfile,org.odpi.openmetadata.engineservices.surveyaction.handlers,LOW,LOW,UNRELATED or NORMAL
org.odpi.openmetadata.contentpacks.core.core,org.odpi.openmetadata.contentpacks.core.postgres,LOW,LOW,UNRELATED or NORMAL
org.odpi.openmetadata.adapters.connectors.baudot,org.odpi.openmetadata.frameworks.opengovernance.ffdc,LOW,LOW,UNRELATED or NORMAL
org.odpi.openmetadata.adapters.connectors.apachekafka.survey,org.odpi.openmetadata.contentpacks.core,LOW,LOW,UNRELATED or NORMAL
org.odpi.openmetadata.contentpacks.core.files,org.odpi.openmetadata.samples.archiveutilities.businesssystems,LOW,LOW,UNRELATED or NORMAL
org.odpi.openmetadata.adminservices.configuration.properties,org.odpi.openmetadata.conformance.workbenches.platform,LOW,LOW,UNRELATED or NORMAL
org.odpi.openmetadata.adapters.connectors.apacheatlas.survey,org.odpi.openmetadata.frameworks.openmetadata.definitions,LOW,LOW,UNRELATED or NORMAL
org.odpi.openmetadata.engineservices.watchdogaction.handlers,org.odpi.openmetadata.engineservices.watchdogaction.server,LOW,LOW,UNRELATED or NORMAL
org.odpi.openmetadata.contentpacks.core.core,org.odpi.openmetadata.samples.archiveutilities.combo,LOW,LOW,UNRELATED or NORMAL
org.odpi.openmetadata.adapters.connectors.apacheatlas.survey,org.odpi.openmetadata.contentpacks.core,LOW,LOW,UNRELATED or NORMAL
org.odpi.openmetadata.frameworkservices.omf.client,org.odpi.openmetadata.viewservices.devopspipeline.server,LOW,LOW,UNRELATED or NORMAL
org.odpi.openmetadata.adapters.connectors.unitycatalog.provision,org.odpi.openmetadata.frameworks.openmetadata.definitions,LOW,LOW,UNRELATED or NORMAL
org.odpi.openmetadata.adapters.connectors.unitycatalog.provision,org.odpi.openmetadata.contentpacks.core,LOW,LOW,UNRELATED or NORMAL
org.odpi.openmetadata.frameworkservices.omf.client,org.odpi.openmetadata.viewservices.datadiscovery.server,LOW,LOW,UNRELATED or NORMAL
org.odpi.openmetadata.contentpacks.core.egeria,org.odpi.openmetadata.repositoryservices.connectors.stores.archivestore.properties,LOW,LOW,UNRELATED or NORMAL
org.odpi.openmetadata.engineservices.governanceaction.handlers,org.odpi.openmetadata.engineservices.governanceaction.server,LOW,LOW,UNRELATED or NORMAL
org.odpi.openmetadata.engineservices.governanceaction.handlers,org.odpi.openmetadata.frameworks.connectors,LOW,LOW,UNRELATED or NORMAL
org.odpi.openmetadata.frameworks.openmetadata.properties.locations,org.odpi.openmetadata.frameworks.openmetadata.types,LOW,LOW,UNRELATED or NORMAL
org.odpi.openmetadata.adapters.connectors.jacquard.tabulardatasets.referencedata,org.odpi.openmetadata.adapters.connectors.jacquard.tabulardatasets.validmetadatavalues,LOW,LOW,UNRELATED or NORMAL
org.odpi.openmetadata.frameworks.openmetadata.properties.security,org.odpi.openmetadata.viewservices.classificationexplorer.server,LOW,LOW,UNRELATED or NORMAL
org.odpi.openmetadata.contentpacks.core.egeria,org.odpi.openmetadata.samples.archiveutilities.governanceengines,LOW,LOW,UNRELATED or NORMAL
org.odpi.openmetadata.frameworkservices.omf.client,org.odpi.openmetadata.viewservices.datadesigner.server,LOW,LOW,UNRELATED or NORMAL
org.odpi.openmetadata.adapters.connectors.apachekafka.integration,org.odpi.openmetadata.contentpacks.core.apachekafka,LOW,LOW,UNRELATED or NORMAL
org.odpi.openmetadata.frameworkservices.omf.client,org.odpi.openmetadata.viewservices.digitalbusiness.server,LOW,LOW,UNRELATED or NORMAL
org.odpi.openmetadata.commonservices.ffdc,org.odpi.openmetadata.serveroperations.client.rest,LOW,LOW,UNRELATED or NORMAL
org.odpi.openmetadata.frameworkservices.omf.client,org.odpi.openmetadata.viewservices.peopleorganizer.server,LOW,LOW,UNRELATED or NORMAL
org.odpi.openmetadata.contentpacks.core.postgres,org.odpi.openmetadata.samples.archiveutilities.governanceengines,LOW,LOW,UNRELATED or NORMAL
org.odpi.openmetadata.frameworkservices.omf.client,org.odpi.openmetadata.viewservices.projectmanager.server,LOW,LOW,UNRELATED or NORMAL
org.odpi.openmetadata.frameworks.openmetadata.properties.assets.processes,org.odpi.openmetadata.frameworks.openmetadata.types,LOW,LOW,UNRELATED or NORMAL
org.odpi.openmetadata.contentpacks.core.unitycatalog,org.odpi.openmetadata.samples.archiveutilities.combo,LOW,LOW,UNRELATED or NORMAL
org.odpi.openmetadata.frameworkservices.omf.client,org.odpi.openmetadata.viewservices.referencedata.server,LOW,LOW,UNRELATED or NORMAL
org.odpi.openmetadata.adapters.connectors.apachekafka.survey,org.odpi.openmetadata.frameworks.openmetadata.definitions,LOW,LOW,UNRELATED or NORMAL
org.odpi.openmetadata.adapters.connectors.egeriainfrastructure.control,org.odpi.openmetadata.adapters.connectors.egeriainfrastructure.platform,LOW,LOW,UNRELATED or NORMAL
org.odpi.openmetadata.adapters.connectors.integration.kafkaaudit,org.odpi.openmetadata.adapters.repositoryservices.auditlogstore.postgres,LOW,LOW,UNRELATED or NORMAL
org.odpi.openmetadata.adapters.connectors.jacquard.tabulardatasets,org.odpi.openmetadata.frameworkservices.omf.client,LOW,LOW,UNRELATED or NORMAL
org.odpi.openmetadata.adminservices.configuration.properties,org.odpi.openmetadata.frameworkservices.gaf.admin,LOW,LOW,UNRELATED or NORMAL
org.odpi.openmetadata.adapters.connectors.organizationinsight.karmapoints,org.odpi.openmetadata.contentpacks.core,LOW,LOW,UNRELATED or NORMAL
org.odpi.openmetadata.frameworks.openmetadata.properties.actors,org.odpi.openmetadata.viewservices.peopleorganizer.server,LOW,LOW,UNRELATED or NORMAL
org.odpi.openmetadata.adapters.connectors.unitycatalog.resource,org.odpi.openmetadata.contentpacks.core.unitycatalog,LOW,LOW,UNRELATED or NORMAL
org.odpi.openmetadata.contentpacks.core.core,org.odpi.openmetadata.contentpacks.core.files,LOW,LOW,UNRELATED or NORMAL
org.odpi.openmetadata.contentpacks.core.core,org.odpi.openmetadata.samples.archiveutilities.governanceengines,LOW,LOW,UNRELATED or NORMAL
org.odpi.openmetadata.frameworks.openmetadata.properties.lineage,org.odpi.openmetadata.frameworks.openmetadata.types,LOW,LOW,UNRELATED or NORMAL
org.odpi.openmetadata.frameworks.connectors.properties.beans,org.odpi.openmetadata.serveroperations.server,LOW,LOW,UNRELATED or NORMAL
org.odpi.openmetadata.frameworks.openmetadata.properties.implementations,org.odpi.openmetadata.viewservices.governanceofficer.server,LOW,LOW,UNRELATED or NORMAL
org.odpi.openmetadata.adapters.connectors.apacheatlas.resource,org.odpi.openmetadata.contentpacks.core.apacheatlas,LOW,LOW,UNRELATED or NORMAL
org.odpi.openmetadata.adapters.connectors.reports.surveyreport,org.odpi.openmetadata.contentpacks.core,LOW,LOW,UNRELATED or NORMAL
org.odpi.openmetadata.conformance.tests.platform.origin,org.odpi.openmetadata.conformance.workbenches.platform,LOW,LOW,UNRELATED or NORMAL
org.odpi.openmetadata.engineservices.surveyaction.handlers,org.odpi.openmetadata.frameworkservices.ocf.metadatamanagement.client,LOW,LOW,UNRELATED or NORMAL
org.odpi.openmetadata.frameworkservices.omf.client,org.odpi.openmetadata.viewservices.automatedcuration.server,LOW,LOW,UNRELATED or NORMAL
org.odpi.openmetadata.contentpacks.core.apacheatlas,org.odpi.openmetadata.contentpacks.core.core,LOW,LOW,UNRELATED or NORMAL
org.odpi.openmetadata.adapters.repositoryservices.postgres.repositoryconnector,org.odpi.openmetadata.frameworks.connectors.properties.beans,LOW,LOW,UNRELATED or NORMAL
org.odpi.openmetadata.contentpacks.core.postgres,org.odpi.openmetadata.repositoryservices.connectors.stores.archivestore.properties,LOW,LOW,UNRELATED or NORMAL
org.odpi.openmetadata.adapters.connectors.apachekafka.resource,org.odpi.openmetadata.contentpacks.core.apachekafka,LOW,LOW,UNRELATED or NORMAL
org.odpi.openmetadata.contentpacks.core.egeria,org.odpi.openmetadata.samples.archiveutilities.businesssystems,LOW,LOW,UNRELATED or NORMAL
org.odpi.openmetadata.adapters.connectors.resource.jdbc,org.odpi.openmetadata.frameworks.openmetadata.definitions,LOW,LOW,UNRELATED or NORMAL
org.odpi.openmetadata.adapters.connectors.governanceactions.verification,org.odpi.openmetadata.frameworks.openmetadata.search,LOW,LOW,UNRELATED or NORMAL
org.odpi.openmetadata.adapters.connectors.integration.jdbc.transfer,org.odpi.openmetadata.frameworks.integration.context,LOW,LOW,UNRELATED or NORMAL
org.odpi.openmetadata.adapters.connectors.apacheatlas.resource,org.odpi.openmetadata.frameworks.openmetadata.definitions,LOW,LOW,UNRELATED or NORMAL
org.odpi.openmetadata.adapters.connectors.apacheatlas.resource,org.odpi.openmetadata.contentpacks.core,LOW,LOW,UNRELATED or NORMAL
org.odpi.openmetadata.contentpacks.core.core,org.odpi.openmetadata.contentpacks.core.digitalproducts,LOW,LOW,UNRELATED or NORMAL
org.odpi.openmetadata.contentpacks.core.postgres,org.odpi.openmetadata.samples.archiveutilities.businesssystems,LOW,LOW,UNRELATED or NORMAL
org.odpi.openmetadata.frameworks.integration.context,org.odpi.openmetadata.frameworks.opengovernance.properties,LOW,LOW,UNRELATED or NORMAL
org.odpi.openmetadata.frameworkservices.omf.client,org.odpi.openmetadata.viewservices.notificationmanager.server,LOW,LOW,UNRELATED or NORMAL
org.odpi.openmetadata.frameworkservices.omf.client,org.odpi.openmetadata.viewservices.myprofile.server,LOW,LOW,UNRELATED or NORMAL
org.odpi.openmetadata.contentpacks.core.unitycatalog,org.odpi.openmetadata.samples.archiveutilities.governanceengines,LOW,LOW,UNRELATED or NORMAL
org.odpi.openmetadata.engineservices.watchdogaction.handlers,org.odpi.openmetadata.frameworkservices.omf.client,LOW,LOW,UNRELATED or NORMAL
org.odpi.openmetadata.adapters.connectors.baudot,org.odpi.openmetadata.frameworks.auditlog.messagesets,LOW,LOW,UNRELATED or NORMAL
org.odpi.openmetadata.adminservices.configuration.registration,org.odpi.openmetadata.viewservices.runtimemanager.server,LOW,LOW,UNRELATED or NORMAL
org.odpi.openmetadata.commonservices.ffdc.rest,org.odpi.openmetadata.frameworkservices.ocf.metadatamanagement.server,LOW,LOW,UNRELATED or NORMAL
org.odpi.openmetadata.adminservices.configuration.registration,org.odpi.openmetadata.viewservices.datadesigner.server,LOW,LOW,UNRELATED or NORMAL
org.odpi.openmetadata.adapters.connectors.apacheatlas.integration.modules,org.odpi.openmetadata.frameworks.openmetadata.properties.schema.databases,LOW,LOW,UNRELATED or NORMAL
org.odpi.openmetadata.adminservices.client,org.odpi.openmetadata.frameworks.auditlog,LOW,LOW,UNRELATED or NORMAL
org.odpi.openmetadata.repositoryservices.connectors.stores.metadatacollectionstore.properties.search,org.odpi.openmetadata.repositoryservices.rest.properties,LOW,LOW,UNRELATED or NORMAL
org.odpi.openmetadata.accessservices.assetmanager.fvt.connections,org.odpi.openmetadata.frameworks.openmetadata.properties,LOW,LOW,UNRELATED or NORMAL
org.odpi.openmetadata.frameworks.connectors,org.odpi.openmetadata.repositoryservices.localrepository.repositoryconnector,LOW,LOW,UNRELATED or NORMAL
org.odpi.openmetadata.repositoryservices.connectors.omrstopic,org.odpi.openmetadata.repositoryservices.events.future,LOW,LOW,UNRELATED or NORMAL
org.odpi.openmetadata.frameworkservices.gaf.client,org.odpi.openmetadata.governanceservers.enginehostservices.enginemap,LOW,LOW,UNRELATED or NORMAL
org.odpi.openmetadata.adapters.connectors.egeriainfrastructure.platform.catalog,org.odpi.openmetadata.frameworks.openmetadata.properties,LOW,LOW,UNRELATED or NORMAL
org.odpi.openmetadata.adminservices.configuration.properties,org.odpi.openmetadata.engineservices.governanceaction.handlers,LOW,LOW,UNRELATED or NORMAL
org.odpi.openmetadata.frameworks.auditlog,org.odpi.openmetadata.samples.governanceactions.clinicaltrials.metadata,LOW,LOW,UNRELATED or NORMAL
org.odpi.openmetadata.adapters.connectors.integration.openapis.ffdc,org.odpi.openmetadata.frameworks.auditlog,LOW,LOW,UNRELATED or NORMAL
org.odpi.openmetadata.conformance.beans,org.odpi.openmetadata.conformance.tests.repository,LOW,LOW,UNRELATED or NORMAL
org.odpi.openmetadata.engineservices.watchdogaction.ffdc,org.odpi.openmetadata.frameworks.auditlog,LOW,LOW,UNRELATED or NORMAL
org.odpi.openmetadata.frameworks.openmetadata.types,org.odpi.openmetadata.frameworkservices.gaf.converters,LOW,LOW,UNRELATED or NORMAL
org.odpi.openmetadata.adapters.connectors.jacquard.tabulardatasets,org.odpi.openmetadata.frameworks.openmetadata.connectorcontext,LOW,LOW,UNRELATED or NORMAL
org.odpi.openmetadata.frameworks.opengovernance.properties,org.odpi.openmetadata.frameworks.openwatchdog,LOW,LOW,UNRELATED or NORMAL
org.odpi.openmetadata.adapters.connectors.integration.openlineage,org.odpi.openmetadata.frameworks.integration.context,LOW,LOW,UNRELATED or NORMAL
org.odpi.openmetadata.adapters.connectors.wedgwood,org.odpi.openmetadata.frameworks.openmetadata.refdata,LOW,LOW,UNRELATED or NORMAL
org.odpi.openmetadata.adapters.connectors.unitycatalog.properties,org.odpi.openmetadata.adapters.connectors.unitycatalog.resource.rest,LOW,LOW,UNRELATED or NORMAL
org.odpi.openmetadata.conformance.tests.repository.types,org.odpi.openmetadata.conformance.workbenches.repository.listener,LOW,LOW,UNRELATED or NORMAL
org.odpi.openmetadata.platformservices.client,org.odpi.openmetadata.utilities.serverops,LOW,LOW,UNRELATED or NORMAL
org.odpi.openmetadata.frameworks.connectors.client,org.odpi.openmetadata.viewservices.securityofficer.server,LOW,LOW,UNRELATED or NORMAL
org.odpi.openmetadata.frameworks.connectors,org.odpi.openmetadata.viewservices.runtimemanager.server,LOW,LOW,UNRELATED or NORMAL
org.odpi.openmetadata.repositoryservices.admin,org.odpi.openmetadata.repositoryservices.enterprise.connectormanager,LOW,LOW,UNRELATED or NORMAL
org.odpi.openmetadata.frameworks.connectors,org.odpi.openmetadata.frameworks.opengovernance,LOW,LOW,UNRELATED or NORMAL
org.odpi.openmetadata.adapters.connectors.integration.basicfiles,org.odpi.openmetadata.adapters.connectors.integration.basicfiles.ffdc.exception,LOW,LOW,UNRELATED or NORMAL
org.odpi.openmetadata.adapters.connectors.integration.basicfiles,org.odpi.openmetadata.repositoryservices.connectors.stores.archivestore.properties,LOW,LOW,UNRELATED or NORMAL
org.odpi.openmetadata.accessservices.digitalarchitecture.fvt.validvalues,org.odpi.openmetadata.frameworks.openmetadata.properties,LOW,LOW,UNRELATED or NORMAL
org.odpi.openmetadata.repositoryservices.connectors.stores.metadatacollectionstore.utilities,org.odpi.openmetadata.repositoryservices.localrepository.repositorycontentmanager,LOW,LOW,UNRELATED or NORMAL
org.odpi.openmetadata.frameworks.openmetadata.converters,org.odpi.openmetadata.frameworks.openmetadata.properties.resources,LOW,LOW,UNRELATED or NORMAL
org.odpi.openmetadata.adapters.connectors.apacheatlas.integration.modules,org.odpi.openmetadata.frameworks.connectors.properties.beans,LOW,LOW,UNRELATED or NORMAL
org.odpi.openmetadata.frameworks.openmetadata.converters,org.odpi.openmetadata.frameworks.openmetadata.properties.informationsupplychains,LOW,LOW,UNRELATED or NORMAL
org.odpi.openmetadata.frameworks.openmetadata.converters,org.odpi.openmetadata.frameworks.openmetadata.properties.communities,LOW,LOW,UNRELATED or NORMAL
org.odpi.openmetadata.conformance.workbenches.repository,org.odpi.openmetadata.conformance.workbenches.repository.connectorconsumer,LOW,LOW,UNRELATED or NORMAL
org.odpi.openmetadata.adapters.repositoryservices.postgres.repositoryconnector.ffdc,org.odpi.openmetadata.adapters.repositoryservices.postgres.repositoryconnector.mappers,LOW,LOW,UNRELATED or NORMAL
org.odpi.openmetadata.adapters.connectors.governanceactions.ffdc,org.odpi.openmetadata.adapters.connectors.governanceactions.stewardship,LOW,LOW,UNRELATED or NORMAL
org.odpi.openmetadata.accessservices.assetmanager.fvt.common,org.odpi.openmetadata.frameworks.openmetadata.metadataelements,LOW,LOW,UNRELATED or NORMAL
org.odpi.openmetadata.contentpacks.core.base,org.odpi.openmetadata.contentpacks.core.digitalproducts,LOW,LOW,UNRELATED or NORMAL
org.odpi.openmetadata.tokencontroller,org.odpi.openmetadata.viewservices.actionauthor.server,LOW,LOW,UNRELATED or NORMAL
org.odpi.openmetadata.adapters.repositoryservices,org.odpi.openmetadata.repositoryservices.admin,LOW,LOW,UNRELATED or NORMAL
org.odpi.openmetadata.governanceservers.integrationdaemonservices.server,org.odpi.openmetadata.governanceservers.integrationdaemonservices.server.spring,LOW,LOW,UNRELATED or NORMAL
org.odpi.openmetadata.repositoryservices.connectors.stores.metadatacollectionstore.properties,org.odpi.openmetadata.repositoryservices.localrepository.repositoryconnector,LOW,LOW,UNRELATED or NORMAL
org.odpi.openmetadata.frameworks.opensurvey,org.odpi.openmetadata.frameworks.opensurvey.ffdc,LOW,LOW,UNRELATED or NORMAL
org.odpi.openmetadata.frameworks.openmetadata.types,org.odpi.openmetadata.frameworks.opensurvey,LOW,LOW,UNRELATED or NORMAL
org.odpi.openmetadata.adapters.repositoryservices.postgres.repositoryconnector,org.odpi.openmetadata.adapters.repositoryservices.postgres.repositoryconnector.ffdc,LOW,LOW,UNRELATED or NORMAL
org.odpi.openmetadata.governanceservers.integrationdaemonservices.ffdc,org.odpi.openmetadata.governanceservers.integrationdaemonservices.handlers,LOW,LOW,UNRELATED or NORMAL
org.odpi.openmetadata.engineservices.surveyaction.handlers,org.odpi.openmetadata.frameworks.openmetadata.properties,LOW,LOW,UNRELATED or NORMAL
org.odpi.openmetadata.adapters.connectors.egeriainfrastructure.extractor,org.odpi.openmetadata.serveroperations.properties,LOW,LOW,UNRELATED or NORMAL
org.odpi.openmetadata.accessservices.governanceprogram.fvt,org.odpi.openmetadata.fvt.utilities,LOW,LOW,UNRELATED or NORMAL
org.odpi.openmetadata.adapters.connectors.governanceactions.watchdog,org.odpi.openmetadata.frameworks.openmetadata.search,LOW,LOW,UNRELATED or NORMAL
org.odpi.openmetadata.frameworks.openmetadata.converters,org.odpi.openmetadata.frameworks.openmetadata.properties.implementations,LOW,LOW,UNRELATED or NORMAL
org.odpi.openmetadata.frameworks.connectors.properties.beans,org.odpi.openmetadata.repositoryservices.events,LOW,LOW,UNRELATED or NORMAL
org.odpi.openmetadata.frameworks.auditlog,org.odpi.openmetadata.viewservices.actionauthor.server,LOW,LOW,UNRELATED or NORMAL
org.odpi.openmetadata.accessservices.assetmanager.fvt.dataassets,org.odpi.openmetadata.frameworks.openmetadata.properties.assets,LOW,LOW,UNRELATED or NORMAL
org.odpi.openmetadata.repositoryservices.connectors.stores.metadatacollectionstore,org.odpi.openmetadata.repositoryservices.localrepository.repositorycontentmanager,LOW,LOW,UNRELATED or NORMAL
org.odpi.openmetadata.adapters.connectors.unitycatalog.controls,org.odpi.openmetadata.adapters.connectors.unitycatalog.provision,LOW,LOW,UNRELATED or NORMAL
org.odpi.openmetadata.repositoryservices.admin,org.odpi.openmetadata.repositoryservices.connectors.omrstopic,LOW,LOW,UNRELATED or NORMAL
org.odpi.openmetadata.adapters.connectors.postgres.tabulardatasource,org.odpi.openmetadata.adapters.connectors.resource.jdbc.ddl.postgres,LOW,LOW,UNRELATED or NORMAL
org.odpi.openmetadata.adapters.connectors.integration.jdbc.transfer,org.odpi.openmetadata.frameworks.openmetadata.properties.assets.databases,LOW,LOW,UNRELATED or NORMAL
org.odpi.openmetadata.frameworks.openmetadata.handlers,org.odpi.openmetadata.viewservices.lineagelinker.server,LOW,LOW,UNRELATED or NORMAL
org.odpi.openmetadata.adapters.connectors.apachekafka.integration.ffdc,org.odpi.openmetadata.frameworks.auditlog,LOW,LOW,UNRELATED or NORMAL
org.odpi.openmetadata.frameworks.auditlog,org.odpi.openmetadata.frameworkservices.gaf.ffdc,LOW,LOW,UNRELATED or NORMAL
org.odpi.openmetadata.engineservices.surveyaction.ffdc,org.odpi.openmetadata.frameworks.auditlog,LOW,LOW,UNRELATED or NORMAL
org.odpi.openmetadata.adapters.connectors.unitycatalog.sync,org.odpi.openmetadata.frameworks.openmetadata.enums,LOW,LOW,UNRELATED or NORMAL
org.odpi.openmetadata.commonservices.ffdc.rest,org.odpi.openmetadata.viewservices.assetcatalog.rest,LOW,LOW,UNRELATED or NORMAL
org.odpi.openmetadata.governanceservers.integrationdaemonservices.handlers,org.odpi.openmetadata.governanceservers.integrationdaemonservices.threads,LOW,LOW,UNRELATED or NORMAL
org.odpi.openmetadata.adminservices.configuration.registration,org.odpi.openmetadata.viewservices.glossarymanager.server,LOW,LOW,UNRELATED or NORMAL
org.odpi.openmetadata.adminservices.configuration.registration,org.odpi.openmetadata.viewservices.securityofficer.server,LOW,LOW,UNRELATED or NORMAL
org.odpi.openmetadata.adminservices.configuration.registration,org.odpi.openmetadata.viewservices.metadataexpert.server,LOW,LOW,UNRELATED or NORMAL
org.odpi.openmetadata.frameworks.openmetadata.enums,org.odpi.openmetadata.frameworks.openmetadata.properties.assets.processes.connectors,LOW,LOW,UNRELATED or NORMAL
org.odpi.openmetadata.frameworks.connectors.properties.beans,org.odpi.openmetadata.repositoryservices.admin,LOW,LOW,UNRELATED or NORMAL
org.odpi.openmetadata.adminservices.configuration.registration,org.odpi.openmetadata.viewservices.collectionmanager.server,LOW,LOW,UNRELATED or NORMAL
org.odpi.openmetadata.adminservices.configuration.registration,org.odpi.openmetadata.viewservices.lineagelinker.server,LOW,LOW,UNRELATED or NORMAL
org.odpi.openmetadata.adminservices.configuration.registration,org.odpi.openmetadata.viewservices.timekeeper.server,LOW,LOW,UNRELATED or NORMAL
org.odpi.openmetadata.frameworks.integration.iterator,org.odpi.openmetadata.frameworks.openmetadata.connectorcontext,LOW,LOW,UNRELATED or NORMAL
org.odpi.openmetadata.accessservices.communityprofile.fvt.locations,org.odpi.openmetadata.adminservices.configuration.registration,LOW,LOW,UNRELATED or NORMAL
org.odpi.openmetadata.frameworks.openmetadata.builders,org.odpi.openmetadata.frameworks.openmetadata.properties.softwarecapabilities,LOW,LOW,UNRELATED or NORMAL
org.odpi.openmetadata.accessservices.communityprofile.fvt.validvalues,org.odpi.openmetadata.adminservices.configuration.registration,LOW,LOW,UNRELATED or NORMAL
org.odpi.openmetadata.accessservices.datamanager.fvt.clientconstructors,org.odpi.openmetadata.frameworks.openmetadata.ffdc,LOW,LOW,UNRELATED or NORMAL
org.odpi.openmetadata.accessservices.communityprofile.fvt.clientconstructors,org.odpi.openmetadata.adminservices.configuration.registration,LOW,LOW,UNRELATED or NORMAL
org.odpi.openmetadata.frameworks.openmetadata.connectorcontext,org.odpi.openmetadata.frameworks.openmetadata.properties.propertyfacets,LOW,LOW,UNRELATED or NORMAL
org.odpi.openmetadata.accessservices.communityprofile.fvt.errorhandling,org.odpi.openmetadata.adminservices.configuration.registration,LOW,LOW,UNRELATED or NORMAL
org.odpi.openmetadata.accessservices.stewardshipaction.fvt.duplicateprocessing,org.odpi.openmetadata.adminservices.configuration.registration,LOW,LOW,UNRELATED or NORMAL
org.odpi.openmetadata.adapters.connectors.externalharvesters.harvestsurveys,org.odpi.openmetadata.frameworks.openmetadata.ffdc,LOW,LOW,UNRELATED or NORMAL
org.odpi.openmetadata.accessservices.communityprofile.fvt.metadatasources,org.odpi.openmetadata.adminservices.configuration.registration,LOW,LOW,UNRELATED or NORMAL
org.odpi.openmetadata.frameworks.openmetadata.handlers,org.odpi.openmetadata.frameworks.openmetadata.properties.propertyfacets,LOW,LOW,UNRELATED or NORMAL
org.odpi.openmetadata.accessservices.governanceprogram.fvt.definitions,org.odpi.openmetadata.adminservices.configuration.registration,LOW,LOW,UNRELATED or NORMAL
org.odpi.openmetadata.accessservices.assetmanager.fvt.externalidentifiers,org.odpi.openmetadata.adminservices.configuration.registration,LOW,LOW,UNRELATED or NORMAL
org.odpi.openmetadata.accessservices.assetowner.fvt.clientconstructors,org.odpi.openmetadata.adminservices.configuration.registration,LOW,LOW,UNRELATED or NORMAL
org.odpi.openmetadata.accessservices.datamanager.fvt.validvalues,org.odpi.openmetadata.adminservices.configuration.registration,LOW,LOW,UNRELATED or NORMAL
org.odpi.openmetadata.accessservices.assetowner.fvt.connections,org.odpi.openmetadata.adminservices.configuration.registration,LOW,LOW,UNRELATED or NORMAL
org.odpi.openmetadata.accessservices.governanceserver.fvt.errorhandling,org.odpi.openmetadata.adminservices.configuration.registration,LOW,LOW,UNRELATED or NORMAL
org.odpi.openmetadata.adminservices.configuration.properties,org.odpi.openmetadata.adminservices.ffdc.exception,LOW,LOW,UNRELATED or NORMAL
org.odpi.openmetadata.accessservices.digitalarchitecture.fvt.clientconstructors,org.odpi.openmetadata.adminservices.configuration.registration,LOW,LOW,UNRELATED or NORMAL
org.odpi.openmetadata.accessservices.datamanager.fvt.errorhandling,org.odpi.openmetadata.adminservices.configuration.registration,LOW,LOW,UNRELATED or NORMAL
org.odpi.openmetadata.commonservices.ffdc.rest,org.odpi.openmetadata.frameworkservices.ocf.metadatamanagement.server.spring,LOW,LOW,UNRELATED or NORMAL
org.odpi.openmetadata.accessservices.datamanager.fvt.clientconstructors,org.odpi.openmetadata.adminservices.configuration.registration,LOW,LOW,UNRELATED or NORMAL
org.odpi.openmetadata.adapters.connectors.unitycatalog.sync,org.odpi.openmetadata.frameworks.openmetadata.controls,LOW,LOW,UNRELATED or NORMAL
org.odpi.openmetadata.accessservices.governanceserver.fvt.duplicates,org.odpi.openmetadata.adminservices.configuration.registration,LOW,LOW,UNRELATED or NORMAL
org.odpi.openmetadata.adapters.connectors.postgres.survey,org.odpi.openmetadata.frameworks.openmetadata.ffdc,LOW,LOW,UNRELATED or NORMAL
org.odpi.openmetadata.accessservices.governanceserver.fvt.clientconstructors,org.odpi.openmetadata.adminservices.configuration.registration,LOW,LOW,UNRELATED or NORMAL
org.odpi.openmetadata.accessservices.digitalarchitecture.fvt.validvalues,org.odpi.openmetadata.adminservices.configuration.registration,LOW,LOW,UNRELATED or NORMAL
org.odpi.openmetadata.accessservices.governanceprogram.fvt.clientconstructors,org.odpi.openmetadata.adminservices.configuration.registration,LOW,LOW,UNRELATED or NORMAL
org.odpi.openmetadata.accessservices.digitalarchitecture.fvt.connections,org.odpi.openmetadata.adminservices.configuration.registration,LOW,LOW,UNRELATED or NORMAL
org.odpi.openmetadata.accessservices.governanceserver.fvt.engines,org.odpi.openmetadata.adminservices.configuration.registration,LOW,LOW,UNRELATED or NORMAL
org.odpi.openmetadata.accessservices.stewardshipaction.fvt.clientconstructors,org.odpi.openmetadata.adminservices.configuration.registration,LOW,LOW,UNRELATED or NORMAL
org.odpi.openmetadata.accessservices.datamanager.fvt.connections,org.odpi.openmetadata.adminservices.configuration.registration,LOW,LOW,UNRELATED or NORMAL
org.odpi.openmetadata.accessservices.digitalarchitecture.fvt.locations,org.odpi.openmetadata.adminservices.configuration.registration,LOW,LOW,UNRELATED or NORMAL
org.odpi.openmetadata.accessservices.assetmanager.fvt.clientconstructors,org.odpi.openmetadata.adminservices.configuration.registration,LOW,LOW,UNRELATED or NORMAL
org.odpi.openmetadata.accessservices.assetmanager.fvt.errorhandling,org.odpi.openmetadata.adminservices.configuration.registration,LOW,LOW,UNRELATED or NORMAL
org.odpi.openmetadata.accessservices.assetowner.fvt.duplicateprocessing,org.odpi.openmetadata.adminservices.configuration.registration,LOW,LOW,UNRELATED or NORMAL
org.odpi.openmetadata.accessservices.assetmanager.fvt.glossaries,org.odpi.openmetadata.adminservices.configuration.registration,LOW,LOW,UNRELATED or NORMAL
org.odpi.openmetadata.accessservices.assetowner.fvt.errorhandling,org.odpi.openmetadata.adminservices.configuration.registration,LOW,LOW,UNRELATED or NORMAL
org.odpi.openmetadata.accessservices.governanceprogram.fvt.errorhandling,org.odpi.openmetadata.adminservices.configuration.registration,LOW,LOW,UNRELATED or NORMAL
org.odpi.openmetadata.accessservices.datamanager.fvt.events,org.odpi.openmetadata.adminservices.configuration.registration,LOW,LOW,UNRELATED or NORMAL
org.odpi.openmetadata.frameworks.openmetadata.connectorcontext,org.odpi.openmetadata.frameworks.openmetadata.properties.assets.filesandfolders,LOW,LOW,UNRELATED or NORMAL
org.odpi.openmetadata.repositoryservices.connectors.stores.metadatacollectionstore.properties.instances,org.odpi.openmetadata.repositoryservices.connectors.stores.metadatacollectionstore.repositoryeventmapper,LOW,LOW,UNRELATED or NORMAL
org.odpi.openmetadata.accessservices.digitalarchitecture.fvt.errorhandling,org.odpi.openmetadata.adminservices.configuration.registration,LOW,LOW,UNRELATED or NORMAL
org.odpi.openmetadata.accessservices.datamanager.fvt.databases,org.odpi.openmetadata.adminservices.configuration.registration,LOW,LOW,UNRELATED or NORMAL
org.odpi.openmetadata.accessservices.assetowner.fvt.assets,org.odpi.openmetadata.adminservices.configuration.registration,LOW,LOW,UNRELATED or NORMAL
org.odpi.openmetadata.accessservices.assetmanager.fvt.connections,org.odpi.openmetadata.adminservices.configuration.registration,LOW,LOW,UNRELATED or NORMAL
org.odpi.openmetadata.adapters.connectors.egeriainfrastructure.platform.catalog,org.odpi.openmetadata.frameworks.connectors,LOW,LOW,UNRELATED or NORMAL
org.odpi.openmetadata.frameworks.openmetadata.mermaid,org.odpi.openmetadata.frameworkservices.omf.server,LOW,LOW,UNRELATED or NORMAL
org.odpi.openmetadata.frameworks.connectors,org.odpi.openmetadata.governanceservers.enginehostservices.admin,LOW,LOW,UNRELATED or NORMAL
org.odpi.openmetadata.adapters.connectors.apachekafka.survey.controls,org.odpi.openmetadata.frameworks.openmetadata.specificationproperties,LOW,LOW,UNRELATED or NORMAL
org.odpi.openmetadata.accessservices.datamanager.fvt.errorhandling,org.odpi.openmetadata.frameworks.openmetadata.properties.softwarecapabilities,LOW,LOW,UNRELATED or NORMAL
org.odpi.openmetadata.frameworks.openmetadata.connectorcontext,org.odpi.openmetadata.frameworks.openmetadata.filelistener,LOW,LOW,UNRELATED or NORMAL
org.odpi.openmetadata.adapters.repositoryservices.auditlogstore.postgres,org.odpi.openmetadata.repositoryservices.connectors.stores.auditlogstore,LOW,LOW,UNRELATED or NORMAL
org.odpi.openmetadata.governanceservers.enginehostservices.admin,org.odpi.openmetadata.governanceservers.enginehostservices.enginemap,LOW,LOW,UNRELATED or NORMAL
org.odpi.openmetadata.adapters.connectors.egeriainfrastructure.platform.catalog,org.odpi.openmetadata.frameworks.openmetadata.properties.assets.infrastructure,LOW,LOW,UNRELATED or NORMAL
org.odpi.openmetadata.frameworks.opensurvey.measurements,org.odpi.openmetadata.samples.governanceactions.clinicaltrials,LOW,LOW,UNRELATED or NORMAL
org.odpi.openmetadata.frameworks.openmetadata.controls,org.odpi.openmetadata.samples.governanceactions.clinicaltrials,LOW,LOW,UNRELATED or NORMAL
org.odpi.openmetadata.frameworks.integration.connectors,org.odpi.openmetadata.frameworks.openmetadata.properties.assets.processes.connectors,LOW,LOW,UNRELATED or NORMAL
org.odpi.openmetadata.frameworks.openmetadata.ffdc,org.odpi.openmetadata.repositoryservices.connectors.stores.auditlogstore,LOW,LOW,UNRELATED or NORMAL
org.odpi.openmetadata.frameworks.openmetadata.events,org.odpi.openmetadata.governanceservers.integrationdaemonservices.listener,LOW,LOW,UNRELATED or NORMAL
org.odpi.openmetadata.commonservices.ffdc.rest,org.odpi.openmetadata.viewservices.metadataexpert.rest,LOW,LOW,UNRELATED or NORMAL
org.odpi.openmetadata.adminservices.ffdc.exception,org.odpi.openmetadata.governanceservers.enginehostservices.server,LOW,LOW,UNRELATED or NORMAL
org.odpi.openmetadata.platformchassis.springboot,org.odpi.openmetadata.serveroperations.rest,LOW,LOW,UNRELATED or NORMAL
org.odpi.openmetadata.frameworks.integration.contextmanager,org.odpi.openmetadata.frameworks.openmetadata.handlers,LOW,LOW,UNRELATED or NORMAL
org.odpi.openmetadata.frameworks.openmetadata.properties.connections,org.odpi.openmetadata.frameworks.openmetadata.types,LOW,LOW,UNRELATED or NORMAL
org.odpi.openmetadata.accessservices.assetconsumer.samples.readavrofile,org.odpi.openmetadata.frameworks.connectors.client,LOW,LOW,UNRELATED or NORMAL
org.odpi.openmetadata.adapters.connectors.integration.basicfiles,org.odpi.openmetadata.frameworks.auditlog.messagesets,LOW,LOW,UNRELATED or NORMAL
org.odpi.openmetadata.frameworks.openmetadata.properties.governance.governanceactions,org.odpi.openmetadata.frameworks.openmetadata.types,LOW,LOW,UNRELATED or NORMAL
org.odpi.openmetadata.adapters.connectors.controls,org.odpi.openmetadata.adapters.connectors.postgres.controls,LOW,LOW,UNRELATED or NORMAL
org.odpi.openmetadata.frameworks.auditlog,org.odpi.openmetadata.fvt.utilities,LOW,LOW,UNRELATED or NORMAL
org.odpi.openmetadata.adapters.connectors.integration.jdbc,org.odpi.openmetadata.frameworks.integration.properties,LOW,LOW,UNRELATED or NORMAL
org.odpi.openmetadata.conformance.tests.repository.connector,org.odpi.openmetadata.repositoryservices.connectors.stores.metadatacollectionstore,LOW,LOW,UNRELATED or NORMAL
org.odpi.openmetadata.frameworks.openmetadata.properties,org.odpi.openmetadata.frameworks.openmetadata.types,LOW,LOW,UNRELATED or NORMAL
org.odpi.openmetadata.adapters.connectors.surveyaction.surveycsv,org.odpi.openmetadata.frameworks.connectors,LOW,LOW,UNRELATED or NORMAL
org.odpi.openmetadata.engineservices.surveyaction.handlers,org.odpi.openmetadata.frameworks.auditlog.messagesets,LOW,LOW,UNRELATED or NORMAL
org.odpi.openmetadata.frameworks.integration.controls,org.odpi.openmetadata.samples.archiveutilities,LOW,LOW,UNRELATED or NORMAL
org.odpi.openmetadata.adapters.connectors.governanceactions.verification,org.odpi.openmetadata.frameworks.opengovernance.properties,LOW,LOW,UNRELATED or NORMAL
org.odpi.openmetadata.adapters.connectors.integration.basicfiles,org.odpi.openmetadata.frameworks.opengovernance.connectorcontext,LOW,LOW,UNRELATED or NORMAL
org.odpi.openmetadata.frameworks.openmetadata.mermaid,org.odpi.openmetadata.frameworks.openmetadata.properties.actors,LOW,LOW,UNRELATED or NORMAL
org.odpi.openmetadata.adminservices.rest,org.odpi.openmetadata.serveroperations.client,LOW,LOW,UNRELATED or NORMAL
org.odpi.openmetadata.frameworks.openmetadata.properties.externalreferences,org.odpi.openmetadata.frameworks.openmetadata.types,LOW,LOW,UNRELATED or NORMAL
org.odpi.openmetadata.frameworks.openmetadata.handlers,org.odpi.openmetadata.frameworks.openmetadata.properties.lineage,LOW,LOW,UNRELATED or NORMAL
org.odpi.openmetadata.adapters.connectors.controls,org.odpi.openmetadata.adapters.connectors.unitycatalog.controls,LOW,LOW,UNRELATED or NORMAL
org.odpi.openmetadata.frameworks.openmetadata.properties.solutions,org.odpi.openmetadata.frameworks.openmetadata.types,LOW,LOW,UNRELATED or NORMAL
org.odpi.openmetadata.frameworks.openmetadata.properties.externalidentifiers,org.odpi.openmetadata.viewservices.externallinks.server,LOW,LOW,UNRELATED or NORMAL
org.odpi.openmetadata.engineservices.surveyaction.handlers,org.odpi.openmetadata.frameworks.openmetadata.refdata,LOW,LOW,UNRELATED or NORMAL
org.odpi.openmetadata.adapters.connectors.datastore.csvfile,org.odpi.openmetadata.frameworks.openmetadata.controls,LOW,LOW,UNRELATED or NORMAL
org.odpi.openmetadata.repositoryservices.ffdc,org.odpi.openmetadata.repositoryservices.metadatahighway.cohortregistry,LOW,LOW,UNRELATED or NORMAL
org.odpi.openmetadata.frameworks.opengovernance.handlers,org.odpi.openmetadata.frameworks.openwatchdog,LOW,LOW,UNRELATED or NORMAL
org.odpi.openmetadata.adapters.repositoryservices.auditlogstore.console,org.odpi.openmetadata.repositoryservices.connectors.stores.auditlogstore,LOW,LOW,UNRELATED or NORMAL
org.odpi.openmetadata.frameworks.opengovernance.controls,org.odpi.openmetadata.frameworks.openmetadata.refdata,LOW,LOW,UNRELATED or NORMAL
org.odpi.openmetadata.frameworks.openmetadata.events,org.odpi.openmetadata.frameworkservices.omf.connectors.outtopic,LOW,LOW,UNRELATED or NORMAL
org.odpi.openmetadata.frameworks.connectors.properties.beans,org.odpi.openmetadata.frameworks.opensurvey,LOW,LOW,UNRELATED or NORMAL
org.odpi.openmetadata.adapters.connectors.jacquard,org.odpi.openmetadata.frameworks.integration.properties,LOW,LOW,UNRELATED or NORMAL
org.odpi.openmetadata.frameworks.openmetadata.handlers,org.odpi.openmetadata.viewservices.subjectarea.server,LOW,LOW,UNRELATED or NORMAL
org.odpi.openmetadata.frameworks.openmetadata.events,org.odpi.openmetadata.frameworkservices.gaf.connectors.outtopic,LOW,LOW,UNRELATED or NORMAL
org.odpi.openmetadata.adapters.connectors.egeriainfrastructure.platform.catalog,org.odpi.openmetadata.frameworks.openmetadata.controls,LOW,LOW,UNRELATED or NORMAL
org.odpi.openmetadata.repositoryservices.archiveutilities,org.odpi.openmetadata.repositoryservices.connectors.stores.metadatacollectionstore.properties,LOW,LOW,UNRELATED or NORMAL
org.odpi.openmetadata.accessservices.digitalarchitecture.fvt.connections,org.odpi.openmetadata.frameworks.openmetadata.properties.connections,LOW,LOW,UNRELATED or NORMAL
org.odpi.openmetadata.adapters.connectors.egeriainfrastructure.servers,org.odpi.openmetadata.viewservices.runtimemanager.server,LOW,LOW,UNRELATED or NORMAL
org.odpi.openmetadata.frameworks.openmetadata.api,org.odpi.openmetadata.frameworks.openmetadata.properties,LOW,LOW,UNRELATED or NORMAL
org.odpi.openmetadata.accessservices.assetowner.fvt.dataassets,org.odpi.openmetadata.frameworks.openmetadata.properties.assets,LOW,LOW,UNRELATED or NORMAL
org.odpi.openmetadata.adapters.connectors.surveyaction.surveyfolder,org.odpi.openmetadata.frameworks.openmetadata.search,LOW,LOW,UNRELATED or NORMAL
org.odpi.openmetadata.engineservices.surveyaction.handlers,org.odpi.openmetadata.frameworks.openmetadata.ffdc,LOW,LOW,UNRELATED or NORMAL
org.odpi.openmetadata.frameworks.openmetadata.events,org.odpi.openmetadata.frameworks.openmetadata.metadataelements,LOW,LOW,UNRELATED or NORMAL
org.odpi.openmetadata.accessservices.assetowner.fvt.assets,org.odpi.openmetadata.frameworks.openmetadata.properties.assets,LOW,LOW,UNRELATED or NORMAL
org.odpi.openmetadata.frameworks.openmetadata.ffdc,org.odpi.openmetadata.governanceservers.integrationdaemonservices.handlers,LOW,LOW,UNRELATED or NORMAL
org.odpi.openmetadata.commonservices.ffdc,org.odpi.openmetadata.frameworks.auditlog,LOW,LOW,UNRELATED or NORMAL
org.odpi.openmetadata.adapters.repositoryservices.auditlogstore.file,org.odpi.openmetadata.repositoryservices.connectors.stores.auditlogstore,LOW,LOW,UNRELATED or NORMAL
org.odpi.openmetadata.governanceservers.enginehostservices.properties,org.odpi.openmetadata.governanceservers.enginehostservices.server,LOW,LOW,UNRELATED or NORMAL
org.odpi.openmetadata.adapters.connectors.organizationinsight.karmapoints,org.odpi.openmetadata.frameworks.openmetadata.connectorcontext,LOW,LOW,UNRELATED or NORMAL
org.odpi.openmetadata.accessservices.assetowner.fvt.validmetadatavalues,org.odpi.openmetadata.fvt.utilities.exceptions,LOW,LOW,UNRELATED or NORMAL
org.odpi.openmetadata.engineservices.repositorygovernance.ffdc,org.odpi.openmetadata.frameworks.auditlog,LOW,LOW,UNRELATED or NORMAL
org.odpi.openmetadata.adapters.connectors.apacheatlas.integration.modules,org.odpi.openmetadata.frameworks.connectors.ffdc,LOW,LOW,UNRELATED or NORMAL
org.odpi.openmetadata.adapters.connectors.egeriainfrastructure.platform.catalog,org.odpi.openmetadata.frameworks.openmetadata.properties.softwarecapabilities,LOW,LOW,UNRELATED or NORMAL
org.odpi.openmetadata.tokencontroller,org.odpi.openmetadata.viewservices.securityofficer.server,LOW,LOW,UNRELATED or NORMAL
org.odpi.openmetadata.tokencontroller,org.odpi.openmetadata.viewservices.templatemanager.server,LOW,LOW,UNRELATED or NORMAL
org.odpi.openmetadata.adapters.repositoryservices.cohortregistrystore.file.ffdc,org.odpi.openmetadata.frameworks.auditlog,LOW,LOW,UNRELATED or NORMAL
org.odpi.openmetadata.adapters.connectors.controls,org.odpi.openmetadata.adapters.connectors.egeriainfrastructure.platform.catalog,LOW,LOW,UNRELATED or NORMAL
org.odpi.openmetadata.adminservices.configuration.registration,org.odpi.openmetadata.viewservices.assetcatalog.server,LOW,LOW,UNRELATED or NORMAL
org.odpi.openmetadata.adminservices.configuration.registration,org.odpi.openmetadata.viewservices.communitymatters.server,LOW,LOW,UNRELATED or NORMAL
org.odpi.openmetadata.adminservices.configuration.registration,org.odpi.openmetadata.viewservices.actionauthor.server,LOW,LOW,UNRELATED or NORMAL
org.odpi.openmetadata.frameworks.opengovernance.connectorcontext,org.odpi.openmetadata.frameworks.openmetadata.connectorcontext,LOW,LOW,UNRELATED or NORMAL
org.odpi.openmetadata.adminservices.configuration.registration,org.odpi.openmetadata.viewservices.locationarena.server,LOW,LOW,UNRELATED or NORMAL
org.odpi.openmetadata.adminservices.configuration.registration,org.odpi.openmetadata.viewservices.productmanager.server,LOW,LOW,UNRELATED or NORMAL
org.odpi.openmetadata.adminservices.configuration.registration,org.odpi.openmetadata.viewservices.privacyofficer.server,LOW,LOW,UNRELATED or NORMAL
org.odpi.openmetadata.adminservices.configuration.registration,org.odpi.openmetadata.viewservices.templatemanager.server,LOW,LOW,UNRELATED or NORMAL
org.odpi.openmetadata.frameworks.openmetadata.search,org.odpi.openmetadata.viewservices.projectmanager.server,LOW,LOW,UNRELATED or NORMAL
org.odpi.openmetadata.frameworkservices.omf.converters,org.odpi.openmetadata.frameworkservices.omf.handlers,LOW,LOW,UNRELATED or NORMAL
org.odpi.openmetadata.adapters.repositoryservices.rest.repositoryconnector,org.odpi.openmetadata.repositoryservices.connectors.stores.metadatacollectionstore.repositoryconnector,LOW,LOW,UNRELATED or NORMAL
org.odpi.openmetadata.adminservices.configuration.registration,org.odpi.openmetadata.viewservices.digitalbusiness.server,LOW,LOW,UNRELATED or NORMAL
org.odpi.openmetadata.adminservices.configuration.registration,org.odpi.openmetadata.viewservices.subjectarea.server,LOW,LOW,UNRELATED or NORMAL
org.odpi.openmetadata.adminservices.configuration.registration,org.odpi.openmetadata.viewservices.projectmanager.server,LOW,LOW,UNRELATED or NORMAL
org.odpi.openmetadata.adminservices.configuration.registration,org.odpi.openmetadata.viewservices.datadiscovery.server,LOW,LOW,UNRELATED or NORMAL
org.odpi.openmetadata.frameworks.auditlog,org.odpi.openmetadata.repositoryservices.enterprise.repositoryconnector,LOW,LOW,UNRELATED or NORMAL
org.odpi.openmetadata.adminservices.configuration.registration,org.odpi.openmetadata.viewservices.peopleorganizer.server,LOW,LOW,UNRELATED or NORMAL
org.odpi.openmetadata.adminservices.configuration.registration,org.odpi.openmetadata.viewservices.notificationmanager.server,LOW,LOW,UNRELATED or NORMAL
org.odpi.openmetadata.adminservices.configuration.registration,org.odpi.openmetadata.viewservices.referencedata.server,LOW,LOW,UNRELATED or NORMAL
org.odpi.openmetadata.adminservices.configuration.registration,org.odpi.openmetadata.viewservices.dataofficer.server,LOW,LOW,UNRELATED or NORMAL
org.odpi.openmetadata.repositoryservices.connectors.stores.metadatacollectionstore.properties,org.odpi.openmetadata.repositoryservices.connectors.stores.metadatacollectionstore.properties.instances,LOW,LOW,UNRELATED or NORMAL
org.odpi.openmetadata.frameworks.openmetadata.ffdc,org.odpi.openmetadata.frameworkservices.gaf.server,LOW,LOW,UNRELATED or NORMAL
org.odpi.openmetadata.adapters.connectors.surveyaction.surveycsv,org.odpi.openmetadata.frameworks.openmetadata.types,LOW,LOW,UNRELATED or NORMAL
org.odpi.openmetadata.commonservices.ffdc.rest,org.odpi.openmetadata.viewservices.locationarena.server.spring,LOW,LOW,UNRELATED or NORMAL
org.odpi.openmetadata.adapters.connectors.jacquard,org.odpi.openmetadata.adapters.connectors.subscriptions,LOW,LOW,UNRELATED or NORMAL
org.odpi.openmetadata.frameworks.openmetadata.types,org.odpi.openmetadata.frameworkservices.omf.server,LOW,LOW,UNRELATED or NORMAL
org.odpi.openmetadata.frameworks.opengovernance.handlers,org.odpi.openmetadata.frameworks.openmetadata.types,LOW,LOW,UNRELATED or NORMAL
org.odpi.openmetadata.adminservices.configuration.properties,org.odpi.openmetadata.adminservices.registration,LOW,LOW,UNRELATED or NORMAL
org.odpi.openmetadata.frameworks.openmetadata.properties.communities,org.odpi.openmetadata.frameworks.openmetadata.types,LOW,LOW,UNRELATED or NORMAL
org.odpi.openmetadata.frameworks.openmetadata.ffdc,org.odpi.openmetadata.viewservices.digitalbusiness.server,LOW,LOW,UNRELATED or NORMAL
org.odpi.openmetadata.repositoryservices.connectors.stores.metadatacollectionstore.repositoryeventmapper,org.odpi.openmetadata.repositoryservices.events,LOW,LOW,UNRELATED or NORMAL
org.odpi.openmetadata.viewservices.glossarymanager.rest,org.odpi.openmetadata.viewservices.glossarymanager.server.spring,LOW,LOW,UNRELATED or NORMAL
org.odpi.openmetadata.frameworks.openmetadata.ffdc,org.odpi.openmetadata.viewservices.subjectarea.server,LOW,LOW,UNRELATED or NORMAL
org.odpi.openmetadata.frameworks.openmetadata.ffdc,org.odpi.openmetadata.viewservices.projectmanager.server,LOW,LOW,UNRELATED or NORMAL
org.odpi.openmetadata.governanceservers.integrationdaemonservices.rest,org.odpi.openmetadata.governanceservers.integrationdaemonservices.server.spring,LOW,LOW,UNRELATED or NORMAL
org.odpi.openmetadata.commonservices.ffdc.rest,org.odpi.openmetadata.governanceservers.enginehostservices.rest,LOW,LOW,UNRELATED or NORMAL
org.odpi.openmetadata.frameworks.openmetadata.ffdc,org.odpi.openmetadata.viewservices.datadiscovery.server,LOW,LOW,UNRELATED or NORMAL
org.odpi.openmetadata.frameworks.openmetadata.properties.digitalbusiness,org.odpi.openmetadata.viewservices.collectionmanager.server,LOW,LOW,UNRELATED or NORMAL
org.odpi.openmetadata.frameworks.openmetadata.connectorcontext,org.odpi.openmetadata.frameworks.openmetadata.properties.resources,LOW,LOW,UNRELATED or NORMAL
org.odpi.openmetadata.frameworks.openmetadata.ffdc,org.odpi.openmetadata.frameworkservices.ocf.metadatamanagement.server,LOW,LOW,UNRELATED or NORMAL
org.odpi.openmetadata.frameworks.openmetadata.properties,org.odpi.openmetadata.frameworks.openmetadata.properties.schema.apis,LOW,LOW,UNRELATED or NORMAL
org.odpi.openmetadata.frameworks.openmetadata.ffdc,org.odpi.openmetadata.viewservices.peopleorganizer.server,LOW,LOW,UNRELATED or NORMAL
org.odpi.openmetadata.repositoryservices.connectors.stores.metadatacollectionstore,org.odpi.openmetadata.repositoryservices.enterprise.repositoryconnector.accumulators,LOW,LOW,UNRELATED or NORMAL
org.odpi.openmetadata.frameworks.openmetadata.ffdc,org.odpi.openmetadata.viewservices.notificationmanager.server,LOW,LOW,UNRELATED or NORMAL
org.odpi.openmetadata.frameworks.auditlog.requestid,org.odpi.openmetadata.repositoryservices.rest.properties,LOW,LOW,UNRELATED or NORMAL
org.odpi.openmetadata.frameworks.openmetadata.ffdc,org.odpi.openmetadata.viewservices.referencedata.server,LOW,LOW,UNRELATED or NORMAL
org.odpi.openmetadata.frameworks.openmetadata.connectorcontext,org.odpi.openmetadata.frameworks.openmetadata.properties.templates,LOW,LOW,UNRELATED or NORMAL
org.odpi.openmetadata.commonservices.ffdc.rest,org.odpi.openmetadata.viewservices.subjectarea.server.spring,LOW,LOW,UNRELATED or NORMAL
org.odpi.openmetadata.frameworks.auditlog,org.odpi.openmetadata.frameworks.integration.context,LOW,LOW,UNRELATED or NORMAL
org.odpi.openmetadata.frameworks.openmetadata.ffdc,org.odpi.openmetadata.viewservices.dataofficer.server,LOW,LOW,UNRELATED or NORMAL
org.odpi.openmetadata.frameworks.openmetadata.handlers,org.odpi.openmetadata.frameworks.openmetadata.properties.resources,LOW,LOW,UNRELATED or NORMAL
org.odpi.openmetadata.frameworks.openmetadata.ffdc,org.odpi.openmetadata.viewservices.dataengineer.server,LOW,LOW,UNRELATED or NORMAL
org.odpi.openmetadata.frameworks.openmetadata.properties,org.odpi.openmetadata.frameworks.openmetadata.properties.assets.apis,LOW,LOW,UNRELATED or NORMAL
org.odpi.openmetadata.frameworks.openmetadata.ffdc,org.odpi.openmetadata.viewservices.communitymatters.server,LOW,LOW,UNRELATED or NORMAL
org.odpi.openmetadata.adapters.connectors.integration.jdbc.transfer.requests,org.odpi.openmetadata.frameworks.openmetadata.properties.connections,LOW,LOW,UNRELATED or NORMAL
org.odpi.openmetadata.frameworks.openmetadata.properties,org.odpi.openmetadata.frameworks.openmetadata.properties.operatingplatforms,LOW,LOW,UNRELATED or NORMAL
org.odpi.openmetadata.frameworks.openmetadata.handlers,org.odpi.openmetadata.frameworks.openmetadata.properties.templates,LOW,LOW,UNRELATED or NORMAL
org.odpi.openmetadata.frameworks.openmetadata.ffdc,org.odpi.openmetadata.viewservices.actionauthor.server,LOW,LOW,UNRELATED or NORMAL
org.odpi.openmetadata.adapters.connectors.integration.kafkaaudit,org.odpi.openmetadata.frameworks.integration.context,LOW,LOW,UNRELATED or NORMAL
org.odpi.openmetadata.frameworks.openmetadata.ffdc,org.odpi.openmetadata.viewservices.locationarena.server,LOW,LOW,UNRELATED or NORMAL
org.odpi.openmetadata.frameworks.openmetadata.ffdc,org.odpi.openmetadata.viewservices.productmanager.server,LOW,LOW,UNRELATED or NORMAL
org.odpi.openmetadata.frameworks.openmetadata.ffdc,org.odpi.openmetadata.viewservices.privacyofficer.server,LOW,LOW,UNRELATED or NORMAL
org.odpi.openmetadata.frameworks.openmetadata.properties,org.odpi.openmetadata.frameworks.openmetadata.properties.governance.governanceactions,LOW,LOW,UNRELATED or NORMAL
org.odpi.openmetadata.frameworks.connectors.properties.beans,org.odpi.openmetadata.governanceservers.integrationdaemonservices.server,LOW,LOW,UNRELATED or NORMAL
org.odpi.openmetadata.adapters.connectors.apacheatlas.resource,org.odpi.openmetadata.frameworks.openmetadata.search,LOW,LOW,UNRELATED or NORMAL
org.odpi.openmetadata.frameworks.auditlog,org.odpi.openmetadata.viewservices.securityofficer.server,LOW,LOW,UNRELATED or NORMAL
org.odpi.openmetadata.frameworks.auditlog,org.odpi.openmetadata.viewservices.templatemanager.server,LOW,LOW,UNRELATED or NORMAL
org.odpi.openmetadata.adapters.connectors.unitycatalog.survey,org.odpi.openmetadata.frameworks.connectors.ffdc,LOW,LOW,UNRELATED or NORMAL
org.odpi.openmetadata.adapters.connectors.jacquard.tabulardatasets.referencedata,org.odpi.openmetadata.frameworks.openmetadata.metadataelements,LOW,LOW,UNRELATED or NORMAL
org.odpi.openmetadata.accessservices.assetowner.fvt.errorhandling,org.odpi.openmetadata.fvt.utilities.exceptions,LOW,LOW,UNRELATED or NORMAL
org.odpi.openmetadata.accessservices.digitalarchitecture.fvt.errorhandling,org.odpi.openmetadata.fvt.utilities.exceptions,LOW,LOW,UNRELATED or NORMAL
org.odpi.openmetadata.adapters.connectors.unitycatalog.controls,org.odpi.openmetadata.frameworks.integration.controls,LOW,LOW,UNRELATED or NORMAL
org.odpi.openmetadata.frameworks.openmetadata.properties.actors,org.odpi.openmetadata.frameworks.openmetadata.types,LOW,LOW,UNRELATED or NORMAL
org.odpi.openmetadata.accessservices.communityprofile.fvt.todos,org.odpi.openmetadata.frameworks.openmetadata.metadataelements,LOW,LOW,UNRELATED or NORMAL
org.odpi.openmetadata.adminservices.configuration.properties,org.odpi.openmetadata.governanceservers.enginehostservices.server,LOW,LOW,UNRELATED or NORMAL
org.odpi.openmetadata.adapters.repositoryservices.auditlogstore.console,org.odpi.openmetadata.frameworks.auditlog,LOW,LOW,UNRELATED or NORMAL
org.odpi.openmetadata.adapters.connectors.surveyaction.surveyfolder,org.odpi.openmetadata.frameworks.auditlog,LOW,LOW,UNRELATED or NORMAL
org.odpi.openmetadata.adapters.connectors.integration.kafkaaudit,org.odpi.openmetadata.frameworks.connectors,LOW,LOW,UNRELATED or NORMAL
org.odpi.openmetadata.adapters.connectors.postgres.catalog,org.odpi.openmetadata.frameworks.openmetadata.properties,LOW,LOW,UNRELATED or NORMAL
org.odpi.openmetadata.adapters.connectors.integration.basicfiles.ffdc.exception,org.odpi.openmetadata.frameworks.connectors.ffdc,LOW,LOW,UNRELATED or NORMAL
org.odpi.openmetadata.commonservices.ffdc,org.odpi.openmetadata.serveroperations.client,LOW,LOW,UNRELATED or NORMAL
org.odpi.openmetadata.frameworks.connectors,org.odpi.openmetadata.repositoryservices.metadatahighway,LOW,LOW,UNRELATED or NORMAL
org.odpi.openmetadata.repositoryservices.connectors.stores.metadatacollectionstore.properties.search,org.odpi.openmetadata.repositoryservices.enterprise.repositoryconnector.executors,LOW,LOW,UNRELATED or NORMAL
org.odpi.openmetadata.commonservices.ffdc,org.odpi.openmetadata.frameworkservices.ocf.metadatamanagement.client,LOW,LOW,UNRELATED or NORMAL
org.odpi.openmetadata.contentpacks.core.apis,org.odpi.openmetadata.contentpacks.core.base,LOW,LOW,UNRELATED or NORMAL
org.odpi.openmetadata.commonservices.ffdc,org.odpi.openmetadata.governanceservers.enginehostservices.client,LOW,LOW,UNRELATED or NORMAL
org.odpi.openmetadata.repositoryservices.events,org.odpi.openmetadata.repositoryservices.metadatahighway.cohortregistry,LOW,LOW,UNRELATED or NORMAL
org.odpi.openmetadata.adapters.connectors.apacheatlas.resource,org.odpi.openmetadata.adapters.connectors.apacheatlas.survey,LOW,LOW,UNRELATED or NORMAL
org.odpi.openmetadata.repositoryservices.admin,org.odpi.openmetadata.repositoryservices.localrepository.repositorycontentmanager,LOW,LOW,UNRELATED or NORMAL
org.odpi.openmetadata.governanceservers.integrationdaemonservices.properties,org.odpi.openmetadata.governanceservers.integrationdaemonservices.server,LOW,LOW,UNRELATED or NORMAL
org.odpi.openmetadata.adapters.connectors.jacquard.tabulardatasets.controls,org.odpi.openmetadata.frameworks.openmetadata.specificationproperties,LOW,LOW,UNRELATED or NORMAL
org.odpi.openmetadata.repositoryservices.connectors.stores.metadatacollectionstore.properties.instances,org.odpi.openmetadata.repositoryservices.ffdc.exception,LOW,LOW,UNRELATED or NORMAL
org.odpi.openmetadata.adapters.connectors.integration.openlineage.controls,org.odpi.openmetadata.frameworks.openmetadata.specificationproperties,LOW,LOW,UNRELATED or NORMAL
org.odpi.openmetadata.commonservices.multitenant,org.odpi.openmetadata.viewservices.peopleorganizer.server,LOW,LOW,UNRELATED or NORMAL
org.odpi.openmetadata.adapters.connectors.apacheatlas.controls,org.odpi.openmetadata.frameworks.openmetadata.specificationproperties,LOW,LOW,UNRELATED or NORMAL
org.odpi.openmetadata.commonservices.multitenant,org.odpi.openmetadata.viewservices.notificationmanager.server,LOW,LOW,UNRELATED or NORMAL
org.odpi.openmetadata.frameworks.auditlog,org.odpi.openmetadata.repositoryservices.connectors.stores.metadatacollectionstore,LOW,LOW,UNRELATED or NORMAL
org.odpi.openmetadata.frameworks.openmetadata.enums,org.odpi.openmetadata.frameworks.openwatchdog,LOW,LOW,UNRELATED or NORMAL
org.odpi.openmetadata.frameworks.auditlog,org.odpi.openmetadata.repositoryservices.connectors.stores.metadatacollectionstore.repositoryconnector,LOW,LOW,UNRELATED or NORMAL
org.odpi.openmetadata.frameworks.auditlog,org.odpi.openmetadata.repositoryservices.connectors.stores.metadatacollectionstore.repositoryeventmapper,LOW,LOW,UNRELATED or NORMAL
org.odpi.openmetadata.commonservices.multitenant,org.odpi.openmetadata.viewservices.productmanager.server,LOW,LOW,UNRELATED or NORMAL
org.odpi.openmetadata.adapters.connectors.apacheatlas.resource,org.odpi.openmetadata.frameworks.auditlog,LOW,LOW,UNRELATED or NORMAL
org.odpi.openmetadata.frameworks.openmetadata.properties,org.odpi.openmetadata.frameworkservices.gaf.converters,LOW,LOW,UNRELATED or NORMAL
org.odpi.openmetadata.frameworks.openmetadata.specificationproperties,org.odpi.openmetadata.metadatasecurity.accessconnector.controls,LOW,LOW,UNRELATED or NORMAL
org.odpi.openmetadata.adapters.connectors.unitycatalog.resource,org.odpi.openmetadata.frameworks.auditlog,LOW,LOW,UNRELATED or NORMAL
org.odpi.openmetadata.frameworks.openmetadata.client,org.odpi.openmetadata.frameworks.opensurvey,LOW,LOW,UNRELATED or NORMAL
org.odpi.openmetadata.frameworkservices.gaf.listener,org.odpi.openmetadata.repositoryservices.connectors.stores.metadatacollectionstore.repositoryconnector,LOW,LOW,UNRELATED or NORMAL
org.odpi.openmetadata.repositoryservices.metadatahighway,org.odpi.openmetadata.repositoryservices.metadatahighway.cohortregistry,LOW,LOW,UNRELATED or NORMAL
org.odpi.openmetadata.adapters.repositoryservices.archiveconnector.directory,org.odpi.openmetadata.repositoryservices.connectors.stores.archivestore,LOW,LOW,UNRELATED or NORMAL
org.odpi.openmetadata.frameworks.connectors,org.odpi.openmetadata.samples.archiveutilities,LOW,LOW,UNRELATED or NORMAL
org.odpi.openmetadata.repositoryservices.connectors.stores.metadatacollectionstore.properties.instances,org.odpi.openmetadata.repositoryservices.connectors.stores.metadatacollectionstore.properties.typedefs,LOW,LOW,UNRELATED or NORMAL
org.odpi.openmetadata.adapters.repositoryservices.postgres.repositoryconnector.mappers,org.odpi.openmetadata.repositoryservices.connectors.stores.metadatacollectionstore.repositoryconnector,LOW,LOW,UNRELATED or NORMAL
org.odpi.openmetadata.commonservices.ffdc.rest,org.odpi.openmetadata.viewservices.myprofile.server.spring,LOW,LOW,UNRELATED or NORMAL
org.odpi.openmetadata.adminservices.ffdc.exception,org.odpi.openmetadata.governanceservers.integrationdaemonservices.server,LOW,LOW,UNRELATED or NORMAL
org.odpi.openmetadata.governanceservers.enginehostservices.server,org.odpi.openmetadata.serveroperations.properties,LOW,LOW,UNRELATED or NORMAL
org.odpi.openmetadata.adapters.connectors.resource.jdbc,org.odpi.openmetadata.adapters.repositoryservices.postgres.repositoryconnector,LOW,LOW,UNRELATED or NORMAL
org.odpi.openmetadata.adapters.connectors.unitycatalog.provision,org.odpi.openmetadata.frameworks.openmetadata.properties,LOW,LOW,UNRELATED or NORMAL
org.odpi.openmetadata.commonservices.multitenant,org.odpi.openmetadata.repositoryservices.connectors.stores.metadatacollectionstore.repositoryconnector,LOW,LOW,UNRELATED or NORMAL
org.odpi.openmetadata.conformance.workbenches.repository,org.odpi.openmetadata.frameworks.auditlog,LOW,LOW,UNRELATED or NORMAL
org.odpi.openmetadata.frameworks.openmetadata.metadataelements,org.odpi.openmetadata.governanceservers.integrationdaemonservices.handlers,LOW,LOW,UNRELATED or NORMAL
org.odpi.openmetadata.frameworks.openmetadata.mapper,org.odpi.openmetadata.frameworks.openmetadata.types,LOW,LOW,UNRELATED or NORMAL
org.odpi.openmetadata.frameworkservices.gaf.client.rest,org.odpi.openmetadata.frameworkservices.ocf.metadatamanagement.client,LOW,LOW,UNRELATED or NORMAL
org.odpi.openmetadata.adapters.connectors.surveyaction.surveyfolder,org.odpi.openmetadata.frameworks.openmetadata.connectorcontext,LOW,LOW,UNRELATED or NORMAL
org.odpi.openmetadata.frameworkservices.omf.admin,org.odpi.openmetadata.frameworkservices.omf.connectors.outtopic,LOW,LOW,UNRELATED or NORMAL
org.odpi.openmetadata.adapters.connectors.governanceactions.stewardship,org.odpi.openmetadata.frameworks.auditlog,LOW,LOW,UNRELATED or NORMAL
org.odpi.openmetadata.engineservices.watchdogaction.listener,org.odpi.openmetadata.frameworks.openmetadata.events,LOW,LOW,UNRELATED or NORMAL
org.odpi.openmetadata.adapters.connectors.apacheatlas.resource.ffdc,org.odpi.openmetadata.frameworks.openmetadata.ffdc,LOW,LOW,UNRELATED or NORMAL
org.odpi.openmetadata.frameworkservices.gaf.admin,org.odpi.openmetadata.frameworkservices.gaf.connectors.outtopic,LOW,LOW,UNRELATED or NORMAL
org.odpi.openmetadata.frameworks.openmetadata.metadataelements,org.odpi.openmetadata.frameworkservices.gaf.client,LOW,LOW,UNRELATED or NORMAL
org.odpi.openmetadata.adapters.connectors.babbage,org.odpi.openmetadata.frameworks.integration.properties,LOW,LOW,UNRELATED or NORMAL
org.odpi.openmetadata.frameworks.openmetadata.properties.assets.processes.connectors,org.odpi.openmetadata.frameworks.openmetadata.types,LOW,LOW,UNRELATED or NORMAL
org.odpi.openmetadata.conformance.beans,org.odpi.openmetadata.conformance.workbenches.repository.listener,LOW,LOW,UNRELATED or NORMAL
org.odpi.openmetadata.engineservices.governanceaction.listener,org.odpi.openmetadata.frameworks.openmetadata.events,LOW,LOW,UNRELATED or NORMAL
org.odpi.openmetadata.adapters.connectors.egeriainfrastructure.platform.catalog,org.odpi.openmetadata.frameworks.auditlog,LOW,LOW,UNRELATED or NORMAL
org.odpi.openmetadata.serveroperations.rest,org.odpi.openmetadata.serveroperations.server.spring,LOW,LOW,UNRELATED or NORMAL
org.odpi.openmetadata.engineservices.governanceaction.handlers,org.odpi.openmetadata.frameworks.openmetadata.properties,LOW,LOW,UNRELATED or NORMAL
org.odpi.openmetadata.adapters.connectors.postgres.tabulardatasource,org.odpi.openmetadata.frameworks.connectors.properties.beans,LOW,LOW,UNRELATED or NORMAL
org.odpi.openmetadata.adapters.connectors.datastore.csvfile,org.odpi.openmetadata.frameworks.connectors.properties.beans,LOW,LOW,UNRELATED or NORMAL
org.odpi.openmetadata.repositoryservices.connectors.stores.metadatacollectionstore.repositoryconnector,org.odpi.openmetadata.repositoryservices.localrepository,LOW,LOW,UNRELATED or NORMAL
org.odpi.openmetadata.adapters.connectors.governanceactions.remediation,org.odpi.openmetadata.frameworks.auditlog,LOW,LOW,UNRELATED or NORMAL
org.odpi.openmetadata.frameworkservices.omf.listener,org.odpi.openmetadata.repositoryservices.connectors.omrstopic,LOW,LOW,UNRELATED or NORMAL
org.odpi.openmetadata.accessservices.itinfrastructure.samples.assetdeploy,org.odpi.openmetadata.frameworks.openmetadata.properties,LOW,LOW,UNRELATED or NORMAL
org.odpi.openmetadata.frameworks.openmetadata.api,org.odpi.openmetadata.frameworks.openmetadata.client,LOW,LOW,UNRELATED or NORMAL
org.odpi.openmetadata.adapters.connectors.resource.jdbc,org.odpi.openmetadata.adapters.connectors.resource.jdbc.ffdc,LOW,LOW,UNRELATED or NORMAL
org.odpi.openmetadata.commonservices.ffdc.rest,org.odpi.openmetadata.platformservices.rest,LOW,LOW,UNRELATED or NORMAL
org.odpi.openmetadata.frameworks.openmetadata.converters,org.odpi.openmetadata.frameworks.openmetadata.properties.assets.databases,LOW,LOW,UNRELATED or NORMAL
org.odpi.openmetadata.adapters.connectors.surveyaction.surveycsv,org.odpi.openmetadata.frameworks.openmetadata.connectorcontext,LOW,LOW,UNRELATED or NORMAL
org.odpi.openmetadata.adapters.connectors.jacquard.tabulardatasets,org.odpi.openmetadata.adapters.connectors.jacquard.tabulardatasets.openmetadatatypes,LOW,LOW,UNRELATED or NORMAL
org.odpi.openmetadata.adapters.connectors.jacquard,org.odpi.openmetadata.frameworks.connectors.ffdc,LOW,LOW,UNRELATED or NORMAL
org.odpi.openmetadata.frameworks.auditlog,org.odpi.openmetadata.metadataobservability.ffdc,LOW,LOW,UNRELATED or NORMAL
org.odpi.openmetadata.repositoryservices.archivemanager,org.odpi.openmetadata.repositoryservices.events,LOW,LOW,UNRELATED or NORMAL
org.odpi.openmetadata.frameworks.openmetadata.properties.schema,org.odpi.openmetadata.frameworks.openmetadata.properties.schema.display,LOW,LOW,UNRELATED or NORMAL
org.odpi.openmetadata.frameworks.integration.connectors,org.odpi.openmetadata.frameworks.openmetadata.types,LOW,LOW,UNRELATED or NORMAL
org.odpi.openmetadata.adapters.connectors.jacquard,org.odpi.openmetadata.frameworks.connectors.properties.beans,LOW,LOW,UNRELATED or NORMAL
org.odpi.openmetadata.adapters.connectors.jacquard.tabulardatasets.validmetadatavalues,org.odpi.openmetadata.frameworks.openmetadata.connectorcontext,LOW,LOW,UNRELATED or NORMAL
org.odpi.openmetadata.frameworkservices.omf.server,org.odpi.openmetadata.repositoryservices.connectors.stores.metadatacollectionstore.properties,LOW,LOW,UNRELATED or NORMAL
org.odpi.openmetadata.frameworks.openmetadata.types,org.odpi.openmetadata.samples.archiveutilities.cloudinformationmodel,LOW,LOW,UNRELATED or NORMAL
org.odpi.openmetadata.adapters.connectors.egeriainfrastructure.platform.catalog,org.odpi.openmetadata.adminservices.configuration.registration,LOW,LOW,UNRELATED or NORMAL
org.odpi.openmetadata.metadatasecurity.server,org.odpi.openmetadata.repositoryservices.connectors.stores.metadatacollectionstore.repositoryconnector,LOW,LOW,UNRELATED or NORMAL
org.odpi.openmetadata.samples.governanceactions.clinicaltrials,org.odpi.openmetadata.samples.governanceactions.clinicaltrials.metadata,LOW,LOW,UNRELATED or NORMAL
org.odpi.openmetadata.governanceservers.enginehostservices.admin,org.odpi.openmetadata.governanceservers.enginehostservices.ffdc,LOW,LOW,UNRELATED or NORMAL
org.odpi.openmetadata.metadatasecurity,org.odpi.openmetadata.repositoryservices.connectors.stores.metadatacollectionstore.repositoryconnector,LOW,LOW,UNRELATED or NORMAL
org.odpi.openmetadata.adapters.connectors.resource.jdbc.ffdc,org.odpi.openmetadata.adapters.connectors.resource.jdbc.mappers,LOW,LOW,UNRELATED or NORMAL
org.odpi.openmetadata.frameworks.openmetadata.types,org.odpi.openmetadata.viewservices.projectmanager.server,LOW,LOW,UNRELATED or NORMAL
org.odpi.openmetadata.adapters.connectors.surveyaction.surveyfolder,org.odpi.openmetadata.frameworks.connectors.ffdc,LOW,LOW,UNRELATED or NORMAL
org.odpi.openmetadata.adapters.connectors.unitycatalog.controls,org.odpi.openmetadata.frameworks.openmetadata.refdata,LOW,LOW,UNRELATED or NORMAL
org.odpi.openmetadata.frameworks.openmetadata.types,org.odpi.openmetadata.governanceservers.integrationdaemonservices.listener,LOW,LOW,UNRELATED or NORMAL
org.odpi.openmetadata.adminservices.ffdc.exception,org.odpi.openmetadata.frameworks.auditlog.messagesets,LOW,LOW,UNRELATED or NORMAL
org.odpi.openmetadata.adapters.connectors.unitycatalog.provision,org.odpi.openmetadata.frameworks.openmetadata.controls,LOW,LOW,UNRELATED or NORMAL
org.odpi.openmetadata.adapters.connectors.controls,org.odpi.openmetadata.contentpacks.core.egeria,LOW,LOW,UNRELATED or NORMAL
org.odpi.openmetadata.engineservices.watchdogaction.client,org.odpi.openmetadata.frameworks.openmetadata.ffdc,LOW,LOW,UNRELATED or NORMAL
org.odpi.openmetadata.conformance.ffdc,org.odpi.openmetadata.conformance.tests.platform,LOW,LOW,UNRELATED or NORMAL
org.odpi.openmetadata.adapters.connectors.egeriainfrastructure.extractor,org.odpi.openmetadata.adminservices.ffdc.exception,LOW,LOW,UNRELATED or NORMAL
org.odpi.openmetadata.frameworks.connectors.properties.beans,org.odpi.openmetadata.frameworks.openmetadata.types,LOW,LOW,UNRELATED or NORMAL
org.odpi.openmetadata.engineservices.governanceaction.client,org.odpi.openmetadata.frameworks.openmetadata.ffdc,LOW,LOW,UNRELATED or NORMAL
org.odpi.openmetadata.frameworks.opengovernance.connectorcontext,org.odpi.openmetadata.frameworks.openmetadata.properties.assets.processes.actions,LOW,LOW,UNRELATED or NORMAL
org.odpi.openmetadata.commonservices.multitenant,org.odpi.openmetadata.metadataobservability.ffdc,LOW,LOW,UNRELATED or NORMAL
org.odpi.openmetadata.adapters.connectors.postgres.controls,org.odpi.openmetadata.contentpacks.core.postgres,LOW,LOW,UNRELATED or NORMAL
org.odpi.openmetadata.frameworks.openmetadata.properties,org.odpi.openmetadata.frameworks.openmetadata.properties.assets.processes,LOW,LOW,UNRELATED or NORMAL
org.odpi.openmetadata.governanceservers.integrationdaemonservices.ffdc,org.odpi.openmetadata.governanceservers.integrationdaemonservices.listener,LOW,LOW,UNRELATED or NORMAL
org.odpi.openmetadata.engineservices.repositorygovernance.handlers,org.odpi.openmetadata.frameworks.openmetadata.properties,LOW,LOW,UNRELATED or NORMAL
org.odpi.openmetadata.adapters.connectors.baudot,org.odpi.openmetadata.adapters.connectors.baudot.ffdc,LOW,LOW,UNRELATED or NORMAL
org.odpi.openmetadata.frameworks.openmetadata.types,org.odpi.openmetadata.viewservices.classificationexplorer.server,LOW,LOW,UNRELATED or NORMAL
org.odpi.openmetadata.adapters.connectors.apacheatlas.integration,org.odpi.openmetadata.adapters.connectors.controls,LOW,LOW,UNRELATED or NORMAL
org.odpi.openmetadata.metadataobservability.ffdc,org.odpi.openmetadata.repositoryservices.rest.services,LOW,LOW,UNRELATED or NORMAL
org.odpi.openmetadata.conformance.ffdc,org.odpi.openmetadata.conformance.tests.repository,LOW,LOW,UNRELATED or NORMAL
org.odpi.openmetadata.frameworks.openmetadata.properties,org.odpi.openmetadata.frameworks.openmetadata.properties.contextevents,LOW,LOW,UNRELATED or NORMAL
org.odpi.openmetadata.adapters.connectors.surveyaction.surveyfile,org.odpi.openmetadata.frameworks.openmetadata.refdata,LOW,LOW,UNRELATED or NORMAL
org.odpi.openmetadata.frameworks.openmetadata.controls,org.odpi.openmetadata.samples.archiveutilities.governanceengines,LOW,LOW,UNRELATED or NORMAL
org.odpi.openmetadata.frameworks.openmetadata.controls,org.odpi.openmetadata.frameworks.openmetadata.handlers,LOW,LOW,UNRELATED or NORMAL
org.odpi.openmetadata.contentpacks.core.core,org.odpi.openmetadata.repositoryservices.connectors.stores.metadatacollectionstore.properties.instances,LOW,LOW,UNRELATED or NORMAL
org.odpi.openmetadata.adapters.connectors.apacheatlas.survey,org.odpi.openmetadata.adapters.connectors.controls,LOW,LOW,UNRELATED or NORMAL
org.odpi.openmetadata.engineservices.surveyaction.client,org.odpi.openmetadata.frameworks.openmetadata.ffdc,LOW,LOW,UNRELATED or NORMAL
org.odpi.openmetadata.adapters.connectors.surveyaction.surveycsv,org.odpi.openmetadata.frameworks.openmetadata.refdata,LOW,LOW,UNRELATED or NORMAL
org.odpi.openmetadata.accessservices.assetowner.fvt.clientconstructors,org.odpi.openmetadata.frameworks.openmetadata.ffdc,LOW,LOW,UNRELATED or NORMAL
org.odpi.openmetadata.frameworks.openmetadata.properties,org.odpi.openmetadata.frameworks.openmetadata.properties.externalreferences,LOW,LOW,UNRELATED or NORMAL
org.odpi.openmetadata.commonservices.multitenant.ffdc.exceptions,org.odpi.openmetadata.frameworks.auditlog.messagesets,LOW,LOW,UNRELATED or NORMAL
org.odpi.openmetadata.adapters.connectors.surveyaction.surveyfolder,org.odpi.openmetadata.frameworks.openmetadata.types,LOW,LOW,UNRELATED or NORMAL
org.odpi.openmetadata.engineservices.repositorygovernance.client,org.odpi.openmetadata.frameworks.openmetadata.ffdc,LOW,LOW,UNRELATED or NORMAL
org.odpi.openmetadata.repositoryservices.connectors.omrstopic,org.odpi.openmetadata.repositoryservices.ffdc,LOW,LOW,UNRELATED or NORMAL
org.odpi.openmetadata.frameworks.openmetadata.client,org.odpi.openmetadata.frameworks.openmetadata.types,LOW,LOW,UNRELATED or NORMAL
org.odpi.openmetadata.frameworks.openmetadata.connectorcontext,org.odpi.openmetadata.frameworks.openmetadata.properties.externalidentifiers,LOW,LOW,UNRELATED or NORMAL
org.odpi.openmetadata.adapters.repositoryservices.inmemory.repositoryconnector,org.odpi.openmetadata.repositoryservices.connectors.stores.metadatacollectionstore.properties,LOW,LOW,UNRELATED or NORMAL
org.odpi.openmetadata.adapters.connectors.restclients,org.odpi.openmetadata.commonservices.ffdc.rest,LOW,LOW,UNRELATED or NORMAL
org.odpi.openmetadata.samples.archiveutilities.governanceengines,org.odpi.openmetadata.samples.archiveutilities.governanceprogram,LOW,LOW,UNRELATED or NORMAL
org.odpi.openmetadata.adapters.connectors.integration.openapis,org.odpi.openmetadata.adapters.connectors.restclients,LOW,LOW,UNRELATED or NORMAL
org.odpi.openmetadata.frameworks.openmetadata.properties,org.odpi.openmetadata.viewservices.assetcatalog.server,LOW,LOW,UNRELATED or NORMAL
org.odpi.openmetadata.adminservices.configuration.registration,org.odpi.openmetadata.viewservices.dataengineer.server,LOW,LOW,UNRELATED or NORMAL
org.odpi.openmetadata.adapters.repositoryservices.auditlogstore.console.eventdisplay,org.odpi.openmetadata.repositoryservices.connectors.stores.auditlogstore,LOW,LOW,UNRELATED or NORMAL
org.odpi.openmetadata.adapters.connectors.integration.openlineage,org.odpi.openmetadata.frameworks.openmetadata.search,LOW,LOW,UNRELATED or NORMAL
org.odpi.openmetadata.adminservices.configuration.registration,org.odpi.openmetadata.frameworkservices.omf.server,LOW,LOW,UNRELATED or NORMAL
org.odpi.openmetadata.adminservices.configuration.registration,org.odpi.openmetadata.viewservices.productcatalog.server,LOW,LOW,UNRELATED or NORMAL
org.odpi.openmetadata.adminservices.configuration.registration,org.odpi.openmetadata.viewservices.devopspipeline.server,LOW,LOW,UNRELATED or NORMAL
org.odpi.openmetadata.engineservices.surveyaction.handlers,org.odpi.openmetadata.frameworks.auditlog,LOW,LOW,UNRELATED or NORMAL
org.odpi.openmetadata.adminservices.configuration.registration,org.odpi.openmetadata.frameworkservices.gaf.server,LOW,LOW,UNRELATED or NORMAL
org.odpi.openmetadata.frameworks.connectors,org.odpi.openmetadata.frameworkservices.ocf.metadatamanagement.client,LOW,LOW,UNRELATED or NORMAL
org.odpi.openmetadata.adminservices.configuration.registration,org.odpi.openmetadata.viewservices.multilanguage.server,LOW,LOW,UNRELATED or NORMAL
org.odpi.openmetadata.adapters.connectors.egeriainfrastructure.platform.catalog,org.odpi.openmetadata.frameworks.openmetadata.ffdc,LOW,LOW,UNRELATED or NORMAL
org.odpi.openmetadata.commonservices.multitenant,org.odpi.openmetadata.commonservices.multitenant.ffdc,LOW,LOW,UNRELATED or NORMAL
org.odpi.openmetadata.frameworks.openmetadata.ffdc,org.odpi.openmetadata.frameworkservices.gaf.client.rest,LOW,LOW,UNRELATED or NORMAL
org.odpi.openmetadata.adapters.connectors.integration.openapis,org.odpi.openmetadata.adapters.connectors.integration.openapis.ffdc,LOW,LOW,UNRELATED or NORMAL
org.odpi.openmetadata.frameworks.openmetadata.properties.assets.processes.actions,org.odpi.openmetadata.frameworks.openwatchdog,LOW,LOW,UNRELATED or NORMAL
org.odpi.openmetadata.accessservices.digitalarchitecture.fvt.connections,org.odpi.openmetadata.frameworks.openmetadata.properties,LOW,LOW,UNRELATED or NORMAL
org.odpi.openmetadata.engineservices.governanceaction.handlers,org.odpi.openmetadata.frameworks.auditlog,LOW,LOW,UNRELATED or NORMAL
org.odpi.openmetadata.adapters.connectors.subscriptions,org.odpi.openmetadata.frameworks.openmetadata.properties.governance,LOW,LOW,UNRELATED or NORMAL
org.odpi.openmetadata.frameworks.opengovernance.properties,org.odpi.openmetadata.frameworks.openmetadata.properties.assets.processes,LOW,LOW,UNRELATED or NORMAL
org.odpi.openmetadata.commonservices.ffdc,org.odpi.openmetadata.governanceservers.integrationdaemonservices.client,LOW,LOW,UNRELATED or NORMAL
org.odpi.openmetadata.tokencontroller,org.odpi.openmetadata.viewservices.communitymatters.server,LOW,LOW,UNRELATED or NORMAL
org.odpi.openmetadata.adminservices.server,org.odpi.openmetadata.frameworks.connectors,LOW,LOW,UNRELATED or NORMAL
org.odpi.openmetadata.frameworks.openmetadata.properties.assets.processes.connectors,org.odpi.openmetadata.samples.governanceactions.clinicaltrials,LOW,LOW,UNRELATED or NORMAL
org.odpi.openmetadata.commonservices.ffdc.rest,org.odpi.openmetadata.viewservices.automatedcuration.rest,LOW,LOW,UNRELATED or NORMAL
org.odpi.openmetadata.frameworks.openmetadata.builders,org.odpi.openmetadata.viewservices.automatedcuration.server,LOW,LOW,UNRELATED or NORMAL
org.odpi.openmetadata.frameworks.openmetadata.connectorcontext,org.odpi.openmetadata.frameworks.openmetadata.properties.validvalues,LOW,LOW,UNRELATED or NORMAL
org.odpi.openmetadata.viewservices.actionauthor.server,org.odpi.openmetadata.viewservices.actionauthor.server.spring,LOW,LOW,UNRELATED or NORMAL
org.odpi.openmetadata.conformance.server,org.odpi.openmetadata.conformance.server.spring,LOW,LOW,UNRELATED or NORMAL
org.odpi.openmetadata.frameworks.openmetadata.handlers,org.odpi.openmetadata.frameworks.openmetadata.properties.assets.filesandfolders,LOW,LOW,UNRELATED or NORMAL
org.odpi.openmetadata.adapters.connectors.governanceactions.stewardship,org.odpi.openmetadata.frameworks.openmetadata.search,LOW,LOW,UNRELATED or NORMAL
org.odpi.openmetadata.repositoryservices.connectors.stores.metadatacollectionstore.repositoryeventmapper,org.odpi.openmetadata.repositoryservices.eventmanagement,LOW,LOW,UNRELATED or NORMAL
org.odpi.openmetadata.repositoryservices.connectors.stores.metadatacollectionstore.properties,org.odpi.openmetadata.repositoryservices.rest.properties,LOW,LOW,UNRELATED or NORMAL
org.odpi.openmetadata.accessservices.stewardshipaction.fvt,org.odpi.openmetadata.fvt.utilities,LOW,LOW,UNRELATED or NORMAL
org.odpi.openmetadata.frameworks.openmetadata.enums,org.odpi.openmetadata.frameworks.openmetadata.properties.assets.processes,LOW,LOW,UNRELATED or NORMAL
org.odpi.openmetadata.conformance.workbenches.repository,org.odpi.openmetadata.conformance.workbenches.repository.listener,LOW,LOW,UNRELATED or NORMAL
org.odpi.openmetadata.engineservices.governanceaction.handlers,org.odpi.openmetadata.frameworks.opengovernance,LOW,LOW,UNRELATED or NORMAL
org.odpi.openmetadata.adapters.connectors.subscriptions,org.odpi.openmetadata.frameworks.connectors.properties.beans,LOW,LOW,UNRELATED or NORMAL
org.odpi.openmetadata.accessservices.assetconsumer.samples.readavrofile,org.odpi.openmetadata.adapters.connectors.datastore.basicfile,LOW,LOW,UNRELATED or NORMAL
org.odpi.openmetadata.governanceservers.enginehostservices.server,org.odpi.openmetadata.serveroperations.server,LOW,LOW,UNRELATED or NORMAL
org.odpi.openmetadata.frameworks.openmetadata.types,org.odpi.openmetadata.viewservices.automatedcuration.handlers,LOW,LOW,UNRELATED or NORMAL
org.odpi.openmetadata.frameworkservices.gaf.rest,org.odpi.openmetadata.frameworkservices.gaf.server.spring,LOW,LOW,UNRELATED or NORMAL
org.odpi.openmetadata.frameworks.openmetadata.builders,org.odpi.openmetadata.frameworks.openmetadata.properties,LOW,LOW,UNRELATED or NORMAL
org.odpi.openmetadata.metadatasecurity.server,org.odpi.openmetadata.platformservices.server,LOW,LOW,UNRELATED or NORMAL
org.odpi.openmetadata.frameworks.openmetadata.handlers,org.odpi.openmetadata.frameworks.openmetadata.mapper,LOW,LOW,UNRELATED or NORMAL
org.odpi.openmetadata.frameworks.openmetadata.properties.governance,org.odpi.openmetadata.frameworks.openmetadata.types,LOW,LOW,UNRELATED or NORMAL
org.odpi.openmetadata.commonservices.ffdc.rest,org.odpi.openmetadata.frameworks.auditlog,LOW,LOW,UNRELATED or NORMAL
org.odpi.openmetadata.commonservices.ffdc.rest,org.odpi.openmetadata.frameworks.connectors.properties.beans,LOW,LOW,UNRELATED or NORMAL
org.odpi.openmetadata.frameworks.openmetadata.ffdc,org.odpi.openmetadata.frameworkservices.ocf.metadatamanagement.client,LOW,LOW,UNRELATED or NORMAL
org.odpi.openmetadata.adapters.connectors.integration.openlineage,org.odpi.openmetadata.frameworks.connectors.ffdc,LOW,LOW,UNRELATED or NORMAL
org.odpi.openmetadata.conformance.beans,org.odpi.openmetadata.frameworks.openmetadata.ffdc,LOW,LOW,UNRELATED or NORMAL
org.odpi.openmetadata.adapters.connectors.governanceactions.stewardship,org.odpi.openmetadata.contentpacks.core,LOW,LOW,UNRELATED or NORMAL
org.odpi.openmetadata.frameworks.auditlog,org.odpi.openmetadata.viewservices.communitymatters.server,LOW,LOW,UNRELATED or NORMAL
org.odpi.openmetadata.adapters.connectors.egeriainfrastructure.extractor,org.odpi.openmetadata.serveroperations.client,LOW,LOW,UNRELATED or NORMAL
org.odpi.openmetadata.commonservices.ffdc.rest,org.odpi.openmetadata.viewservices.subjectarea.server,LOW,LOW,UNRELATED or NORMAL
org.odpi.openmetadata.contentpacks.core.base,org.odpi.openmetadata.repositoryservices.connectors.stores.metadatacollectionstore.properties.instances,LOW,LOW,UNRELATED or NORMAL
org.odpi.openmetadata.adapters.connectors.governanceactions.watchdog,org.odpi.openmetadata.frameworks.openmetadata.refdata,LOW,LOW,UNRELATED or NORMAL
org.odpi.openmetadata.repositoryservices.localrepository,org.odpi.openmetadata.repositoryservices.metadatahighway,LOW,LOW,UNRELATED or NORMAL
org.odpi.openmetadata.adminservices.configuration.properties,org.odpi.openmetadata.governanceservers.enginehostservices.threads,LOW,LOW,UNRELATED or NORMAL
org.odpi.openmetadata.adapters.connectors.egeriainfrastructure.platform.survey,org.odpi.openmetadata.frameworks.connectors.properties.beans,LOW,LOW,UNRELATED or NORMAL
org.odpi.openmetadata.frameworks.openmetadata.handlers,org.odpi.openmetadata.frameworks.openmetadata.properties.assets,LOW,LOW,UNRELATED or NORMAL
org.odpi.openmetadata.adapters.connectors.governanceactions.verification,org.odpi.openmetadata.frameworks.connectors.properties.beans,LOW,LOW,UNRELATED or NORMAL
org.odpi.openmetadata.adapters.repositoryservices.auditlogstore.eventtopic,org.odpi.openmetadata.repositoryservices.connectors.stores.auditlogstore,LOW,LOW,UNRELATED or NORMAL
org.odpi.openmetadata.adapters.connectors.egeriainfrastructure.control,org.odpi.openmetadata.frameworks.integration.controls,LOW,LOW,UNRELATED or NORMAL
org.odpi.openmetadata.adapters.connectors.integration.kafkaaudit.controls,org.odpi.openmetadata.frameworks.integration.controls,LOW,LOW,UNRELATED or NORMAL
org.odpi.openmetadata.adapters.connectors.integration.jdbc.controls,org.odpi.openmetadata.frameworks.openmetadata.specificationproperties,LOW,LOW,UNRELATED or NORMAL
org.odpi.openmetadata.adapters.connectors.apachekafka.resource,org.odpi.openmetadata.frameworks.auditlog,LOW,LOW,UNRELATED or NORMAL
org.odpi.openmetadata.accessservices.communityprofile.fvt.profiles,org.odpi.openmetadata.frameworks.openmetadata.properties,LOW,LOW,UNRELATED or NORMAL
org.odpi.openmetadata.adapters.connectors.integration.basicfiles,org.odpi.openmetadata.frameworks.openmetadata.specificationproperties,LOW,LOW,UNRELATED or NORMAL
org.odpi.openmetadata.adapters.repositoryservices.auditlogstore.postgres.controls,org.odpi.openmetadata.frameworks.openmetadata.specificationproperties,LOW,LOW,UNRELATED or NORMAL
org.odpi.openmetadata.adapters.connectors.surveyaction.controls,org.odpi.openmetadata.frameworks.openmetadata.specificationproperties,LOW,LOW,UNRELATED or NORMAL
org.odpi.openmetadata.adapters.connectors.integration.jdbc.controls,org.odpi.openmetadata.frameworks.integration.controls,LOW,LOW,UNRELATED or NORMAL
org.odpi.openmetadata.adapters.connectors.egeriainfrastructure.platform,org.odpi.openmetadata.frameworks.auditlog,LOW,LOW,UNRELATED or NORMAL
org.odpi.openmetadata.adapters.connectors.postgres.controls,org.odpi.openmetadata.frameworks.integration.controls,LOW,LOW,UNRELATED or NORMAL
org.odpi.openmetadata.adapters.repositoryservices.postgres.repositoryconnector.controls,org.odpi.openmetadata.frameworks.openmetadata.specificationproperties,LOW,LOW,UNRELATED or NORMAL
org.odpi.openmetadata.commonservices.ffdc.rest,org.odpi.openmetadata.frameworks.openmetadata.enums,LOW,LOW,UNRELATED or NORMAL
org.odpi.openmetadata.adapters.connectors.organizationinsight.controls,org.odpi.openmetadata.frameworks.openmetadata.specificationproperties,LOW,LOW,UNRELATED or NORMAL
org.odpi.openmetadata.adapters.connectors.resource.jdbc.controls,org.odpi.openmetadata.frameworks.openmetadata.specificationproperties,LOW,LOW,UNRELATED or NORMAL
org.odpi.openmetadata.adapters.connectors.jacquard.tabulardatasets,org.odpi.openmetadata.adapters.connectors.jacquard.tabulardatasets.ffdc,LOW,LOW,UNRELATED or NORMAL
org.odpi.openmetadata.adapters.connectors.integration.basicfiles,org.odpi.openmetadata.frameworks.openmetadata.ffdc,LOW,LOW,UNRELATED or NORMAL
org.odpi.openmetadata.repositoryservices.ffdc,org.odpi.openmetadata.repositoryservices.metadatahighway,LOW,LOW,UNRELATED or NORMAL
org.odpi.openmetadata.platformservices.rest,org.odpi.openmetadata.platformservices.server.spring,LOW,LOW,UNRELATED or NORMAL
org.odpi.openmetadata.frameworks.openmetadata.properties.assets.infrastructure,org.odpi.openmetadata.frameworks.openmetadata.types,LOW,LOW,UNRELATED or NORMAL
org.odpi.openmetadata.frameworks.openmetadata.properties.softwarecapabilities,org.odpi.openmetadata.viewservices.runtimemanager.server,LOW,LOW,UNRELATED or NORMAL
org.odpi.openmetadata.frameworks.openmetadata.enums,org.odpi.openmetadata.samples.governanceactions.clinicaltrials,LOW,LOW,UNRELATED or NORMAL
org.odpi.openmetadata.frameworks.openmetadata.properties.assets,org.odpi.openmetadata.viewservices.assetmaker.server,LOW,LOW,UNRELATED or NORMAL
org.odpi.openmetadata.adapters.connectors.unitycatalog.provision,org.odpi.openmetadata.frameworks.openmetadata.enums,LOW,LOW,UNRELATED or NORMAL
org.odpi.openmetadata.frameworks.openmetadata.properties.informationsupplychains,org.odpi.openmetadata.viewservices.solutionarchitect.server,LOW,LOW,UNRELATED or NORMAL
org.odpi.openmetadata.adapters.connectors.postgres.catalog,org.odpi.openmetadata.frameworks.openmetadata.enums,LOW,LOW,UNRELATED or NORMAL
org.odpi.openmetadata.frameworks.connectors.controls,org.odpi.openmetadata.samples.archiveutilities,LOW,LOW,UNRELATED or NORMAL
org.odpi.openmetadata.adapters.connectors.egeriainfrastructure.ffdc,org.odpi.openmetadata.frameworks.auditlog,LOW,LOW,UNRELATED or NORMAL
org.odpi.openmetadata.frameworks.auditlog,org.odpi.openmetadata.frameworks.opensurvey.ffdc,LOW,LOW,UNRELATED or NORMAL
org.odpi.openmetadata.frameworks.connectors,org.odpi.openmetadata.metadatasecurity.server,LOW,LOW,UNRELATED or NORMAL
org.odpi.openmetadata.frameworks.openmetadata.properties.security,org.odpi.openmetadata.viewservices.myprofile.server,LOW,LOW,UNRELATED or NORMAL
org.odpi.openmetadata.frameworks.openmetadata.refdata,org.odpi.openmetadata.opentypes,LOW,LOW,UNRELATED or NORMAL
org.odpi.openmetadata.adapters.connectors.resource.jdbc,org.odpi.openmetadata.frameworks.connectors,LOW,LOW,UNRELATED or NORMAL
org.odpi.openmetadata.adapters.connectors.unitycatalog.sync,org.odpi.openmetadata.frameworks.integration.properties,LOW,LOW,UNRELATED or NORMAL
org.odpi.openmetadata.adapters.connectors.baudot.ffdc,org.odpi.openmetadata.frameworks.auditlog,LOW,LOW,UNRELATED or NORMAL
org.odpi.openmetadata.conformance.tests.repository,org.odpi.openmetadata.conformance.tests.repository.connector,LOW,LOW,UNRELATED or NORMAL
org.odpi.openmetadata.frameworkservices.gaf.converters,org.odpi.openmetadata.frameworkservices.omf.converters,LOW,LOW,UNRELATED or NORMAL
org.odpi.openmetadata.adapters.connectors.postgres.ffdc,org.odpi.openmetadata.adapters.connectors.postgres.survey,LOW,LOW,UNRELATED or NORMAL
org.odpi.openmetadata.adapters.connectors.apachekafka.resource,org.odpi.openmetadata.adapters.connectors.apachekafka.resource.ffdc,LOW,LOW,UNRELATED or NORMAL
org.odpi.openmetadata.frameworks.integration.connectors,org.odpi.openmetadata.frameworks.openmetadata.enums,LOW,LOW,UNRELATED or NORMAL
org.odpi.openmetadata.frameworks.openmetadata.properties.collections,org.odpi.openmetadata.frameworks.openmetadata.properties.digitalbusiness,LOW,LOW,UNRELATED or NORMAL
org.odpi.openmetadata.adapters.repositoryservices.auditlogstore.postgres,org.odpi.openmetadata.frameworks.openmetadata.ffdc,LOW,LOW,UNRELATED or NORMAL
org.odpi.openmetadata.adapters.connectors.jacquard.tabulardatasets.ffdc,org.odpi.openmetadata.adapters.connectors.jacquard.tabulardatasets.referencedata,LOW,LOW,UNRELATED or NORMAL
org.odpi.openmetadata.frameworks.opengovernance.controls,org.odpi.openmetadata.samples.governanceactions.clinicaltrials,LOW,LOW,UNRELATED or NORMAL
org.odpi.openmetadata.adapters.connectors.integration.basicfiles,org.odpi.openmetadata.contentpacks.core,LOW,LOW,UNRELATED or NORMAL
org.odpi.openmetadata.metadatasecurity.ffdc,org.odpi.openmetadata.metadatasecurity.server,LOW,LOW,UNRELATED or NORMAL
org.odpi.openmetadata.frameworks.openmetadata.properties.schema.display,org.odpi.openmetadata.frameworks.openmetadata.types,LOW,LOW,UNRELATED or NORMAL
org.odpi.openmetadata.adapters.connectors.egeriainfrastructure.ffdc,org.odpi.openmetadata.adapters.connectors.egeriainfrastructure.platform,LOW,LOW,UNRELATED or NORMAL
org.odpi.openmetadata.adminservices.client.rest,org.odpi.openmetadata.adminservices.ffdc,LOW,LOW,UNRELATED or NORMAL
org.odpi.openmetadata.frameworks.openmetadata.properties,org.odpi.openmetadata.frameworks.openmetadata.properties.assets.reports,LOW,LOW,UNRELATED or NORMAL
org.odpi.openmetadata.frameworks.openmetadata.builders,org.odpi.openmetadata.frameworks.openmetadata.properties.security,LOW,LOW,UNRELATED or NORMAL
org.odpi.openmetadata.adminservices.server,org.odpi.openmetadata.frameworks.auditlog,LOW,LOW,UNRELATED or NORMAL
org.odpi.openmetadata.frameworks.openmetadata.handlers,org.odpi.openmetadata.frameworks.openmetadata.properties.externalidentifiers,LOW,LOW,UNRELATED or NORMAL
org.odpi.openmetadata.frameworks.openmetadata.builders,org.odpi.openmetadata.frameworks.openmetadata.properties.governance.governanceactions,LOW,LOW,UNRELATED or NORMAL
org.odpi.openmetadata.adapters.repositoryservices.auditlogstore.file,org.odpi.openmetadata.frameworks.openmetadata.ffdc,LOW,LOW,UNRELATED or NORMAL
org.odpi.openmetadata.adapters.connectors.integration.kafkaaudit,org.odpi.openmetadata.adapters.connectors.integration.kafkaaudit.ffdc,LOW,LOW,UNRELATED or NORMAL
org.odpi.openmetadata.adapters.connectors.controls,org.odpi.openmetadata.adapters.connectors.postgres.catalog,LOW,LOW,UNRELATED or NORMAL
org.odpi.openmetadata.frameworks.auditlog,org.odpi.openmetadata.governanceservers.integrationdaemonservices.client,LOW,LOW,UNRELATED or NORMAL
org.odpi.openmetadata.adapters.repositoryservices.archiveconnector.file,org.odpi.openmetadata.adapters.repositoryservices.archiveconnector.file.ffdc,LOW,LOW,UNRELATED or NORMAL
org.odpi.openmetadata.conformance.workbenches.platform,org.odpi.openmetadata.frameworks.auditlog,LOW,LOW,UNRELATED or NORMAL
org.odpi.openmetadata.frameworks.openmetadata.search,org.odpi.openmetadata.viewservices.classificationexplorer.server.spring,LOW,LOW,UNRELATED or NORMAL
org.odpi.openmetadata.conformance.ffdc.exception,org.odpi.openmetadata.frameworks.auditlog.messagesets,LOW,LOW,UNRELATED or NORMAL
org.odpi.openmetadata.repositoryservices.eventmanagement,org.odpi.openmetadata.repositoryservices.ffdc.exception,LOW,LOW,UNRELATED or NORMAL
org.odpi.openmetadata.adapters.repositoryservices.auditlogstore.console.eventdisplay,org.odpi.openmetadata.frameworks.auditlog,LOW,LOW,UNRELATED or NORMAL
org.odpi.openmetadata.repositoryservices.connectors.stores.archivestore,org.odpi.openmetadata.repositoryservices.connectors.stores.metadatacollectionstore.properties.typedefs,LOW,LOW,UNRELATED or NORMAL
org.odpi.openmetadata.frameworks.openmetadata.refdata,org.odpi.openmetadata.frameworks.opensurvey.controls,LOW,LOW,UNRELATED or NORMAL
org.odpi.openmetadata.accessservices.governanceprogram.samples.leadership,org.odpi.openmetadata.frameworks.openmetadata.properties.actors,LOW,LOW,UNRELATED or NORMAL
org.odpi.openmetadata.frameworks.openmetadata.ffdc,org.odpi.openmetadata.frameworkservices.gaf.handlers,LOW,LOW,UNRELATED or NORMAL
org.odpi.openmetadata.frameworks.opengovernance.connectorcontext,org.odpi.openmetadata.frameworks.openmetadata.ffdc,LOW,LOW,UNRELATED or NORMAL
org.odpi.openmetadata.adapters.repositoryservices.rest.repositoryconnector,org.odpi.openmetadata.repositoryservices.connectors.stores.metadatacollectionstore.properties.typedefs,LOW,LOW,UNRELATED or NORMAL
org.odpi.openmetadata.frameworks.openmetadata.enums,org.odpi.openmetadata.frameworks.openmetadata.mapper,LOW,LOW,UNRELATED or NORMAL
org.odpi.openmetadata.frameworks.opengovernance.client,org.odpi.openmetadata.viewservices.automatedcuration.server,LOW,LOW,UNRELATED or NORMAL
org.odpi.openmetadata.commonservices.ffdc,org.odpi.openmetadata.engineservices.governanceaction.server,LOW,LOW,UNRELATED or NORMAL
org.odpi.openmetadata.commonservices.ffdc,org.odpi.openmetadata.engineservices.repositorygovernance.server,LOW,LOW,UNRELATED or NORMAL
org.odpi.openmetadata.accessservices.assetowner.fvt.connections,org.odpi.openmetadata.frameworks.openmetadata.properties.connections,LOW,LOW,UNRELATED or NORMAL
org.odpi.openmetadata.adapters.connectors.organizationinsight.karmapoints,org.odpi.openmetadata.frameworks.openmetadata.events,LOW,LOW,UNRELATED or NORMAL
org.odpi.openmetadata.commonservices.ffdc,org.odpi.openmetadata.engineservices.watchdogaction.server,LOW,LOW,UNRELATED or NORMAL
org.odpi.openmetadata.accessservices.communityprofile.fvt.todos,org.odpi.openmetadata.frameworks.openmetadata.search,LOW,LOW,UNRELATED or NORMAL
org.odpi.openmetadata.accessservices.datamanager.fvt.errorhandling,org.odpi.openmetadata.frameworks.openmetadata.properties.assets.databases,LOW,LOW,UNRELATED or NORMAL
org.odpi.openmetadata.contentpacks.core.core,org.odpi.openmetadata.frameworks.connectors.properties.users,LOW,LOW,UNRELATED or NORMAL
org.odpi.openmetadata.accessservices.datamanager.fvt.connections,org.odpi.openmetadata.frameworks.openmetadata.properties.connections,LOW,LOW,UNRELATED or NORMAL
org.odpi.openmetadata.commonservices.multitenant,org.odpi.openmetadata.repositoryservices.rest.services,LOW,LOW,UNRELATED or NORMAL
org.odpi.openmetadata.commonservices.ffdc,org.odpi.openmetadata.engineservices.surveyaction.server,LOW,LOW,UNRELATED or NORMAL
org.odpi.openmetadata.commonservices.ffdc,org.odpi.openmetadata.viewservices.dataengineer.server,LOW,LOW,UNRELATED or NORMAL
org.odpi.openmetadata.adapters.connectors.governanceactions.stewardship,org.odpi.openmetadata.frameworks.opengovernance.properties,LOW,LOW,UNRELATED or NORMAL
org.odpi.openmetadata.frameworks.connectors,org.odpi.openmetadata.frameworks.connectors.controls,LOW,LOW,UNRELATED or NORMAL
org.odpi.openmetadata.adminservices.configuration.properties,org.odpi.openmetadata.engineservices.watchdogaction.handlers,LOW,LOW,UNRELATED or NORMAL
org.odpi.openmetadata.commonservices.ffdc.properties,org.odpi.openmetadata.frameworks.openmetadata.specificationproperties,LOW,LOW,UNRELATED or NORMAL
org.odpi.openmetadata.frameworks.opensurvey.controls,org.odpi.openmetadata.samples.archiveutilities,LOW,LOW,UNRELATED or NORMAL
org.odpi.openmetadata.adapters.connectors.governanceactions.provisioning,org.odpi.openmetadata.frameworks.auditlog,LOW,LOW,UNRELATED or NORMAL
org.odpi.openmetadata.repositoryservices.admin,org.odpi.openmetadata.repositoryservices.archivemanager,LOW,LOW,UNRELATED or NORMAL
org.odpi.openmetadata.adapters.connectors.egeriainfrastructure.control,org.odpi.openmetadata.frameworks.openmetadata.definitions,LOW,LOW,UNRELATED or NORMAL
org.odpi.openmetadata.frameworks.opengovernance.client,org.odpi.openmetadata.frameworks.openwatchdog,LOW,LOW,UNRELATED or NORMAL
org.odpi.openmetadata.frameworks.openmetadata.converters,org.odpi.openmetadata.frameworks.openmetadata.properties.propertyfacets,LOW,LOW,UNRELATED or NORMAL
org.odpi.openmetadata.adapters.connectors.jacquard,org.odpi.openmetadata.frameworks.connectors,LOW,LOW,UNRELATED or NORMAL
org.odpi.openmetadata.accessservices.communityprofile.fvt.todos,org.odpi.openmetadata.frameworks.openmetadata.client,LOW,LOW,UNRELATED or NORMAL
org.odpi.openmetadata.frameworks.openmetadata.ffdc,org.odpi.openmetadata.viewservices.actormanager.server,LOW,LOW,UNRELATED or NORMAL
org.odpi.openmetadata.repositoryservices.enterprise.repositoryconnector,org.odpi.openmetadata.repositoryservices.ffdc,LOW,LOW,UNRELATED or NORMAL
org.odpi.openmetadata.adminservices.configuration.registration,org.odpi.openmetadata.frameworks.openmetadata.refdata,LOW,LOW,UNRELATED or NORMAL
org.odpi.openmetadata.adapters.connectors.integration.openlineage,org.odpi.openmetadata.adapters.connectors.integration.openlineage.ffdc,LOW,LOW,UNRELATED or NORMAL
org.odpi.openmetadata.frameworkservices.omf.client,org.odpi.openmetadata.viewservices.assetcatalog.server,LOW,LOW,UNRELATED or NORMAL
org.odpi.openmetadata.adapters.repositoryservices.archiveconnector.file,org.odpi.openmetadata.repositoryservices.ffdc.exception,LOW,LOW,UNRELATED or NORMAL
org.odpi.openmetadata.frameworkservices.ocf.metadatamanagement.client,org.odpi.openmetadata.viewservices.securityofficer.server,LOW,LOW,UNRELATED or NORMAL
org.odpi.openmetadata.adminservices.rest,org.odpi.openmetadata.serveroperations.client.rest,LOW,LOW,UNRELATED or NORMAL
org.odpi.openmetadata.commonservices.multitenant.ffdc.exceptions,org.odpi.openmetadata.frameworkservices.gaf.server,LOW,LOW,UNRELATED or NORMAL
org.odpi.openmetadata.adapters.connectors.baudot,org.odpi.openmetadata.frameworks.opengovernance.properties,LOW,LOW,UNRELATED or NORMAL
org.odpi.openmetadata.commonservices.multitenant.ffdc.exceptions,org.odpi.openmetadata.frameworkservices.omf.server,LOW,LOW,UNRELATED or NORMAL
org.odpi.openmetadata.frameworks.connectors,org.odpi.openmetadata.platformservices.server,LOW,LOW,UNRELATED or NORMAL
org.odpi.openmetadata.frameworkservices.omf.client,org.odpi.openmetadata.viewservices.runtimemanager.server,LOW,LOW,UNRELATED or NORMAL
org.odpi.openmetadata.adminservices.ffdc.exception,org.odpi.openmetadata.engineservices.watchdogaction.admin,LOW,LOW,UNRELATED or NORMAL
org.odpi.openmetadata.frameworkservices.omf.handlers,org.odpi.openmetadata.frameworkservices.omf.listener,LOW,LOW,UNRELATED or NORMAL
org.odpi.openmetadata.adapters.connectors.egeriainfrastructure.extractor,org.odpi.openmetadata.frameworks.auditlog,LOW,LOW,UNRELATED or NORMAL
org.odpi.openmetadata.adapters.connectors.wedgwood,org.odpi.openmetadata.frameworks.connectors.ffdc,LOW,LOW,UNRELATED or NORMAL
org.odpi.openmetadata.adminservices.ffdc.exception,org.odpi.openmetadata.engineservices.repositorygovernance.admin,LOW,LOW,UNRELATED or NORMAL
org.odpi.openmetadata.frameworkservices.omf.client,org.odpi.openmetadata.viewservices.templatemanager.server,LOW,LOW,UNRELATED or NORMAL
org.odpi.openmetadata.frameworks.openmetadata.handlers,org.odpi.openmetadata.frameworkservices.gaf.client,LOW,LOW,UNRELATED or NORMAL
org.odpi.openmetadata.commonservices.multitenant.ffdc.exceptions,org.odpi.openmetadata.frameworkservices.ocf.metadatamanagement.server,LOW,LOW,UNRELATED or NORMAL
org.odpi.openmetadata.adminservices.configuration.properties,org.odpi.openmetadata.platformchassis.springboot,LOW,LOW,UNRELATED or NORMAL
org.odpi.openmetadata.repositoryservices.archivemanager,org.odpi.openmetadata.repositoryservices.localrepository.repositoryconnector,LOW,LOW,UNRELATED or NORMAL
org.odpi.openmetadata.frameworks.connectors,org.odpi.openmetadata.frameworks.connectors.properties.beans,LOW,LOW,UNRELATED or NORMAL
org.odpi.openmetadata.adapters.connectors.apachekafka.survey,org.odpi.openmetadata.frameworks.connectors.ffdc,LOW,LOW,UNRELATED or NORMAL
org.odpi.openmetadata.frameworks.openmetadata.specificationproperties,org.odpi.openmetadata.viewservices.validmetadata.server,LOW,LOW,UNRELATED or NORMAL
org.odpi.openmetadata.adapters.connectors.datastore.basicfile,org.odpi.openmetadata.adapters.connectors.surveyaction.surveyfolder,LOW,LOW,UNRELATED or NORMAL
org.odpi.openmetadata.fvt.utilities,org.odpi.openmetadata.fvt.utilities.exceptions,LOW,LOW,UNRELATED or NORMAL
org.odpi.openmetadata.frameworkservices.ocf.metadatamanagement.client,org.odpi.openmetadata.viewservices.dataengineer.server,LOW,LOW,UNRELATED or NORMAL
org.odpi.openmetadata.frameworks.openmetadata.ffdc,org.odpi.openmetadata.tokencontroller,LOW,LOW,UNRELATED or NORMAL
org.odpi.openmetadata.adapters.connectors.resource.jdbc.ddl.postgres,org.odpi.openmetadata.frameworks.openmetadata.ffdc,LOW,LOW,UNRELATED or NORMAL
org.odpi.openmetadata.frameworkservices.ocf.metadatamanagement.client,org.odpi.openmetadata.viewservices.runtimemanager.server,LOW,LOW,UNRELATED or NORMAL
org.odpi.openmetadata.adapters.connectors.egeriainfrastructure.platform,org.odpi.openmetadata.adapters.connectors.egeriainfrastructure.platform.catalog,LOW,LOW,UNRELATED or NORMAL
org.odpi.openmetadata.adminservices.ffdc.exception,org.odpi.openmetadata.engineservices.surveyaction.admin,LOW,LOW,UNRELATED or NORMAL
org.odpi.openmetadata.frameworks.auditlog,org.odpi.openmetadata.frameworks.openmetadata.events,LOW,LOW,UNRELATED or NORMAL
org.odpi.openmetadata.adminservices.ffdc.exception,org.odpi.openmetadata.engineservices.governanceaction.admin,LOW,LOW,UNRELATED or NORMAL
org.odpi.openmetadata.frameworks.openmetadata.properties.softwarecapabilities,org.odpi.openmetadata.frameworkservices.gaf.converters,LOW,LOW,UNRELATED or NORMAL
org.odpi.openmetadata.viewservices.securityofficer.server,org.odpi.openmetadata.viewservices.securityofficer.server.spring,LOW,LOW,UNRELATED or NORMAL
org.odpi.openmetadata.adapters.connectors.integration.jdbc.transfer.requests,org.odpi.openmetadata.frameworks.integration.context,LOW,LOW,UNRELATED or NORMAL
org.odpi.openmetadata.frameworks.openmetadata.search,org.odpi.openmetadata.viewservices.myprofile.server,LOW,LOW,UNRELATED or NORMAL
org.odpi.openmetadata.platformservices.server.spring,org.odpi.openmetadata.serveroperations.server,LOW,LOW,UNRELATED or NORMAL
org.odpi.openmetadata.adapters.connectors.unitycatalog.sync,org.odpi.openmetadata.frameworks.openmetadata.events,LOW,LOW,UNRELATED or NORMAL
org.odpi.openmetadata.frameworks.opengovernance.handlers,org.odpi.openmetadata.frameworks.openmetadata.enums,LOW,LOW,UNRELATED or NORMAL
org.odpi.openmetadata.viewservices.templatemanager.server,org.odpi.openmetadata.viewservices.templatemanager.server.spring,LOW,LOW,UNRELATED or NORMAL
org.odpi.openmetadata.repositoryservices.connectors.stores.metadatacollectionstore.properties.search,org.odpi.openmetadata.repositoryservices.rest.server,LOW,LOW,UNRELATED or NORMAL
org.odpi.openmetadata.adapters.connectors.integration.basicfiles,org.odpi.openmetadata.frameworks.openmetadata.enums,LOW,LOW,UNRELATED or NORMAL
org.odpi.openmetadata.adapters.connectors.jacquard.productcatalog,org.odpi.openmetadata.adapters.connectors.jacquard.solutionblueprint,LOW,LOW,UNRELATED or NORMAL
org.odpi.openmetadata.adapters.connectors.governanceactions.ffdc,org.odpi.openmetadata.adapters.connectors.subscriptions,LOW,LOW,UNRELATED or NORMAL
org.odpi.openmetadata.frameworks.integration.contextmanager,org.odpi.openmetadata.frameworks.integration.openlineage,LOW,LOW,UNRELATED or NORMAL
org.odpi.openmetadata.adminservices.rest,org.odpi.openmetadata.frameworks.connectors.properties.beans,LOW,LOW,UNRELATED or NORMAL
org.odpi.openmetadata.frameworks.connectors,org.odpi.openmetadata.repositoryservices.connectors.stores.metadatacollectionstore.repositoryconnector,LOW,LOW,UNRELATED or NORMAL
org.odpi.openmetadata.serveroperations.client,org.odpi.openmetadata.serveroperations.properties,LOW,LOW,UNRELATED or NORMAL
org.odpi.openmetadata.adapters.connectors.jacquard,org.odpi.openmetadata.frameworks.openmetadata.properties.digitalbusiness,LOW,LOW,UNRELATED or NORMAL
org.odpi.openmetadata.platformservices.client,org.odpi.openmetadata.serveroperations.properties,LOW,LOW,UNRELATED or NORMAL
org.odpi.openmetadata.frameworks.openmetadata.enums,org.odpi.openmetadata.frameworks.openmetadata.properties.externalreferences,LOW,LOW,UNRELATED or NORMAL
org.odpi.openmetadata.serveroperations.client,org.odpi.openmetadata.serveroperations.client.rest,LOW,LOW,UNRELATED or NORMAL
org.odpi.openmetadata.accessservices.datamanager.fvt.connections,org.odpi.openmetadata.frameworks.openmetadata.properties,LOW,LOW,UNRELATED or NORMAL
org.odpi.openmetadata.conformance.tests.repository.connector,org.odpi.openmetadata.repositoryservices.connectors.stores.metadatacollectionstore.repositoryconnector,LOW,LOW,UNRELATED or NORMAL
org.odpi.openmetadata.engineservices.repositorygovernance.handlers,org.odpi.openmetadata.repositoryservices.connectors.stores.metadatacollectionstore.properties.search,LOW,LOW,UNRELATED or NORMAL
org.odpi.openmetadata.frameworks.openmetadata.properties,org.odpi.openmetadata.frameworks.openmetadata.properties.assets.filesandfolders,LOW,LOW,UNRELATED or NORMAL
org.odpi.openmetadata.adapters.connectors.datastore.csvfile,org.odpi.openmetadata.frameworks.openmetadata.refdata,LOW,LOW,UNRELATED or NORMAL
org.odpi.openmetadata.viewservices.automatedcuration.rest,org.odpi.openmetadata.viewservices.automatedcuration.server.spring,LOW,LOW,UNRELATED or NORMAL
org.odpi.openmetadata.adminservices.configuration.registration,org.odpi.openmetadata.repositoryservices.rest.server,LOW,LOW,UNRELATED or NORMAL
org.odpi.openmetadata.adapters.repositoryservices.inmemory.repositoryconnector,org.odpi.openmetadata.repositoryservices.connectors.stores.metadatacollectionstore.properties.search,LOW,LOW,UNRELATED or NORMAL
org.odpi.openmetadata.repositoryservices.connectors.stores.metadatacollectionstore.properties.search,org.odpi.openmetadata.repositoryservices.enterprise.repositoryconnector,LOW,LOW,UNRELATED or NORMAL
org.odpi.openmetadata.frameworks.openmetadata.ffdc,org.odpi.openmetadata.viewservices.collectionmanager.server,LOW,LOW,UNRELATED or NORMAL
org.odpi.openmetadata.frameworks.openmetadata.ffdc,org.odpi.openmetadata.viewservices.lineagelinker.server,LOW,LOW,UNRELATED or NORMAL
org.odpi.openmetadata.frameworkservices.omf.connectors.outtopic,org.odpi.openmetadata.frameworkservices.omf.ffdc,LOW,LOW,UNRELATED or NORMAL
org.odpi.openmetadata.repositoryservices.clients,org.odpi.openmetadata.repositoryservices.connectors.stores.metadatacollectionstore.properties.search,LOW,LOW,UNRELATED or NORMAL
org.odpi.openmetadata.frameworks.connectors.controls,org.odpi.openmetadata.repositoryservices.clients,LOW,LOW,UNRELATED or NORMAL
org.odpi.openmetadata.frameworks.openmetadata.ffdc,org.odpi.openmetadata.viewservices.timekeeper.server,LOW,LOW,UNRELATED or NORMAL
org.odpi.openmetadata.engineservices.repositorygovernance.connector,org.odpi.openmetadata.repositoryservices.connectors.stores.metadatacollectionstore.properties.search,LOW,LOW,UNRELATED or NORMAL
org.odpi.openmetadata.frameworks.openmetadata.properties,org.odpi.openmetadata.frameworks.openmetadata.properties.softwarecapabilities,LOW,LOW,UNRELATED or NORMAL
org.odpi.openmetadata.adapters.repositoryservices.rest.repositoryconnector,org.odpi.openmetadata.repositoryservices.connectors.stores.metadatacollectionstore.properties.search,LOW,LOW,UNRELATED or NORMAL
org.odpi.openmetadata.repositoryservices.connectors.stores.metadatacollectionstore.properties.search,org.odpi.openmetadata.repositoryservices.localrepository.repositoryconnector,LOW,LOW,UNRELATED or NORMAL
org.odpi.openmetadata.adapters.connectors,org.odpi.openmetadata.adapters.connectors.datastore.csvfile,LOW,LOW,UNRELATED or NORMAL
org.odpi.openmetadata.contentpacks.core.unitycatalog,org.odpi.openmetadata.frameworks.openmetadata.refdata,LOW,LOW,UNRELATED or NORMAL
org.odpi.openmetadata.commonservices.repositoryhandler,org.odpi.openmetadata.repositoryservices.connectors.stores.metadatacollectionstore.properties.search,LOW,LOW,UNRELATED or NORMAL
org.odpi.openmetadata.repositoryservices.enterprise.repositoryconnector.accumulators,org.odpi.openmetadata.repositoryservices.ffdc,LOW,LOW,UNRELATED or NORMAL
org.odpi.openmetadata.frameworks.openmetadata.ffdc,org.odpi.openmetadata.viewservices.metadataexpert.server,LOW,LOW,UNRELATED or NORMAL
org.odpi.openmetadata.adapters.connectors.unitycatalog.ffdc,org.odpi.openmetadata.adapters.connectors.unitycatalog.sync,LOW,LOW,UNRELATED or NORMAL
org.odpi.openmetadata.frameworks.openmetadata.types,org.odpi.openmetadata.repositoryservices.ffdc.exception,LOW,LOW,UNRELATED or NORMAL
org.odpi.openmetadata.adapters.connectors.unitycatalog.sync,org.odpi.openmetadata.frameworks.openmetadata.search,LOW,LOW,UNRELATED or NORMAL
org.odpi.openmetadata.adapters.connectors.integration.openapis,org.odpi.openmetadata.frameworks.openmetadata.search,LOW,LOW,UNRELATED or NORMAL
org.odpi.openmetadata.adapters.repositoryservices.postgres.repositoryconnector,org.odpi.openmetadata.frameworks.connectors,LOW,LOW,UNRELATED or NORMAL
org.odpi.openmetadata.adapters.connectors.restclients.spring,org.odpi.openmetadata.frameworks.connectors,LOW,LOW,UNRELATED or NORMAL
org.odpi.openmetadata.adapters.connectors.jacquard,org.odpi.openmetadata.frameworks.openmetadata.properties.collections,LOW,LOW,UNRELATED or NORMAL
org.odpi.openmetadata.adapters.connectors.secretsstore.yaml,org.odpi.openmetadata.frameworks.connectors.ffdc,LOW,LOW,UNRELATED or NORMAL
org.odpi.openmetadata.frameworks.opengovernance,org.odpi.openmetadata.frameworks.openmetadata.enums,LOW,LOW,UNRELATED or NORMAL
org.odpi.openmetadata.commonservices.multitenant,org.odpi.openmetadata.frameworks.connectors,LOW,LOW,UNRELATED or NORMAL
org.odpi.openmetadata.frameworks.integration.context,org.odpi.openmetadata.frameworks.openmetadata.metadataelements,LOW,LOW,UNRELATED or NORMAL
org.odpi.openmetadata.conformance.server,org.odpi.openmetadata.repositoryservices.enterprise.connectormanager,LOW,LOW,UNRELATED or NORMAL
org.odpi.openmetadata.adapters.connectors.unitycatalog.survey,org.odpi.openmetadata.frameworks.connectors.properties.beans,LOW,LOW,UNRELATED or NORMAL
org.odpi.openmetadata.frameworks.openmetadata.properties.templates,org.odpi.openmetadata.viewservices.templatemanager.server,LOW,LOW,UNRELATED or NORMAL
org.odpi.openmetadata.archiveutilities.bigglossaries,org.odpi.openmetadata.opentypes,LOW,LOW,UNRELATED or NORMAL
org.odpi.openmetadata.adapters.connectors.governanceactions.watchdog,org.odpi.openmetadata.frameworks.openmetadata.connectorcontext,LOW,LOW,UNRELATED or NORMAL
org.odpi.openmetadata.adapters.connectors.resource.jdbc.ddl.postgres,org.odpi.openmetadata.adapters.connectors.resource.jdbc.properties,LOW,LOW,UNRELATED or NORMAL
org.odpi.openmetadata.adapters.connectors.babbage,org.odpi.openmetadata.frameworks.opengovernance.properties,LOW,LOW,UNRELATED or NORMAL
org.odpi.openmetadata.frameworks.openmetadata.handlers,org.odpi.openmetadata.frameworks.openmetadata.properties.surveyreports,LOW,LOW,UNRELATED or NORMAL
org.odpi.openmetadata.frameworks.openmetadata.connectorcontext,org.odpi.openmetadata.frameworks.openmetadata.properties.digitalbusiness,LOW,LOW,UNRELATED or NORMAL
org.odpi.openmetadata.archiveutilities.bigglossaries.catalogcontent,org.odpi.openmetadata.opentypes,LOW,LOW,UNRELATED or NORMAL
org.odpi.openmetadata.commonservices.ffdc,org.odpi.openmetadata.repositoryservices.connectors.stores.metadatacollectionstore.properties.instances,LOW,LOW,UNRELATED or NORMAL
org.odpi.openmetadata.adapters.connectors.apacheatlas.integration,org.odpi.openmetadata.frameworks.connectors,LOW,LOW,UNRELATED or NORMAL
org.odpi.openmetadata.adapters.connectors.jacquard,org.odpi.openmetadata.frameworks.opengovernance.properties,LOW,LOW,UNRELATED or NORMAL
org.odpi.openmetadata.frameworks.integration.connectors,org.odpi.openmetadata.frameworks.integration.contextmanager,LOW,LOW,UNRELATED or NORMAL
org.odpi.openmetadata.opentypes,org.odpi.openmetadata.samples.archiveutilities,LOW,LOW,UNRELATED or NORMAL
org.odpi.openmetadata.accessservices.assetmanager.fvt.clientconstructors,org.odpi.openmetadata.accessservices.assetmanager.fvt.common,LOW,LOW,UNRELATED or NORMAL
org.odpi.openmetadata.opentypes,org.odpi.openmetadata.samples.archiveutilities.cloudinformationmodel,LOW,LOW,UNRELATED or NORMAL
org.odpi.openmetadata.adminservices.rest,org.odpi.openmetadata.platformservices.server.spring,LOW,LOW,UNRELATED or NORMAL
org.odpi.openmetadata.frameworks.openmetadata.connectorcontext,org.odpi.openmetadata.frameworks.openmetadata.properties.assets.processes,LOW,LOW,UNRELATED or NORMAL
org.odpi.openmetadata.frameworks.openmetadata.properties.assets.processes.actions,org.odpi.openmetadata.frameworks.openmetadata.types,LOW,LOW,UNRELATED or NORMAL
org.odpi.openmetadata.frameworks.openmetadata.properties.assets.reports,org.odpi.openmetadata.frameworks.openmetadata.types,LOW,LOW,UNRELATED or NORMAL
org.odpi.openmetadata.frameworks.openmetadata.connectorcontext,org.odpi.openmetadata.frameworks.openmetadata.properties.collections,LOW,LOW,UNRELATED or NORMAL
org.odpi.openmetadata.opentypes,org.odpi.openmetadata.samples.archiveutilities.types,LOW,LOW,UNRELATED or NORMAL
org.odpi.openmetadata.frameworks.openmetadata.search,org.odpi.openmetadata.frameworkservices.omf.server.spring,LOW,LOW,UNRELATED or NORMAL
org.odpi.openmetadata.frameworkservices.gaf.admin,org.odpi.openmetadata.repositoryservices.connectors.stores.metadatacollectionstore.repositoryconnector,LOW,LOW,UNRELATED or NORMAL
org.odpi.openmetadata.adapters.connectors.egeriainfrastructure.platform.catalog,org.odpi.openmetadata.platformservices.properties,LOW,LOW,UNRELATED or NORMAL
org.odpi.openmetadata.frameworks.openmetadata.client,org.odpi.openmetadata.viewservices.runtimemanager.server,LOW,LOW,UNRELATED or NORMAL
org.odpi.openmetadata.frameworks.openmetadata.refdata,org.odpi.openmetadata.frameworks.openmetadata.types,LOW,LOW,UNRELATED or NORMAL
org.odpi.openmetadata.frameworks.connectors,org.odpi.openmetadata.frameworks.openmetadata.specificationproperties,LOW,LOW,UNRELATED or NORMAL
org.odpi.openmetadata.adapters.connectors.postgres.tabulardatasource,org.odpi.openmetadata.frameworks.auditlog,LOW,LOW,UNRELATED or NORMAL
org.odpi.openmetadata.adapters.connectors.organizationinsight.karmapoints,org.odpi.openmetadata.frameworks.auditlog,LOW,LOW,UNRELATED or NORMAL
org.odpi.openmetadata.engineservices.repositorygovernance.connector,org.odpi.openmetadata.frameworks.opengovernance.properties,LOW,LOW,UNRELATED or NORMAL
org.odpi.openmetadata.frameworks.openmetadata.client,org.odpi.openmetadata.viewservices.templatemanager.server,LOW,LOW,UNRELATED or NORMAL
org.odpi.openmetadata.archiveutilities.simplecatalogs,org.odpi.openmetadata.opentypes,LOW,LOW,UNRELATED or NORMAL
org.odpi.openmetadata.frameworks.openmetadata.handlers,org.odpi.openmetadata.frameworks.openmetadata.properties.collections,LOW,LOW,UNRELATED or NORMAL
org.odpi.openmetadata.frameworks.openmetadata.search,org.odpi.openmetadata.viewservices.metadataexpert.rest,LOW,LOW,UNRELATED or NORMAL
org.odpi.openmetadata.frameworks.openmetadata.specificationproperties,org.odpi.openmetadata.frameworks.opensurvey,LOW,LOW,UNRELATED or NORMAL
org.odpi.openmetadata.frameworks.openmetadata.metadataelements,org.odpi.openmetadata.governanceservers.enginehostservices.listener,LOW,LOW,UNRELATED or NORMAL
org.odpi.openmetadata.adapters.connectors.governanceactions.remediation,org.odpi.openmetadata.frameworks.openmetadata.metadataelements,LOW,LOW,UNRELATED or NORMAL
org.odpi.openmetadata.frameworks.openmetadata.connectorcontext,org.odpi.openmetadata.frameworks.openmetadata.properties.surveyreports,LOW,LOW,UNRELATED or NORMAL
org.odpi.openmetadata.adapters.connectors.integration.openlineage,org.odpi.openmetadata.frameworks.opengovernance.properties,LOW,LOW,UNRELATED or NORMAL
org.odpi.openmetadata.frameworks.openmetadata.properties.assets.reports,org.odpi.openmetadata.viewservices.assetmaker.server,LOW,LOW,UNRELATED or NORMAL
org.odpi.openmetadata.frameworks.openmetadata.properties.projects,org.odpi.openmetadata.frameworks.openmetadata.types,LOW,LOW,UNRELATED or NORMAL
org.odpi.openmetadata.adapters.connectors.postgres.controls,org.odpi.openmetadata.samples.governanceactions.clinicaltrials,LOW,LOW,UNRELATED or NORMAL
org.odpi.openmetadata.archiveutilities.designmodels.base,org.odpi.openmetadata.opentypes,LOW,LOW,UNRELATED or NORMAL
org.odpi.openmetadata.adapters.connectors.integration.jdbc,org.odpi.openmetadata.frameworks.connectors,LOW,LOW,UNRELATED or NORMAL
org.odpi.openmetadata.conformance.server,org.odpi.openmetadata.serveroperations.server,LOW,LOW,UNRELATED or NORMAL
org.odpi.openmetadata.adapters.connectors.integration.kafkaaudit,org.odpi.openmetadata.frameworks.connectors.properties.beans,LOW,LOW,UNRELATED or NORMAL
org.odpi.openmetadata.governanceservers.integrationdaemonservices.server,org.odpi.openmetadata.serveroperations.server,LOW,LOW,UNRELATED or NORMAL
org.odpi.openmetadata.accessservices.governanceprogram.samples.leadership,org.odpi.openmetadata.frameworks.openmetadata.types,LOW,LOW,UNRELATED or NORMAL
org.odpi.openmetadata.frameworks.openmetadata.fileclassifier,org.odpi.openmetadata.frameworks.openmetadata.types,LOW,LOW,UNRELATED or NORMAL
org.odpi.openmetadata.adapters.connectors.jacquard.solutionblueprint,org.odpi.openmetadata.contentpacks.core,LOW,LOW,UNRELATED or NORMAL
org.odpi.openmetadata.adapters.connectors.jacquard.solutionblueprint,org.odpi.openmetadata.frameworks.openmetadata.refdata,LOW,LOW,UNRELATED or NORMAL
org.odpi.openmetadata.opentypes,org.odpi.openmetadata.repositoryservices.connectors.stores.metadatacollectionstore.properties.instances,LOW,LOW,UNRELATED or NORMAL
org.odpi.openmetadata.adminservices.rest,org.odpi.openmetadata.platformservices.server,LOW,LOW,UNRELATED or NORMAL
org.odpi.openmetadata.frameworks.connectors.tabulardatasets,org.odpi.openmetadata.viewservices.dataengineer.server,LOW,LOW,UNRELATED or NORMAL
org.odpi.openmetadata.frameworks.auditlog,org.odpi.openmetadata.repositoryservices.enterprise.connectormanager,LOW,LOW,UNRELATED or NORMAL
org.odpi.openmetadata.frameworks.connectors.properties.beans,org.odpi.openmetadata.repositoryservices.metadatahighway.cohortregistry,LOW,LOW,UNRELATED or NORMAL
org.odpi.openmetadata.adapters.connectors.organizationinsight.karmapoints,org.odpi.openmetadata.frameworks.openmetadata.properties.actors,LOW,LOW,UNRELATED or NORMAL
org.odpi.openmetadata.governanceservers.enginehostservices.rest,org.odpi.openmetadata.governanceservers.enginehostservices.server,LOW,LOW,UNRELATED or NORMAL
org.odpi.openmetadata.adapters.connectors.jacquard.tabulardatasets,org.odpi.openmetadata.frameworks.openmetadata.search,LOW,LOW,UNRELATED or NORMAL
org.odpi.openmetadata.viewservices.metadataexpert.rest,org.odpi.openmetadata.viewservices.metadataexpert.server,LOW,LOW,UNRELATED or NORMAL
org.odpi.openmetadata.repositoryservices.admin,org.odpi.openmetadata.repositoryservices.enterprise.repositoryconnector,LOW,LOW,UNRELATED or NORMAL
org.odpi.openmetadata.frameworks.openmetadata.ffdc,org.odpi.openmetadata.repositoryservices.enterprise.repositoryconnector.accumulators,LOW,LOW,UNRELATED or NORMAL
org.odpi.openmetadata.viewservices.runtimemanager.rest,org.odpi.openmetadata.viewservices.runtimemanager.server,LOW,LOW,UNRELATED or NORMAL
org.odpi.openmetadata.adapters.connectors.unitycatalog.provision,org.odpi.openmetadata.frameworks.openmetadata.refdata,LOW,LOW,UNRELATED or NORMAL
org.odpi.openmetadata.frameworks.openmetadata.handlers,org.odpi.openmetadata.frameworks.openmetadata.properties.feedback,LOW,LOW,UNRELATED or NORMAL
org.odpi.openmetadata.accessservices.assetmanager.fvt.connections,org.odpi.openmetadata.frameworks.openmetadata.metadataelements,LOW,LOW,UNRELATED or NORMAL
org.odpi.openmetadata.frameworks.openmetadata.metadataelements,org.odpi.openmetadata.viewservices.securityofficer.server,LOW,LOW,UNRELATED or NORMAL
org.odpi.openmetadata.adapters.connectors.postgres.catalog,org.odpi.openmetadata.frameworks.openmetadata.properties.assets.processes.connectors,LOW,LOW,UNRELATED or NORMAL
org.odpi.openmetadata.tokencontroller,org.odpi.openmetadata.viewservices.digitalbusiness.server,LOW,LOW,UNRELATED or NORMAL
org.odpi.openmetadata.adapters.repositoryservices.postgres.repositoryconnector.ffdc,org.odpi.openmetadata.frameworks.auditlog,LOW,LOW,UNRELATED or NORMAL
org.odpi.openmetadata.repositoryservices.connectors.stores.metadatacollectionstore.repositoryconnector,org.odpi.openmetadata.repositoryservices.enterprise.repositoryconnector.accumulators,LOW,LOW,UNRELATED or NORMAL
org.odpi.openmetadata.adminservices.client,org.odpi.openmetadata.frameworks.connectors.properties.beans,LOW,LOW,UNRELATED or NORMAL
org.odpi.openmetadata.repositoryservices.connectors.stores.metadatacollectionstore.repositoryconnector,org.odpi.openmetadata.repositoryservices.connectors.stores.metadatacollectionstore.repositoryeventmapper,LOW,LOW,UNRELATED or NORMAL
org.odpi.openmetadata.adapters.connectors.datastore.csvfile.controls,org.odpi.openmetadata.frameworks.openmetadata.refdata,LOW,LOW,UNRELATED or NORMAL
org.odpi.openmetadata.adapters.connectors.jacquard.tabulardatasets.validmetadatavalues,org.odpi.openmetadata.frameworks.connectors.ffdc,LOW,LOW,UNRELATED or NORMAL
org.odpi.openmetadata.contentpacks.core.base,org.odpi.openmetadata.contentpacks.core.organizationinsight,LOW,LOW,UNRELATED or NORMAL
org.odpi.openmetadata.frameworks.openmetadata.handlers,org.odpi.openmetadata.viewservices.automatedcuration.handlers,LOW,LOW,UNRELATED or NORMAL
org.odpi.openmetadata.adapters.repositoryservices.cohortregistrystore.file,org.odpi.openmetadata.adapters.repositoryservices.cohortregistrystore.file.ffdc,LOW,LOW,UNRELATED or NORMAL
org.odpi.openmetadata.adapters.connectors.apacheatlas.survey,org.odpi.openmetadata.frameworks.openmetadata.ffdc,LOW,LOW,UNRELATED or NORMAL
org.odpi.openmetadata.commonservices.ffdc,org.odpi.openmetadata.frameworkservices.omf.client.rest,LOW,LOW,UNRELATED or NORMAL
org.odpi.openmetadata.adapters.connectors.restclients,org.odpi.openmetadata.frameworks.auditlog,LOW,LOW,UNRELATED or NORMAL
org.odpi.openmetadata.adminservices.configuration.properties,org.odpi.openmetadata.engineservices.surveyaction.handlers,LOW,LOW,UNRELATED or NORMAL
org.odpi.openmetadata.adapters.connectors.governanceactions.stewardship,org.odpi.openmetadata.frameworks.openmetadata.connectorcontext,LOW,LOW,UNRELATED or NORMAL
org.odpi.openmetadata.adapters.connectors.jacquard.tabulardatasets,org.odpi.openmetadata.frameworks.auditlog,LOW,LOW,UNRELATED or NORMAL
org.odpi.openmetadata.adapters.connectors.dynamicarchivers,org.odpi.openmetadata.repositoryservices.connectors.stores.metadatacollectionstore.properties.instances,LOW,LOW,UNRELATED or NORMAL
org.odpi.openmetadata.frameworks.auditlog,org.odpi.openmetadata.repositoryservices.connectors.stores.cohortregistrystore,LOW,LOW,UNRELATED or NORMAL
org.odpi.openmetadata.archiveutilities.simplecatalogs.catalogcontent,org.odpi.openmetadata.opentypes,LOW,LOW,UNRELATED or NORMAL
org.odpi.openmetadata.adapters.connectors.datastore.basicfile.ffdc.exception,org.odpi.openmetadata.frameworks.openmetadata.ffdc,LOW,LOW,UNRELATED or NORMAL
org.odpi.openmetadata.adapters.connectors.integration.basicfiles.ffdc.exception,org.odpi.openmetadata.frameworks.openmetadata.ffdc,LOW,LOW,UNRELATED or NORMAL
org.odpi.openmetadata.frameworks.opengovernance,org.odpi.openmetadata.frameworks.openmetadata.client,LOW,LOW,UNRELATED or NORMAL
org.odpi.openmetadata.adapters.connectors.unitycatalog.provision,org.odpi.openmetadata.frameworks.openmetadata.connectorcontext,LOW,LOW,UNRELATED or NORMAL
org.odpi.openmetadata.repositoryservices.connectors.stores.metadatacollectionstore.utilities,org.odpi.openmetadata.repositoryservices.ffdc.exception,LOW,LOW,UNRELATED or NORMAL
org.odpi.openmetadata.adapters.connectors.egeriainfrastructure.servers,org.odpi.openmetadata.frameworks.auditlog,LOW,LOW,UNRELATED or NORMAL
org.odpi.openmetadata.engineservices.repositorygovernance.connector,org.odpi.openmetadata.frameworks.auditlog,LOW,LOW,UNRELATED or NORMAL
org.odpi.openmetadata.frameworks.auditlog,org.odpi.openmetadata.repositoryservices.connectors.stores.archivestore,LOW,LOW,UNRELATED or NORMAL
org.odpi.openmetadata.platformservices.rest,org.odpi.openmetadata.platformservices.server,LOW,LOW,UNRELATED or NORMAL
org.odpi.openmetadata.frameworks.connectors.properties.beans,org.odpi.openmetadata.repositoryservices.properties,LOW,LOW,UNRELATED or NORMAL
org.odpi.openmetadata.frameworks.auditlog,org.odpi.openmetadata.metadatasecurity.accessconnector,LOW,LOW,UNRELATED or NORMAL
org.odpi.openmetadata.adapters.connectors.externalharvesters.harvestsurveys,org.odpi.openmetadata.frameworks.openmetadata.events,LOW,LOW,UNRELATED or NORMAL
org.odpi.openmetadata.adapters.connectors.egeriainfrastructure.platform.survey,org.odpi.openmetadata.frameworks.auditlog,LOW,LOW,UNRELATED or NORMAL
org.odpi.openmetadata.frameworks.openmetadata.converters,org.odpi.openmetadata.frameworks.openmetadata.properties.assets.metadatarepositories,LOW,LOW,UNRELATED or NORMAL
org.odpi.openmetadata.frameworks.integration.contextmanager,org.odpi.openmetadata.governanceservers.integrationdaemonservices.server,LOW,LOW,UNRELATED or NORMAL
org.odpi.openmetadata.frameworkservices.omf.rest,org.odpi.openmetadata.viewservices.assetmaker.server,LOW,LOW,UNRELATED or NORMAL
org.odpi.openmetadata.adapters.connectors.egeriainfrastructure.extractor,org.odpi.openmetadata.governanceservers.enginehostservices.client,LOW,LOW,UNRELATED or NORMAL
org.odpi.openmetadata.repositoryservices.ffdc.exception,org.odpi.openmetadata.repositoryservices.rest.server,LOW,LOW,UNRELATED or NORMAL
org.odpi.openmetadata.frameworks.integration.context,org.odpi.openmetadata.frameworks.opengovernance.connectorcontext,LOW,LOW,UNRELATED or NORMAL
org.odpi.openmetadata.frameworks.connectors.properties.beans,org.odpi.openmetadata.repositoryservices.enterprise.repositoryconnector,LOW,LOW,UNRELATED or NORMAL
org.odpi.openmetadata.repositoryservices.archiveutilities,org.odpi.openmetadata.samples.archiveutilities.cloudinformationmodel,LOW,LOW,UNRELATED or NORMAL
org.odpi.openmetadata.commonservices.multitenant,org.odpi.openmetadata.commonservices.repositoryhandler,LOW,LOW,UNRELATED or NORMAL
org.odpi.openmetadata.frameworks.connectors,org.odpi.openmetadata.governanceservers.integrationdaemonservices.handlers,LOW,LOW,UNRELATED or NORMAL
org.odpi.openmetadata.frameworks.auditlog,org.odpi.openmetadata.viewservices.digitalbusiness.server,LOW,LOW,UNRELATED or NORMAL
org.odpi.openmetadata.adapters.connectors.datastore.csvfile,org.odpi.openmetadata.frameworks.connectors.ffdc,LOW,LOW,UNRELATED or NORMAL
org.odpi.openmetadata.adapters.connectors.egeriainfrastructure.servers,org.odpi.openmetadata.frameworks.connectors.properties.beans,LOW,LOW,UNRELATED or NORMAL
org.odpi.openmetadata.contentpacks.core.files,org.odpi.openmetadata.samples.archiveutilities,LOW,LOW,UNRELATED or NORMAL
org.odpi.openmetadata.adapters.connectors.postgres.controls,org.odpi.openmetadata.adapters.connectors.postgres.tabulardatasource,LOW,LOW,UNRELATED or NORMAL
org.odpi.openmetadata.accessservices.communityprofile.fvt.todos,org.odpi.openmetadata.adminservices.configuration.registration,LOW,LOW,UNRELATED or NORMAL
org.odpi.openmetadata.adapters.connectors.governanceactions.remediation,org.odpi.openmetadata.frameworks.openmetadata.ffdc,LOW,LOW,UNRELATED or NORMAL
org.odpi.openmetadata.contentpacks.core.digitalproducts,org.odpi.openmetadata.samples.archiveutilities,LOW,LOW,UNRELATED or NORMAL
org.odpi.openmetadata.adapters.repositoryservices.auditlogstore.file,org.odpi.openmetadata.repositoryservices.ffdc.exception,LOW,LOW,UNRELATED or NORMAL
org.odpi.openmetadata.frameworks.openmetadata.builders,org.odpi.openmetadata.frameworks.openmetadata.properties.assets,LOW,LOW,UNRELATED or NORMAL
org.odpi.openmetadata.frameworks.connectors,org.odpi.openmetadata.frameworks.connectors.client,LOW,LOW,UNRELATED or NORMAL
org.odpi.openmetadata.adapters.connectors.apacheatlas.integration,org.odpi.openmetadata.frameworks.openmetadata.ffdc,LOW,LOW,UNRELATED or NORMAL
org.odpi.openmetadata.frameworks.openmetadata.properties,org.odpi.openmetadata.frameworks.openmetadata.properties.glossaries,LOW,LOW,UNRELATED or NORMAL
org.odpi.openmetadata.accessservices.assetconsumer.fvt,org.odpi.openmetadata.fvt.utilities.auditlog,LOW,LOW,UNRELATED or NORMAL
org.odpi.openmetadata.adapters.connectors.resource.jdbc.ddl.postgres,org.odpi.openmetadata.adapters.repositoryservices.postgres.repositoryconnector.schema,LOW,LOW,UNRELATED or NORMAL
org.odpi.openmetadata.contentpacks.core.organizationinsight,org.odpi.openmetadata.samples.archiveutilities,LOW,LOW,UNRELATED or NORMAL
org.odpi.openmetadata.frameworks.connectors,org.odpi.openmetadata.frameworks.connectors.api,LOW,LOW,UNRELATED or NORMAL
org.odpi.openmetadata.contentpacks.core.openlineage,org.odpi.openmetadata.samples.archiveutilities,LOW,LOW,UNRELATED or NORMAL
org.odpi.openmetadata.adapters.connectors.externalharvesters.harvestopenmetadata,org.odpi.openmetadata.adapters.connectors.externalharvesters.harvestopenmetadata.ffdc,LOW,LOW,UNRELATED or NORMAL
org.odpi.openmetadata.adapters.connectors.jacquard.tabulardatasets.controls,org.odpi.openmetadata.adapters.connectors.jacquard.tabulardatasets.referencedata,LOW,LOW,UNRELATED or NORMAL
org.odpi.openmetadata.engineservices.repositorygovernance.server,org.odpi.openmetadata.frameworks.auditlog,LOW,LOW,UNRELATED or NORMAL
org.odpi.openmetadata.adminservices.configuration.properties,org.odpi.openmetadata.platformservices.client,LOW,LOW,UNRELATED or NORMAL
org.odpi.openmetadata.engineservices.surveyaction.server,org.odpi.openmetadata.frameworks.auditlog,LOW,LOW,UNRELATED or NORMAL
org.odpi.openmetadata.frameworkservices.gaf.client,org.odpi.openmetadata.viewservices.automatedcuration.server,LOW,LOW,UNRELATED or NORMAL
org.odpi.openmetadata.frameworkservices.ocf.metadatamanagement.client,org.odpi.openmetadata.viewservices.automatedcuration.server,LOW,LOW,UNRELATED or NORMAL
org.odpi.openmetadata.frameworks.auditlog,org.odpi.openmetadata.viewservices.dataengineer.server,LOW,LOW,UNRELATED or NORMAL
org.odpi.openmetadata.engineservices.governanceaction.server,org.odpi.openmetadata.frameworks.auditlog,LOW,LOW,UNRELATED or NORMAL
org.odpi.openmetadata.frameworkservices.gaf.client,org.odpi.openmetadata.viewservices.governanceofficer.server,LOW,LOW,UNRELATED or NORMAL
org.odpi.openmetadata.repositoryservices.connectors.stores.archivestore.properties,org.odpi.openmetadata.samples.archiveutilities.combo,LOW,LOW,UNRELATED or NORMAL
org.odpi.openmetadata.engineservices.watchdogaction.server,org.odpi.openmetadata.frameworks.auditlog,LOW,LOW,UNRELATED or NORMAL
org.odpi.openmetadata.frameworks.auditlog,org.odpi.openmetadata.frameworks.integration.iterator,LOW,LOW,UNRELATED or NORMAL
org.odpi.openmetadata.adminservices.configuration.registration,org.odpi.openmetadata.engineservices.surveyaction.server,LOW,LOW,UNRELATED or NORMAL
org.odpi.openmetadata.adapters.connectors.apachekafka.survey,org.odpi.openmetadata.frameworks.openmetadata.properties.surveyreports,LOW,LOW,UNRELATED or NORMAL
org.odpi.openmetadata.accessservices.governanceprogram.fvt.errorhandling,org.odpi.openmetadata.frameworks.auditlog,LOW,LOW,UNRELATED or NORMAL
org.odpi.openmetadata.adminservices.configuration.registration,org.odpi.openmetadata.engineservices.governanceaction.server,LOW,LOW,UNRELATED or NORMAL
org.odpi.openmetadata.frameworks.auditlog,org.odpi.openmetadata.governanceservers.enginehostservices.listener,LOW,LOW,UNRELATED or NORMAL
org.odpi.openmetadata.adminservices.configuration.registration,org.odpi.openmetadata.engineservices.repositorygovernance.server,LOW,LOW,UNRELATED or NORMAL
org.odpi.openmetadata.accessservices.assetmanager.fvt.common,org.odpi.openmetadata.frameworks.openmetadata.properties.glossaries,LOW,LOW,UNRELATED or NORMAL
org.odpi.openmetadata.accessservices.assetmanager.fvt.dataassets,org.odpi.openmetadata.frameworks.auditlog,LOW,LOW,UNRELATED or NORMAL
org.odpi.openmetadata.adminservices.configuration.registration,org.odpi.openmetadata.frameworkservices.ocf.metadatamanagement.server,LOW,LOW,UNRELATED or NORMAL
org.odpi.openmetadata.adapters.connectors.dynamicarchivers,org.odpi.openmetadata.engineservices.repositorygovernance.connector,LOW,LOW,UNRELATED or NORMAL
org.odpi.openmetadata.accessservices.governanceprogram.fvt.clientconstructors,org.odpi.openmetadata.frameworks.auditlog,LOW,LOW,UNRELATED or NORMAL
org.odpi.openmetadata.adminservices.configuration.registration,org.odpi.openmetadata.engineservices.watchdogaction.server,LOW,LOW,UNRELATED or NORMAL
org.odpi.openmetadata.frameworks.openmetadata.events,org.odpi.openmetadata.frameworkservices.omf.client,LOW,LOW,UNRELATED or NORMAL
org.odpi.openmetadata.adapters.connectors.integration.jdbc.transfer.requests,org.odpi.openmetadata.frameworks.openmetadata.ffdc,LOW,LOW,UNRELATED or NORMAL
org.odpi.openmetadata.frameworks.openmetadata.connectorcontext,org.odpi.openmetadata.frameworks.openmetadata.properties.governance,LOW,LOW,UNRELATED or NORMAL
org.odpi.openmetadata.viewservices.communitymatters.server,org.odpi.openmetadata.viewservices.communitymatters.server.spring,LOW,LOW,UNRELATED or NORMAL
org.odpi.openmetadata.conformance.beans,org.odpi.openmetadata.conformance.tests.platform,LOW,LOW,UNRELATED or NORMAL
org.odpi.openmetadata.adapters.connectors.jacquard,org.odpi.openmetadata.frameworks.openmetadata.properties.assets.processes.connectors,LOW,LOW,UNRELATED or NORMAL
org.odpi.openmetadata.adapters.connectors.apachekafka.integration,org.odpi.openmetadata.frameworks.openmetadata.search,LOW,LOW,UNRELATED or NORMAL
org.odpi.openmetadata.frameworks.auditlog.requestid,org.odpi.openmetadata.repositoryservices.localrepository.repositorycontentmanager,LOW,LOW,UNRELATED or NORMAL
org.odpi.openmetadata.adapters.connectors.egeriainfrastructure.platform.catalog,org.odpi.openmetadata.adminservices.configuration.properties,LOW,LOW,UNRELATED or NORMAL
org.odpi.openmetadata.platformservices.server,org.odpi.openmetadata.serveroperations.server,LOW,LOW,UNRELATED or NORMAL
org.odpi.openmetadata.frameworks.openmetadata.properties.assets.processes.connectors,org.odpi.openmetadata.frameworkservices.gaf.handlers,LOW,LOW,UNRELATED or NORMAL
org.odpi.openmetadata.metadatasecurity,org.odpi.openmetadata.repositoryservices.eventmanagement,LOW,LOW,UNRELATED or NORMAL
org.odpi.openmetadata.adminservices.configuration.properties,org.odpi.openmetadata.conformance.server,LOW,LOW,UNRELATED or NORMAL
org.odpi.openmetadata.repositoryservices.admin,org.odpi.openmetadata.repositoryservices.metadatahighway,LOW,LOW,UNRELATED or NORMAL
org.odpi.openmetadata.repositoryservices.admin,org.odpi.openmetadata.repositoryservices.connectors.stores.auditlogstore,LOW,LOW,UNRELATED or NORMAL
org.odpi.openmetadata.repositoryservices.connectors.stores.metadatacollectionstore,org.odpi.openmetadata.repositoryservices.connectors.stores.metadatacollectionstore.properties.search,LOW,LOW,UNRELATED or NORMAL
org.odpi.openmetadata.adapters.connectors.apachekafka.integration,org.odpi.openmetadata.frameworks.openmetadata.connectorcontext,LOW,LOW,UNRELATED or NORMAL
org.odpi.openmetadata.adapters.connectors.jacquard.tabulardatasets.validmetadatavalues,org.odpi.openmetadata.frameworks.openmetadata.types,LOW,LOW,UNRELATED or NORMAL
org.odpi.openmetadata.contentpacks.core.egeria,org.odpi.openmetadata.frameworks.openmetadata.refdata,LOW,LOW,UNRELATED or NORMAL
org.odpi.openmetadata.engineservices.governanceaction.ffdc,org.odpi.openmetadata.engineservices.governanceaction.handlers,LOW,LOW,UNRELATED or NORMAL
org.odpi.openmetadata.adapters.connectors.governanceactions.stewardship,org.odpi.openmetadata.contentpacks.core.core,LOW,LOW,UNRELATED or NORMAL
org.odpi.openmetadata.frameworks.openmetadata.properties.assets,org.odpi.openmetadata.frameworks.openmetadata.types,LOW,LOW,UNRELATED or NORMAL
org.odpi.openmetadata.frameworks.connectors.properties.beans,org.odpi.openmetadata.repositoryservices.clients,LOW,LOW,UNRELATED or NORMAL
org.odpi.openmetadata.frameworks.openmetadata.properties.designmodels,org.odpi.openmetadata.frameworks.openmetadata.types,LOW,LOW,UNRELATED or NORMAL
org.odpi.openmetadata.adapters.connectors.wedgwood,org.odpi.openmetadata.frameworks.opengovernance.properties,LOW,LOW,UNRELATED or NORMAL
org.odpi.openmetadata.commonservices.ffdc.rest,org.odpi.openmetadata.engineservices.governanceaction.client,LOW,LOW,UNRELATED or NORMAL
org.odpi.openmetadata.frameworks.connectors.properties.beans,org.odpi.openmetadata.frameworkservices.omf.client,LOW,LOW,UNRELATED or NORMAL
org.odpi.openmetadata.accessservices.assetmanager.samples.glossaryworkflow,org.odpi.openmetadata.frameworks.openmetadata.metadataelements,LOW,LOW,UNRELATED or NORMAL
org.odpi.openmetadata.adapters.adminservices.configurationstore.file,org.odpi.openmetadata.frameworks.connectors.properties.beans,LOW,LOW,UNRELATED or NORMAL
org.odpi.openmetadata.metadatasecurity,org.odpi.openmetadata.repositoryservices.events,LOW,LOW,UNRELATED or NORMAL
org.odpi.openmetadata.frameworks.openmetadata.client,org.odpi.openmetadata.viewservices.assetcatalog.server,LOW,LOW,UNRELATED or NORMAL
org.odpi.openmetadata.commonservices.ffdc.rest,org.odpi.openmetadata.engineservices.watchdogaction.client,LOW,LOW,UNRELATED or NORMAL
org.odpi.openmetadata.frameworks.openmetadata.properties.digitalbusiness,org.odpi.openmetadata.viewservices.digitalbusiness.server,LOW,LOW,UNRELATED or NORMAL
org.odpi.openmetadata.adapters.connectors.resource.jdbc.controls,org.odpi.openmetadata.adapters.repositoryservices.auditlogstore.postgres.controls,LOW,LOW,UNRELATED or NORMAL
org.odpi.openmetadata.frameworks.connectors.properties.beans,org.odpi.openmetadata.frameworkservices.gaf.client,LOW,LOW,UNRELATED or NORMAL
org.odpi.openmetadata.adapters.connectors.integration.openlineage,org.odpi.openmetadata.adapters.connectors.integration.openlineage.controls,LOW,LOW,UNRELATED or NORMAL
org.odpi.openmetadata.commonservices.ffdc.rest,org.odpi.openmetadata.engineservices.repositorygovernance.client,LOW,LOW,UNRELATED or NORMAL
org.odpi.openmetadata.repositoryservices.connectors.stores.cohortregistrystore,org.odpi.openmetadata.repositoryservices.connectors.stores.cohortregistrystore.properties,LOW,LOW,UNRELATED or NORMAL
org.odpi.openmetadata.metadatasecurity.server,org.odpi.openmetadata.userauthn,LOW,LOW,UNRELATED or NORMAL
org.odpi.openmetadata.adapters.repositoryservices.auditlogstore.file,org.odpi.openmetadata.frameworks.connectors.properties.beans,LOW,LOW,UNRELATED or NORMAL
org.odpi.openmetadata.commonservices.ffdc.rest,org.odpi.openmetadata.reports,LOW,LOW,UNRELATED or NORMAL
org.odpi.openmetadata.metadatasecurity.server,org.odpi.openmetadata.repositoryservices.events,LOW,LOW,UNRELATED or NORMAL
org.odpi.openmetadata.frameworks.connectors,org.odpi.openmetadata.viewservices.dataengineer.server,LOW,LOW,UNRELATED or NORMAL
org.odpi.openmetadata.commonservices.ffdc.rest,org.odpi.openmetadata.engineservices.surveyaction.client,LOW,LOW,UNRELATED or NORMAL
org.odpi.openmetadata.adapters.connectors.apachekafka.survey,org.odpi.openmetadata.frameworks.opensurvey.controls,LOW,LOW,UNRELATED or NORMAL
org.odpi.openmetadata.frameworkservices.omf.converters,org.odpi.openmetadata.frameworkservices.omf.server,LOW,LOW,UNRELATED or NORMAL
org.odpi.openmetadata.samples.archiveutilities.clinicaltrialtemplates,org.odpi.openmetadata.samples.archiveutilities.governanceprogram,LOW,LOW,UNRELATED or NORMAL
org.odpi.openmetadata.adapters.connectors.reports.surveyreport,org.odpi.openmetadata.frameworks.openmetadata.connectorcontext,LOW,LOW,UNRELATED or NORMAL
org.odpi.openmetadata.adminservices.registration,org.odpi.openmetadata.frameworks.connectors,LOW,LOW,UNRELATED or NORMAL
org.odpi.openmetadata.adapters.connectors.restclients,org.odpi.openmetadata.frameworks.connectors,LOW,LOW,UNRELATED or NORMAL
org.odpi.openmetadata.frameworks.opengovernance.client,org.odpi.openmetadata.frameworks.opengovernance.connectorcontext,LOW,LOW,UNRELATED or NORMAL
org.odpi.openmetadata.adapters.repositoryservices.archiveconnector.directory,org.odpi.openmetadata.repositoryservices.connectors.stores.metadatacollectionstore.properties,LOW,LOW,UNRELATED or NORMAL
org.odpi.openmetadata.frameworks.opengovernance.controls,org.odpi.openmetadata.frameworks.openmetadata.types,LOW,LOW,UNRELATED or NORMAL
org.odpi.openmetadata.frameworks.openmetadata.converters,org.odpi.openmetadata.frameworks.openmetadata.properties.assets.apis,LOW,LOW,UNRELATED or NORMAL
org.odpi.openmetadata.adapters.connectors.apachekafka.integration,org.odpi.openmetadata.adapters.connectors.controls,LOW,LOW,UNRELATED or NORMAL
org.odpi.openmetadata.contentpacks.core.core,org.odpi.openmetadata.frameworks.openmetadata.controls,LOW,LOW,UNRELATED or NORMAL
org.odpi.openmetadata.accessservices.datamanager.fvt.connections,org.odpi.openmetadata.frameworks.openmetadata.metadataelements,LOW,LOW,UNRELATED or NORMAL
org.odpi.openmetadata.adapters.connectors.surveyaction.surveyfolder,org.odpi.openmetadata.frameworks.openmetadata.metadataelements,LOW,LOW,UNRELATED or NORMAL
org.odpi.openmetadata.adapters.connectors.governanceactions.stewardship,org.odpi.openmetadata.frameworks.connectors,LOW,LOW,UNRELATED or NORMAL
org.odpi.openmetadata.adapters.connectors.apacheatlas.integration,org.odpi.openmetadata.adapters.connectors.apacheatlas.integration.modules,LOW,LOW,UNRELATED or NORMAL
org.odpi.openmetadata.frameworks.openmetadata.properties.actors,org.odpi.openmetadata.viewservices.actormanager.server,LOW,LOW,UNRELATED or NORMAL
org.odpi.openmetadata.adapters.connectors.governanceactions.provisioning,org.odpi.openmetadata.frameworks.connectors,LOW,LOW,UNRELATED or NORMAL
org.odpi.openmetadata.frameworks.openmetadata.connectorcontext,org.odpi.openmetadata.frameworks.openmetadata.properties.schema,LOW,LOW,UNRELATED or NORMAL
org.odpi.openmetadata.engineservices.governanceaction.handlers,org.odpi.openmetadata.frameworks.opengovernance.controls,LOW,LOW,UNRELATED or NORMAL
org.odpi.openmetadata.adapters.connectors.reports.surveyreport,org.odpi.openmetadata.frameworks.opengovernance.controls,LOW,LOW,UNRELATED or NORMAL
org.odpi.openmetadata.frameworks.openmetadata.ffdc,org.odpi.openmetadata.repositoryservices.rest.services,LOW,LOW,UNRELATED or NORMAL
org.odpi.openmetadata.adapters.connectors.egeriainfrastructure.control,org.odpi.openmetadata.frameworks.openmetadata.types,LOW,LOW,UNRELATED or NORMAL
org.odpi.openmetadata.frameworkservices.ocf.metadatamanagement.admin,org.odpi.openmetadata.frameworkservices.ocf.metadatamanagement.ffdc,LOW,LOW,UNRELATED or NORMAL
org.odpi.openmetadata.frameworks.connectors.controls,org.odpi.openmetadata.userauthn.auth,LOW,LOW,UNRELATED or NORMAL
org.odpi.openmetadata.frameworkservices.gaf.outtopic,org.odpi.openmetadata.frameworkservices.omf.ffdc,LOW,LOW,UNRELATED or NORMAL
org.odpi.openmetadata.adapters.connectors.surveyaction.surveyfolder,org.odpi.openmetadata.frameworks.openmetadata.refdata,LOW,LOW,UNRELATED or NORMAL
org.odpi.openmetadata.conformance.ffdc,org.odpi.openmetadata.conformance.workbenches.platform,LOW,LOW,UNRELATED or NORMAL
org.odpi.openmetadata.adapters.connectors.governanceactions.verification,org.odpi.openmetadata.frameworks.openmetadata.types,LOW,LOW,UNRELATED or NORMAL
org.odpi.openmetadata.adapters.connectors.surveyaction.controls,org.odpi.openmetadata.contentpacks.core,LOW,LOW,UNRELATED or NORMAL
org.odpi.openmetadata.frameworkservices.omf.admin,org.odpi.openmetadata.frameworkservices.omf.ffdc,LOW,LOW,UNRELATED or NORMAL
org.odpi.openmetadata.adapters.connectors.baudot,org.odpi.openmetadata.frameworks.openmetadata.ffdc,LOW,LOW,UNRELATED or NORMAL
org.odpi.openmetadata.frameworks.integration.contextmanager,org.odpi.openmetadata.frameworks.integration.ffdc,LOW,LOW,UNRELATED or NORMAL
org.odpi.openmetadata.governanceservers.enginehostservices.ffdc,org.odpi.openmetadata.governanceservers.enginehostservices.threads,LOW,LOW,UNRELATED or NORMAL
org.odpi.openmetadata.adapters.repositoryservices.inmemory.repositoryconnector,org.odpi.openmetadata.repositoryservices.ffdc,LOW,LOW,UNRELATED or NORMAL
org.odpi.openmetadata.viewservices.myprofile.ffdc,org.odpi.openmetadata.viewservices.myprofile.server,LOW,LOW,UNRELATED or NORMAL
org.odpi.openmetadata.adapters.connectors.integration.kafkaaudit.controls,org.odpi.openmetadata.frameworks.openmetadata.refdata,LOW,LOW,UNRELATED or NORMAL
org.odpi.openmetadata.frameworks.opengovernance.ffdc,org.odpi.openmetadata.frameworks.opengovernance.handlers,LOW,LOW,UNRELATED or NORMAL
org.odpi.openmetadata.adapters.connectors.integration.openapis,org.odpi.openmetadata.frameworks.openmetadata.types,LOW,LOW,UNRELATED or NORMAL
org.odpi.openmetadata.frameworks.openmetadata.builders,org.odpi.openmetadata.frameworks.openmetadata.properties.actors,LOW,LOW,UNRELATED or NORMAL
org.odpi.openmetadata.frameworkservices.gaf.admin,org.odpi.openmetadata.frameworkservices.gaf.ffdc,LOW,LOW,UNRELATED or NORMAL
org.odpi.openmetadata.frameworkservices.omf.rest,org.odpi.openmetadata.viewservices.validmetadata.server.spring,LOW,LOW,UNRELATED or NORMAL
org.odpi.openmetadata.conformance.rest,org.odpi.openmetadata.conformance.server.spring,LOW,LOW,UNRELATED or NORMAL
org.odpi.openmetadata.engineservices.governanceaction.handlers,org.odpi.openmetadata.frameworks.openmetadata.ffdc,LOW,LOW,UNRELATED or NORMAL
org.odpi.openmetadata.adapters.connectors.integration.csvlineageimporter,org.odpi.openmetadata.frameworks.integration.connectors,LOW,LOW,UNRELATED or NORMAL
org.odpi.openmetadata.adapters.eventbus.topic.kafka,org.odpi.openmetadata.frameworks.connectors.ffdc,LOW,LOW,UNRELATED or NORMAL
org.odpi.openmetadata.adminservices.configuration.properties,org.odpi.openmetadata.repositoryservices.eventmanagement,LOW,LOW,UNRELATED or NORMAL
org.odpi.openmetadata.adapters.connectors.apacheatlas.resource,org.odpi.openmetadata.frameworks.connectors,LOW,LOW,UNRELATED or NORMAL
org.odpi.openmetadata.commonservices.multitenant,org.odpi.openmetadata.commonservices.multitenant.ffdc.exceptions,LOW,LOW,UNRELATED or NORMAL
org.odpi.openmetadata.adapters.connectors.restclients.ffdc.exceptions,org.odpi.openmetadata.conformance.client,LOW,LOW,UNRELATED or NORMAL
org.odpi.openmetadata.adapters.connectors.integration.openlineage,org.odpi.openmetadata.frameworks.connectors,LOW,LOW,UNRELATED or NORMAL
org.odpi.openmetadata.commonservices.multitenant,org.odpi.openmetadata.viewservices.subjectarea.server,LOW,LOW,UNRELATED or NORMAL
org.odpi.openmetadata.adapters.connectors.apachekafka.integration,org.odpi.openmetadata.frameworks.connectors,LOW,LOW,UNRELATED or NORMAL
org.odpi.openmetadata.adapters.connectors.apacheatlas.integration,org.odpi.openmetadata.frameworks.auditlog,LOW,LOW,UNRELATED or NORMAL
org.odpi.openmetadata.adapters.connectors.secretsstore.yaml,org.odpi.openmetadata.frameworks.connectors.properties.beans,LOW,LOW,UNRELATED or NORMAL
org.odpi.openmetadata.repositoryservices.enterprise.repositoryconnector,org.odpi.openmetadata.repositoryservices.enterprise.repositoryconnector.accumulators,LOW,LOW,UNRELATED or NORMAL
org.odpi.openmetadata.frameworks.opengovernance.connectorcontext,org.odpi.openmetadata.frameworks.opengovernance.handlers,LOW,LOW,UNRELATED or NORMAL
org.odpi.openmetadata.adminservices.configuration.properties,org.odpi.openmetadata.governanceservers.integrationdaemonservices.threads,LOW,LOW,UNRELATED or NORMAL
org.odpi.openmetadata.repositoryservices.connectors.stores.metadatacollectionstore.properties,org.odpi.openmetadata.repositoryservices.connectors.stores.metadatacollectionstore.properties.search,LOW,LOW,UNRELATED or NORMAL
org.odpi.openmetadata.frameworks.openmetadata.converters,org.odpi.openmetadata.frameworks.openmetadata.properties.assets.topics,LOW,LOW,UNRELATED or NORMAL
org.odpi.openmetadata.adapters.connectors.externalharvesters.harvestsurveys,org.odpi.openmetadata.frameworks.connectors.properties.beans,LOW,LOW,UNRELATED or NORMAL
org.odpi.openmetadata.adapters.connectors.babbage,org.odpi.openmetadata.frameworks.openmetadata.metadataelements,LOW,LOW,UNRELATED or NORMAL
org.odpi.openmetadata.frameworks.auditlog,org.odpi.openmetadata.repositoryservices.archivemanager,LOW,LOW,UNRELATED or NORMAL
org.odpi.openmetadata.conformance.client,org.odpi.openmetadata.frameworks.auditlog,LOW,LOW,UNRELATED or NORMAL
org.odpi.openmetadata.contentpacks.core,org.odpi.openmetadata.frameworks.opengovernance,LOW,LOW,UNRELATED or NORMAL
org.odpi.openmetadata.frameworks.auditlog,org.odpi.openmetadata.frameworkservices.gaf.admin,LOW,LOW,UNRELATED or NORMAL
org.odpi.openmetadata.frameworks.integration.context,org.odpi.openmetadata.frameworks.integration.openlineage,LOW,LOW,UNRELATED or NORMAL
org.odpi.openmetadata.adapters.connectors.externalharvesters.harvestopenmetadata,org.odpi.openmetadata.frameworks.connectors.properties.beans,LOW,LOW,UNRELATED or NORMAL
org.odpi.openmetadata.frameworks.openmetadata.enums,org.odpi.openmetadata.frameworks.openmetadata.properties.assets,LOW,LOW,UNRELATED or NORMAL
org.odpi.openmetadata.frameworks.openmetadata.enums,org.odpi.openmetadata.frameworks.openmetadata.properties.governance,LOW,LOW,UNRELATED or NORMAL
org.odpi.openmetadata.frameworks.opengovernance,org.odpi.openmetadata.samples.archiveutilities.governanceengines,LOW,LOW,UNRELATED or NORMAL
org.odpi.openmetadata.frameworks.openmetadata.enums,org.odpi.openmetadata.frameworks.openmetadata.search,LOW,LOW,UNRELATED or NORMAL
org.odpi.openmetadata.frameworks.auditlog,org.odpi.openmetadata.frameworkservices.omf.admin,LOW,LOW,UNRELATED or NORMAL
org.odpi.openmetadata.frameworks.openmetadata.ffdc,org.odpi.openmetadata.viewservices.feedbackmanager.server,LOW,LOW,UNRELATED or NORMAL
org.odpi.openmetadata.adapters.connectors.unitycatalog.provision,org.odpi.openmetadata.frameworks.openmetadata.types,LOW,LOW,UNRELATED or NORMAL
org.odpi.openmetadata.frameworks.openmetadata.properties.governance,org.odpi.openmetadata.viewservices.classificationexplorer.server,LOW,LOW,UNRELATED or NORMAL
org.odpi.openmetadata.adapters.connectors.postgres.tabulardatasource,org.odpi.openmetadata.adapters.connectors.resource.jdbc,LOW,LOW,UNRELATED or NORMAL
org.odpi.openmetadata.serveroperations.client,org.odpi.openmetadata.serveroperations.rest,LOW,LOW,UNRELATED or NORMAL
org.odpi.openmetadata.commonservices.ffdc.rest,org.odpi.openmetadata.viewservices.securityofficer.server.spring,LOW,LOW,UNRELATED or NORMAL
org.odpi.openmetadata.frameworks.openmetadata.properties.softwarecapabilities,org.odpi.openmetadata.frameworks.openmetadata.types,LOW,LOW,UNRELATED or NORMAL
org.odpi.openmetadata.contentpacks.core,org.odpi.openmetadata.frameworks.openmetadata.specificationproperties,LOW,LOW,UNRELATED or NORMAL
org.odpi.openmetadata.frameworks.connectors.properties.beans,org.odpi.openmetadata.repositoryservices.connectors.stores.auditlogstore,LOW,LOW,UNRELATED or NORMAL
org.odpi.openmetadata.conformance.workbenches.repository.listener,org.odpi.openmetadata.repositoryservices.events,LOW,LOW,UNRELATED or NORMAL
org.odpi.openmetadata.adapters.connectors.jacquard.tabulardatasets,org.odpi.openmetadata.frameworks.connectors.properties.beans,LOW,LOW,UNRELATED or NORMAL
org.odpi.openmetadata.adapters.connectors.governanceactions.watchdog,org.odpi.openmetadata.frameworks.opengovernance.ffdc,LOW,LOW,UNRELATED or NORMAL
org.odpi.openmetadata.engineservices.watchdogaction.handlers,org.odpi.openmetadata.frameworks.openmetadata.ffdc,LOW,LOW,UNRELATED or NORMAL
org.odpi.openmetadata.archiveutilities.bigglossaries,org.odpi.openmetadata.repositoryservices.connectors.stores.archivestore.properties,LOW,LOW,UNRELATED or NORMAL
org.odpi.openmetadata.engineservices.surveyaction.server,org.odpi.openmetadata.tokencontroller,LOW,LOW,UNRELATED or NORMAL
org.odpi.openmetadata.adminservices.registration,org.odpi.openmetadata.viewservices.lineagelinker.admin,LOW,LOW,UNRELATED or NORMAL
org.odpi.openmetadata.adminservices.registration,org.odpi.openmetadata.viewservices.actionauthor.admin,LOW,LOW,UNRELATED or NORMAL
org.odpi.openmetadata.archiveutilities.bigglossaries,org.odpi.openmetadata.repositoryservices.archiveutilities,LOW,LOW,UNRELATED or NORMAL
org.odpi.openmetadata.adminservices.registration,org.odpi.openmetadata.viewservices.datadiscovery.admin,LOW,LOW,UNRELATED or NORMAL
org.odpi.openmetadata.adminservices.registration,org.odpi.openmetadata.viewservices.projectmanager.admin,LOW,LOW,UNRELATED or NORMAL
org.odpi.openmetadata.adapters.connectors.datastore.datafolder,org.odpi.openmetadata.frameworks.connectors,LOW,LOW,UNRELATED or NORMAL
org.odpi.openmetadata.adminservices.registration,org.odpi.openmetadata.viewservices.datadesigner.admin,LOW,LOW,UNRELATED or NORMAL
org.odpi.openmetadata.contentpacks.core,org.odpi.openmetadata.contentpacks.core.openlineage,LOW,LOW,UNRELATED or NORMAL
org.odpi.openmetadata.adminservices.registration,org.odpi.openmetadata.viewservices.automatedcuration.admin,LOW,LOW,UNRELATED or NORMAL
org.odpi.openmetadata.adminservices.registration,org.odpi.openmetadata.viewservices.myprofile.admin,LOW,LOW,UNRELATED or NORMAL
org.odpi.openmetadata.samples.archiveutilities,org.odpi.openmetadata.samples.archiveutilities.combo,LOW,LOW,UNRELATED or NORMAL
org.odpi.openmetadata.contentpacks.core,org.odpi.openmetadata.contentpacks.core.postgres,LOW,LOW,UNRELATED or NORMAL
org.odpi.openmetadata.adapters.connectors.integration.openapis,org.odpi.openmetadata.frameworks.connectors.ffdc,LOW,LOW,UNRELATED or NORMAL
org.odpi.openmetadata.adminservices.registration,org.odpi.openmetadata.viewservices.timekeeper.admin,LOW,LOW,UNRELATED or NORMAL
org.odpi.openmetadata.adminservices.registration,org.odpi.openmetadata.viewservices.dataofficer.admin,LOW,LOW,UNRELATED or NORMAL
org.odpi.openmetadata.viewservices.devopspipeline.server,org.odpi.openmetadata.viewservices.devopspipeline.server.spring,LOW,LOW,UNRELATED or NORMAL
org.odpi.openmetadata.adapters.connectors.integration.jdbc,org.odpi.openmetadata.adapters.connectors.integration.jdbc.transfer.customization,LOW,LOW,UNRELATED or NORMAL
org.odpi.openmetadata.adminservices.registration,org.odpi.openmetadata.viewservices.validmetadata.admin,LOW,LOW,UNRELATED or NORMAL
org.odpi.openmetadata.contentpacks.core,org.odpi.openmetadata.contentpacks.core.apachekafka,LOW,LOW,UNRELATED or NORMAL
org.odpi.openmetadata.adapters.connectors.integration.openapis,org.odpi.openmetadata.frameworks.openmetadata.properties.assets.apis,LOW,LOW,UNRELATED or NORMAL
org.odpi.openmetadata.accessservices.assetmanager.fvt.glossaries,org.odpi.openmetadata.frameworks.auditlog,LOW,LOW,UNRELATED or NORMAL
org.odpi.openmetadata.samples.archiveutilities,org.odpi.openmetadata.samples.archiveutilities.organization,LOW,LOW,UNRELATED or NORMAL
org.odpi.openmetadata.commonservices.multitenant,org.odpi.openmetadata.frameworkservices.ocf.metadatamanagement.client,LOW,LOW,UNRELATED or NORMAL
org.odpi.openmetadata.viewservices.productcatalog.server,org.odpi.openmetadata.viewservices.productcatalog.server.spring,LOW,LOW,UNRELATED or NORMAL
org.odpi.openmetadata.engineservices.governanceaction.server,org.odpi.openmetadata.tokencontroller,LOW,LOW,UNRELATED or NORMAL
org.odpi.openmetadata.contentpacks.core,org.odpi.openmetadata.contentpacks.core.core,LOW,LOW,UNRELATED or NORMAL
org.odpi.openmetadata.adminservices.registration,org.odpi.openmetadata.viewservices.feedbackmanager.admin,LOW,LOW,UNRELATED or NORMAL
org.odpi.openmetadata.samples.archiveutilities,org.odpi.openmetadata.samples.archiveutilities.governanceengines,LOW,LOW,UNRELATED or NORMAL
org.odpi.openmetadata.accessservices.governanceserver.fvt.duplicates,org.odpi.openmetadata.frameworkservices.gaf.client.rest,LOW,LOW,UNRELATED or NORMAL
org.odpi.openmetadata.accessservices.samples.assetsetup,org.odpi.openmetadata.frameworks.openmetadata.properties.actors,LOW,LOW,UNRELATED or NORMAL
org.odpi.openmetadata.tokencontroller,org.odpi.openmetadata.viewservices.dataengineer.server,LOW,LOW,UNRELATED or NORMAL
org.odpi.openmetadata.contentpacks.core,org.odpi.openmetadata.contentpacks.core.files,LOW,LOW,UNRELATED or NORMAL
org.odpi.openmetadata.adminservices.registration,org.odpi.openmetadata.frameworkservices.ocf.metadatamanagement.admin,LOW,LOW,UNRELATED or NORMAL
org.odpi.openmetadata.adminservices.registration,org.odpi.openmetadata.viewservices.templatemanager.admin,LOW,LOW,UNRELATED or NORMAL
org.odpi.openmetadata.viewservices.multilanguage.server,org.odpi.openmetadata.viewservices.multilanguage.server.spring,LOW,LOW,UNRELATED or NORMAL
org.odpi.openmetadata.adminservices.registration,org.odpi.openmetadata.viewservices.multilanguage.admin,LOW,LOW,UNRELATED or NORMAL
org.odpi.openmetadata.accessservices.assetconsumer.fvt,org.odpi.openmetadata.frameworks.openmetadata.properties.schema,LOW,LOW,UNRELATED or NORMAL
org.odpi.openmetadata.frameworks.integration.iterator,org.odpi.openmetadata.frameworks.openmetadata.search,LOW,LOW,UNRELATED or NORMAL
org.odpi.openmetadata.accessservices.governanceserver.fvt.clientconstructors,org.odpi.openmetadata.frameworkservices.gaf.client.rest,LOW,LOW,UNRELATED or NORMAL
org.odpi.openmetadata.commonservices.ffdc,org.odpi.openmetadata.metadatasecurity.server,LOW,LOW,UNRELATED or NORMAL
org.odpi.openmetadata.adminservices.registration,org.odpi.openmetadata.viewservices.devopspipeline.admin,LOW,LOW,UNRELATED or NORMAL
org.odpi.openmetadata.adminservices.registration,org.odpi.openmetadata.viewservices.securityofficer.admin,LOW,LOW,UNRELATED or NORMAL
org.odpi.openmetadata.frameworkservices.gaf.client,org.odpi.openmetadata.governanceservers.enginehostservices.server,LOW,LOW,UNRELATED or NORMAL
org.odpi.openmetadata.adminservices.registration,org.odpi.openmetadata.viewservices.solutionarchitect.admin,LOW,LOW,UNRELATED or NORMAL
org.odpi.openmetadata.adminservices.registration,org.odpi.openmetadata.viewservices.metadataexpert.admin,LOW,LOW,UNRELATED or NORMAL
org.odpi.openmetadata.adminservices.registration,org.odpi.openmetadata.viewservices.dataengineer.admin,LOW,LOW,UNRELATED or NORMAL
org.odpi.openmetadata.contentpacks.core,org.odpi.openmetadata.contentpacks.core.digitalproducts,LOW,LOW,UNRELATED or NORMAL
org.odpi.openmetadata.adminservices.registration,org.odpi.openmetadata.viewservices.schemamaker.admin,LOW,LOW,UNRELATED or NORMAL
org.odpi.openmetadata.samples.archiveutilities,org.odpi.openmetadata.samples.archiveutilities.businesssystems,LOW,LOW,UNRELATED or NORMAL
org.odpi.openmetadata.viewservices.dataofficer.server,org.odpi.openmetadata.viewservices.dataofficer.server.spring,LOW,LOW,UNRELATED or NORMAL
org.odpi.openmetadata.repositoryservices.ffdc.exception,org.odpi.openmetadata.repositoryservices.rest.services,LOW,LOW,UNRELATED or NORMAL
org.odpi.openmetadata.adminservices.registration,org.odpi.openmetadata.viewservices.productcatalog.admin,LOW,LOW,UNRELATED or NORMAL
org.odpi.openmetadata.adminservices.registration,org.odpi.openmetadata.viewservices.communitymatters.admin,LOW,LOW,UNRELATED or NORMAL
org.odpi.openmetadata.archiveutilities.designmodels.owlcanonicalglossarymodel,org.odpi.openmetadata.repositoryservices.archiveutilities,LOW,LOW,UNRELATED or NORMAL
org.odpi.openmetadata.adapters.connectors.externalharvesters.harvestopenmetadata,org.odpi.openmetadata.frameworks.integration.properties,LOW,LOW,UNRELATED or NORMAL
org.odpi.openmetadata.adminservices.registration,org.odpi.openmetadata.viewservices.actormanager.admin,LOW,LOW,UNRELATED or NORMAL
org.odpi.openmetadata.contentpacks.core,org.odpi.openmetadata.contentpacks.core.unitycatalog,LOW,LOW,UNRELATED or NORMAL
org.odpi.openmetadata.frameworks.openmetadata.mermaid,org.odpi.openmetadata.viewservices.governanceofficer.server,LOW,LOW,UNRELATED or NORMAL
org.odpi.openmetadata.engineservices.watchdogaction.handlers,org.odpi.openmetadata.frameworks.openmetadata.search,LOW,LOW,UNRELATED or NORMAL
org.odpi.openmetadata.adminservices.registration,org.odpi.openmetadata.viewservices.peopleorganizer.admin,LOW,LOW,UNRELATED or NORMAL
org.odpi.openmetadata.adminservices.registration,org.odpi.openmetadata.viewservices.glossarymanager.admin,LOW,LOW,UNRELATED or NORMAL
org.odpi.openmetadata.viewservices.automatedcuration.handlers,org.odpi.openmetadata.viewservices.automatedcuration.mermaid,LOW,LOW,UNRELATED or NORMAL
org.odpi.openmetadata.adminservices.registration,org.odpi.openmetadata.viewservices.digitalbusiness.admin,LOW,LOW,UNRELATED or NORMAL
org.odpi.openmetadata.adminservices.registration,org.odpi.openmetadata.viewservices.classificationexplorer.admin,LOW,LOW,UNRELATED or NORMAL
org.odpi.openmetadata.frameworks.opengovernance.mermaid,org.odpi.openmetadata.frameworkservices.gaf.server,LOW,LOW,UNRELATED or NORMAL
org.odpi.openmetadata.conformance.server,org.odpi.openmetadata.conformance.workbenches.repository.listener,LOW,LOW,UNRELATED or NORMAL
org.odpi.openmetadata.accessservices.assetowner.fvt.duplicateprocessing,org.odpi.openmetadata.frameworks.openmetadata.properties.schema,LOW,LOW,UNRELATED or NORMAL
org.odpi.openmetadata.adminservices.registration,org.odpi.openmetadata.viewservices.externallinks.admin,LOW,LOW,UNRELATED or NORMAL
org.odpi.openmetadata.commonservices.multitenant,org.odpi.openmetadata.frameworkservices.omf.client,LOW,LOW,UNRELATED or NORMAL
org.odpi.openmetadata.engineservices.watchdogaction.server,org.odpi.openmetadata.tokencontroller,LOW,LOW,UNRELATED or NORMAL
org.odpi.openmetadata.adminservices.registration,org.odpi.openmetadata.viewservices.productmanager.admin,LOW,LOW,UNRELATED or NORMAL
org.odpi.openmetadata.governanceservers.enginehostservices.server,org.odpi.openmetadata.governanceservers.enginehostservices.threads,LOW,LOW,UNRELATED or NORMAL
org.odpi.openmetadata.adminservices.registration,org.odpi.openmetadata.viewservices.subjectarea.admin,LOW,LOW,UNRELATED or NORMAL
org.odpi.openmetadata.contentpacks.core,org.odpi.openmetadata.contentpacks.core.egeria,LOW,LOW,UNRELATED or NORMAL
org.odpi.openmetadata.frameworks.openmetadata.handlers,org.odpi.openmetadata.frameworks.openmetadata.properties.assets.metadatarepositories,LOW,LOW,UNRELATED or NORMAL
org.odpi.openmetadata.accessservices.governanceprogram.fvt.definitions,org.odpi.openmetadata.frameworks.auditlog,LOW,LOW,UNRELATED or NORMAL
org.odpi.openmetadata.adminservices.registration,org.odpi.openmetadata.viewservices.notificationmanager.admin,LOW,LOW,UNRELATED or NORMAL
org.odpi.openmetadata.adapters.connectors.governanceactions.provisioning,org.odpi.openmetadata.samples.archiveutilities.governanceengines,LOW,LOW,UNRELATED or NORMAL
org.odpi.openmetadata.frameworks.connectors.client,org.odpi.openmetadata.frameworks.openmetadata.search,LOW,LOW,UNRELATED or NORMAL
org.odpi.openmetadata.samples.archiveutilities,org.odpi.openmetadata.samples.archiveutilities.clinicaltrialtemplates,LOW,LOW,UNRELATED or NORMAL
org.odpi.openmetadata.accessservices.assetowner.fvt.assets,org.odpi.openmetadata.frameworks.openmetadata.properties.schema,LOW,LOW,UNRELATED or NORMAL
org.odpi.openmetadata.accessservices.governanceserver.fvt.errorhandling,org.odpi.openmetadata.frameworks.auditlog,LOW,LOW,UNRELATED or NORMAL
org.odpi.openmetadata.contentpacks.core,org.odpi.openmetadata.contentpacks.core.apacheatlas,LOW,LOW,UNRELATED or NORMAL
org.odpi.openmetadata.adapters.connectors.egeriainfrastructure.platform.catalog,org.odpi.openmetadata.frameworks.connectors.ffdc,LOW,LOW,UNRELATED or NORMAL
org.odpi.openmetadata.adminservices.registration,org.odpi.openmetadata.viewservices.privacyofficer.admin,LOW,LOW,UNRELATED or NORMAL
org.odpi.openmetadata.engineservices.repositorygovernance.server,org.odpi.openmetadata.tokencontroller,LOW,LOW,UNRELATED or NORMAL
org.odpi.openmetadata.adminservices.registration,org.odpi.openmetadata.viewservices.collectionmanager.admin,LOW,LOW,UNRELATED or NORMAL
org.odpi.openmetadata.frameworks.opengovernance.properties,org.odpi.openmetadata.governanceservers.enginehostservices.enginemap,LOW,LOW,UNRELATED or NORMAL
org.odpi.openmetadata.adminservices.registration,org.odpi.openmetadata.viewservices.assetmaker.admin,LOW,LOW,UNRELATED or NORMAL
org.odpi.openmetadata.accessservices.governanceserver.fvt.engines,org.odpi.openmetadata.frameworks.auditlog,LOW,LOW,UNRELATED or NORMAL
org.odpi.openmetadata.contentpacks.core,org.odpi.openmetadata.contentpacks.core.apis,LOW,LOW,UNRELATED or NORMAL
org.odpi.openmetadata.adminservices.registration,org.odpi.openmetadata.viewservices.connectionmaker.admin,LOW,LOW,UNRELATED or NORMAL
org.odpi.openmetadata.accessservices.governanceserver.fvt.duplicates,org.odpi.openmetadata.frameworks.auditlog,LOW,LOW,UNRELATED or NORMAL
org.odpi.openmetadata.adminservices.registration,org.odpi.openmetadata.viewservices.locationarena.admin,LOW,LOW,UNRELATED or NORMAL
org.odpi.openmetadata.adapters.connectors.egeriainfrastructure.platform.catalog,org.odpi.openmetadata.frameworks.openmetadata.properties.assets.metadatarepositories,LOW,LOW,UNRELATED or NORMAL
org.odpi.openmetadata.adapters.connectors.integration.kafkaaudit,org.odpi.openmetadata.repositoryservices.connectors.openmetadatatopic,LOW,LOW,UNRELATED or NORMAL
org.odpi.openmetadata.adminservices.registration,org.odpi.openmetadata.viewservices.governanceofficer.admin,LOW,LOW,UNRELATED or NORMAL
org.odpi.openmetadata.adminservices.registration,org.odpi.openmetadata.viewservices.runtimemanager.admin,LOW,LOW,UNRELATED or NORMAL
org.odpi.openmetadata.commonservices.multitenant,org.odpi.openmetadata.frameworkservices.gaf.client,LOW,LOW,UNRELATED or NORMAL
org.odpi.openmetadata.samples.archiveutilities,org.odpi.openmetadata.samples.archiveutilities.governanceprogram,LOW,LOW,UNRELATED or NORMAL
org.odpi.openmetadata.viewservices.privacyofficer.server,org.odpi.openmetadata.viewservices.privacyofficer.server.spring,LOW,LOW,UNRELATED or NORMAL
org.odpi.openmetadata.conformance.server,org.odpi.openmetadata.conformance.workbenches.repository.connectorconsumer,LOW,LOW,UNRELATED or NORMAL
org.odpi.openmetadata.contentpacks.core,org.odpi.openmetadata.contentpacks.core.organizationinsight,LOW,LOW,UNRELATED or NORMAL
org.odpi.openmetadata.adapters.connectors.jacquard,org.odpi.openmetadata.frameworks.openmetadata.properties.communities,LOW,LOW,UNRELATED or NORMAL
org.odpi.openmetadata.accessservices.itinfrastructure.samples.assetdeploy,org.odpi.openmetadata.frameworks.openmetadata.handlers,LOW,LOW,UNRELATED or NORMAL
org.odpi.openmetadata.adminservices.registration,org.odpi.openmetadata.viewservices.referencedata.admin,LOW,LOW,UNRELATED or NORMAL
org.odpi.openmetadata.samples.archiveutilities,org.odpi.openmetadata.samples.archiveutilities.sustainability,LOW,LOW,UNRELATED or NORMAL
org.odpi.openmetadata.adapters.connectors.subscriptions,org.odpi.openmetadata.frameworks.openmetadata.properties.implementations,LOW,LOW,UNRELATED or NORMAL
org.odpi.openmetadata.accessservices.assetconsumer.fvt,org.odpi.openmetadata.frameworks.openmetadata.properties.assets,LOW,LOW,UNRELATED or NORMAL
org.odpi.openmetadata.adapters.connectors.governanceactions.stewardship,org.odpi.openmetadata.frameworks.openmetadata.types,LOW,LOW,UNRELATED or NORMAL
org.odpi.openmetadata.adapters.connectors.apacheatlas.integration,org.odpi.openmetadata.adapters.connectors.apacheatlas.integration.ffdc,LOW,LOW,UNRELATED or NORMAL
org.odpi.openmetadata.archiveutilities.simplecatalogs.catalogcontent,org.odpi.openmetadata.frameworks.openmetadata.types,LOW,LOW,UNRELATED or NORMAL
org.odpi.openmetadata.adapters.connectors.postgres.ffdc,org.odpi.openmetadata.adapters.connectors.postgres.tabulardatasource,LOW,LOW,UNRELATED or NORMAL
org.odpi.openmetadata.commonservices.ffdc.rest,org.odpi.openmetadata.viewservices.actionauthor.server.spring,LOW,LOW,UNRELATED or NORMAL
org.odpi.openmetadata.frameworks.openmetadata.search,org.odpi.openmetadata.frameworks.openmetadata.types,LOW,LOW,UNRELATED or NORMAL
org.odpi.openmetadata.adapters.connectors.postgres.tabulardatasource,org.odpi.openmetadata.frameworks.connectors.controls,LOW,LOW,UNRELATED or NORMAL
org.odpi.openmetadata.adapters.connectors.unitycatalog.sync,org.odpi.openmetadata.frameworks.connectors.controls,LOW,LOW,UNRELATED or NORMAL
org.odpi.openmetadata.engineservices.surveyaction.client.rest,org.odpi.openmetadata.frameworkservices.ocf.metadatamanagement.client,LOW,LOW,UNRELATED or NORMAL
org.odpi.openmetadata.commonservices.ffdc.rest,org.odpi.openmetadata.engineservices.governanceaction.client.rest,LOW,LOW,UNRELATED or NORMAL
org.odpi.openmetadata.frameworks.openmetadata.metadataelements,org.odpi.openmetadata.frameworkservices.gaf.server,LOW,LOW,UNRELATED or NORMAL
org.odpi.openmetadata.adapters.connectors.egeriainfrastructure.platform,org.odpi.openmetadata.metadatasecurity.properties,LOW,LOW,UNRELATED or NORMAL
org.odpi.openmetadata.commonservices.ffdc.rest,org.odpi.openmetadata.engineservices.repositorygovernance.client.rest,LOW,LOW,UNRELATED or NORMAL
org.odpi.openmetadata.frameworks.connectors.properties.beans,org.odpi.openmetadata.platformservices.client,LOW,LOW,UNRELATED or NORMAL
org.odpi.openmetadata.adapters.connectors.governanceactions.watchdog,org.odpi.openmetadata.frameworks.openwatchdog.controls,LOW,LOW,UNRELATED or NORMAL
org.odpi.openmetadata.adapters.repositoryservices.postgres.repositoryconnector.mappers,org.odpi.openmetadata.repositoryservices.connectors.stores.metadatacollectionstore.properties.typedefs,LOW,LOW,UNRELATED or NORMAL
org.odpi.openmetadata.engineservices.repositorygovernance.connector,org.odpi.openmetadata.frameworks.opengovernance,LOW,LOW,UNRELATED or NORMAL
org.odpi.openmetadata.metadatasecurity,org.odpi.openmetadata.metadatasecurity.properties,LOW,LOW,UNRELATED or NORMAL
org.odpi.openmetadata.frameworks.openmetadata.properties.schema,org.odpi.openmetadata.viewservices.schemamaker.server,LOW,LOW,UNRELATED or NORMAL
org.odpi.openmetadata.adapters.connectors.egeriainfrastructure.control,org.odpi.openmetadata.adapters.connectors.egeriainfrastructure.platform.survey,LOW,LOW,UNRELATED or NORMAL
org.odpi.openmetadata.frameworks.openmetadata.properties.validvalues,org.odpi.openmetadata.frameworks.openmetadata.types,LOW,LOW,UNRELATED or NORMAL
org.odpi.openmetadata.frameworkservices.gaf.server,org.odpi.openmetadata.repositoryservices.connectors.stores.metadatacollectionstore.utilities,LOW,LOW,UNRELATED or NORMAL
org.odpi.openmetadata.contentpacks.core.base,org.odpi.openmetadata.frameworks.openmetadata.mapper,LOW,LOW,UNRELATED or NORMAL
org.odpi.openmetadata.engineservices.watchdogaction.client.rest,org.odpi.openmetadata.frameworkservices.ocf.metadatamanagement.client,LOW,LOW,UNRELATED or NORMAL
org.odpi.openmetadata.frameworks.openmetadata.properties.feedback,org.odpi.openmetadata.frameworks.openmetadata.types,LOW,LOW,UNRELATED or NORMAL
org.odpi.openmetadata.accessservices.assetmanager.fvt,org.odpi.openmetadata.accessservices.assetmanager.fvt.dataassets,LOW,LOW,UNRELATED or NORMAL
org.odpi.openmetadata.adapters.connectors.egeriainfrastructure.extractor,org.odpi.openmetadata.metadatasecurity.properties,LOW,LOW,UNRELATED or NORMAL
org.odpi.openmetadata.adapters.connectors.integration.basicfiles,org.odpi.openmetadata.frameworks.integration.context,LOW,LOW,UNRELATED or NORMAL
org.odpi.openmetadata.adapters.connectors.postgres.survey,org.odpi.openmetadata.frameworks.connectors.controls,LOW,LOW,UNRELATED or NORMAL
org.odpi.openmetadata.adapters.connectors.datastore.basicfile,org.odpi.openmetadata.frameworks.connectors.controls,LOW,LOW,UNRELATED or NORMAL
org.odpi.openmetadata.adapters.connectors.dynamicarchivers,org.odpi.openmetadata.repositoryservices.connectors.stores.archivestore.properties,LOW,LOW,UNRELATED or NORMAL
org.odpi.openmetadata.frameworks.opengovernance.handlers,org.odpi.openmetadata.frameworks.openmetadata.properties.governance,LOW,LOW,UNRELATED or NORMAL
org.odpi.openmetadata.conformance.workbenches.repository.connectorconsumer,org.odpi.openmetadata.repositoryservices.connectors.stores.metadatacollectionstore.repositoryconnector,LOW,LOW,UNRELATED or NORMAL
org.odpi.openmetadata.frameworks.connectors,org.odpi.openmetadata.repositoryservices.connectors.stores.archivestore,LOW,LOW,UNRELATED or NORMAL
org.odpi.openmetadata.frameworks.connectors,org.odpi.openmetadata.repositoryservices.connectors.stores.cohortregistrystore,LOW,LOW,UNRELATED or NORMAL
org.odpi.openmetadata.frameworks.connectors,org.odpi.openmetadata.repositoryservices.connectors.stores.auditlogstore,LOW,LOW,UNRELATED or NORMAL
org.odpi.openmetadata.adapters.connectors.externalharvesters.harvestsurveys,org.odpi.openmetadata.adapters.connectors.resource.jdbc,LOW,LOW,UNRELATED or NORMAL
org.odpi.openmetadata.engineservices.repositorygovernance.handlers,org.odpi.openmetadata.frameworks.openmetadata.refdata,LOW,LOW,UNRELATED or NORMAL
org.odpi.openmetadata.contentpacks.core,org.odpi.openmetadata.frameworks.openmetadata.properties,LOW,LOW,UNRELATED or NORMAL
org.odpi.openmetadata.adapters.repositoryservices.archiveconnector.directory,org.odpi.openmetadata.adapters.repositoryservices.archiveconnector.directory.ffdc,LOW,LOW,UNRELATED or NORMAL
org.odpi.openmetadata.frameworks.openmetadata.types,org.odpi.openmetadata.samples.archiveutilities.governanceprogram,LOW,LOW,UNRELATED or NORMAL
org.odpi.openmetadata.adapters.connectors.unitycatalog.provision,org.odpi.openmetadata.frameworks.openmetadata.ffdc,LOW,LOW,UNRELATED or NORMAL
org.odpi.openmetadata.accessservices.assetmanager.fvt.common,org.odpi.openmetadata.frameworks.openmetadata.properties,LOW,LOW,UNRELATED or NORMAL
org.odpi.openmetadata.accessservices.assetowner.fvt.connections,org.odpi.openmetadata.frameworks.openmetadata.properties,LOW,LOW,UNRELATED or NORMAL
org.odpi.openmetadata.frameworks.openmetadata.builders,org.odpi.openmetadata.frameworks.openmetadata.properties.digitalbusiness,LOW,LOW,UNRELATED or NORMAL
org.odpi.openmetadata.adapters.repositoryservices.postgres.repositoryconnector.database,org.odpi.openmetadata.repositoryservices.connectors.stores.metadatacollectionstore.properties.typedefs,LOW,LOW,UNRELATED or NORMAL
org.odpi.openmetadata.adapters.connectors.controls,org.odpi.openmetadata.samples.governanceactions.clinicaltrials,LOW,LOW,UNRELATED or NORMAL
org.odpi.openmetadata.frameworks.openwatchdog,org.odpi.openmetadata.frameworks.openwatchdog.ffdc,LOW,LOW,UNRELATED or NORMAL
org.odpi.openmetadata.adapters.connectors.baudot,org.odpi.openmetadata.frameworks.openmetadata.types,LOW,LOW,UNRELATED or NORMAL
org.odpi.openmetadata.frameworks.openmetadata.types,org.odpi.openmetadata.frameworkservices.ocf.metadatamanagement.server,LOW,LOW,UNRELATED or NORMAL
org.odpi.openmetadata.frameworks.openmetadata.types,org.odpi.openmetadata.governanceservers.enginehostservices.listener,LOW,LOW,UNRELATED or NORMAL
org.odpi.openmetadata.frameworks.openmetadata.properties.projects,org.odpi.openmetadata.viewservices.projectmanager.server,LOW,LOW,UNRELATED or NORMAL
org.odpi.openmetadata.frameworks.openmetadata.properties,org.odpi.openmetadata.frameworks.openmetadata.properties.solutions,LOW,LOW,UNRELATED or NORMAL
org.odpi.openmetadata.frameworks.openmetadata.properties,org.odpi.openmetadata.frameworks.openwatchdog,LOW,LOW,UNRELATED or NORMAL
org.odpi.openmetadata.frameworks.openmetadata.events,org.odpi.openmetadata.frameworks.openmetadata.ffdc,LOW,LOW,UNRELATED or NORMAL
org.odpi.openmetadata.frameworks.opengovernance.mermaid,org.odpi.openmetadata.frameworks.openmetadata.types,LOW,LOW,UNRELATED or NORMAL
org.odpi.openmetadata.governanceservers.enginehostservices.ffdc,org.odpi.openmetadata.governanceservers.enginehostservices.listener,LOW,LOW,UNRELATED or NORMAL
org.odpi.openmetadata.frameworks.openmetadata.properties.assets,org.odpi.openmetadata.frameworks.openmetadata.properties.assets.filesandfolders,LOW,LOW,UNRELATED or NORMAL
org.odpi.openmetadata.frameworks.openmetadata.connectorcontext,org.odpi.openmetadata.frameworks.openmetadata.properties.assets.reports,LOW,LOW,UNRELATED or NORMAL
org.odpi.openmetadata.adapters.connectors.egeriainfrastructure.ffdc,org.odpi.openmetadata.adapters.connectors.egeriainfrastructure.servers,LOW,LOW,UNRELATED or NORMAL
org.odpi.openmetadata.conformance.beans,org.odpi.openmetadata.conformance.tests.platform.origin,LOW,LOW,UNRELATED or NORMAL
org.odpi.openmetadata.frameworks.openmetadata.ffdc,org.odpi.openmetadata.viewservices.glossarymanager.server,LOW,LOW,UNRELATED or NORMAL
org.odpi.openmetadata.frameworks.openmetadata.builders,org.odpi.openmetadata.frameworks.openmetadata.properties.schema,LOW,LOW,UNRELATED or NORMAL
org.odpi.openmetadata.repositoryservices.enterprise.repositoryconnector.executors,org.odpi.openmetadata.repositoryservices.ffdc,LOW,LOW,UNRELATED or NORMAL
org.odpi.openmetadata.frameworks.openmetadata.ffdc,org.odpi.openmetadata.viewservices.templatemanager.server,LOW,LOW,UNRELATED or NORMAL
org.odpi.openmetadata.frameworks.connectors.ffdc,org.odpi.openmetadata.frameworks.opengovernance,LOW,LOW,UNRELATED or NORMAL
org.odpi.openmetadata.frameworks.integration.iterator,org.odpi.openmetadata.frameworks.openmetadata.types,LOW,LOW,UNRELATED or NORMAL
org.odpi.openmetadata.adapters.connectors.jacquard.tabulardatasets.openmetadatatypes,org.odpi.openmetadata.frameworks.connectors.ffdc,LOW,LOW,UNRELATED or NORMAL
org.odpi.openmetadata.adapters.connectors.integration.basicfiles,org.odpi.openmetadata.frameworks.openmetadata.builders,LOW,LOW,UNRELATED or NORMAL
org.odpi.openmetadata.serveroperations.server,org.odpi.openmetadata.serveroperations.server.spring,LOW,LOW,UNRELATED or NORMAL
org.odpi.openmetadata.adapters.connectors.apachekafka.resource,org.odpi.openmetadata.frameworks.connectors,LOW,LOW,UNRELATED or NORMAL
org.odpi.openmetadata.tokencontroller,org.odpi.openmetadata.viewservices.assetcatalog.server,LOW,LOW,UNRELATED or NORMAL
org.odpi.openmetadata.frameworks.openmetadata.properties.assets.processes.connectors,org.odpi.openmetadata.governanceservers.enginehostservices.admin,LOW,LOW,UNRELATED or NORMAL
org.odpi.openmetadata.viewservices.digitalbusiness.server,org.odpi.openmetadata.viewservices.digitalbusiness.server.spring,LOW,LOW,UNRELATED or NORMAL
org.odpi.openmetadata.frameworks.openmetadata.converters,org.odpi.openmetadata.frameworks.openmetadata.search,LOW,LOW,UNRELATED or NORMAL
org.odpi.openmetadata.archiveutilities.simplecatalogs,org.odpi.openmetadata.repositoryservices.archiveutilities,LOW,LOW,UNRELATED or NORMAL
org.odpi.openmetadata.governanceservers.integrationdaemonservices.properties,org.odpi.openmetadata.governanceservers.integrationdaemonservices.rest,LOW,LOW,UNRELATED or NORMAL
org.odpi.openmetadata.frameworks.opengovernance,org.odpi.openmetadata.frameworks.openwatchdog,LOW,LOW,UNRELATED or NORMAL
org.odpi.openmetadata.frameworks.auditlog,org.odpi.openmetadata.utilities.serverconfig,LOW,LOW,UNRELATED or NORMAL
org.odpi.openmetadata.frameworks.integration.connectors,org.odpi.openmetadata.governanceservers.integrationdaemonservices.handlers,LOW,LOW,UNRELATED or NORMAL
org.odpi.openmetadata.adapters.adminservices.configurationstore.file,org.odpi.openmetadata.adminservices.store,LOW,LOW,UNRELATED or NORMAL
org.odpi.openmetadata.viewservices.automatedcuration.properties,org.odpi.openmetadata.viewservices.automatedcuration.rest,LOW,LOW,UNRELATED or NORMAL
org.odpi.openmetadata.adapters.connectors.postgres.catalog,org.odpi.openmetadata.frameworks.connectors,LOW,LOW,UNRELATED or NORMAL
org.odpi.openmetadata.frameworks.connectors.properties.beans,org.odpi.openmetadata.frameworkservices.ocf.metadatamanagement.client,LOW,LOW,UNRELATED or NORMAL
org.odpi.openmetadata.frameworks.openmetadata.builders,org.odpi.openmetadata.frameworks.openmetadata.properties.governance,LOW,LOW,UNRELATED or NORMAL
org.odpi.openmetadata.adapters.connectors.egeriainfrastructure.control,org.odpi.openmetadata.adapters.connectors.egeriainfrastructure.platform.catalog,LOW,LOW,UNRELATED or NORMAL
org.odpi.openmetadata.frameworks.connectors.properties.beans,org.odpi.openmetadata.repositoryservices.connectors.openmetadatatopic,LOW,LOW,UNRELATED or NORMAL
org.odpi.openmetadata.adapters.connectors.apacheatlas.integration,org.odpi.openmetadata.frameworks.connectors.properties.beans,LOW,LOW,UNRELATED or NORMAL
org.odpi.openmetadata.conformance.workbenches.repository.connectorconsumer,org.odpi.openmetadata.frameworks.auditlog,LOW,LOW,UNRELATED or NORMAL
org.odpi.openmetadata.frameworks.opengovernance.properties,org.odpi.openmetadata.viewservices.governanceofficer.server,LOW,LOW,UNRELATED or NORMAL
org.odpi.openmetadata.frameworks.auditlog,org.odpi.openmetadata.viewservices.assetcatalog.server,LOW,LOW,UNRELATED or NORMAL
org.odpi.openmetadata.adapters.connectors.apachekafka.survey,org.odpi.openmetadata.adapters.connectors.apachekafka.survey.controls,LOW,LOW,UNRELATED or NORMAL
org.odpi.openmetadata.adapters.repositoryservices,org.odpi.openmetadata.frameworks.auditlog,LOW,LOW,UNRELATED or NORMAL
org.odpi.openmetadata.frameworks.connectors.properties.beans,org.odpi.openmetadata.repositoryservices.metadatahighway,LOW,LOW,UNRELATED or NORMAL
org.odpi.openmetadata.frameworks.integration.iterator,org.odpi.openmetadata.frameworks.openmetadata.ffdc,LOW,LOW,UNRELATED or NORMAL
org.odpi.openmetadata.accessservices.assetowner.fvt.connections,org.odpi.openmetadata.fvt.utilities,LOW,LOW,UNRELATED or NORMAL
org.odpi.openmetadata.accessservices.governanceserver.fvt.errorhandling,org.odpi.openmetadata.fvt.utilities,LOW,LOW,UNRELATED or NORMAL
org.odpi.openmetadata.accessservices.digitalarchitecture.fvt.clientconstructors,org.odpi.openmetadata.fvt.utilities,LOW,LOW,UNRELATED or NORMAL
org.odpi.openmetadata.accessservices.governanceprogram.fvt.clientconstructors,org.odpi.openmetadata.fvt.utilities,LOW,LOW,UNRELATED or NORMAL
org.odpi.openmetadata.adapters.connectors.integration.csvlineageimporter,org.odpi.openmetadata.frameworks.openmetadata.search,LOW,LOW,UNRELATED or NORMAL
org.odpi.openmetadata.accessservices.digitalarchitecture.fvt.connections,org.odpi.openmetadata.fvt.utilities,LOW,LOW,UNRELATED or NORMAL
org.odpi.openmetadata.accessservices.datamanager.fvt.errorhandling,org.odpi.openmetadata.fvt.utilities,LOW,LOW,UNRELATED or NORMAL
org.odpi.openmetadata.accessservices.governanceserver.fvt.engines,org.odpi.openmetadata.fvt.utilities,LOW,LOW,UNRELATED or NORMAL
org.odpi.openmetadata.accessservices.datamanager.fvt.clientconstructors,org.odpi.openmetadata.fvt.utilities,LOW,LOW,UNRELATED or NORMAL
org.odpi.openmetadata.accessservices.governanceserver.fvt.duplicates,org.odpi.openmetadata.fvt.utilities,LOW,LOW,UNRELATED or NORMAL
org.odpi.openmetadata.accessservices.governanceserver.fvt.clientconstructors,org.odpi.openmetadata.fvt.utilities,LOW,LOW,UNRELATED or NORMAL
org.odpi.openmetadata.accessservices.digitalarchitecture.fvt.validvalues,org.odpi.openmetadata.fvt.utilities,LOW,LOW,UNRELATED or NORMAL
org.odpi.openmetadata.frameworks.integration.context,org.odpi.openmetadata.frameworks.opengovernance.client,LOW,LOW,UNRELATED or NORMAL
org.odpi.openmetadata.accessservices.stewardshipaction.fvt.clientconstructors,org.odpi.openmetadata.fvt.utilities,LOW,LOW,UNRELATED or NORMAL
org.odpi.openmetadata.frameworks.connectors,org.odpi.openmetadata.repositoryservices.archiveutilities,LOW,LOW,UNRELATED or NORMAL
org.odpi.openmetadata.governanceservers.enginehostservices.client,org.odpi.openmetadata.governanceservers.enginehostservices.client.rest,LOW,LOW,UNRELATED or NORMAL
org.odpi.openmetadata.accessservices.governanceprogram.fvt.errorhandling,org.odpi.openmetadata.fvt.utilities,LOW,LOW,UNRELATED or NORMAL
org.odpi.openmetadata.accessservices.datamanager.fvt.connections,org.odpi.openmetadata.fvt.utilities,LOW,LOW,UNRELATED or NORMAL
org.odpi.openmetadata.repositoryservices.connectors.stores.metadatacollectionstore.repositoryconnector,org.odpi.openmetadata.repositoryservices.enterprise.repositoryconnector.control,LOW,LOW,UNRELATED or NORMAL
org.odpi.openmetadata.accessservices.assetowner.fvt.validmetadatavalues,org.odpi.openmetadata.fvt.utilities,LOW,LOW,UNRELATED or NORMAL
org.odpi.openmetadata.adapters.connectors.apacheatlas.integration.modules,org.odpi.openmetadata.frameworks.openmetadata.properties.assets.processes,LOW,LOW,UNRELATED or NORMAL
org.odpi.openmetadata.accessservices.digitalarchitecture.fvt.locations,org.odpi.openmetadata.fvt.utilities,LOW,LOW,UNRELATED or NORMAL
org.odpi.openmetadata.engineservices.surveyaction.handlers,org.odpi.openmetadata.frameworks.opengovernance.properties,LOW,LOW,UNRELATED or NORMAL
org.odpi.openmetadata.accessservices.assetmanager.fvt.clientconstructors,org.odpi.openmetadata.fvt.utilities,LOW,LOW,UNRELATED or NORMAL
org.odpi.openmetadata.accessservices.assetmanager.fvt.errorhandling,org.odpi.openmetadata.fvt.utilities,LOW,LOW,UNRELATED or NORMAL
org.odpi.openmetadata.accessservices.assetowner.fvt.duplicateprocessing,org.odpi.openmetadata.fvt.utilities,LOW,LOW,UNRELATED or NORMAL
org.odpi.openmetadata.accessservices.assetmanager.fvt.glossaries,org.odpi.openmetadata.fvt.utilities,LOW,LOW,UNRELATED or NORMAL
org.odpi.openmetadata.accessservices.assetowner.fvt.errorhandling,org.odpi.openmetadata.fvt.utilities,LOW,LOW,UNRELATED or NORMAL
org.odpi.openmetadata.frameworks.openmetadata.enums,org.odpi.openmetadata.frameworks.openmetadata.properties,LOW,LOW,UNRELATED or NORMAL
org.odpi.openmetadata.accessservices.datamanager.fvt.events,org.odpi.openmetadata.fvt.utilities,LOW,LOW,UNRELATED or NORMAL
org.odpi.openmetadata.accessservices.digitalarchitecture.fvt.errorhandling,org.odpi.openmetadata.fvt.utilities,LOW,LOW,UNRELATED or NORMAL
org.odpi.openmetadata.accessservices.datamanager.fvt.databases,org.odpi.openmetadata.fvt.utilities,LOW,LOW,UNRELATED or NORMAL
org.odpi.openmetadata.accessservices.assetowner.fvt.assets,org.odpi.openmetadata.fvt.utilities,LOW,LOW,UNRELATED or NORMAL
org.odpi.openmetadata.accessservices.assetmanager.fvt.connections,org.odpi.openmetadata.fvt.utilities,LOW,LOW,UNRELATED or NORMAL
org.odpi.openmetadata.accessservices.communityprofile.fvt.locations,org.odpi.openmetadata.fvt.utilities,LOW,LOW,UNRELATED or NORMAL
org.odpi.openmetadata.frameworks.openmetadata.enums,org.odpi.openmetadata.frameworks.openmetadata.properties.datadictionaries,LOW,LOW,UNRELATED or NORMAL
org.odpi.openmetadata.accessservices.communityprofile.fvt.profiles,org.odpi.openmetadata.fvt.utilities,LOW,LOW,UNRELATED or NORMAL
org.odpi.openmetadata.accessservices.communityprofile.fvt.todos,org.odpi.openmetadata.fvt.utilities,LOW,LOW,UNRELATED or NORMAL
org.odpi.openmetadata.accessservices.communityprofile.fvt.validvalues,org.odpi.openmetadata.fvt.utilities,LOW,LOW,UNRELATED or NORMAL
org.odpi.openmetadata.frameworks.opengovernance,org.odpi.openmetadata.frameworks.opengovernance.properties,LOW,LOW,UNRELATED or NORMAL
org.odpi.openmetadata.accessservices.communityprofile.fvt.clientconstructors,org.odpi.openmetadata.fvt.utilities,LOW,LOW,UNRELATED or NORMAL
org.odpi.openmetadata.accessservices.communityprofile.fvt.errorhandling,org.odpi.openmetadata.fvt.utilities,LOW,LOW,UNRELATED or NORMAL
org.odpi.openmetadata.accessservices.stewardshipaction.fvt.duplicateprocessing,org.odpi.openmetadata.fvt.utilities,LOW,LOW,UNRELATED or NORMAL
org.odpi.openmetadata.accessservices.communityprofile.fvt.metadatasources,org.odpi.openmetadata.fvt.utilities,LOW,LOW,UNRELATED or NORMAL
org.odpi.openmetadata.accessservices.governanceprogram.fvt.definitions,org.odpi.openmetadata.fvt.utilities,LOW,LOW,UNRELATED or NORMAL
org.odpi.openmetadata.accessservices.assetmanager.fvt.externalidentifiers,org.odpi.openmetadata.fvt.utilities,LOW,LOW,UNRELATED or NORMAL
org.odpi.openmetadata.accessservices.assetowner.fvt.clientconstructors,org.odpi.openmetadata.fvt.utilities,LOW,LOW,UNRELATED or NORMAL
org.odpi.openmetadata.accessservices.datamanager.fvt.validvalues,org.odpi.openmetadata.fvt.utilities,LOW,LOW,UNRELATED or NORMAL
org.odpi.openmetadata.adapters.connectors.integration.openlineage,org.odpi.openmetadata.frameworks.auditlog,LOW,LOW,UNRELATED or NORMAL
org.odpi.openmetadata.accessservices.assetowner.fvt.duplicateprocessing,org.odpi.openmetadata.frameworks.openmetadata.properties,LOW,LOW,UNRELATED or NORMAL
org.odpi.openmetadata.commonservices.multitenant,org.odpi.openmetadata.viewservices.dataengineer.server,LOW,LOW,UNRELATED or NORMAL
org.odpi.openmetadata.frameworks.openmetadata.properties.security,org.odpi.openmetadata.frameworks.openmetadata.types,LOW,LOW,UNRELATED or NORMAL
org.odpi.openmetadata.adapters.connectors.datastore.csvfile,org.odpi.openmetadata.samples.archiveutilities.clinicaltrialtemplates,LOW,LOW,UNRELATED or NORMAL
org.odpi.openmetadata.conformance.tests.repository.instances,org.odpi.openmetadata.repositoryservices.ffdc.exception,LOW,LOW,UNRELATED or NORMAL
org.odpi.openmetadata.frameworks.openmetadata.properties.digitalbusiness,org.odpi.openmetadata.frameworks.openmetadata.types,LOW,LOW,UNRELATED or NORMAL
org.odpi.openmetadata.adminservices.registration,org.odpi.openmetadata.repositoryservices.connectors.openmetadatatopic,LOW,LOW,UNRELATED or NORMAL
org.odpi.openmetadata.accessservices.datamanager.fvt.databases,org.odpi.openmetadata.frameworks.openmetadata.properties.assets.databases,LOW,LOW,UNRELATED or NORMAL
org.odpi.openmetadata.accessservices.datamanager.fvt.databases,org.odpi.openmetadata.frameworks.openmetadata.properties.softwarecapabilities,LOW,LOW,UNRELATED or NORMAL
org.odpi.openmetadata.adminservices.registration,org.odpi.openmetadata.repositoryservices.connectors.omrstopic,LOW,LOW,UNRELATED or NORMAL
org.odpi.openmetadata.frameworkservices.omf.converters,org.odpi.openmetadata.repositoryservices.connectors.stores.metadatacollectionstore.properties.typedefs,LOW,LOW,UNRELATED or NORMAL
org.odpi.openmetadata.repositoryservices.connectors.stores.metadatacollectionstore.repositoryconnector,org.odpi.openmetadata.repositoryservices.rest.services,LOW,LOW,UNRELATED or NORMAL
org.odpi.openmetadata.adapters.repositoryservices,org.odpi.openmetadata.frameworks.openmetadata.ffdc,LOW,LOW,UNRELATED or NORMAL
org.odpi.openmetadata.metadatasecurity.properties,org.odpi.openmetadata.platformservices.client,LOW,LOW,UNRELATED or NORMAL
org.odpi.openmetadata.adapters.connectors.unitycatalog.resource,org.odpi.openmetadata.contentpacks.core,LOW,LOW,UNRELATED or NORMAL
org.odpi.openmetadata.frameworks.openmetadata.handlers,org.odpi.openmetadata.frameworks.openmetadata.properties.governance.governanceactions,LOW,LOW,UNRELATED or NORMAL
org.odpi.openmetadata.accessservices.governanceprogram.fvt.clientconstructors,org.odpi.openmetadata.frameworks.openmetadata.ffdc,LOW,LOW,UNRELATED or NORMAL
org.odpi.openmetadata.frameworks.openmetadata.ffdc,org.odpi.openmetadata.governanceservers.enginehostservices.client.rest,LOW,LOW,UNRELATED or NORMAL
org.odpi.openmetadata.frameworks.openmetadata.properties,org.odpi.openmetadata.frameworks.openmetadata.properties.connections,LOW,LOW,UNRELATED or NORMAL
org.odpi.openmetadata.frameworks.openmetadata.connectorcontext,org.odpi.openmetadata.frameworks.openmetadata.properties.solutions,LOW,LOW,UNRELATED or NORMAL
org.odpi.openmetadata.frameworks.openmetadata.enums,org.odpi.openmetadata.frameworks.openmetadata.handlers,LOW,LOW,UNRELATED or NORMAL
org.odpi.openmetadata.frameworks.openmetadata.connectorcontext,org.odpi.openmetadata.frameworks.openmetadata.properties.locations,LOW,LOW,UNRELATED or NORMAL
org.odpi.openmetadata.frameworks.integration.contextmanager,org.odpi.openmetadata.frameworks.openmetadata.ffdc,LOW,LOW,UNRELATED or NORMAL
org.odpi.openmetadata.frameworks.openmetadata.connectorcontext,org.odpi.openmetadata.frameworks.openmetadata.properties.projects,LOW,LOW,UNRELATED or NORMAL
org.odpi.openmetadata.adapters.connectors.restclients,org.odpi.openmetadata.adapters.connectors.restclients.ffdc.exceptions,LOW,LOW,UNRELATED or NORMAL
org.odpi.openmetadata.frameworks.openmetadata.properties,org.odpi.openmetadata.frameworks.openmetadata.properties.assets,LOW,LOW,UNRELATED or NORMAL
org.odpi.openmetadata.frameworks.openmetadata.handlers,org.odpi.openmetadata.frameworks.openmetadata.properties.locations,LOW,LOW,UNRELATED or NORMAL
org.odpi.openmetadata.commonservices.generichandlers,org.odpi.openmetadata.frameworks.openmetadata.mapper,LOW,LOW,UNRELATED or NORMAL
org.odpi.openmetadata.frameworks.openmetadata.connectorcontext,org.odpi.openmetadata.frameworks.openmetadata.properties.security,LOW,LOW,UNRELATED or NORMAL
org.odpi.openmetadata.frameworks.openmetadata.connectorcontext,org.odpi.openmetadata.frameworks.openmetadata.properties.externalreferences,LOW,LOW,UNRELATED or NORMAL
org.odpi.openmetadata.adminservices.configuration.registration,org.odpi.openmetadata.governanceservers.integrationdaemonservices.server,LOW,LOW,UNRELATED or NORMAL
org.odpi.openmetadata.frameworks.openmetadata.properties,org.odpi.openmetadata.frameworks.openmetadata.properties.validvalues,LOW,LOW,UNRELATED or NORMAL
org.odpi.openmetadata.adapters.connectors.unitycatalog.sync,org.odpi.openmetadata.frameworks.openmetadata.mapper,LOW,LOW,UNRELATED or NORMAL
org.odpi.openmetadata.frameworks.openmetadata.builders,org.odpi.openmetadata.frameworks.openmetadata.properties.surveyreports,LOW,LOW,UNRELATED or NORMAL
org.odpi.openmetadata.frameworks.openmetadata.properties,org.odpi.openmetadata.frameworks.openmetadata.properties.surveyreports,LOW,LOW,UNRELATED or NORMAL
org.odpi.openmetadata.frameworks.auditlog,org.odpi.openmetadata.frameworks.connectors.client,LOW,LOW,UNRELATED or NORMAL
org.odpi.openmetadata.adapters.connectors.dynamicarchivers,org.odpi.openmetadata.frameworks.connectors,LOW,LOW,UNRELATED or NORMAL
org.odpi.openmetadata.archiveutilities.designmodels.owlcanonicalglossarymodel,org.odpi.openmetadata.repositoryservices.connectors.stores.archivestore.properties,LOW,LOW,UNRELATED or NORMAL
org.odpi.openmetadata.frameworks.opengovernance.client,org.odpi.openmetadata.viewservices.governanceofficer.server,LOW,LOW,UNRELATED or NORMAL
org.odpi.openmetadata.frameworks.openmetadata.mermaid,org.odpi.openmetadata.frameworks.openmetadata.properties.informationsupplychains,LOW,LOW,UNRELATED or NORMAL
org.odpi.openmetadata.adapters.connectors.governanceactions.ffdc,org.odpi.openmetadata.adapters.connectors.governanceactions.remediation,LOW,LOW,UNRELATED or NORMAL
org.odpi.openmetadata.adapters.connectors.postgres.catalog,org.odpi.openmetadata.frameworks.openmetadata.types,LOW,LOW,UNRELATED or NORMAL
org.odpi.openmetadata.adapters.connectors.postgres.ffdc,org.odpi.openmetadata.frameworks.auditlog,LOW,LOW,UNRELATED or NORMAL
org.odpi.openmetadata.frameworks.auditlog,org.odpi.openmetadata.viewservices.glossarymanager.ffdc,LOW,LOW,UNRELATED or NORMAL
org.odpi.openmetadata.frameworks.auditlog,org.odpi.openmetadata.viewservices.feedbackmanager.ffdc,LOW,LOW,UNRELATED or NORMAL
org.odpi.openmetadata.frameworks.auditlog,org.odpi.openmetadata.viewservices.digitalbusiness.ffdc,LOW,LOW,UNRELATED or NORMAL
org.odpi.openmetadata.frameworks.auditlog,org.odpi.openmetadata.viewservices.classificationexplorer.ffdc,LOW,LOW,UNRELATED or NORMAL
org.odpi.openmetadata.frameworks.auditlog,org.odpi.openmetadata.viewservices.actionauthor.ffdc,LOW,LOW,UNRELATED or NORMAL
org.odpi.openmetadata.frameworks.auditlog,org.odpi.openmetadata.viewservices.peopleorganizer.ffdc,LOW,LOW,UNRELATED or NORMAL
org.odpi.openmetadata.frameworks.auditlog,org.odpi.openmetadata.viewservices.runtimemanager.ffdc,LOW,LOW,UNRELATED or NORMAL
org.odpi.openmetadata.frameworks.auditlog,org.odpi.openmetadata.viewservices.connectionmaker.ffdc,LOW,LOW,UNRELATED or NORMAL
org.odpi.openmetadata.frameworks.auditlog,org.odpi.openmetadata.viewservices.securityofficer.ffdc,LOW,LOW,UNRELATED or NORMAL
org.odpi.openmetadata.frameworks.auditlog,org.odpi.openmetadata.viewservices.notificationmanager.ffdc,LOW,LOW,UNRELATED or NORMAL
org.odpi.openmetadata.frameworks.auditlog,org.odpi.openmetadata.viewservices.solutionarchitect.ffdc,LOW,LOW,UNRELATED or NORMAL
org.odpi.openmetadata.frameworks.auditlog,org.odpi.openmetadata.viewservices.dataofficer.ffdc,LOW,LOW,UNRELATED or NORMAL
org.odpi.openmetadata.adapters.connectors.surveyaction.surveyfile,org.odpi.openmetadata.frameworks.opensurvey.controls,LOW,LOW,UNRELATED or NORMAL
org.odpi.openmetadata.frameworks.auditlog,org.odpi.openmetadata.viewservices.metadataexpert.ffdc,LOW,LOW,UNRELATED or NORMAL
org.odpi.openmetadata.frameworks.auditlog,org.odpi.openmetadata.viewservices.validmetadata.ffdc,LOW,LOW,UNRELATED or NORMAL
org.odpi.openmetadata.frameworks.auditlog,org.odpi.openmetadata.viewservices.communitymatters.ffdc,LOW,LOW,UNRELATED or NORMAL
org.odpi.openmetadata.frameworks.auditlog,org.odpi.openmetadata.viewservices.dataengineer.ffdc,LOW,LOW,UNRELATED or NORMAL
org.odpi.openmetadata.frameworks.auditlog,org.odpi.openmetadata.viewservices.timekeeper.ffdc,LOW,LOW,UNRELATED or NORMAL
org.odpi.openmetadata.accessservices.assetmanager.fvt.glossaries,org.odpi.openmetadata.frameworks.openmetadata.properties.glossaries,LOW,LOW,UNRELATED or NORMAL
org.odpi.openmetadata.adapters.connectors.surveyaction.ffdc,org.odpi.openmetadata.frameworks.auditlog,LOW,LOW,UNRELATED or NORMAL
org.odpi.openmetadata.frameworks.auditlog,org.odpi.openmetadata.viewservices.privacyofficer.ffdc,LOW,LOW,UNRELATED or NORMAL
org.odpi.openmetadata.frameworks.auditlog,org.odpi.openmetadata.viewservices.assetcatalog.ffdc,LOW,LOW,UNRELATED or NORMAL
org.odpi.openmetadata.frameworks.auditlog,org.odpi.openmetadata.viewservices.collectionmanager.ffdc,LOW,LOW,UNRELATED or NORMAL
org.odpi.openmetadata.frameworks.auditlog,org.odpi.openmetadata.viewservices.datadiscovery.ffdc,LOW,LOW,UNRELATED or NORMAL
org.odpi.openmetadata.adapters.connectors.restclients.factory,org.odpi.openmetadata.frameworks.connectors,LOW,LOW,UNRELATED or NORMAL
org.odpi.openmetadata.frameworks.auditlog,org.odpi.openmetadata.viewservices.locationarena.ffdc,LOW,LOW,UNRELATED or NORMAL
org.odpi.openmetadata.frameworks.auditlog,org.odpi.openmetadata.viewservices.productcatalog.ffdc,LOW,LOW,UNRELATED or NORMAL
org.odpi.openmetadata.frameworks.auditlog,org.odpi.openmetadata.viewservices.myprofile.ffdc,LOW,LOW,UNRELATED or NORMAL
org.odpi.openmetadata.adminservices.ffdc.exception,org.odpi.openmetadata.frameworks.openmetadata.ffdc,LOW,LOW,UNRELATED or NORMAL
org.odpi.openmetadata.frameworks.auditlog,org.odpi.openmetadata.viewservices.lineagelinker.ffdc,LOW,LOW,UNRELATED or NORMAL
org.odpi.openmetadata.frameworks.auditlog,org.odpi.openmetadata.viewservices.templatemanager.ffdc,LOW,LOW,UNRELATED or NORMAL
org.odpi.openmetadata.frameworks.auditlog,org.odpi.openmetadata.viewservices.governanceofficer.ffdc,LOW,LOW,UNRELATED or NORMAL
org.odpi.openmetadata.frameworks.auditlog,org.odpi.openmetadata.viewservices.actormanager.ffdc,LOW,LOW,UNRELATED or NORMAL
org.odpi.openmetadata.frameworks.auditlog,org.odpi.openmetadata.viewservices.assetmaker.ffdc,LOW,LOW,UNRELATED or NORMAL
org.odpi.openmetadata.frameworks.auditlog,org.odpi.openmetadata.viewservices.externallinks.ffdc,LOW,LOW,UNRELATED or NORMAL
org.odpi.openmetadata.frameworks.auditlog,org.odpi.openmetadata.viewservices.multilanguage.ffdc,LOW,LOW,UNRELATED or NORMAL
org.odpi.openmetadata.frameworks.auditlog,org.odpi.openmetadata.viewservices.projectmanager.ffdc,LOW,LOW,UNRELATED or NORMAL
org.odpi.openmetadata.frameworks.auditlog,org.odpi.openmetadata.viewservices.schemamaker.ffdc,LOW,LOW,UNRELATED or NORMAL
org.odpi.openmetadata.frameworks.auditlog,org.odpi.openmetadata.viewservices.automatedcuration.ffdc,LOW,LOW,UNRELATED or NORMAL
org.odpi.openmetadata.frameworks.auditlog,org.odpi.openmetadata.viewservices.subjectarea.ffdc,LOW,LOW,UNRELATED or NORMAL
org.odpi.openmetadata.adapters.connectors.egeriainfrastructure.platform.catalog,org.odpi.openmetadata.frameworks.openmetadata.properties.implementations,LOW,LOW,UNRELATED or NORMAL
org.odpi.openmetadata.frameworks.auditlog,org.odpi.openmetadata.viewservices.productmanager.ffdc,LOW,LOW,UNRELATED or NORMAL
org.odpi.openmetadata.frameworks.auditlog,org.odpi.openmetadata.viewservices.devopspipeline.ffdc,LOW,LOW,UNRELATED or NORMAL
org.odpi.openmetadata.frameworks.auditlog,org.odpi.openmetadata.viewservices.datadesigner.ffdc,LOW,LOW,UNRELATED or NORMAL
org.odpi.openmetadata.frameworks.auditlog,org.odpi.openmetadata.viewservices.referencedata.ffdc,LOW,LOW,UNRELATED or NORMAL
org.odpi.openmetadata.adapters.connectors.integration.openlineage.ffdc,org.odpi.openmetadata.frameworks.auditlog,LOW,LOW,UNRELATED or NORMAL
org.odpi.openmetadata.repositoryservices.enterprise.connectormanager,org.odpi.openmetadata.repositoryservices.localrepository.repositorycontentmanager,LOW,LOW,UNRELATED or NORMAL
org.odpi.openmetadata.frameworks.connectors.properties.beans,org.odpi.openmetadata.metadatasecurity.server,LOW,LOW,UNRELATED or NORMAL
org.odpi.openmetadata.frameworks.openmetadata.client,org.odpi.openmetadata.frameworks.openmetadata.properties.assets.reports,LOW,LOW,UNRELATED or NORMAL
org.odpi.openmetadata.adapters.connectors.datastore.csvfile,org.odpi.openmetadata.contentpacks.core,LOW,LOW,UNRELATED or NORMAL
org.odpi.openmetadata.commonservices.ffdc.rest,org.odpi.openmetadata.frameworkservices.gaf.server.spring,LOW,LOW,UNRELATED or NORMAL
org.odpi.openmetadata.adapters.connectors.controls,org.odpi.openmetadata.contentpacks.core.postgres,LOW,LOW,UNRELATED or NORMAL
org.odpi.openmetadata.frameworks.openmetadata.ffdc,org.odpi.openmetadata.serveroperations.client,LOW,LOW,UNRELATED or NORMAL
org.odpi.openmetadata.frameworks.openmetadata.controls,org.odpi.openmetadata.samples.archiveutilities.clinicaltrialtemplates,LOW,LOW,UNRELATED or NORMAL
org.odpi.openmetadata.adapters.connectors.apacheatlas.survey.controls,org.odpi.openmetadata.frameworks.openmetadata.types,LOW,LOW,UNRELATED or NORMAL
org.odpi.openmetadata.frameworks.openmetadata.refdata,org.odpi.openmetadata.samples.governanceactions.clinicaltrials.metadata,LOW,LOW,UNRELATED or NORMAL
org.odpi.openmetadata.adapters.connectors.governanceactions.provisioning,org.odpi.openmetadata.frameworks.openmetadata.controls,LOW,LOW,UNRELATED or NORMAL
org.odpi.openmetadata.frameworks.openmetadata.handlers,org.odpi.openmetadata.frameworks.openmetadata.properties.datadictionaries,LOW,LOW,UNRELATED or NORMAL
org.odpi.openmetadata.adapters.connectors.jacquard.productcatalog,org.odpi.openmetadata.contentpacks.core,LOW,LOW,UNRELATED or NORMAL
org.odpi.openmetadata.adapters.connectors.governanceactions.ffdc,org.odpi.openmetadata.adapters.connectors.governanceactions.watchdog,LOW,LOW,UNRELATED or NORMAL
org.odpi.openmetadata.frameworks.auditlog.messagesets,org.odpi.openmetadata.viewservices.subjectarea.ffdc,LOW,LOW,UNRELATED or NORMAL
org.odpi.openmetadata.frameworks.auditlog,org.odpi.openmetadata.viewservices.privacyofficer.admin,LOW,LOW,UNRELATED or NORMAL
org.odpi.openmetadata.adapters.adminservices.configurationstore.file,org.odpi.openmetadata.frameworks.auditlog.messagesets,LOW,LOW,UNRELATED or NORMAL
org.odpi.openmetadata.frameworks.auditlog.messagesets,org.odpi.openmetadata.viewservices.digitalbusiness.ffdc,LOW,LOW,UNRELATED or NORMAL
org.odpi.openmetadata.frameworks.auditlog.messagesets,org.odpi.openmetadata.viewservices.actionauthor.ffdc,LOW,LOW,UNRELATED or NORMAL
org.odpi.openmetadata.frameworks.auditlog.messagesets,org.odpi.openmetadata.metadatasecurity.accessconnector.ffdc,LOW,LOW,UNRELATED or NORMAL
org.odpi.openmetadata.frameworks.auditlog,org.odpi.openmetadata.viewservices.connectionmaker.admin,LOW,LOW,UNRELATED or NORMAL
org.odpi.openmetadata.frameworks.auditlog,org.odpi.openmetadata.viewservices.locationarena.admin,LOW,LOW,UNRELATED or NORMAL
org.odpi.openmetadata.frameworks.auditlog.messagesets,org.odpi.openmetadata.viewservices.runtimemanager.ffdc,LOW,LOW,UNRELATED or NORMAL
org.odpi.openmetadata.frameworks.auditlog.messagesets,org.odpi.openmetadata.viewservices.referencedata.ffdc,LOW,LOW,UNRELATED or NORMAL
org.odpi.openmetadata.frameworks.auditlog,org.odpi.openmetadata.viewservices.runtimemanager.admin,LOW,LOW,UNRELATED or NORMAL
org.odpi.openmetadata.adapters.connectors.surveyaction.ffdc,org.odpi.openmetadata.frameworks.auditlog.messagesets,LOW,LOW,UNRELATED or NORMAL
org.odpi.openmetadata.accessservices.assetowner.fvt.dataassets,org.odpi.openmetadata.frameworks.auditlog,LOW,LOW,UNRELATED or NORMAL
org.odpi.openmetadata.adminservices.configuration.properties,org.odpi.openmetadata.frameworks.auditlog,LOW,LOW,UNRELATED or NORMAL
org.odpi.openmetadata.frameworks.auditlog.messagesets,org.odpi.openmetadata.viewservices.securityofficer.ffdc,LOW,LOW,UNRELATED or NORMAL
org.odpi.openmetadata.frameworks.auditlog,org.odpi.openmetadata.viewservices.collectionmanager.admin,LOW,LOW,UNRELATED or NORMAL
org.odpi.openmetadata.frameworks.openmetadata.enums,org.odpi.openmetadata.frameworks.openmetadata.properties.digitalbusiness,LOW,LOW,UNRELATED or NORMAL
org.odpi.openmetadata.frameworks.auditlog,org.odpi.openmetadata.viewservices.assetmaker.admin,LOW,LOW,UNRELATED or NORMAL
org.odpi.openmetadata.frameworks.auditlog.messagesets,org.odpi.openmetadata.viewservices.solutionarchitect.ffdc,LOW,LOW,UNRELATED or NORMAL
org.odpi.openmetadata.frameworks.auditlog.messagesets,org.odpi.openmetadata.viewservices.peopleorganizer.ffdc,LOW,LOW,UNRELATED or NORMAL
org.odpi.openmetadata.adapters.connectors.reports.ffdc,org.odpi.openmetadata.frameworks.auditlog.messagesets,LOW,LOW,UNRELATED or NORMAL
org.odpi.openmetadata.frameworks.auditlog,org.odpi.openmetadata.viewservices.governanceofficer.admin,LOW,LOW,UNRELATED or NORMAL
org.odpi.openmetadata.frameworks.auditlog.messagesets,org.odpi.openmetadata.viewservices.validmetadata.ffdc,LOW,LOW,UNRELATED or NORMAL
org.odpi.openmetadata.frameworks.auditlog,org.odpi.openmetadata.viewservices.datadesigner.admin,LOW,LOW,UNRELATED or NORMAL
org.odpi.openmetadata.repositoryservices.archiveutilities,org.odpi.openmetadata.repositoryservices.connectors.stores.metadatacollectionstore.utilities,LOW,LOW,UNRELATED or NORMAL
org.odpi.openmetadata.frameworks.auditlog,org.odpi.openmetadata.viewservices.automatedcuration.admin,LOW,LOW,UNRELATED or NORMAL
org.odpi.openmetadata.frameworks.auditlog,org.odpi.openmetadata.viewservices.referencedata.admin,LOW,LOW,UNRELATED or NORMAL
org.odpi.openmetadata.adapters.repositoryservices,org.odpi.openmetadata.frameworks.auditlog.messagesets,LOW,LOW,UNRELATED or NORMAL
org.odpi.openmetadata.frameworks.auditlog,org.odpi.openmetadata.viewservices.lineagelinker.admin,LOW,LOW,UNRELATED or NORMAL
org.odpi.openmetadata.frameworks.auditlog,org.odpi.openmetadata.viewservices.actionauthor.admin,LOW,LOW,UNRELATED or NORMAL
org.odpi.openmetadata.frameworks.auditlog.messagesets,org.odpi.openmetadata.viewservices.notificationmanager.ffdc,LOW,LOW,UNRELATED or NORMAL
org.odpi.openmetadata.frameworks.auditlog,org.odpi.openmetadata.viewservices.timekeeper.admin,LOW,LOW,UNRELATED or NORMAL
org.odpi.openmetadata.governanceservers.integrationdaemonservices.handlers,org.odpi.openmetadata.governanceservers.integrationdaemonservices.listener,LOW,LOW,UNRELATED or NORMAL
org.odpi.openmetadata.frameworks.auditlog.messagesets,org.odpi.openmetadata.tokencontroller.ffdc,LOW,LOW,UNRELATED or NORMAL
org.odpi.openmetadata.frameworks.auditlog.messagesets,org.odpi.openmetadata.viewservices.dataofficer.ffdc,LOW,LOW,UNRELATED or NORMAL
org.odpi.openmetadata.frameworks.auditlog.messagesets,org.odpi.openmetadata.viewservices.datadiscovery.ffdc,LOW,LOW,UNRELATED or NORMAL
org.odpi.openmetadata.frameworks.auditlog,org.odpi.openmetadata.viewservices.datadiscovery.admin,LOW,LOW,UNRELATED or NORMAL
org.odpi.openmetadata.frameworks.auditlog.messagesets,org.odpi.openmetadata.viewservices.locationarena.ffdc,LOW,LOW,UNRELATED or NORMAL
org.odpi.openmetadata.frameworks.auditlog,org.odpi.openmetadata.viewservices.projectmanager.admin,LOW,LOW,UNRELATED or NORMAL
org.odpi.openmetadata.frameworks.auditlog.messagesets,org.odpi.openmetadata.viewservices.communitymatters.ffdc,LOW,LOW,UNRELATED or NORMAL
org.odpi.openmetadata.frameworks.auditlog.messagesets,org.odpi.openmetadata.viewservices.dataengineer.ffdc,LOW,LOW,UNRELATED or NORMAL
org.odpi.openmetadata.frameworks.auditlog.messagesets,org.odpi.openmetadata.viewservices.timekeeper.ffdc,LOW,LOW,UNRELATED or NORMAL
org.odpi.openmetadata.frameworks.auditlog.messagesets,org.odpi.openmetadata.metadataobservability.ffdc,LOW,LOW,UNRELATED or NORMAL
org.odpi.openmetadata.adapters.connectors.jacquard.productcatalog,org.odpi.openmetadata.frameworks.connectors,LOW,LOW,UNRELATED or NORMAL
org.odpi.openmetadata.frameworks.auditlog,org.odpi.openmetadata.viewservices.myprofile.admin,LOW,LOW,UNRELATED or NORMAL
org.odpi.openmetadata.frameworks.auditlog,org.odpi.openmetadata.viewservices.feedbackmanager.admin,LOW,LOW,UNRELATED or NORMAL
org.odpi.openmetadata.adapters.connectors.restclients.ffdc,org.odpi.openmetadata.frameworks.auditlog.messagesets,LOW,LOW,UNRELATED or NORMAL
org.odpi.openmetadata.frameworks.auditlog.messagesets,org.odpi.openmetadata.viewservices.privacyofficer.ffdc,LOW,LOW,UNRELATED or NORMAL
org.odpi.openmetadata.frameworks.auditlog,org.odpi.openmetadata.frameworkservices.gaf.outtopic,LOW,LOW,UNRELATED or NORMAL
org.odpi.openmetadata.frameworks.auditlog,org.odpi.openmetadata.viewservices.dataofficer.admin,LOW,LOW,UNRELATED or NORMAL
org.odpi.openmetadata.frameworks.auditlog.messagesets,org.odpi.openmetadata.viewservices.assetcatalog.ffdc,LOW,LOW,UNRELATED or NORMAL
org.odpi.openmetadata.frameworks.auditlog,org.odpi.openmetadata.viewservices.multilanguage.admin,LOW,LOW,UNRELATED or NORMAL
org.odpi.openmetadata.frameworks.auditlog,org.odpi.openmetadata.viewservices.validmetadata.admin,LOW,LOW,UNRELATED or NORMAL
org.odpi.openmetadata.frameworks.auditlog.messagesets,org.odpi.openmetadata.viewservices.collectionmanager.ffdc,LOW,LOW,UNRELATED or NORMAL
org.odpi.openmetadata.adapters.connectors.baudot.ffdc,org.odpi.openmetadata.frameworks.auditlog.messagesets,LOW,LOW,UNRELATED or NORMAL
org.odpi.openmetadata.frameworks.auditlog.messagesets,org.odpi.openmetadata.viewservices.templatemanager.ffdc,LOW,LOW,UNRELATED or NORMAL
org.odpi.openmetadata.frameworks.auditlog,org.odpi.openmetadata.frameworkservices.omf.outtopic,LOW,LOW,UNRELATED or NORMAL
org.odpi.openmetadata.frameworks.auditlog,org.odpi.openmetadata.viewservices.securityofficer.admin,LOW,LOW,UNRELATED or NORMAL
org.odpi.openmetadata.frameworks.openmetadata.connectorcontext,org.odpi.openmetadata.frameworks.openmetadata.properties.assets.processes.actions,LOW,LOW,UNRELATED or NORMAL
org.odpi.openmetadata.frameworks.auditlog.messagesets,org.odpi.openmetadata.viewservices.productcatalog.ffdc,LOW,LOW,UNRELATED or NORMAL
org.odpi.openmetadata.adapters.connectors.datastore.datafolder.ffdc,org.odpi.openmetadata.frameworks.auditlog.messagesets,LOW,LOW,UNRELATED or NORMAL
org.odpi.openmetadata.adapters.repositoryservices.readonly.repositoryconnector,org.odpi.openmetadata.repositoryservices.connectors.stores.metadatacollectionstore.repositoryconnector,LOW,LOW,UNRELATED or NORMAL
org.odpi.openmetadata.frameworks.auditlog,org.odpi.openmetadata.viewservices.communitymatters.admin,LOW,LOW,UNRELATED or NORMAL
org.odpi.openmetadata.adapters.repositoryservices.cohortregistrystore.file.ffdc,org.odpi.openmetadata.frameworks.auditlog.messagesets,LOW,LOW,UNRELATED or NORMAL
org.odpi.openmetadata.frameworks.auditlog,org.odpi.openmetadata.viewservices.templatemanager.admin,LOW,LOW,UNRELATED or NORMAL
org.odpi.openmetadata.frameworks.auditlog.messagesets,org.odpi.openmetadata.viewservices.multilanguage.ffdc,LOW,LOW,UNRELATED or NORMAL
org.odpi.openmetadata.frameworks.auditlog,org.odpi.openmetadata.viewservices.devopspipeline.admin,LOW,LOW,UNRELATED or NORMAL
org.odpi.openmetadata.frameworks.auditlog.messagesets,org.odpi.openmetadata.viewservices.automatedcuration.ffdc,LOW,LOW,UNRELATED or NORMAL
org.odpi.openmetadata.adapters.connectors.datastore.basicfile.ffdc,org.odpi.openmetadata.frameworks.auditlog.messagesets,LOW,LOW,UNRELATED or NORMAL
org.odpi.openmetadata.frameworks.auditlog,org.odpi.openmetadata.viewservices.assetcatalog.admin,LOW,LOW,UNRELATED or NORMAL
org.odpi.openmetadata.frameworks.auditlog,org.odpi.openmetadata.viewservices.solutionarchitect.admin,LOW,LOW,UNRELATED or NORMAL
org.odpi.openmetadata.frameworks.auditlog,org.odpi.openmetadata.viewservices.classificationexplorer.admin,LOW,LOW,UNRELATED or NORMAL
org.odpi.openmetadata.frameworks.auditlog,org.odpi.openmetadata.viewservices.metadataexpert.admin,LOW,LOW,UNRELATED or NORMAL
org.odpi.openmetadata.frameworks.auditlog,org.odpi.openmetadata.viewservices.dataengineer.admin,LOW,LOW,UNRELATED or NORMAL
org.odpi.openmetadata.frameworks.auditlog,org.odpi.openmetadata.viewservices.schemamaker.admin,LOW,LOW,UNRELATED or NORMAL
org.odpi.openmetadata.frameworks.auditlog,org.odpi.openmetadata.viewservices.productcatalog.admin,LOW,LOW,UNRELATED or NORMAL
org.odpi.openmetadata.frameworks.auditlog.messagesets,org.odpi.openmetadata.viewservices.productmanager.ffdc,LOW,LOW,UNRELATED or NORMAL
org.odpi.openmetadata.frameworks.auditlog,org.odpi.openmetadata.viewservices.externallinks.admin,LOW,LOW,UNRELATED or NORMAL
org.odpi.openmetadata.frameworks.auditlog,org.odpi.openmetadata.viewservices.actormanager.admin,LOW,LOW,UNRELATED or NORMAL
org.odpi.openmetadata.frameworks.auditlog.messagesets,org.odpi.openmetadata.viewservices.devopspipeline.ffdc,LOW,LOW,UNRELATED or NORMAL
org.odpi.openmetadata.frameworks.auditlog.messagesets,org.odpi.openmetadata.viewservices.datadesigner.ffdc,LOW,LOW,UNRELATED or NORMAL
org.odpi.openmetadata.frameworks.auditlog,org.odpi.openmetadata.viewservices.peopleorganizer.admin,LOW,LOW,UNRELATED or NORMAL
org.odpi.openmetadata.frameworks.auditlog,org.odpi.openmetadata.viewservices.productmanager.admin,LOW,LOW,UNRELATED or NORMAL
org.odpi.openmetadata.frameworks.auditlog,org.odpi.openmetadata.viewservices.glossarymanager.admin,LOW,LOW,UNRELATED or NORMAL
org.odpi.openmetadata.frameworks.auditlog,org.odpi.openmetadata.viewservices.subjectarea.admin,LOW,LOW,UNRELATED or NORMAL
org.odpi.openmetadata.frameworks.auditlog.messagesets,org.odpi.openmetadata.viewservices.projectmanager.ffdc,LOW,LOW,UNRELATED or NORMAL
org.odpi.openmetadata.frameworks.auditlog,org.odpi.openmetadata.viewservices.notificationmanager.admin,LOW,LOW,UNRELATED or NORMAL
org.odpi.openmetadata.frameworks.auditlog,org.odpi.openmetadata.viewservices.digitalbusiness.admin,LOW,LOW,UNRELATED or NORMAL
org.odpi.openmetadata.frameworks.auditlog.messagesets,org.odpi.openmetadata.viewservices.glossarymanager.ffdc,LOW,LOW,UNRELATED or NORMAL
org.odpi.openmetadata.adapters.connectors.apachekafka.resource,org.odpi.openmetadata.adapters.connectors.apachekafka.survey,LOW,LOW,UNRELATED or NORMAL
org.odpi.openmetadata.frameworks.connectors.ffdc,org.odpi.openmetadata.frameworkservices.omf.connectors.outtopic,LOW,LOW,UNRELATED or NORMAL
org.odpi.openmetadata.adapters.connectors.datastore.basicfile,org.odpi.openmetadata.adapters.connectors.surveyaction.surveyfile,LOW,LOW,UNRELATED or NORMAL
org.odpi.openmetadata.frameworks.connectors.ffdc,org.odpi.openmetadata.frameworkservices.gaf.connectors.outtopic,LOW,LOW,UNRELATED or NORMAL
org.odpi.openmetadata.adapters.repositoryservices.auditlogstore.postgres,org.odpi.openmetadata.repositoryservices.ffdc.exception,LOW,LOW,UNRELATED or NORMAL
org.odpi.openmetadata.adapters.connectors.integration.jdbc.transfer.requests,org.odpi.openmetadata.frameworks.openmetadata.properties.schema,LOW,LOW,UNRELATED or NORMAL
org.odpi.openmetadata.adapters.repositoryservices.cohortregistrystore.file,org.odpi.openmetadata.frameworks.connectors.properties.beans,LOW,LOW,UNRELATED or NORMAL
org.odpi.openmetadata.adapters.connectors.restclients,org.odpi.openmetadata.conformance.client,LOW,LOW,UNRELATED or NORMAL
org.odpi.openmetadata.adapters.connectors.restclients,org.odpi.openmetadata.adminservices.client.rest,LOW,LOW,UNRELATED or NORMAL
org.odpi.openmetadata.adminservices.configuration.properties,org.odpi.openmetadata.governanceservers.enginehostservices.properties,LOW,LOW,UNRELATED or NORMAL
org.odpi.openmetadata.repositoryservices.connectors.stores.metadatacollectionstore.repositoryconnector,org.odpi.openmetadata.repositoryservices.enterprise.repositoryconnector.executors,LOW,LOW,UNRELATED or NORMAL
org.odpi.openmetadata.commonservices.ffdc.rest,org.odpi.openmetadata.viewservices.automatedcuration.server.spring,LOW,LOW,UNRELATED or NORMAL
org.odpi.openmetadata.repositoryservices.clients,org.odpi.openmetadata.repositoryservices.connectors.stores.metadatacollectionstore.properties,LOW,LOW,UNRELATED or NORMAL
org.odpi.openmetadata.accessservices.digitalarchitecture.fvt.connections,org.odpi.openmetadata.frameworks.openmetadata.metadataelements,LOW,LOW,UNRELATED or NORMAL
org.odpi.openmetadata.commonservices.ffdc.rest,org.odpi.openmetadata.viewservices.templatemanager.server.spring,LOW,LOW,UNRELATED or NORMAL
org.odpi.openmetadata.accessservices.communityprofile.fvt.metadatasources,org.odpi.openmetadata.frameworks.openmetadata.metadataelements,LOW,LOW,UNRELATED or NORMAL
org.odpi.openmetadata.adminservices.registration,org.odpi.openmetadata.adminservices.server,LOW,LOW,UNRELATED or NORMAL
org.odpi.openmetadata.accessservices.assetmanager.fvt.common,org.odpi.openmetadata.accessservices.assetmanager.fvt.glossaries,LOW,LOW,UNRELATED or NORMAL
org.odpi.openmetadata.adapters.connectors.resource.jdbc,org.odpi.openmetadata.contentpacks.core,LOW,LOW,UNRELATED or NORMAL
org.odpi.openmetadata.adapters.connectors.egeriainfrastructure.extractor,org.odpi.openmetadata.governanceservers.integrationdaemonservices.properties,LOW,LOW,UNRELATED or NORMAL
org.odpi.openmetadata.adapters.connectors.apacheatlas.integration.modules,org.odpi.openmetadata.frameworks.openmetadata.properties.validvalues,LOW,LOW,UNRELATED or NORMAL
org.odpi.openmetadata.frameworks.integration.contextmanager,org.odpi.openmetadata.governanceservers.integrationdaemonservices.handlers,LOW,LOW,UNRELATED or NORMAL
org.odpi.openmetadata.adapters.connectors.egeriainfrastructure.platform.catalog,org.odpi.openmetadata.frameworks.openmetadata.properties.lineage,LOW,LOW,UNRELATED or NORMAL
org.odpi.openmetadata.adapters.connectors.postgres.catalog,org.odpi.openmetadata.frameworks.openmetadata.ffdc,LOW,LOW,UNRELATED or NORMAL
org.odpi.openmetadata.accessservices.communityprofile.fvt.profiles,org.odpi.openmetadata.adminservices.configuration.registration,LOW,LOW,UNRELATED or NORMAL
org.odpi.openmetadata.adapters.connectors,org.odpi.openmetadata.adapters.connectors.unitycatalog.survey,LOW,LOW,UNRELATED or NORMAL
org.odpi.openmetadata.repositoryservices.connectors.stores.metadatacollectionstore.properties,org.odpi.openmetadata.repositoryservices.connectors.stores.metadatacollectionstore.repositoryconnector,LOW,LOW,UNRELATED or NORMAL
org.odpi.openmetadata.engineservices.repositorygovernance.handlers,org.odpi.openmetadata.frameworkservices.gaf.client,LOW,LOW,UNRELATED or NORMAL
org.odpi.openmetadata.frameworks.connectors.properties.beans,org.odpi.openmetadata.frameworkservices.omf.admin,LOW,LOW,UNRELATED or NORMAL
org.odpi.openmetadata.frameworks.connectors.properties.beans,org.odpi.openmetadata.frameworks.openmetadata.properties,LOW,LOW,UNRELATED or NORMAL
org.odpi.openmetadata.adapters.connectors,org.odpi.openmetadata.adapters.connectors.egeriainfrastructure.platform.catalog,LOW,LOW,UNRELATED or NORMAL
org.odpi.openmetadata.adapters.connectors.unitycatalog.survey,org.odpi.openmetadata.frameworks.openmetadata.types,LOW,LOW,UNRELATED or NORMAL
org.odpi.openmetadata.frameworks.openmetadata.handlers,org.odpi.openmetadata.frameworks.openmetadata.properties.assets.reports,LOW,LOW,UNRELATED or NORMAL
org.odpi.openmetadata.frameworks.openmetadata.ffdc,org.odpi.openmetadata.frameworkservices.omf.converters,LOW,LOW,UNRELATED or NORMAL
org.odpi.openmetadata.frameworks.openmetadata.properties.glossaries,org.odpi.openmetadata.frameworks.openmetadata.types,LOW,LOW,UNRELATED or NORMAL
org.odpi.openmetadata.adapters.connectors.integration.kafkaaudit,org.odpi.openmetadata.adapters.connectors.integration.kafkaaudit.controls,LOW,LOW,UNRELATED or NORMAL
org.odpi.openmetadata.frameworks.auditlog.messagesets,org.odpi.openmetadata.frameworks.openwatchdog,LOW,LOW,UNRELATED or NORMAL
org.odpi.openmetadata.adapters.connectors.postgres.tabulardatasource,org.odpi.openmetadata.contentpacks.core.postgres,LOW,LOW,UNRELATED or NORMAL
org.odpi.openmetadata.adapters.connectors.governanceactions.stewardship,org.odpi.openmetadata.frameworks.openmetadata.metadataelements,LOW,LOW,UNRELATED or NORMAL
org.odpi.openmetadata.accessservices.governanceprogram.samples.leadership,org.odpi.openmetadata.frameworks.openmetadata.properties,LOW,LOW,UNRELATED or NORMAL
org.odpi.openmetadata.adminservices.configuration.properties,org.odpi.openmetadata.conformance.workbenches.repository,LOW,LOW,UNRELATED or NORMAL
org.odpi.openmetadata.adapters.connectors.organizationinsight.karmapoints,org.odpi.openmetadata.frameworks.openwatchdog.controls,LOW,LOW,UNRELATED or NORMAL
org.odpi.openmetadata.adapters.connectors.baudot,org.odpi.openmetadata.frameworks.auditlog,LOW,LOW,UNRELATED or NORMAL
org.odpi.openmetadata.adapters.connectors.postgres.survey,org.odpi.openmetadata.frameworks.openmetadata.definitions,LOW,LOW,UNRELATED or NORMAL
org.odpi.openmetadata.adapters.connectors.postgres.survey,org.odpi.openmetadata.contentpacks.core,LOW,LOW,UNRELATED or NORMAL
org.odpi.openmetadata.adapters.connectors.datastore.basicfile,org.odpi.openmetadata.frameworks.openmetadata.definitions,LOW,LOW,UNRELATED or NORMAL
org.odpi.openmetadata.repositoryservices.connectors.stores.metadatacollectionstore.properties.instances,org.odpi.openmetadata.samples.archiveutilities.clinicaltrialtemplates,LOW,LOW,UNRELATED or NORMAL
org.odpi.openmetadata.frameworks.openmetadata.properties,org.odpi.openmetadata.samples.archiveutilities,LOW,LOW,UNRELATED or NORMAL
org.odpi.openmetadata.governanceservers.integrationdaemonservices.rest,org.odpi.openmetadata.viewservices.runtimemanager.server,LOW,LOW,UNRELATED or NORMAL
org.odpi.openmetadata.adapters.connectors.unitycatalog.sync,org.odpi.openmetadata.contentpacks.core.unitycatalog,LOW,LOW,UNRELATED or NORMAL
org.odpi.openmetadata.governanceservers.enginehostservices.listener,org.odpi.openmetadata.governanceservers.enginehostservices.threads,LOW,LOW,UNRELATED or NORMAL
org.odpi.openmetadata.adapters.repositoryservices.postgres.repositoryconnector,org.odpi.openmetadata.frameworks.auditlog,LOW,LOW,UNRELATED or NORMAL
org.odpi.openmetadata.adapters.connectors.apacheatlas.controls,org.odpi.openmetadata.adapters.connectors.apacheatlas.resource,LOW,LOW,UNRELATED or NORMAL
org.odpi.openmetadata.adapters.connectors.postgres.tabulardatasource,org.odpi.openmetadata.frameworks.openmetadata.definitions,LOW,LOW,UNRELATED or NORMAL
org.odpi.openmetadata.adapters.connectors.postgres.tabulardatasource,org.odpi.openmetadata.contentpacks.core,LOW,LOW,UNRELATED or NORMAL
org.odpi.openmetadata.adapters.connectors.unitycatalog.sync,org.odpi.openmetadata.frameworks.openmetadata.definitions,LOW,LOW,UNRELATED or NORMAL
org.odpi.openmetadata.adapters.connectors.surveyaction.controls,org.odpi.openmetadata.adapters.connectors.surveyaction.surveyfolder,LOW,LOW,UNRELATED or NORMAL
org.odpi.openmetadata.adapters.connectors.apacheatlas.integration,org.odpi.openmetadata.frameworks.integration.context,LOW,LOW,UNRELATED or NORMAL
org.odpi.openmetadata.adapters.connectors.babbage,org.odpi.openmetadata.frameworks.integration.context,LOW,LOW,UNRELATED or NORMAL
org.odpi.openmetadata.adapters.connectors.subscriptions,org.odpi.openmetadata.contentpacks.core,LOW,LOW,UNRELATED or NORMAL
org.odpi.openmetadata.adapters.connectors.governanceactions.provisioning,org.odpi.openmetadata.contentpacks.core,LOW,LOW,UNRELATED or NORMAL
org.odpi.openmetadata.frameworkservices.gaf.rest,org.odpi.openmetadata.viewservices.automatedcuration.server.spring,LOW,LOW,UNRELATED or NORMAL
org.odpi.openmetadata.adapters.connectors.egeriainfrastructure.properties,org.odpi.openmetadata.serveroperations.properties,LOW,LOW,UNRELATED or NORMAL
org.odpi.openmetadata.commonservices.ffdc.rest,org.odpi.openmetadata.governanceservers.enginehostservices.server,LOW,LOW,UNRELATED or NORMAL
org.odpi.openmetadata.frameworks.integration.context,org.odpi.openmetadata.governanceservers.integrationdaemonservices.handlers,LOW,LOW,UNRELATED or NORMAL
org.odpi.openmetadata.adapters.connectors.reports,org.odpi.openmetadata.frameworks.openmetadata.refdata,LOW,LOW,UNRELATED or NORMAL
org.odpi.openmetadata.adapters.connectors.controls,org.odpi.openmetadata.frameworks.openmetadata.controls,LOW,LOW,UNRELATED or NORMAL
org.odpi.openmetadata.governanceservers.integrationdaemonservices.ffdc,org.odpi.openmetadata.governanceservers.integrationdaemonservices.threads,LOW,LOW,UNRELATED or NORMAL
org.odpi.openmetadata.conformance.ffdc,org.odpi.openmetadata.conformance.tests.repository.instances,LOW,LOW,UNRELATED or NORMAL
org.odpi.openmetadata.frameworks.openmetadata.types,org.odpi.openmetadata.samples.archiveutilities.organization,LOW,LOW,UNRELATED or NORMAL
org.odpi.openmetadata.frameworks.openmetadata.properties,org.odpi.openmetadata.frameworks.openmetadata.properties.governance,LOW,LOW,UNRELATED or NORMAL
org.odpi.openmetadata.adapters.connectors.jacquard,org.odpi.openmetadata.frameworks.openmetadata.refdata,LOW,LOW,UNRELATED or NORMAL
org.odpi.openmetadata.adapters.connectors.datastore.csvfile,org.odpi.openmetadata.adapters.connectors.datastore.csvfile.ffdc,LOW,LOW,UNRELATED or NORMAL
org.odpi.openmetadata.accessservices.datamanager.fvt.events,org.odpi.openmetadata.frameworks.openmetadata.properties.assets.topics,LOW,LOW,UNRELATED or NORMAL
org.odpi.openmetadata.frameworkservices.gaf.client,org.odpi.openmetadata.frameworkservices.omf.rest,LOW,LOW,UNRELATED or NORMAL
org.odpi.openmetadata.adapters.connectors.jacquard,org.odpi.openmetadata.frameworks.openmetadata.properties.feedback,LOW,LOW,UNRELATED or NORMAL
org.odpi.openmetadata.frameworks.openmetadata.enums,org.odpi.openmetadata.governanceservers.enginehostservices.admin,LOW,LOW,UNRELATED or NORMAL
org.odpi.openmetadata.frameworks.connectors.ffdc,org.odpi.openmetadata.repositoryservices.enterprise.connectormanager,LOW,LOW,UNRELATED or NORMAL
org.odpi.openmetadata.adminservices.server,org.odpi.openmetadata.platformservices.server,LOW,LOW,UNRELATED or NORMAL
org.odpi.openmetadata.frameworks.integration.properties,org.odpi.openmetadata.frameworks.opengovernance.properties,LOW,LOW,UNRELATED or NORMAL
org.odpi.openmetadata.accessservices.stewardshipaction.fvt.duplicateprocessing,org.odpi.openmetadata.fvt.utilities.exceptions,LOW,LOW,UNRELATED or NORMAL
org.odpi.openmetadata.frameworkservices.gaf.client,org.odpi.openmetadata.governanceservers.integrationdaemonservices.server,LOW,LOW,UNRELATED or NORMAL
org.odpi.openmetadata.adminservices.classifier,org.odpi.openmetadata.serveroperations.server,LOW,LOW,UNRELATED or NORMAL
org.odpi.openmetadata.adapters.eventbus.topic.inmemory,org.odpi.openmetadata.repositoryservices.connectors.openmetadatatopic,LOW,LOW,UNRELATED or NORMAL
org.odpi.openmetadata.frameworks.openmetadata.search,org.odpi.openmetadata.governanceservers.enginehostservices.listener,LOW,LOW,UNRELATED or NORMAL
org.odpi.openmetadata.adapters.connectors.unitycatalog.sync,org.odpi.openmetadata.frameworks.openmetadata.properties.propertyfacets,LOW,LOW,UNRELATED or NORMAL
org.odpi.openmetadata.commonservices.ffdc.rest,org.odpi.openmetadata.frameworkservices.gaf.client.rest,LOW,LOW,UNRELATED or NORMAL
org.odpi.openmetadata.viewservices.assetcatalog.server,org.odpi.openmetadata.viewservices.assetcatalog.server.spring,LOW,LOW,UNRELATED or NORMAL
org.odpi.openmetadata.adminservices.samples.configure,org.odpi.openmetadata.frameworks.connectors.properties.beans,LOW,LOW,UNRELATED or NORMAL
org.odpi.openmetadata.frameworks.connectors.ffdc,org.odpi.openmetadata.repositoryservices.connectors.omrstopic,LOW,LOW,UNRELATED or NORMAL
org.odpi.openmetadata.frameworks.openmetadata.search,org.odpi.openmetadata.viewservices.externallinks.server,LOW,LOW,UNRELATED or NORMAL
org.odpi.openmetadata.commonservices.ffdc,org.odpi.openmetadata.viewservices.automatedcuration.handlers,LOW,LOW,UNRELATED or NORMAL
org.odpi.openmetadata.commonservices.ffdc.rest,org.odpi.openmetadata.userauthn,LOW,LOW,UNRELATED or NORMAL
org.odpi.openmetadata.adapters.connectors.egeriainfrastructure.platform.catalog,org.odpi.openmetadata.governanceservers.enginehostservices.properties,LOW,LOW,UNRELATED or NORMAL
org.odpi.openmetadata.conformance.beans,org.odpi.openmetadata.conformance.client,LOW,LOW,UNRELATED or NORMAL
org.odpi.openmetadata.accessservices.governanceprogram.samples.subjectareas,org.odpi.openmetadata.frameworks.openmetadata.handlers,LOW,LOW,UNRELATED or NORMAL
org.odpi.openmetadata.repositoryservices.enterprise.connectormanager,org.odpi.openmetadata.repositoryservices.metadatahighway,LOW,LOW,UNRELATED or NORMAL
org.odpi.openmetadata.adapters.connectors.datastore.csvfile.ffdc,org.odpi.openmetadata.frameworks.auditlog,LOW,LOW,UNRELATED or NORMAL
org.odpi.openmetadata.adapters.connectors.integration.kafkaaudit.ffdc,org.odpi.openmetadata.frameworks.auditlog,LOW,LOW,UNRELATED or NORMAL
org.odpi.openmetadata.adapters.connectors.apachekafka.integration,org.odpi.openmetadata.frameworks.connectors.ffdc,LOW,LOW,UNRELATED or NORMAL
org.odpi.openmetadata.commonservices.multitenant,org.odpi.openmetadata.repositoryservices.connectors.stores.metadatacollectionstore,LOW,LOW,UNRELATED or NORMAL
org.odpi.openmetadata.adapters.connectors.apachekafka.survey.ffdc,org.odpi.openmetadata.frameworks.auditlog,LOW,LOW,UNRELATED or NORMAL
org.odpi.openmetadata.frameworks.openmetadata.properties,org.odpi.openmetadata.viewservices.automatedcuration.converters,LOW,LOW,UNRELATED or NORMAL
org.odpi.openmetadata.adapters.connectors.dynamicarchivers.ffdc,org.odpi.openmetadata.frameworks.auditlog,LOW,LOW,UNRELATED or NORMAL
org.odpi.openmetadata.adapters.connectors.apachekafka.resource.ffdc,org.odpi.openmetadata.frameworks.auditlog,LOW,LOW,UNRELATED or NORMAL
org.odpi.openmetadata.adapters.connectors.jacquard.tabulardatasets.ffdc,org.odpi.openmetadata.frameworks.auditlog,LOW,LOW,UNRELATED or NORMAL
org.odpi.openmetadata.frameworks.auditlog,org.odpi.openmetadata.metadatasecurity.accessconnector.ffdc,LOW,LOW,UNRELATED or NORMAL
org.odpi.openmetadata.adapters.connectors.integration.basicfiles,org.odpi.openmetadata.adapters.connectors.secretsstore.yaml,LOW,LOW,UNRELATED or NORMAL
org.odpi.openmetadata.frameworkservices.omf.rest,org.odpi.openmetadata.viewservices.classificationexplorer.server,LOW,LOW,UNRELATED or NORMAL
org.odpi.openmetadata.adapters.connectors.integration.openlineage,org.odpi.openmetadata.frameworks.openmetadata.properties.assets.processes,LOW,LOW,UNRELATED or NORMAL
org.odpi.openmetadata.repositoryservices.enterprise.repositoryconnector,org.odpi.openmetadata.repositoryservices.localrepository.repositorycontentmanager,LOW,LOW,UNRELATED or NORMAL
org.odpi.openmetadata.repositoryservices.archivemanager,org.odpi.openmetadata.repositoryservices.connectors.stores.archivestore,LOW,LOW,UNRELATED or NORMAL
org.odpi.openmetadata.adapters.connectors.datastore.csvfile,org.odpi.openmetadata.adapters.connectors.integration.csvlineageimporter,LOW,LOW,UNRELATED or NORMAL
org.odpi.openmetadata.frameworks.openmetadata.properties.actors,org.odpi.openmetadata.viewservices.myprofile.server,LOW,LOW,UNRELATED or NORMAL
org.odpi.openmetadata.adapters.connectors.datastore.csvfile.controls,org.odpi.openmetadata.frameworks.openmetadata.controls,LOW,LOW,UNRELATED or NORMAL
org.odpi.openmetadata.adapters.repositoryservices.readonly.repositoryconnector,org.odpi.openmetadata.frameworks.openmetadata.ffdc,LOW,LOW,UNRELATED or NORMAL
org.odpi.openmetadata.contentpacks.core.files,org.odpi.openmetadata.frameworks.openmetadata.types,LOW,LOW,UNRELATED or NORMAL
org.odpi.openmetadata.adapters.connectors.governanceactions.stewardship,org.odpi.openmetadata.frameworks.opengovernance.controls,LOW,LOW,UNRELATED or NORMAL
org.odpi.openmetadata.frameworks.connectors.client,org.odpi.openmetadata.frameworks.integration.context,LOW,LOW,UNRELATED or NORMAL
org.odpi.openmetadata.frameworkservices.gaf.client,org.odpi.openmetadata.frameworkservices.ocf.metadatamanagement.client,LOW,LOW,UNRELATED or NORMAL
org.odpi.openmetadata.frameworks.connectors,org.odpi.openmetadata.frameworks.openwatchdog,LOW,LOW,UNRELATED or NORMAL
org.odpi.openmetadata.repositoryservices.connectors.stores.metadatacollectionstore.properties.typedefs,org.odpi.openmetadata.repositoryservices.enterprise.repositoryconnector.executors,LOW,LOW,UNRELATED or NORMAL
org.odpi.openmetadata.governanceservers.enginehostservices.enginemap,org.odpi.openmetadata.governanceservers.enginehostservices.listener,LOW,LOW,UNRELATED or NORMAL
org.odpi.openmetadata.viewservices.runtimemanager.admin,org.odpi.openmetadata.viewservices.runtimemanager.ffdc,LOW,LOW,UNRELATED or NORMAL
org.odpi.openmetadata.viewservices.securityofficer.admin,org.odpi.openmetadata.viewservices.securityofficer.ffdc,LOW,LOW,UNRELATED or NORMAL
org.odpi.openmetadata.viewservices.solutionarchitect.admin,org.odpi.openmetadata.viewservices.solutionarchitect.ffdc,LOW,LOW,UNRELATED or NORMAL
org.odpi.openmetadata.adapters.connectors.egeriainfrastructure.control,org.odpi.openmetadata.frameworks.connectors.controls,LOW,LOW,UNRELATED or NORMAL
org.odpi.openmetadata.viewservices.feedbackmanager.admin,org.odpi.openmetadata.viewservices.feedbackmanager.ffdc,LOW,LOW,UNRELATED or NORMAL
org.odpi.openmetadata.viewservices.assetcatalog.admin,org.odpi.openmetadata.viewservices.assetcatalog.ffdc,LOW,LOW,UNRELATED or NORMAL
org.odpi.openmetadata.conformance.ffdc,org.odpi.openmetadata.conformance.workbenches.repository,LOW,LOW,UNRELATED or NORMAL
org.odpi.openmetadata.viewservices.assetmaker.admin,org.odpi.openmetadata.viewservices.assetmaker.ffdc,LOW,LOW,UNRELATED or NORMAL
org.odpi.openmetadata.viewservices.glossarymanager.admin,org.odpi.openmetadata.viewservices.glossarymanager.ffdc,LOW,LOW,UNRELATED or NORMAL
org.odpi.openmetadata.accessservices.governanceprogram.samples.subjectareas,org.odpi.openmetadata.frameworks.openmetadata.ffdc,LOW,LOW,UNRELATED or NORMAL
org.odpi.openmetadata.viewservices.locationarena.admin,org.odpi.openmetadata.viewservices.locationarena.ffdc,LOW,LOW,UNRELATED or NORMAL
org.odpi.openmetadata.viewservices.communitymatters.admin,org.odpi.openmetadata.viewservices.communitymatters.ffdc,LOW,LOW,UNRELATED or NORMAL
org.odpi.openmetadata.frameworks.openmetadata.properties,org.odpi.openmetadata.frameworks.openmetadata.properties.designmodels,LOW,LOW,UNRELATED or NORMAL
org.odpi.openmetadata.metadatasecurity.accessconnector,org.odpi.openmetadata.metadatasecurity.ffdc,LOW,LOW,UNRELATED or NORMAL
org.odpi.openmetadata.frameworks.openmetadata.properties,org.odpi.openmetadata.frameworks.openmetadata.properties.digitalbusiness,LOW,LOW,UNRELATED or NORMAL
org.odpi.openmetadata.viewservices.subjectarea.admin,org.odpi.openmetadata.viewservices.subjectarea.ffdc,LOW,LOW,UNRELATED or NORMAL
org.odpi.openmetadata.frameworks.openmetadata.properties.contextevents,org.odpi.openmetadata.viewservices.timekeeper.server,LOW,LOW,UNRELATED or NORMAL
org.odpi.openmetadata.adminservices.classifier,org.odpi.openmetadata.adminservices.ffdc,LOW,LOW,UNRELATED or NORMAL
org.odpi.openmetadata.frameworks.openmetadata.ffdc,org.odpi.openmetadata.serveroperations.server,LOW,LOW,UNRELATED or NORMAL
org.odpi.openmetadata.viewservices.peopleorganizer.admin,org.odpi.openmetadata.viewservices.peopleorganizer.ffdc,LOW,LOW,UNRELATED or NORMAL
org.odpi.openmetadata.viewservices.actionauthor.admin,org.odpi.openmetadata.viewservices.actionauthor.ffdc,LOW,LOW,UNRELATED or NORMAL
org.odpi.openmetadata.viewservices.schemamaker.admin,org.odpi.openmetadata.viewservices.schemamaker.ffdc,LOW,LOW,UNRELATED or NORMAL
org.odpi.openmetadata.viewservices.projectmanager.admin,org.odpi.openmetadata.viewservices.projectmanager.ffdc,LOW,LOW,UNRELATED or NORMAL
org.odpi.openmetadata.adapters.connectors.surveyaction.extractors,org.odpi.openmetadata.frameworks.opensurvey.controls,LOW,LOW,UNRELATED or NORMAL
org.odpi.openmetadata.viewservices.lineagelinker.admin,org.odpi.openmetadata.viewservices.lineagelinker.ffdc,LOW,LOW,UNRELATED or NORMAL
org.odpi.openmetadata.viewservices.myprofile.admin,org.odpi.openmetadata.viewservices.myprofile.ffdc,LOW,LOW,UNRELATED or NORMAL
org.odpi.openmetadata.viewservices.datadiscovery.admin,org.odpi.openmetadata.viewservices.datadiscovery.ffdc,LOW,LOW,UNRELATED or NORMAL
org.odpi.openmetadata.viewservices.templatemanager.admin,org.odpi.openmetadata.viewservices.templatemanager.ffdc,LOW,LOW,UNRELATED or NORMAL
org.odpi.openmetadata.viewservices.dataofficer.admin,org.odpi.openmetadata.viewservices.dataofficer.ffdc,LOW,LOW,UNRELATED or NORMAL
org.odpi.openmetadata.viewservices.metadataexpert.admin,org.odpi.openmetadata.viewservices.metadataexpert.ffdc,LOW,LOW,UNRELATED or NORMAL
org.odpi.openmetadata.viewservices.productcatalog.admin,org.odpi.openmetadata.viewservices.productcatalog.ffdc,LOW,LOW,UNRELATED or NORMAL
org.odpi.openmetadata.viewservices.timekeeper.admin,org.odpi.openmetadata.viewservices.timekeeper.ffdc,LOW,LOW,UNRELATED or NORMAL
org.odpi.openmetadata.adapters.connectors.governanceactions.stewardship,org.odpi.openmetadata.frameworks.openmetadata.ffdc,LOW,LOW,UNRELATED or NORMAL
org.odpi.openmetadata.viewservices.privacyofficer.admin,org.odpi.openmetadata.viewservices.privacyofficer.ffdc,LOW,LOW,UNRELATED or NORMAL
org.odpi.openmetadata.viewservices.productmanager.admin,org.odpi.openmetadata.viewservices.productmanager.ffdc,LOW,LOW,UNRELATED or NORMAL
org.odpi.openmetadata.viewservices.notificationmanager.admin,org.odpi.openmetadata.viewservices.notificationmanager.ffdc,LOW,LOW,UNRELATED or NORMAL
org.odpi.openmetadata.viewservices.devopspipeline.admin,org.odpi.openmetadata.viewservices.devopspipeline.ffdc,LOW,LOW,UNRELATED or NORMAL
org.odpi.openmetadata.viewservices.governanceofficer.admin,org.odpi.openmetadata.viewservices.governanceofficer.ffdc,LOW,LOW,UNRELATED or NORMAL
org.odpi.openmetadata.viewservices.collectionmanager.admin,org.odpi.openmetadata.viewservices.collectionmanager.ffdc,LOW,LOW,UNRELATED or NORMAL
org.odpi.openmetadata.frameworks.openmetadata.properties.collections,org.odpi.openmetadata.viewservices.collectionmanager.server,LOW,LOW,UNRELATED or NORMAL
org.odpi.openmetadata.viewservices.digitalbusiness.admin,org.odpi.openmetadata.viewservices.digitalbusiness.ffdc,LOW,LOW,UNRELATED or NORMAL
org.odpi.openmetadata.viewservices.dataengineer.admin,org.odpi.openmetadata.viewservices.dataengineer.ffdc,LOW,LOW,UNRELATED or NORMAL
org.odpi.openmetadata.viewservices.connectionmaker.admin,org.odpi.openmetadata.viewservices.connectionmaker.ffdc,LOW,LOW,UNRELATED or NORMAL
org.odpi.openmetadata.viewservices.validmetadata.admin,org.odpi.openmetadata.viewservices.validmetadata.ffdc,LOW,LOW,UNRELATED or NORMAL
org.odpi.openmetadata.viewservices.classificationexplorer.admin,org.odpi.openmetadata.viewservices.classificationexplorer.ffdc,LOW,LOW,UNRELATED or NORMAL
org.odpi.openmetadata.frameworkservices.omf.ffdc,org.odpi.openmetadata.frameworkservices.omf.outtopic,LOW,LOW,UNRELATED or NORMAL
org.odpi.openmetadata.adapters.connectors.egeriainfrastructure.control,org.odpi.openmetadata.frameworks.openmetadata.refdata,LOW,LOW,UNRELATED or NORMAL
org.odpi.openmetadata.repositoryservices.connectors.stores.auditlogstore,org.odpi.openmetadata.repositoryservices.ffdc,LOW,LOW,UNRELATED or NORMAL
org.odpi.openmetadata.viewservices.referencedata.admin,org.odpi.openmetadata.viewservices.referencedata.ffdc,LOW,LOW,UNRELATED or NORMAL
org.odpi.openmetadata.contentpacks.core.egeria,org.odpi.openmetadata.frameworks.openmetadata.types,LOW,LOW,UNRELATED or NORMAL
org.odpi.openmetadata.contentpacks.core.egeria,org.odpi.openmetadata.frameworks.auditlog,LOW,LOW,UNRELATED or NORMAL
org.odpi.openmetadata.viewservices.multilanguage.admin,org.odpi.openmetadata.viewservices.multilanguage.ffdc,LOW,LOW,UNRELATED or NORMAL
org.odpi.openmetadata.viewservices.externallinks.admin,org.odpi.openmetadata.viewservices.externallinks.ffdc,LOW,LOW,UNRELATED or NORMAL
org.odpi.openmetadata.viewservices.datadesigner.admin,org.odpi.openmetadata.viewservices.datadesigner.ffdc,LOW,LOW,UNRELATED or NORMAL
org.odpi.openmetadata.viewservices.actormanager.admin,org.odpi.openmetadata.viewservices.actormanager.ffdc,LOW,LOW,UNRELATED or NORMAL
org.odpi.openmetadata.conformance.ffdc,org.odpi.openmetadata.conformance.workbenches.repository.connectorconsumer,LOW,LOW,UNRELATED or NORMAL
org.odpi.openmetadata.viewservices.automatedcuration.admin,org.odpi.openmetadata.viewservices.automatedcuration.ffdc,LOW,LOW,UNRELATED or NORMAL
org.odpi.openmetadata.adapters.connectors.postgres.catalog,org.odpi.openmetadata.frameworks.auditlog,LOW,LOW,UNRELATED or NORMAL
org.odpi.openmetadata.frameworks.connectors,org.odpi.openmetadata.repositoryservices.enterprise.repositoryconnector,LOW,LOW,UNRELATED or NORMAL
org.odpi.openmetadata.adminservices.configuration.properties,org.odpi.openmetadata.viewservices.assetcatalog.admin,LOW,LOW,UNRELATED or NORMAL
org.odpi.openmetadata.commonservices.multitenant,org.odpi.openmetadata.engineservices.watchdogaction.server,LOW,LOW,UNRELATED or NORMAL
org.odpi.openmetadata.engineservices.watchdogaction.handlers,org.odpi.openmetadata.frameworks.auditlog,LOW,LOW,UNRELATED or NORMAL
org.odpi.openmetadata.frameworks.openmetadata.client,org.odpi.openmetadata.viewservices.automatedcuration.handlers,LOW,LOW,UNRELATED or NORMAL
org.odpi.openmetadata.frameworks.connectors.properties.beans,org.odpi.openmetadata.reports,LOW,LOW,UNRELATED or NORMAL
org.odpi.openmetadata.commonservices.multitenant,org.odpi.openmetadata.engineservices.surveyaction.server,LOW,LOW,UNRELATED or NORMAL
org.odpi.openmetadata.adapters.connectors.unitycatalog.sync,org.odpi.openmetadata.frameworks.opengovernance.properties,LOW,LOW,UNRELATED or NORMAL
org.odpi.openmetadata.engineservices.repositorygovernance.handlers,org.odpi.openmetadata.frameworks.auditlog,LOW,LOW,UNRELATED or NORMAL
org.odpi.openmetadata.adapters.connectors.egeriainfrastructure.control,org.odpi.openmetadata.adapters.connectors.secretsstore.yaml,LOW,LOW,UNRELATED or NORMAL
org.odpi.openmetadata.frameworks.openmetadata.metadataelements,org.odpi.openmetadata.viewservices.automatedcuration.mermaid,LOW,LOW,UNRELATED or NORMAL
org.odpi.openmetadata.commonservices.multitenant,org.odpi.openmetadata.engineservices.governanceaction.server,LOW,LOW,UNRELATED or NORMAL
org.odpi.openmetadata.commonservices.multitenant,org.odpi.openmetadata.engineservices.repositorygovernance.server,LOW,LOW,UNRELATED or NORMAL
org.odpi.openmetadata.adapters.connectors.postgres.catalog,org.odpi.openmetadata.frameworks.openmetadata.metadataelements,LOW,LOW,UNRELATED or NORMAL
org.odpi.openmetadata.contentpacks.core.unitycatalog,org.odpi.openmetadata.repositoryservices.connectors.stores.metadatacollectionstore.properties.instances,LOW,LOW,UNRELATED or NORMAL
org.odpi.openmetadata.adapters.connectors.restclients.factory,org.odpi.openmetadata.conformance.client,LOW,LOW,UNRELATED or NORMAL
org.odpi.openmetadata.adapters.connectors.unitycatalog.sync,org.odpi.openmetadata.frameworks.openmetadata.properties.assets.infrastructure,LOW,LOW,UNRELATED or NORMAL
org.odpi.openmetadata.adapters.connectors.restclients.factory,org.odpi.openmetadata.adminservices.client.rest,LOW,LOW,UNRELATED or NORMAL
org.odpi.openmetadata.adapters.connectors.integration.openapis,org.odpi.openmetadata.adapters.connectors.restclients.factory,LOW,LOW,UNRELATED or NORMAL
org.odpi.openmetadata.adapters.connectors.apacheatlas.integration,org.odpi.openmetadata.frameworks.connectors.ffdc,LOW,LOW,UNRELATED or NORMAL
org.odpi.openmetadata.repositoryservices.connectors.omrstopic,org.odpi.openmetadata.repositoryservices.connectors.openmetadatatopic,LOW,LOW,UNRELATED or NORMAL
org.odpi.openmetadata.adapters.connectors.externalharvesters.harvestopenmetadata,org.odpi.openmetadata.frameworks.connectors.ffdc,LOW,LOW,UNRELATED or NORMAL
org.odpi.openmetadata.viewservices.automatedcuration.converters,org.odpi.openmetadata.viewservices.automatedcuration.handlers,LOW,LOW,UNRELATED or NORMAL
org.odpi.openmetadata.accessservices.datamanager.fvt.events,org.odpi.openmetadata.frameworks.openmetadata.properties.schema,LOW,LOW,UNRELATED or NORMAL
org.odpi.openmetadata.adapters.connectors.restclients.factory,org.odpi.openmetadata.commonservices.ffdc.rest,LOW,LOW,UNRELATED or NORMAL
org.odpi.openmetadata.adapters.repositoryservices.auditlogstore.postgres,org.odpi.openmetadata.frameworks.connectors,LOW,LOW,UNRELATED or NORMAL
org.odpi.openmetadata.adminservices.configuration.registration,org.odpi.openmetadata.governanceservers.enginehostservices.server,LOW,LOW,UNRELATED or NORMAL
org.odpi.openmetadata.frameworks.auditlog.messagesets,org.odpi.openmetadata.frameworks.opensurvey,LOW,LOW,UNRELATED or NORMAL
org.odpi.openmetadata.adminservices.configuration.properties,org.odpi.openmetadata.frameworks.openmetadata.enums,LOW,LOW,UNRELATED or NORMAL
org.odpi.openmetadata.frameworks.integration.context,org.odpi.openmetadata.frameworks.integration.properties,LOW,LOW,UNRELATED or NORMAL
org.odpi.openmetadata.frameworks.openmetadata.enums,org.odpi.openmetadata.frameworks.openmetadata.properties.actors,LOW,LOW,UNRELATED or NORMAL
org.odpi.openmetadata.adapters.connectors.egeriainfrastructure.properties,org.odpi.openmetadata.repositoryservices.properties,LOW,LOW,UNRELATED or NORMAL
org.odpi.openmetadata.frameworks.openmetadata.enums,org.odpi.openmetadata.frameworkservices.gaf.rest,LOW,LOW,UNRELATED or NORMAL
org.odpi.openmetadata.frameworks.openmetadata.properties.feedback,org.odpi.openmetadata.viewservices.myprofile.server,LOW,LOW,UNRELATED or NORMAL
org.odpi.openmetadata.frameworks.openmetadata.enums,org.odpi.openmetadata.frameworks.openmetadata.properties.solutions,LOW,LOW,UNRELATED or NORMAL
org.odpi.openmetadata.frameworks.openmetadata.enums,org.odpi.openmetadata.frameworkservices.omf.rest,LOW,LOW,UNRELATED or NORMAL
org.odpi.openmetadata.frameworks.openmetadata.properties.governance,org.odpi.openmetadata.frameworks.openmetadata.search,LOW,LOW,UNRELATED or NORMAL
org.odpi.openmetadata.commonservices.ffdc.properties,org.odpi.openmetadata.frameworks.auditlog,LOW,LOW,UNRELATED or NORMAL
org.odpi.openmetadata.frameworks.openmetadata.refdata,org.odpi.openmetadata.frameworkservices.gaf.rest,LOW,LOW,UNRELATED or NORMAL
org.odpi.openmetadata.frameworks.openmetadata.enums,org.odpi.openmetadata.frameworks.openmetadata.properties.designmodels,LOW,LOW,UNRELATED or NORMAL
org.odpi.openmetadata.frameworks.connectors.properties.beans,org.odpi.openmetadata.repositoryservices.rest.properties,LOW,LOW,UNRELATED or NORMAL
org.odpi.openmetadata.frameworks.connectors.properties.beans,org.odpi.openmetadata.governanceservers.integrationdaemonservices.properties,LOW,LOW,UNRELATED or NORMAL
org.odpi.openmetadata.repositoryservices.metadatahighway,org.odpi.openmetadata.repositoryservices.rest.services,LOW,LOW,UNRELATED or NORMAL
org.odpi.openmetadata.repositoryservices.connectors.stores.cohortregistrystore,org.odpi.openmetadata.repositoryservices.metadatahighway,LOW,LOW,UNRELATED or NORMAL
org.odpi.openmetadata.commonservices.ffdc.rest,org.odpi.openmetadata.frameworks.openmetadata.properties.assets.processes.actions,LOW,LOW,UNRELATED or NORMAL
org.odpi.openmetadata.commonservices.ffdc.properties,org.odpi.openmetadata.frameworks.connectors.properties.beans,LOW,LOW,UNRELATED or NORMAL
org.odpi.openmetadata.frameworks.openmetadata.enums,org.odpi.openmetadata.frameworks.openmetadata.properties.collections,LOW,LOW,UNRELATED or NORMAL
org.odpi.openmetadata.commonservices.ffdc.properties,org.odpi.openmetadata.commonservices.ffdc.rest,LOW,LOW,UNRELATED or NORMAL
org.odpi.openmetadata.platformchassis.springboot,org.odpi.openmetadata.tokenmanager.http,LOW,LOW,UNRELATED or NORMAL
org.odpi.openmetadata.frameworks.connectors.properties.beans,org.odpi.openmetadata.repositoryservices.rest.services,LOW,LOW,UNRELATED or NORMAL
org.odpi.openmetadata.repositoryservices.connectors.stores.metadatacollectionstore.properties.instances,org.odpi.openmetadata.repositoryservices.connectors.stores.metadatacollectionstore.properties.search,LOW,LOW,UNRELATED or NORMAL
org.odpi.openmetadata.frameworks.openmetadata.enums,org.odpi.openmetadata.frameworks.openmetadata.properties.assets.reports,LOW,LOW,UNRELATED or NORMAL
org.odpi.openmetadata.frameworks.openmetadata.enums,org.odpi.openmetadata.frameworks.openmetadata.properties.assets.infrastructure,LOW,LOW,UNRELATED or NORMAL
org.odpi.openmetadata.frameworks.openmetadata.properties.templates,org.odpi.openmetadata.viewservices.templatemanager.rest,LOW,LOW,UNRELATED or NORMAL
org.odpi.openmetadata.frameworks.openmetadata.refdata,org.odpi.openmetadata.frameworks.opensurvey,LOW,LOW,UNRELATED or NORMAL
org.odpi.openmetadata.frameworks.openmetadata.metadataelements,org.odpi.openmetadata.frameworks.openmetadata.reports,LOW,LOW,UNRELATED or NORMAL
org.odpi.openmetadata.adapters.repositoryservices.archiveconnector.file,org.odpi.openmetadata.repositoryservices.connectors.stores.archivestore.properties,LOW,LOW,UNRELATED or NORMAL
org.odpi.openmetadata.frameworks.openmetadata.enums,org.odpi.openmetadata.frameworks.openmetadata.properties.communities,LOW,LOW,UNRELATED or NORMAL
org.odpi.openmetadata.commonservices.ffdc.rest,org.odpi.openmetadata.frameworks.connectors.tabulardatasets,LOW,LOW,UNRELATED or NORMAL
org.odpi.openmetadata.adapters.connectors.controls,org.odpi.openmetadata.adapters.connectors.unitycatalog.survey,LOW,LOW,UNRELATED or NORMAL
org.odpi.openmetadata.frameworks.openmetadata.properties,org.odpi.openmetadata.frameworkservices.omf.handlers,LOW,LOW,UNRELATED or NORMAL
org.odpi.openmetadata.contentpacks.core,org.odpi.openmetadata.frameworks.connectors.controls,LOW,LOW,UNRELATED or NORMAL
org.odpi.openmetadata.frameworks.openmetadata.mapper,org.odpi.openmetadata.frameworks.openmetadata.refdata,LOW,LOW,UNRELATED or NORMAL
org.odpi.openmetadata.frameworks.openmetadata.ffdc,org.odpi.openmetadata.viewservices.automatedcuration.server,LOW,LOW,UNRELATED or NORMAL
org.odpi.openmetadata.repositoryservices.connectors.stores.metadatacollectionstore.properties,org.odpi.openmetadata.repositoryservices.enterprise.repositoryconnector,LOW,LOW,UNRELATED or NORMAL
org.odpi.openmetadata.frameworks.openmetadata.definitions,org.odpi.openmetadata.frameworks.openmetadata.types,LOW,LOW,UNRELATED or NORMAL
org.odpi.openmetadata.adapters.repositoryservices.rest.repositoryconnector,org.odpi.openmetadata.repositoryservices.connectors.stores.metadatacollectionstore.properties,LOW,LOW,UNRELATED or NORMAL
org.odpi.openmetadata.accessservices.governanceserver.fvt.duplicates,org.odpi.openmetadata.frameworks.openmetadata.ffdc,LOW,LOW,UNRELATED or NORMAL
org.odpi.openmetadata.adapters.connectors.jacquard.tabulardatasets.openmetadatatypes,org.odpi.openmetadata.frameworks.openmetadata.connectorcontext,LOW,LOW,UNRELATED or NORMAL
org.odpi.openmetadata.engineservices.governanceaction.handlers,org.odpi.openmetadata.frameworks.openmetadata.refdata,LOW,LOW,UNRELATED or NORMAL
org.odpi.openmetadata.adapters.connectors.integration.openapis,org.odpi.openmetadata.frameworks.connectors.properties.beans,LOW,LOW,UNRELATED or NORMAL
org.odpi.openmetadata.adapters.connectors.restclients.spring,org.odpi.openmetadata.frameworks.connectors.properties.users,LOW,LOW,UNRELATED or NORMAL
org.odpi.openmetadata.adapters.eventbus.topic.kafka,org.odpi.openmetadata.frameworks.connectors.properties.beans,LOW,LOW,UNRELATED or NORMAL
org.odpi.openmetadata.adapters.repositoryservices.auditlogstore.eventtopic,org.odpi.openmetadata.frameworks.connectors,LOW,LOW,UNRELATED or NORMAL
org.odpi.openmetadata.serveroperations.properties,org.odpi.openmetadata.utilities.serverops,LOW,LOW,UNRELATED or NORMAL
org.odpi.openmetadata.adapters.connectors.organizationinsight.karmapoints,org.odpi.openmetadata.frameworks.openmetadata.properties,LOW,LOW,UNRELATED or NORMAL
org.odpi.openmetadata.adapters.connectors.reports.surveyreport,org.odpi.openmetadata.frameworks.opengovernance.properties,LOW,LOW,UNRELATED or NORMAL
org.odpi.openmetadata.frameworks.openmetadata.properties,org.odpi.openmetadata.frameworkservices.omf.server.spring,LOW,LOW,UNRELATED or NORMAL
org.odpi.openmetadata.frameworks.connectors,org.odpi.openmetadata.samples.archiveutilities.clinicaltrialtemplates,LOW,LOW,UNRELATED or NORMAL
org.odpi.openmetadata.adapters.repositoryservices.auditlogstore.postgres.ffdc,org.odpi.openmetadata.frameworks.auditlog.messagesets,LOW,LOW,UNRELATED or NORMAL
org.odpi.openmetadata.governanceservers.integrationdaemonservices.server,org.odpi.openmetadata.governanceservers.integrationdaemonservices.threads,LOW,LOW,UNRELATED or NORMAL
org.odpi.openmetadata.engineservices.repositorygovernance.handlers,org.odpi.openmetadata.repositoryservices.connectors.stores.metadatacollectionstore.properties.instances,LOW,LOW,UNRELATED or NORMAL
org.odpi.openmetadata.adapters.connectors.postgres.survey,org.odpi.openmetadata.frameworks.connectors.properties.beans,LOW,LOW,UNRELATED or NORMAL
org.odpi.openmetadata.engineservices.repositorygovernance.connector,org.odpi.openmetadata.repositoryservices.connectors.stores.metadatacollectionstore.properties.instances,LOW,LOW,UNRELATED or NORMAL
org.odpi.openmetadata.frameworks.openmetadata.properties.assets.filesandfolders,org.odpi.openmetadata.frameworks.openmetadata.types,LOW,LOW,UNRELATED or NORMAL
org.odpi.openmetadata.adapters.connectors.integration.openapis,org.odpi.openmetadata.frameworks.openmetadata.events,LOW,LOW,UNRELATED or NORMAL
org.odpi.openmetadata.adapters.connectors.apachekafka.survey.controls,org.odpi.openmetadata.frameworks.opensurvey.controls,LOW,LOW,UNRELATED or NORMAL
org.odpi.openmetadata.frameworks.opengovernance,org.odpi.openmetadata.frameworks.opengovernance.ffdc,LOW,LOW,UNRELATED or NORMAL
org.odpi.openmetadata.governanceservers.enginehostservices.enginemap,org.odpi.openmetadata.governanceservers.enginehostservices.registration,LOW,LOW,UNRELATED or NORMAL
org.odpi.openmetadata.platformservices.client,org.odpi.openmetadata.platformservices.rest,LOW,LOW,UNRELATED or NORMAL
org.odpi.openmetadata.frameworks.opengovernance.handlers,org.odpi.openmetadata.frameworks.openmetadata.properties.assets.processes.actions,LOW,LOW,UNRELATED or NORMAL
org.odpi.openmetadata.adapters.connectors.externalharvesters.harvestsurveys,org.odpi.openmetadata.frameworks.integration.context,LOW,LOW,UNRELATED or NORMAL
org.odpi.openmetadata.accessservices.assetowner.fvt.clientconstructors,org.odpi.openmetadata.frameworks.auditlog,LOW,LOW,UNRELATED or NORMAL
org.odpi.openmetadata.frameworks.openmetadata.events,org.odpi.openmetadata.governanceservers.enginehostservices.threads,LOW,LOW,UNRELATED or NORMAL
org.odpi.openmetadata.accessservices.assetmanager.fvt.externalidentifiers,org.odpi.openmetadata.frameworks.auditlog,LOW,LOW,UNRELATED or NORMAL
org.odpi.openmetadata.frameworks.openmetadata.ffdc,org.odpi.openmetadata.viewservices.validmetadata.server,LOW,LOW,UNRELATED or NORMAL
org.odpi.openmetadata.frameworks.openmetadata.connectorcontext,org.odpi.openmetadata.frameworks.openmetadata.properties.datadictionaries,LOW,LOW,UNRELATED or NORMAL
org.odpi.openmetadata.adapters.connectors.integration.jdbc.transfer.requests,org.odpi.openmetadata.frameworks.openmetadata.properties.schema.databases,LOW,LOW,UNRELATED or NORMAL
org.odpi.openmetadata.accessservices.assetconsumer.fvt,org.odpi.openmetadata.adminservices.configuration.registration,LOW,LOW,UNRELATED or NORMAL
org.odpi.openmetadata.accessservices.assetowner.fvt.connections,org.odpi.openmetadata.frameworks.openmetadata.metadataelements,LOW,LOW,UNRELATED or NORMAL
org.odpi.openmetadata.adapters.connectors.governanceactions.provisioning,org.odpi.openmetadata.samples.governanceactions.clinicaltrials,LOW,LOW,UNRELATED or NORMAL
org.odpi.openmetadata.repositoryservices.archivemanager,org.odpi.openmetadata.repositoryservices.connectors.stores.metadatacollectionstore.properties.typedefs,LOW,LOW,UNRELATED or NORMAL
org.odpi.openmetadata.governanceservers.enginehostservices.server,org.odpi.openmetadata.tokencontroller,LOW,LOW,UNRELATED or NORMAL
org.odpi.openmetadata.adapters.repositoryservices.archiveconnector.file,org.odpi.openmetadata.repositoryservices.connectors.stores.archivestore,LOW,LOW,UNRELATED or NORMAL
org.odpi.openmetadata.frameworkservices.omf.connectors.outtopic,org.odpi.openmetadata.repositoryservices.connectors.openmetadatatopic,LOW,LOW,UNRELATED or NORMAL
org.odpi.openmetadata.tokencontroller,org.odpi.openmetadata.viewservices.peopleorganizer.server,LOW,LOW,UNRELATED or NORMAL
org.odpi.openmetadata.tokencontroller,org.odpi.openmetadata.viewservices.notificationmanager.server,LOW,LOW,UNRELATED or NORMAL
org.odpi.openmetadata.frameworks.openmetadata.converters,org.odpi.openmetadata.frameworks.openmetadata.properties.assets.referencedata,LOW,LOW,UNRELATED or NORMAL
org.odpi.openmetadata.adapters.connectors.externalharvesters.harvestsurveys.ffdc,org.odpi.openmetadata.frameworks.auditlog,LOW,LOW,UNRELATED or NORMAL
org.odpi.openmetadata.accessservices.communityprofile.fvt.profiles,org.odpi.openmetadata.fvt.utilities.exceptions,LOW,LOW,UNRELATED or NORMAL
org.odpi.openmetadata.frameworks.openmetadata.converters,org.odpi.openmetadata.frameworks.openmetadata.properties.schema.tabular,LOW,LOW,UNRELATED or NORMAL
org.odpi.openmetadata.frameworkservices.gaf.connectors.outtopic,org.odpi.openmetadata.repositoryservices.connectors.openmetadatatopic,LOW,LOW,UNRELATED or NORMAL
org.odpi.openmetadata.adapters.connectors.resource.jdbc.ffdc,org.odpi.openmetadata.frameworks.auditlog,LOW,LOW,UNRELATED or NORMAL
org.odpi.openmetadata.frameworks.auditlog,org.odpi.openmetadata.frameworkservices.ocf.metadatamanagement.ffdc,LOW,LOW,UNRELATED or NORMAL
org.odpi.openmetadata.frameworks.auditlog,org.odpi.openmetadata.samples.governanceactions.ffdc,LOW,LOW,UNRELATED or NORMAL
org.odpi.openmetadata.frameworks.connectors,org.odpi.openmetadata.repositoryservices.enterprise.connectormanager,LOW,LOW,UNRELATED or NORMAL
org.odpi.openmetadata.tokencontroller,org.odpi.openmetadata.viewservices.productmanager.server,LOW,LOW,UNRELATED or NORMAL
org.odpi.openmetadata.frameworks.openmetadata.converters,org.odpi.openmetadata.frameworks.openmetadata.properties.dataprocessing,LOW,LOW,UNRELATED or NORMAL
org.odpi.openmetadata.frameworks.openmetadata.converters,org.odpi.openmetadata.frameworks.openmetadata.properties.schema.events,LOW,LOW,UNRELATED or NORMAL
org.odpi.openmetadata.adapters.connectors.egeriainfrastructure.platform,org.odpi.openmetadata.frameworks.connectors,LOW,LOW,UNRELATED or NORMAL
org.odpi.openmetadata.adapters.connectors.unitycatalog.resource,org.odpi.openmetadata.frameworks.connectors,LOW,LOW,UNRELATED or NORMAL
org.odpi.openmetadata.frameworks.auditlog.messagesets,org.odpi.openmetadata.metadatasecurity.connectors,LOW,LOW,UNRELATED or NORMAL
org.odpi.openmetadata.frameworks.connectors,org.odpi.openmetadata.repositoryservices.clients,LOW,LOW,UNRELATED or NORMAL
org.odpi.openmetadata.frameworks.openmetadata.converters,org.odpi.openmetadata.frameworks.openmetadata.properties.schema.databases,LOW,LOW,UNRELATED or NORMAL
org.odpi.openmetadata.serveroperations.client.rest,org.odpi.openmetadata.serveroperations.rest,LOW,LOW,UNRELATED or NORMAL
org.odpi.openmetadata.engineservices.surveyaction.handlers,org.odpi.openmetadata.frameworks.openmetadata.client,LOW,LOW,UNRELATED or NORMAL
org.odpi.openmetadata.adapters.connectors.jacquard.tabulardatasets.referencedata,org.odpi.openmetadata.frameworks.connectors.ffdc,LOW,LOW,UNRELATED or NORMAL
org.odpi.openmetadata.userauthn,org.odpi.openmetadata.userauthn.auth,LOW,LOW,UNRELATED or NORMAL
org.odpi.openmetadata.adapters.connectors.integration.openlineage,org.odpi.openmetadata.frameworks.integration.properties,LOW,LOW,UNRELATED or NORMAL
org.odpi.openmetadata.conformance.tests.platform,org.odpi.openmetadata.conformance.workbenches.platform,LOW,LOW,UNRELATED or NORMAL
org.odpi.openmetadata.adapters.connectors.integration.basicfiles,org.odpi.openmetadata.adapters.connectors.integration.basicfiles.controls,LOW,LOW,UNRELATED or NORMAL
org.odpi.openmetadata.adapters.connectors.restclients.factory,org.odpi.openmetadata.frameworks.auditlog,LOW,LOW,UNRELATED or NORMAL
org.odpi.openmetadata.reports.componentid,org.odpi.openmetadata.samples.governanceactions.clinicaltrials.metadata,LOW,LOW,UNRELATED or NORMAL
org.odpi.openmetadata.engineservices.watchdogaction.handlers,org.odpi.openmetadata.frameworks.openmetadata.client,LOW,LOW,UNRELATED or NORMAL
org.odpi.openmetadata.engineservices.surveyaction.handlers,org.odpi.openmetadata.frameworks.connectors.client,LOW,LOW,UNRELATED or NORMAL
org.odpi.openmetadata.adapters.connectors.integration.openapis,org.odpi.openmetadata.frameworks.connectors.controls,LOW,LOW,UNRELATED or NORMAL
org.odpi.openmetadata.frameworks.auditlog,org.odpi.openmetadata.fvt.utilities.auditlog,LOW,LOW,UNRELATED or NORMAL
org.odpi.openmetadata.frameworks.auditlog,org.odpi.openmetadata.serveroperations.client,LOW,LOW,UNRELATED or NORMAL
org.odpi.openmetadata.adapters.connectors.datastore.basicfile,org.odpi.openmetadata.adapters.connectors.datastore.datafolder,LOW,LOW,UNRELATED or NORMAL
org.odpi.openmetadata.adapters.connectors.apacheatlas.survey,org.odpi.openmetadata.adapters.connectors.apacheatlas.survey.ffdc,LOW,LOW,UNRELATED or NORMAL
org.odpi.openmetadata.engineservices.watchdogaction.admin,org.odpi.openmetadata.engineservices.watchdogaction.ffdc,LOW,LOW,UNRELATED or NORMAL
org.odpi.openmetadata.adapters.connectors.jacquard.tabulardatasets.ffdc,org.odpi.openmetadata.adapters.connectors.jacquard.tabulardatasets.openmetadatatypes,LOW,LOW,UNRELATED or NORMAL
org.odpi.openmetadata.frameworks.openmetadata.connectorcontext,org.odpi.openmetadata.frameworks.openmetadata.properties.softwarecapabilities,LOW,LOW,UNRELATED or NORMAL
org.odpi.openmetadata.adapters.connectors.unitycatalog.ffdc,org.odpi.openmetadata.adapters.connectors.unitycatalog.resource,LOW,LOW,UNRELATED or NORMAL
org.odpi.openmetadata.accessservices.assetmanager.fvt.dataassets,org.odpi.openmetadata.adminservices.configuration.registration,LOW,LOW,UNRELATED or NORMAL
org.odpi.openmetadata.frameworks.openmetadata.connectorcontext,org.odpi.openmetadata.frameworks.openmetadata.properties.assets,LOW,LOW,UNRELATED or NORMAL
org.odpi.openmetadata.engineservices.surveyaction.handlers,org.odpi.openmetadata.frameworks.opensurvey.controls,LOW,LOW,UNRELATED or NORMAL
org.odpi.openmetadata.frameworks.openmetadata.handlers,org.odpi.openmetadata.frameworks.openmetadata.properties.softwarecapabilities,LOW,LOW,UNRELATED or NORMAL
org.odpi.openmetadata.engineservices.governanceaction.admin,org.odpi.openmetadata.engineservices.governanceaction.ffdc,LOW,LOW,UNRELATED or NORMAL
org.odpi.openmetadata.frameworks.connectors.client,org.odpi.openmetadata.frameworks.connectors.ffdc,LOW,LOW,UNRELATED or NORMAL
org.odpi.openmetadata.adapters.connectors,org.odpi.openmetadata.contentpacks.core,LOW,LOW,UNRELATED or NORMAL
org.odpi.openmetadata.engineservices.surveyaction.admin,org.odpi.openmetadata.engineservices.surveyaction.ffdc,LOW,LOW,UNRELATED or NORMAL
org.odpi.openmetadata.engineservices.repositorygovernance.admin,org.odpi.openmetadata.engineservices.repositorygovernance.ffdc,LOW,LOW,UNRELATED or NORMAL
org.odpi.openmetadata.adapters.repositoryservices.postgres.repositoryconnector,org.odpi.openmetadata.repositoryservices.ffdc,LOW,LOW,UNRELATED or NORMAL
org.odpi.openmetadata.accessservices.assetowner.fvt.dataassets,org.odpi.openmetadata.adminservices.configuration.registration,LOW,LOW,UNRELATED or NORMAL
org.odpi.openmetadata.adapters.connectors.governanceactions.watchdog,org.odpi.openmetadata.frameworks.connectors,LOW,LOW,UNRELATED or NORMAL
org.odpi.openmetadata.frameworks.connectors.api,org.odpi.openmetadata.frameworks.connectors.ffdc,LOW,LOW,UNRELATED or NORMAL
org.odpi.openmetadata.adapters.connectors.apachekafka.survey,org.odpi.openmetadata.adapters.connectors.controls,LOW,LOW,UNRELATED or NORMAL
org.odpi.openmetadata.frameworks.openmetadata.ffdc,org.odpi.openmetadata.viewservices.automatedcuration.handlers,LOW,LOW,UNRELATED or NORMAL
org.odpi.openmetadata.adapters.connectors.apacheatlas.integration.modules,org.odpi.openmetadata.adapters.connectors.controls,LOW,LOW,UNRELATED or NORMAL
org.odpi.openmetadata.frameworks.opengovernance,org.odpi.openmetadata.frameworks.openmetadata.specificationproperties,LOW,LOW,UNRELATED or NORMAL
org.odpi.openmetadata.accessservices.assetconsumer.fvt,org.odpi.openmetadata.frameworks.openmetadata.enums,LOW,LOW,UNRELATED or NORMAL
org.odpi.openmetadata.frameworks.openmetadata.converters,org.odpi.openmetadata.viewservices.automatedcuration.converters,LOW,LOW,UNRELATED or NORMAL
org.odpi.openmetadata.adapters.connectors.resource.jdbc,org.odpi.openmetadata.adapters.connectors.resource.jdbc.controls,LOW,LOW,UNRELATED or NORMAL
org.odpi.openmetadata.frameworks.auditlog.messagesets,org.odpi.openmetadata.frameworks.connectors,LOW,LOW,UNRELATED or NORMAL
org.odpi.openmetadata.adapters.connectors.jacquard.tabulardatasets.referencedata,org.odpi.openmetadata.frameworks.openmetadata.connectorcontext,LOW,LOW,UNRELATED or NORMAL
org.odpi.openmetadata.conformance.tests.repository,org.odpi.openmetadata.repositoryservices.connectors.stores.metadatacollectionstore,LOW,LOW,UNRELATED or NORMAL
org.odpi.openmetadata.frameworks.auditlog,org.odpi.openmetadata.viewservices.peopleorganizer.server,LOW,LOW,UNRELATED or NORMAL
org.odpi.openmetadata.frameworks.auditlog,org.odpi.openmetadata.viewservices.notificationmanager.server,LOW,LOW,UNRELATED or NORMAL
org.odpi.openmetadata.adapters.connectors.wedgwood,org.odpi.openmetadata.frameworks.openmetadata.properties,LOW,LOW,UNRELATED or NORMAL
org.odpi.openmetadata.contentpacks.core.core,org.odpi.openmetadata.frameworks.opensurvey.controls,LOW,LOW,UNRELATED or NORMAL
org.odpi.openmetadata.frameworks.auditlog,org.odpi.openmetadata.viewservices.productmanager.server,LOW,LOW,UNRELATED or NORMAL
org.odpi.openmetadata.conformance.beans,org.odpi.openmetadata.conformance.ffdc.exception,LOW,LOW,UNRELATED or NORMAL
org.odpi.openmetadata.engineservices.repositorygovernance.connector,org.odpi.openmetadata.frameworks.connectors.ffdc,LOW,LOW,UNRELATED or NORMAL
org.odpi.openmetadata.repositoryservices.localrepository,org.odpi.openmetadata.repositoryservices.metadatahighway.cohortregistry,LOW,LOW,UNRELATED or NORMAL
org.odpi.openmetadata.frameworks.openmetadata.enums,org.odpi.openmetadata.frameworks.openmetadata.properties.schema,LOW,LOW,UNRELATED or NORMAL
org.odpi.openmetadata.frameworks.openmetadata.enums,org.odpi.openmetadata.frameworks.openmetadata.properties.feedback,LOW,LOW,UNRELATED or NORMAL
org.odpi.openmetadata.adapters.connectors.egeriainfrastructure.properties,org.odpi.openmetadata.viewservices.runtimemanager.rest,LOW,LOW,UNRELATED or NORMAL
org.odpi.openmetadata.frameworks.connectors.properties.beans,org.odpi.openmetadata.repositoryservices.events.beans.v2,LOW,LOW,UNRELATED or NORMAL
org.odpi.openmetadata.frameworks.connectors.client,org.odpi.openmetadata.frameworks.integration.connectors,LOW,LOW,UNRELATED or NORMAL
org.odpi.openmetadata.commonservices.ffdc.rest,org.odpi.openmetadata.frameworks.openmetadata.properties.externalidentifiers,LOW,LOW,UNRELATED or NORMAL
org.odpi.openmetadata.adapters.connectors.integration.basicfiles,org.odpi.openmetadata.adapters.repositoryservices.archiveconnector.file,LOW,LOW,UNRELATED or NORMAL
org.odpi.openmetadata.frameworks.auditlog,org.odpi.openmetadata.governanceservers.enginehostservices.threads,LOW,LOW,UNRELATED or NORMAL
org.odpi.openmetadata.frameworks.openmetadata.properties,org.odpi.openmetadata.viewservices.glossarymanager.rest,LOW,LOW,UNRELATED or NORMAL
org.odpi.openmetadata.adapters.connectors.egeriainfrastructure.properties,org.odpi.openmetadata.platformservices.properties,LOW,LOW,UNRELATED or NORMAL
org.odpi.openmetadata.frameworks.connectors.properties.beans,org.odpi.openmetadata.frameworks.opengovernance.properties,LOW,LOW,UNRELATED or NORMAL
org.odpi.openmetadata.frameworkservices.gaf.client,org.odpi.openmetadata.governanceservers.integrationdaemonservices.handlers,LOW,LOW,UNRELATED or NORMAL
org.odpi.openmetadata.frameworks.openmetadata.enums,org.odpi.openmetadata.frameworks.openmetadata.properties.glossaries,LOW,LOW,UNRELATED or NORMAL
org.odpi.openmetadata.archiveutilities.bigglossaries.catalogcontent,org.odpi.openmetadata.samples.archiveutilities,LOW,LOW,UNRELATED or NORMAL
org.odpi.openmetadata.frameworks.openmetadata.enums,org.odpi.openmetadata.frameworks.openmetadata.properties.externalidentifiers,LOW,LOW,UNRELATED or NORMAL
org.odpi.openmetadata.adapters.connectors.integration.openlineage,org.odpi.openmetadata.repositoryservices.connectors.openmetadatatopic,LOW,LOW,UNRELATED or NORMAL
org.odpi.openmetadata.frameworks.auditlog,org.odpi.openmetadata.frameworkservices.ocf.metadatamanagement.admin,LOW,LOW,UNRELATED or NORMAL
org.odpi.openmetadata.frameworks.auditlog,org.odpi.openmetadata.frameworks.integration.contextmanager,LOW,LOW,UNRELATED or NORMAL
org.odpi.openmetadata.frameworks.openmetadata.metadataelements,org.odpi.openmetadata.frameworks.openmetadata.search,LOW,LOW,UNRELATED or NORMAL
org.odpi.openmetadata.adapters.connectors.egeriainfrastructure.properties,org.odpi.openmetadata.frameworks.connectors.properties.beans,LOW,LOW,UNRELATED or NORMAL
org.odpi.openmetadata.frameworks.opengovernance.properties,org.odpi.openmetadata.frameworks.openmetadata.properties.softwarecapabilities,LOW,LOW,UNRELATED or NORMAL
org.odpi.openmetadata.adapters.connectors.externalharvesters.harvestsurveys,org.odpi.openmetadata.frameworks.connectors,LOW,LOW,UNRELATED or NORMAL
org.odpi.openmetadata.adapters.connectors.integration.openapis,org.odpi.openmetadata.frameworks.openmetadata.properties,LOW,LOW,UNRELATED or NORMAL
org.odpi.openmetadata.adapters.connectors.governanceactions.watchdog,org.odpi.openmetadata.frameworks.auditlog,LOW,LOW,UNRELATED or NORMAL
org.odpi.openmetadata.frameworks.openmetadata.metadataelements,org.odpi.openmetadata.frameworkservices.gaf.outtopic,LOW,LOW,UNRELATED or NORMAL
org.odpi.openmetadata.adapters.connectors.datastore.basicfile,org.odpi.openmetadata.frameworks.auditlog.messagesets,LOW,LOW,UNRELATED or NORMAL
org.odpi.openmetadata.frameworks.connectors,org.odpi.openmetadata.frameworks.connectors.properties.users,LOW,LOW,UNRELATED or NORMAL
org.odpi.openmetadata.frameworks.openmetadata.metadataelements,org.odpi.openmetadata.frameworkservices.omf.outtopic,LOW,LOW,UNRELATED or NORMAL
org.odpi.openmetadata.repositoryservices.connectors.stores.metadatacollectionstore.properties,org.odpi.openmetadata.repositoryservices.connectors.stores.metadatacollectionstore.properties.typedefs,LOW,LOW,UNRELATED or NORMAL
org.odpi.openmetadata.adapters.connectors.jacquard,org.odpi.openmetadata.frameworks.openmetadata.enums,LOW,LOW,UNRELATED or NORMAL
org.odpi.openmetadata.frameworks.openmetadata.enums,org.odpi.openmetadata.viewservices.glossarymanager.rest,LOW,LOW,UNRELATED or NORMAL
org.odpi.openmetadata.governanceservers.enginehostservices.client,org.odpi.openmetadata.governanceservers.enginehostservices.rest,LOW,LOW,UNRELATED or NORMAL
org.odpi.openmetadata.frameworks.connectors.ffdc,org.odpi.openmetadata.frameworks.opengovernance.ffdc,LOW,LOW,UNRELATED or NORMAL
org.odpi.openmetadata.frameworks.connectors.properties.beans,org.odpi.openmetadata.frameworks.integration.properties,LOW,LOW,UNRELATED or NORMAL
org.odpi.openmetadata.adapters.connectors.governanceactions.verification,org.odpi.openmetadata.frameworks.openmetadata.properties,LOW,LOW,UNRELATED or NORMAL
org.odpi.openmetadata.frameworks.opengovernance.mermaid,org.odpi.openmetadata.frameworks.openmetadata.properties,LOW,LOW,UNRELATED or NORMAL
org.odpi.openmetadata.adapters.connectors.integration.csvlineageimporter,org.odpi.openmetadata.frameworks.openmetadata.properties,LOW,LOW,UNRELATED or NORMAL
org.odpi.openmetadata.frameworks.auditlog,org.odpi.openmetadata.samples.governanceactions.clinicaltrials,LOW,LOW,UNRELATED or NORMAL
org.odpi.openmetadata.adapters.connectors.governanceactions.watchdog,org.odpi.openmetadata.frameworks.openmetadata.metadataelements,LOW,LOW,UNRELATED or NORMAL
org.odpi.openmetadata.adapters.connectors.jacquard.tabulardatasets.openmetadatatypes,org.odpi.openmetadata.frameworks.connectors,LOW,LOW,UNRELATED or NORMAL
org.odpi.openmetadata.adapters.repositoryservices.rest.repositoryconnector,org.odpi.openmetadata.frameworks.connectors.properties.beans,LOW,LOW,UNRELATED or NORMAL
org.odpi.openmetadata.commonservices.ffdc.rest,org.odpi.openmetadata.viewservices.communitymatters.server.spring,LOW,LOW,UNRELATED or NORMAL
org.odpi.openmetadata.adapters.connectors.egeriainfrastructure.ffdc,org.odpi.openmetadata.adapters.connectors.egeriainfrastructure.platform.catalog,LOW,LOW,UNRELATED or NORMAL
org.odpi.openmetadata.engineservices.repositorygovernance.handlers,org.odpi.openmetadata.repositoryservices.connectors.stores.metadatacollectionstore.properties,LOW,LOW,UNRELATED or NORMAL
org.odpi.openmetadata.frameworks.openmetadata.properties.datadictionaries,org.odpi.openmetadata.viewservices.datadesigner.server,LOW,LOW,UNRELATED or NORMAL
org.odpi.openmetadata.engineservices.repositorygovernance.connector,org.odpi.openmetadata.repositoryservices.connectors.stores.metadatacollectionstore.properties,LOW,LOW,UNRELATED or NORMAL
org.odpi.openmetadata.adminservices.configuration.properties,org.odpi.openmetadata.adminservices.spring,LOW,LOW,UNRELATED or NORMAL
org.odpi.openmetadata.adapters.connectors.governanceactions.remediation,org.odpi.openmetadata.frameworks.connectors,LOW,LOW,UNRELATED or NORMAL
org.odpi.openmetadata.commonservices.generichandlers,org.odpi.openmetadata.metadataobservability.ffdc,LOW,LOW,UNRELATED or NORMAL
org.odpi.openmetadata.engineservices.watchdogaction.listener,org.odpi.openmetadata.governanceservers.enginehostservices.enginemap,LOW,LOW,UNRELATED or NORMAL
org.odpi.openmetadata.frameworkservices.gaf.client,org.odpi.openmetadata.governanceservers.integrationdaemonservices.threads,LOW,LOW,UNRELATED or NORMAL
org.odpi.openmetadata.frameworks.openmetadata.events,org.odpi.openmetadata.governanceservers.integrationdaemonservices.threads,LOW,LOW,UNRELATED or NORMAL
org.odpi.openmetadata.frameworkservices.gaf.client,org.odpi.openmetadata.governanceservers.integrationdaemonservices.listener,LOW,LOW,UNRELATED or NORMAL
org.odpi.openmetadata.frameworks.openmetadata.client,org.odpi.openmetadata.frameworks.openmetadata.reports,LOW,LOW,UNRELATED or NORMAL
org.odpi.openmetadata.frameworks.connectors.client,org.odpi.openmetadata.frameworks.opengovernance,LOW,LOW,UNRELATED or NORMAL
org.odpi.openmetadata.engineservices.governanceaction.listener,org.odpi.openmetadata.governanceservers.enginehostservices.enginemap,LOW,LOW,UNRELATED or NORMAL
org.odpi.openmetadata.frameworks.auditlog,org.odpi.openmetadata.frameworks.openmetadata.client,LOW,LOW,UNRELATED or NORMAL
org.odpi.openmetadata.engineservices.watchdogaction.listener,org.odpi.openmetadata.frameworks.auditlog,LOW,LOW,UNRELATED or NORMAL
org.odpi.openmetadata.frameworks.auditlog,org.odpi.openmetadata.governanceservers.enginehostservices.enginemap,LOW,LOW,UNRELATED or NORMAL
org.odpi.openmetadata.repositoryservices.archivemanager,org.odpi.openmetadata.repositoryservices.localrepository.repositorycontentmanager,LOW,LOW,UNRELATED or NORMAL
org.odpi.openmetadata.adapters.connectors.surveyaction.extractors,org.odpi.openmetadata.frameworks.opensurvey,LOW,LOW,UNRELATED or NORMAL
org.odpi.openmetadata.commonservices.generichandlers,org.odpi.openmetadata.frameworkservices.gaf.listener,LOW,LOW,UNRELATED or NORMAL
org.odpi.openmetadata.adminservices.configuration.properties,org.odpi.openmetadata.utilities.serverops,LOW,LOW,UNRELATED or NORMAL
org.odpi.openmetadata.repositoryservices.admin,org.odpi.openmetadata.repositoryservices.connectors.stores.archivestore,LOW,LOW,UNRELATED or NORMAL
org.odpi.openmetadata.engineservices.governanceaction.listener,org.odpi.openmetadata.frameworks.auditlog,LOW,LOW,UNRELATED or NORMAL
org.odpi.openmetadata.adapters.repositoryservices.rest.repositoryconnector,org.odpi.openmetadata.frameworks.auditlog,LOW,LOW,UNRELATED or NORMAL
org.odpi.openmetadata.adapters.connectors.reports.surveyreport,org.odpi.openmetadata.frameworks.openmetadata.ffdc,LOW,LOW,UNRELATED or NORMAL
org.odpi.openmetadata.frameworks.opengovernance.properties,org.odpi.openmetadata.frameworkservices.gaf.client,LOW,LOW,UNRELATED or NORMAL
org.odpi.openmetadata.frameworkservices.omf.client,org.odpi.openmetadata.frameworkservices.omf.ffdc,LOW,LOW,UNRELATED or NORMAL
org.odpi.openmetadata.frameworks.openmetadata.handlers,org.odpi.openmetadata.frameworks.openmetadata.properties.solutions,LOW,LOW,UNRELATED or NORMAL
org.odpi.openmetadata.adapters.connectors.surveyaction.surveycsv,org.odpi.openmetadata.frameworks.openmetadata.ffdc,LOW,LOW,UNRELATED or NORMAL
org.odpi.openmetadata.adapters.connectors.jacquard.tabulardatasets.referencedata,org.odpi.openmetadata.frameworks.openmetadata.types,LOW,LOW,UNRELATED or NORMAL
org.odpi.openmetadata.adapters.connectors.integration.csvlineageimporter,org.odpi.openmetadata.frameworks.openmetadata.ffdc,LOW,LOW,UNRELATED or NORMAL
org.odpi.openmetadata.engineservices.repositorygovernance.handlers,org.odpi.openmetadata.repositoryservices.connectors.stores.metadatacollectionstore.properties.typedefs,LOW,LOW,UNRELATED or NORMAL
org.odpi.openmetadata.conformance.client,org.odpi.openmetadata.frameworks.auditlog.messagesets,LOW,LOW,UNRELATED or NORMAL
org.odpi.openmetadata.frameworks.connectors.properties.users,org.odpi.openmetadata.userauthn,LOW,LOW,UNRELATED or NORMAL
org.odpi.openmetadata.adapters.connectors.babbage,org.odpi.openmetadata.frameworks.openmetadata.connectorcontext,LOW,LOW,UNRELATED or NORMAL
org.odpi.openmetadata.engineservices.repositorygovernance.connector,org.odpi.openmetadata.repositoryservices.connectors.stores.metadatacollectionstore.properties.typedefs,LOW,LOW,UNRELATED or NORMAL
org.odpi.openmetadata.adapters.connectors.datastore.csvfile,org.odpi.openmetadata.frameworks.connectors.tabulardatasets,LOW,LOW,UNRELATED or NORMAL
org.odpi.openmetadata.adapters.connectors.apacheatlas.resource,org.odpi.openmetadata.frameworks.connectors.properties.beans,LOW,LOW,UNRELATED or NORMAL
org.odpi.openmetadata.frameworkservices.gaf.listener,org.odpi.openmetadata.repositoryservices.connectors.omrstopic,LOW,LOW,UNRELATED or NORMAL
org.odpi.openmetadata.adapters.connectors.unitycatalog.survey,org.odpi.openmetadata.frameworks.openmetadata.specificationproperties,LOW,LOW,UNRELATED or NORMAL
org.odpi.openmetadata.viewservices.notificationmanager.server,org.odpi.openmetadata.viewservices.notificationmanager.server.spring,LOW,LOW,UNRELATED or NORMAL
org.odpi.openmetadata.viewservices.peopleorganizer.server,org.odpi.openmetadata.viewservices.peopleorganizer.server.spring,LOW,LOW,UNRELATED or NORMAL
org.odpi.openmetadata.adapters.connectors.surveyaction.surveyfolder,org.odpi.openmetadata.frameworks.openmetadata.specificationproperties,LOW,LOW,UNRELATED or NORMAL
org.odpi.openmetadata.viewservices.productmanager.server,org.odpi.openmetadata.viewservices.productmanager.server.spring,LOW,LOW,UNRELATED or NORMAL
org.odpi.openmetadata.engineservices.assetanalysis.server.spring,org.odpi.openmetadata.governanceservers.enginehostservices.server,LOW,LOW,UNRELATED or NORMAL
org.odpi.openmetadata.adapters.connectors.surveyaction.surveycsv,org.odpi.openmetadata.frameworks.openmetadata.specificationproperties,LOW,LOW,UNRELATED or NORMAL
org.odpi.openmetadata.adapters.connectors.unitycatalog.sync,org.odpi.openmetadata.frameworks.connectors,LOW,LOW,UNRELATED or NORMAL
org.odpi.openmetadata.adapters.connectors.surveyaction.surveyfile,org.odpi.openmetadata.frameworks.openmetadata.specificationproperties,LOW,LOW,UNRELATED or NORMAL
org.odpi.openmetadata.adapters.connectors.apacheatlas.survey,org.odpi.openmetadata.frameworks.openmetadata.specificationproperties,LOW,LOW,UNRELATED or NORMAL
org.odpi.openmetadata.conformance.ffdc.exception,org.odpi.openmetadata.frameworks.auditlog,LOW,LOW,UNRELATED or NORMAL
org.odpi.openmetadata.frameworks.openmetadata.properties,org.odpi.openmetadata.viewservices.myprofile.server,LOW,LOW,UNRELATED or NORMAL
org.odpi.openmetadata.frameworks.connectors.ffdc,org.odpi.openmetadata.repositoryservices.connectors.openmetadatatopic,LOW,LOW,UNRELATED or NORMAL
org.odpi.openmetadata.adapters.connectors.jacquard.tabulardatasets.referencedata,org.odpi.openmetadata.frameworks.connectors,LOW,LOW,UNRELATED or NORMAL
org.odpi.openmetadata.adapters.connectors.apachekafka.survey,org.odpi.openmetadata.frameworks.openmetadata.specificationproperties,LOW,LOW,UNRELATED or NORMAL
org.odpi.openmetadata.frameworks.connectors.client,org.odpi.openmetadata.frameworkservices.ocf.metadatamanagement.client,LOW,LOW,UNRELATED or NORMAL
org.odpi.openmetadata.frameworks.auditlog,org.odpi.openmetadata.repositoryservices.ffdc.exception,LOW,LOW,UNRELATED or NORMAL
org.odpi.openmetadata.adapters.repositoryservices.auditlogstore.postgres,org.odpi.openmetadata.metadataobservability.ffdc,LOW,LOW,UNRELATED or NORMAL
org.odpi.openmetadata.frameworks.openmetadata.types,org.odpi.openmetadata.samples.archiveutilities.governanceengines,LOW,LOW,UNRELATED or NORMAL
org.odpi.openmetadata.samples.archiveutilities.governanceengines,org.odpi.openmetadata.samples.governanceactions.clinicaltrials.metadata,LOW,LOW,UNRELATED or NORMAL
org.odpi.openmetadata.samples.archiveutilities.combo,org.odpi.openmetadata.samples.archiveutilities.organization,LOW,LOW,UNRELATED or NORMAL
org.odpi.openmetadata.accessservices.itinfrastructure.samples.assetdeploy,org.odpi.openmetadata.platformservices.client,LOW,LOW,UNRELATED or NORMAL
org.odpi.openmetadata.engineservices.repositorygovernance.server,org.odpi.openmetadata.engineservices.repositorygovernance.server.spring,LOW,LOW,UNRELATED or NORMAL
org.odpi.openmetadata.samples.archiveutilities.combo,org.odpi.openmetadata.samples.archiveutilities.governanceengines,LOW,LOW,UNRELATED or NORMAL
org.odpi.openmetadata.adapters.connectors.surveyaction.extractors,org.odpi.openmetadata.adapters.connectors.surveyaction.surveyfolder,LOW,LOW,UNRELATED or NORMAL
org.odpi.openmetadata.frameworks.openmetadata.converters,org.odpi.openmetadata.frameworkservices.omf.client,LOW,LOW,UNRELATED or NORMAL
org.odpi.openmetadata.adapters.connectors.resource.jdbc.ddl.postgres,org.odpi.openmetadata.adapters.repositoryservices.auditlogstore.postgres,LOW,LOW,UNRELATED or NORMAL
org.odpi.openmetadata.frameworks.auditlog,org.odpi.openmetadata.frameworks.auditlog.requestid,LOW,LOW,UNRELATED or NORMAL
org.odpi.openmetadata.adapters.connectors.externalharvesters.harvestsurveys,org.odpi.openmetadata.adapters.connectors.resource.jdbc.ddl.postgres,LOW,LOW,UNRELATED or NORMAL
org.odpi.openmetadata.frameworks.auditlog,org.odpi.openmetadata.test.unittest.utilities,LOW,LOW,UNRELATED or NORMAL
org.odpi.openmetadata.accessservices.datamanager.fvt.events,org.odpi.openmetadata.frameworks.openmetadata.properties.softwarecapabilities,LOW,LOW,UNRELATED or NORMAL
org.odpi.openmetadata.adminservices.classifier,org.odpi.openmetadata.adminservices.server,LOW,LOW,UNRELATED or NORMAL
org.odpi.openmetadata.samples.archiveutilities.clinicaltrialtemplates,org.odpi.openmetadata.samples.archiveutilities.combo,LOW,LOW,UNRELATED or NORMAL
org.odpi.openmetadata.accessservices.assetconsumer.samples.assetlookup,org.odpi.openmetadata.platformservices.client,LOW,LOW,UNRELATED or NORMAL
org.odpi.openmetadata.adapters.connectors.governanceactions.remediation,org.odpi.openmetadata.frameworks.openmetadata.properties.governance,LOW,LOW,UNRELATED or NORMAL
org.odpi.openmetadata.adminservices.client,org.odpi.openmetadata.adminservices.server,LOW,LOW,UNRELATED or NORMAL
org.odpi.openmetadata.accessservices.assetconsumer.samples.readcsvfile,org.odpi.openmetadata.frameworks.connectors,LOW,LOW,UNRELATED or NORMAL
org.odpi.openmetadata.commonservices.multitenant,org.odpi.openmetadata.platformchassis.springboot,LOW,LOW,UNRELATED or NORMAL
org.odpi.openmetadata.accessservices.assetowner.fvt.duplicateprocessing,org.odpi.openmetadata.frameworks.openmetadata.properties.assets,LOW,LOW,UNRELATED or NORMAL
org.odpi.openmetadata.commonservices.ffdc,org.odpi.openmetadata.engineservices.surveyaction.client,LOW,LOW,UNRELATED or NORMAL
org.odpi.openmetadata.governanceservers.integrationdaemonservices.client,org.odpi.openmetadata.utilities.serverops,LOW,LOW,UNRELATED or NORMAL
org.odpi.openmetadata.frameworks.openmetadata.search,org.odpi.openmetadata.frameworks.openwatchdog,LOW,LOW,UNRELATED or NORMAL
org.odpi.openmetadata.adapters.connectors.surveyaction.extractors,org.odpi.openmetadata.adapters.connectors.surveyaction.surveycsv,LOW,LOW,UNRELATED or NORMAL
org.odpi.openmetadata.commonservices.ffdc,org.odpi.openmetadata.engineservices.governanceaction.client,LOW,LOW,UNRELATED or NORMAL
org.odpi.openmetadata.frameworks.opengovernance.handlers,org.odpi.openmetadata.frameworks.openmetadata.properties.security,LOW,LOW,UNRELATED or NORMAL
org.odpi.openmetadata.adapters.connectors.egeriainfrastructure.extractor,org.odpi.openmetadata.adminservices.classifier,LOW,LOW,UNRELATED or NORMAL
org.odpi.openmetadata.frameworks.auditlog.requestid,org.odpi.openmetadata.frameworks.openmetadata.connectorcontext,LOW,LOW,UNRELATED or NORMAL
org.odpi.openmetadata.repositoryservices.connectors.stores.metadatacollectionstore,org.odpi.openmetadata.repositoryservices.connectors.stores.metadatacollectionstore.repositoryconnector,LOW,LOW,UNRELATED or NORMAL
org.odpi.openmetadata.commonservices.ffdc,org.odpi.openmetadata.engineservices.watchdogaction.client,LOW,LOW,UNRELATED or NORMAL
org.odpi.openmetadata.accessservices.datamanager.fvt.events,org.odpi.openmetadata.frameworks.openmetadata.properties.schema.events,LOW,LOW,UNRELATED or NORMAL
org.odpi.openmetadata.adapters.connectors.apachekafka.integration,org.odpi.openmetadata.frameworks.openmetadata.properties.assets.infrastructure,LOW,LOW,UNRELATED or NORMAL
org.odpi.openmetadata.engineservices.surveyaction.server,org.odpi.openmetadata.engineservices.surveyaction.server.spring,LOW,LOW,UNRELATED or NORMAL
org.odpi.openmetadata.adminservices.client,org.odpi.openmetadata.utilities.serverops,LOW,LOW,UNRELATED or NORMAL
org.odpi.openmetadata.adapters.connectors.externalharvesters.harvestopenmetadata,org.odpi.openmetadata.adapters.connectors.resource.jdbc.ddl.postgres,LOW,LOW,UNRELATED or NORMAL
org.odpi.openmetadata.viewservices.dataengineer.server,org.odpi.openmetadata.viewservices.dataengineer.server.spring,LOW,LOW,UNRELATED or NORMAL
org.odpi.openmetadata.opentypes,org.odpi.openmetadata.opentypes.utility,LOW,LOW,UNRELATED or NORMAL
org.odpi.openmetadata.adapters.connectors.integration.csvlineageimporter,org.odpi.openmetadata.frameworks.connectors.ffdc,LOW,LOW,UNRELATED or NORMAL
org.odpi.openmetadata.frameworkservices.gaf.server,org.odpi.openmetadata.frameworkservices.omf.converters,LOW,LOW,UNRELATED or NORMAL
org.odpi.openmetadata.samples.archiveutilities.combo,org.odpi.openmetadata.samples.archiveutilities.governanceprogram,LOW,LOW,UNRELATED or NORMAL
org.odpi.openmetadata.samples.archiveutilities.combo,org.odpi.openmetadata.samples.archiveutilities.sustainability,LOW,LOW,UNRELATED or NORMAL
org.odpi.openmetadata.engineservices.governanceaction.server,org.odpi.openmetadata.engineservices.governanceaction.server.spring,LOW,LOW,UNRELATED or NORMAL
org.odpi.openmetadata.frameworks.integration.connectors,org.odpi.openmetadata.frameworks.openmetadata.properties.assets.infrastructure,LOW,LOW,UNRELATED or NORMAL
org.odpi.openmetadata.archiveutilities.simplecatalogs,org.odpi.openmetadata.repositoryservices.connectors.stores.archivestore.properties,LOW,LOW,UNRELATED or NORMAL
org.odpi.openmetadata.accessservices.samples.assetsetup,org.odpi.openmetadata.platformservices.client,LOW,LOW,UNRELATED or NORMAL
org.odpi.openmetadata.frameworks.openmetadata.ffdc,org.odpi.openmetadata.repositoryservices.connectors.openmetadatatopic,LOW,LOW,UNRELATED or NORMAL
org.odpi.openmetadata.platformservices.client,org.odpi.openmetadata.utilities.serverconfig,LOW,LOW,UNRELATED or NORMAL
org.odpi.openmetadata.accessservices.itinfrastructure.samples.assetdeploy,org.odpi.openmetadata.frameworks.openmetadata.properties.connections,LOW,LOW,UNRELATED or NORMAL
org.odpi.openmetadata.accessservices.assetconsumer.samples.readavrofile,org.odpi.openmetadata.frameworks.connectors,LOW,LOW,UNRELATED or NORMAL
org.odpi.openmetadata.engineservices.surveyaction.handlers,org.odpi.openmetadata.frameworks.openmetadata.search,LOW,LOW,UNRELATED or NORMAL
org.odpi.openmetadata.adapters.connectors.surveyaction.extractors,org.odpi.openmetadata.adapters.connectors.surveyaction.surveyfile,LOW,LOW,UNRELATED or NORMAL
org.odpi.openmetadata.samples.archiveutilities.businesssystems,org.odpi.openmetadata.samples.archiveutilities.combo,LOW,LOW,UNRELATED or NORMAL
org.odpi.openmetadata.accessservices.datamanager.fvt.connections,org.odpi.openmetadata.frameworks.openmetadata.properties.softwarecapabilities,LOW,LOW,UNRELATED or NORMAL
org.odpi.openmetadata.conformance.tests.platform,org.odpi.openmetadata.conformance.tests.platform.origin,LOW,LOW,UNRELATED or NORMAL
org.odpi.openmetadata.samples.archiveutilities,org.odpi.openmetadata.samples.archiveutilities.types,LOW,LOW,UNRELATED or NORMAL
org.odpi.openmetadata.archiveutilities.designmodels.base,org.odpi.openmetadata.repositoryservices.connectors.stores.archivestore.properties,LOW,LOW,UNRELATED or NORMAL
org.odpi.openmetadata.archiveutilities.bigglossaries,org.odpi.openmetadata.archiveutilities.bigglossaries.catalogcontent,LOW,LOW,UNRELATED or NORMAL
org.odpi.openmetadata.adapters.connectors.subscriptions,org.odpi.openmetadata.frameworks.openmetadata.properties.collections,LOW,LOW,UNRELATED or NORMAL
org.odpi.openmetadata.adapters.connectors.postgres.tabulardatasource,org.odpi.openmetadata.frameworks.openmetadata.search,LOW,LOW,UNRELATED or NORMAL
org.odpi.openmetadata.adapters.connectors.resource.jdbc.ddl.postgres,org.odpi.openmetadata.adapters.repositoryservices.postgres.repositoryconnector,LOW,LOW,UNRELATED or NORMAL
org.odpi.openmetadata.adapters.connectors.apacheatlas.resource,org.odpi.openmetadata.adapters.connectors.restclients.factory,LOW,LOW,UNRELATED or NORMAL
org.odpi.openmetadata.engineservices.watchdogaction.server,org.odpi.openmetadata.engineservices.watchdogaction.server.spring,LOW,LOW,UNRELATED or NORMAL
org.odpi.openmetadata.adapters.connectors.restclients.factory,org.odpi.openmetadata.adapters.connectors.unitycatalog.resource,LOW,LOW,UNRELATED or NORMAL
org.odpi.openmetadata.commonservices.ffdc,org.odpi.openmetadata.engineservices.repositorygovernance.client,LOW,LOW,UNRELATED or NORMAL
org.odpi.openmetadata.adapters.repositoryservices,org.odpi.openmetadata.serveroperations.server,LOW,LOW,UNRELATED or NORMAL
org.odpi.openmetadata.adapters.connectors.externalharvesters.harvestopenmetadata,org.odpi.openmetadata.adapters.connectors.resource.jdbc,LOW,LOW,UNRELATED or NORMAL
org.odpi.openmetadata.frameworks.openmetadata.refdata,org.odpi.openmetadata.frameworks.openwatchdog.controls,LOW,LOW,UNRELATED or NORMAL
org.odpi.openmetadata.conformance.server,org.odpi.openmetadata.conformance.workbenches,LOW,LOW,UNRELATED or NORMAL
org.odpi.openmetadata.frameworks.integration.context,org.odpi.openmetadata.frameworks.openmetadata.enums,LOW,LOW,UNRELATED or NORMAL
org.odpi.openmetadata.repositoryservices.clients,org.odpi.openmetadata.repositoryservices.connectors.omrstopic,LOW,LOW,UNRELATED or NORMAL
org.odpi.openmetadata.adapters.connectors.integration.kafkaaudit,org.odpi.openmetadata.repositoryservices.connectors.stores.auditlogstore,LOW,LOW,UNRELATED or NORMAL
org.odpi.openmetadata.adapters.connectors.governanceactions.remediation,org.odpi.openmetadata.contentpacks.core,LOW,LOW,UNRELATED or NORMAL
org.odpi.openmetadata.adminservices.configuration.properties,org.odpi.openmetadata.viewservices.devopspipeline.admin,LOW,LOW,UNRELATED or NORMAL
org.odpi.openmetadata.adminservices.configuration.properties,org.odpi.openmetadata.viewservices.solutionarchitect.admin,LOW,LOW,UNRELATED or NORMAL
org.odpi.openmetadata.adminservices.configuration.properties,org.odpi.openmetadata.viewservices.dataengineer.admin,LOW,LOW,UNRELATED or NORMAL
org.odpi.openmetadata.adminservices.configuration.properties,org.odpi.openmetadata.viewservices.productcatalog.admin,LOW,LOW,UNRELATED or NORMAL
org.odpi.openmetadata.frameworks.openmetadata.properties.assets.processes.connectors,org.odpi.openmetadata.governanceservers.integrationdaemonservices.handlers,LOW,LOW,UNRELATED or NORMAL
org.odpi.openmetadata.adminservices.configuration.properties,org.odpi.openmetadata.viewservices.peopleorganizer.admin,LOW,LOW,UNRELATED or NORMAL
org.odpi.openmetadata.adminservices.configuration.properties,org.odpi.openmetadata.viewservices.glossarymanager.admin,LOW,LOW,UNRELATED or NORMAL
org.odpi.openmetadata.adapters.connectors.integration.jdbc,org.odpi.openmetadata.frameworks.auditlog,LOW,LOW,UNRELATED or NORMAL
org.odpi.openmetadata.adminservices.configuration.properties,org.odpi.openmetadata.viewservices.digitalbusiness.admin,LOW,LOW,UNRELATED or NORMAL
org.odpi.openmetadata.adminservices.configuration.properties,org.odpi.openmetadata.viewservices.notificationmanager.admin,LOW,LOW,UNRELATED or NORMAL
org.odpi.openmetadata.adminservices.configuration.properties,org.odpi.openmetadata.viewservices.locationarena.admin,LOW,LOW,UNRELATED or NORMAL
org.odpi.openmetadata.adminservices.configuration.properties,org.odpi.openmetadata.viewservices.productmanager.admin,LOW,LOW,UNRELATED or NORMAL
org.odpi.openmetadata.adminservices.configuration.properties,org.odpi.openmetadata.viewservices.subjectarea.admin,LOW,LOW,UNRELATED or NORMAL
org.odpi.openmetadata.adminservices.configuration.properties,org.odpi.openmetadata.viewservices.privacyofficer.admin,LOW,LOW,UNRELATED or NORMAL
org.odpi.openmetadata.adminservices.configuration.properties,org.odpi.openmetadata.viewservices.datadesigner.admin,LOW,LOW,UNRELATED or NORMAL
org.odpi.openmetadata.adminservices.configuration.properties,org.odpi.openmetadata.viewservices.runtimemanager.admin,LOW,LOW,UNRELATED or NORMAL
org.odpi.openmetadata.adminservices.configuration.properties,org.odpi.openmetadata.viewservices.referencedata.admin,LOW,LOW,UNRELATED or NORMAL
org.odpi.openmetadata.adapters.connectors.integration.basicfiles,org.odpi.openmetadata.frameworks.openmetadata.definitions,LOW,LOW,UNRELATED or NORMAL
org.odpi.openmetadata.adminservices.configuration.properties,org.odpi.openmetadata.viewservices.actionauthor.admin,LOW,LOW,UNRELATED or NORMAL
org.odpi.openmetadata.adminservices.configuration.properties,org.odpi.openmetadata.viewservices.datadiscovery.admin,LOW,LOW,UNRELATED or NORMAL
org.odpi.openmetadata.adminservices.configuration.properties,org.odpi.openmetadata.viewservices.projectmanager.admin,LOW,LOW,UNRELATED or NORMAL
org.odpi.openmetadata.adminservices.configuration.properties,org.odpi.openmetadata.viewservices.myprofile.admin,LOW,LOW,UNRELATED or NORMAL
org.odpi.openmetadata.adapters.connectors.egeriainfrastructure.control,org.odpi.openmetadata.adapters.connectors.egeriainfrastructure.servers,LOW,LOW,UNRELATED or NORMAL
org.odpi.openmetadata.adminservices.configuration.properties,org.odpi.openmetadata.viewservices.dataofficer.admin,LOW,LOW,UNRELATED or NORMAL
org.odpi.openmetadata.adminservices.configuration.properties,org.odpi.openmetadata.viewservices.securityofficer.admin,LOW,LOW,UNRELATED or NORMAL
org.odpi.openmetadata.adapters.connectors.unitycatalog.survey,org.odpi.openmetadata.frameworks.openmetadata.definitions,LOW,LOW,UNRELATED or NORMAL
org.odpi.openmetadata.adminservices.configuration.properties,org.odpi.openmetadata.engineservices.repositorygovernance.handlers,LOW,LOW,UNRELATED or NORMAL
org.odpi.openmetadata.adapters.connectors.unitycatalog.survey,org.odpi.openmetadata.contentpacks.core,LOW,LOW,UNRELATED or NORMAL
org.odpi.openmetadata.commonservices.repositoryhandler,org.odpi.openmetadata.frameworkservices.omf.handlers,LOW,LOW,UNRELATED or NORMAL
org.odpi.openmetadata.adminservices.configuration.properties,org.odpi.openmetadata.viewservices.communitymatters.admin,LOW,LOW,UNRELATED or NORMAL
org.odpi.openmetadata.adminservices.configuration.properties,org.odpi.openmetadata.viewservices.templatemanager.admin,LOW,LOW,UNRELATED or NORMAL
org.odpi.openmetadata.engineservices.surveyaction.ffdc,org.odpi.openmetadata.engineservices.surveyaction.handlers,LOW,LOW,UNRELATED or NORMAL
org.odpi.openmetadata.metadatasecurity.accessconnector,org.odpi.openmetadata.repositoryservices.connectors.stores.metadatacollectionstore.properties.typedefs,LOW,LOW,UNRELATED or NORMAL
org.odpi.openmetadata.metadatasecurity.server,org.odpi.openmetadata.repositoryservices.connectors.stores.metadatacollectionstore.properties.typedefs,LOW,LOW,UNRELATED or NORMAL
org.odpi.openmetadata.accessservices.communityprofile.fvt.profiles,org.odpi.openmetadata.frameworks.openmetadata.types,LOW,LOW,UNRELATED or NORMAL
org.odpi.openmetadata.metadatasecurity,org.odpi.openmetadata.repositoryservices.connectors.stores.metadatacollectionstore.properties.typedefs,LOW,LOW,UNRELATED or NORMAL
org.odpi.openmetadata.commonservices.ffdc,org.odpi.openmetadata.repositoryservices.connectors.stores.metadatacollectionstore.repositoryconnector,LOW,LOW,UNRELATED or NORMAL
org.odpi.openmetadata.adapters.connectors.controls,org.odpi.openmetadata.contentpacks.core.apacheatlas,LOW,LOW,UNRELATED or NORMAL
org.odpi.openmetadata.commonservices.ffdc.rest,org.odpi.openmetadata.viewservices.lineagelinker.server.spring,LOW,LOW,UNRELATED or NORMAL
org.odpi.openmetadata.repositoryservices.admin,org.odpi.openmetadata.repositoryservices.rest.server,LOW,LOW,UNRELATED or NORMAL
org.odpi.openmetadata.frameworks.openmetadata.properties.externalreferences,org.odpi.openmetadata.viewservices.externallinks.server,LOW,LOW,UNRELATED or NORMAL
org.odpi.openmetadata.frameworks.openmetadata.properties.collections,org.odpi.openmetadata.frameworks.openmetadata.types,LOW,LOW,UNRELATED or NORMAL
org.odpi.openmetadata.frameworks.openmetadata.properties.locations,org.odpi.openmetadata.viewservices.locationarena.server,LOW,LOW,UNRELATED or NORMAL
org.odpi.openmetadata.adapters.connectors.controls,org.odpi.openmetadata.contentpacks.core.apachekafka,LOW,LOW,UNRELATED or NORMAL
org.odpi.openmetadata.frameworks.openmetadata.properties.governance.governanceactions,org.odpi.openmetadata.viewservices.actionauthor.server,LOW,LOW,UNRELATED or NORMAL
org.odpi.openmetadata.frameworks.openmetadata.properties.assets,org.odpi.openmetadata.viewservices.securityofficer.server,LOW,LOW,UNRELATED or NORMAL
org.odpi.openmetadata.adapters.connectors.unitycatalog.survey,org.odpi.openmetadata.frameworks.openmetadata.ffdc,LOW,LOW,UNRELATED or NORMAL
org.odpi.openmetadata.adminservices.spring,org.odpi.openmetadata.frameworks.connectors.properties.beans,LOW,LOW,UNRELATED or NORMAL
org.odpi.openmetadata.frameworks.openmetadata.properties,org.odpi.openmetadata.frameworks.openmetadata.properties.locations,LOW,LOW,UNRELATED or NORMAL
org.odpi.openmetadata.frameworks.openmetadata.ffdc,org.odpi.openmetadata.viewservices.datadesigner.server,LOW,LOW,UNRELATED or NORMAL
org.odpi.openmetadata.frameworks.openmetadata.properties,org.odpi.openmetadata.frameworks.openmetadata.properties.projects,LOW,LOW,UNRELATED or NORMAL
org.odpi.openmetadata.frameworks.openmetadata.properties.solutions,org.odpi.openmetadata.viewservices.solutionarchitect.server,LOW,LOW,UNRELATED or NORMAL
org.odpi.openmetadata.frameworks.opengovernance.client,org.odpi.openmetadata.frameworks.opengovernance.properties,LOW,LOW,UNRELATED or NORMAL
org.odpi.openmetadata.adapters.connectors.unitycatalog.ffdc,org.odpi.openmetadata.adapters.connectors.unitycatalog.survey,LOW,LOW,UNRELATED or NORMAL
org.odpi.openmetadata.frameworks.openmetadata.ffdc,org.odpi.openmetadata.viewservices.securityofficer.server,LOW,LOW,UNRELATED or NORMAL
org.odpi.openmetadata.commonservices.ffdc.rest,org.odpi.openmetadata.viewservices.assetcatalog.server.spring,LOW,LOW,UNRELATED or NORMAL
org.odpi.openmetadata.frameworks.openmetadata.properties.surveyreports,org.odpi.openmetadata.viewservices.datadiscovery.server,LOW,LOW,UNRELATED or NORMAL
org.odpi.openmetadata.repositoryservices.auditlog,org.odpi.openmetadata.repositoryservices.rest.properties,LOW,LOW,UNRELATED or NORMAL
org.odpi.openmetadata.adapters.connectors.restclients,org.odpi.openmetadata.adapters.connectors.unitycatalog.resource,LOW,LOW,UNRELATED or NORMAL
org.odpi.openmetadata.reports.componentid,org.odpi.openmetadata.repositoryservices.auditlog,LOW,LOW,UNRELATED or NORMAL
org.odpi.openmetadata.adapters.connectors.integration.csvlineageimporter,org.odpi.openmetadata.frameworks.openmetadata.connectorcontext,LOW,LOW,UNRELATED or NORMAL
org.odpi.openmetadata.frameworkservices.gaf.client,org.odpi.openmetadata.frameworkservices.omf.client,LOW,LOW,UNRELATED or NORMAL
org.odpi.openmetadata.accessservices.stewardshipaction.fvt.clientconstructors,org.odpi.openmetadata.frameworks.auditlog,LOW,LOW,UNRELATED or NORMAL
org.odpi.openmetadata.accessservices.digitalarchitecture.fvt.locations,org.odpi.openmetadata.frameworks.auditlog,LOW,LOW,UNRELATED or NORMAL
org.odpi.openmetadata.accessservices.assetowner.fvt.duplicateprocessing,org.odpi.openmetadata.frameworks.auditlog,LOW,LOW,UNRELATED or NORMAL
org.odpi.openmetadata.accessservices.assetowner.fvt.errorhandling,org.odpi.openmetadata.frameworks.auditlog,LOW,LOW,UNRELATED or NORMAL
org.odpi.openmetadata.accessservices.datamanager.fvt.events,org.odpi.openmetadata.frameworks.auditlog,LOW,LOW,UNRELATED or NORMAL
org.odpi.openmetadata.accessservices.digitalarchitecture.fvt.errorhandling,org.odpi.openmetadata.frameworks.auditlog,LOW,LOW,UNRELATED or NORMAL
org.odpi.openmetadata.accessservices.assetowner.fvt.assets,org.odpi.openmetadata.frameworks.auditlog,LOW,LOW,UNRELATED or NORMAL
org.odpi.openmetadata.accessservices.communityprofile.fvt.locations,org.odpi.openmetadata.frameworks.auditlog,LOW,LOW,UNRELATED or NORMAL
org.odpi.openmetadata.frameworks.openmetadata.ffdc,org.odpi.openmetadata.frameworkservices.omf.connectors.outtopic,LOW,LOW,UNRELATED or NORMAL
org.odpi.openmetadata.accessservices.communityprofile.fvt.todos,org.odpi.openmetadata.frameworks.auditlog,LOW,LOW,UNRELATED or NORMAL
org.odpi.openmetadata.accessservices.communityprofile.fvt.validvalues,org.odpi.openmetadata.frameworks.auditlog,LOW,LOW,UNRELATED or NORMAL
org.odpi.openmetadata.frameworkservices.gaf.client,org.odpi.openmetadata.frameworkservices.gaf.connectors.outtopic,LOW,LOW,UNRELATED or NORMAL
org.odpi.openmetadata.accessservices.communityprofile.fvt.errorhandling,org.odpi.openmetadata.frameworks.auditlog,LOW,LOW,UNRELATED or NORMAL
org.odpi.openmetadata.frameworks.openmetadata.ffdc,org.odpi.openmetadata.frameworkservices.gaf.connectors.outtopic,LOW,LOW,UNRELATED or NORMAL
org.odpi.openmetadata.accessservices.communityprofile.fvt.metadatasources,org.odpi.openmetadata.frameworks.auditlog,LOW,LOW,UNRELATED or NORMAL
org.odpi.openmetadata.accessservices.datamanager.fvt.validvalues,org.odpi.openmetadata.frameworks.auditlog,LOW,LOW,UNRELATED or NORMAL
org.odpi.openmetadata.accessservices.assetowner.fvt.connections,org.odpi.openmetadata.frameworks.auditlog,LOW,LOW,UNRELATED or NORMAL
org.odpi.openmetadata.frameworkservices.omf.client,org.odpi.openmetadata.frameworkservices.omf.connectors.outtopic,LOW,LOW,UNRELATED or NORMAL
org.odpi.openmetadata.accessservices.digitalarchitecture.fvt.clientconstructors,org.odpi.openmetadata.frameworks.auditlog,LOW,LOW,UNRELATED or NORMAL
org.odpi.openmetadata.accessservices.digitalarchitecture.fvt.connections,org.odpi.openmetadata.frameworks.auditlog,LOW,LOW,UNRELATED or NORMAL
org.odpi.openmetadata.accessservices.datamanager.fvt.connections,org.odpi.openmetadata.frameworks.auditlog,LOW,LOW,UNRELATED or NORMAL
org.odpi.openmetadata.accessservices.governanceserver.fvt.clientconstructors,org.odpi.openmetadata.frameworks.auditlog,LOW,LOW,UNRELATED or NORMAL
org.odpi.openmetadata.accessservices.digitalarchitecture.fvt.validvalues,org.odpi.openmetadata.frameworks.auditlog,LOW,LOW,UNRELATED or NORMAL
org.odpi.openmetadata.repositoryservices.eventmanagement,org.odpi.openmetadata.repositoryservices.events.future,LOW,LOW,UNRELATED or NORMAL
org.odpi.openmetadata.adapters.repositoryservices.postgres.repositoryconnector.database,org.odpi.openmetadata.repositoryservices.connectors.stores.metadatacollectionstore.properties,LOW,LOW,UNRELATED or NORMAL
org.odpi.openmetadata.adminservices.configuration.properties,org.odpi.openmetadata.governanceservers.enginehostservices.listener,LOW,LOW,UNRELATED or NORMAL
org.odpi.openmetadata.adapters.connectors.egeriainfrastructure.extractor,org.odpi.openmetadata.repositoryservices.properties,LOW,LOW,UNRELATED or NORMAL
org.odpi.openmetadata.accessservices.datamanager.fvt.errorhandling,org.odpi.openmetadata.frameworks.auditlog,LOW,LOW,UNRELATED or NORMAL
org.odpi.openmetadata.accessservices.datamanager.fvt.clientconstructors,org.odpi.openmetadata.frameworks.auditlog,LOW,LOW,UNRELATED or NORMAL
org.odpi.openmetadata.commonservices.ffdc,org.odpi.openmetadata.repositoryservices.connectors.stores.metadatacollectionstore.properties.typedefs,LOW,LOW,UNRELATED or NORMAL
org.odpi.openmetadata.adapters.connectors.egeriainfrastructure.extractor,org.odpi.openmetadata.adminservices.configuration.registration,LOW,LOW,UNRELATED or NORMAL
org.odpi.openmetadata.repositoryservices.ffdc.exception,org.odpi.openmetadata.repositoryservices.metadatahighway.cohortregistry,LOW,LOW,UNRELATED or NORMAL
org.odpi.openmetadata.frameworks.connectors.ffdc,org.odpi.openmetadata.frameworkservices.ocf.metadatamanagement.client,LOW,LOW,UNRELATED or NORMAL
org.odpi.openmetadata.adapters.connectors.postgres.catalog,org.odpi.openmetadata.adapters.connectors.postgres.ffdc,LOW,LOW,UNRELATED or NORMAL
org.odpi.openmetadata.frameworks.opengovernance.handlers,org.odpi.openmetadata.frameworks.openmetadata.ffdc,LOW,LOW,UNRELATED or NORMAL
org.odpi.openmetadata.frameworks.integration.context,org.odpi.openmetadata.frameworks.openmetadata.ffdc,LOW,LOW,UNRELATED or NORMAL
org.odpi.openmetadata.adapters.connectors.integration.jdbc.transfer.requests,org.odpi.openmetadata.frameworks.openmetadata.types,LOW,LOW,UNRELATED or NORMAL
org.odpi.openmetadata.repositoryservices.localrepository.repositorycontentmanager,org.odpi.openmetadata.repositoryservices.metadatahighway,LOW,LOW,UNRELATED or NORMAL
org.odpi.openmetadata.adapters.connectors.egeriainfrastructure.platform.catalog,org.odpi.openmetadata.frameworks.openmetadata.properties.connections,LOW,LOW,UNRELATED or NORMAL
org.odpi.openmetadata.frameworks.auditlog,org.odpi.openmetadata.viewservices.subjectarea.server,LOW,LOW,UNRELATED or NORMAL
org.odpi.openmetadata.adapters.repositoryservices.archiveconnector.file,org.odpi.openmetadata.frameworks.connectors.properties.beans,LOW,LOW,UNRELATED or NORMAL
org.odpi.openmetadata.frameworks.openmetadata.client,org.odpi.openmetadata.viewservices.automatedcuration.server,LOW,LOW,UNRELATED or NORMAL
org.odpi.openmetadata.frameworks.openmetadata.properties.softwarecapabilities,org.odpi.openmetadata.governanceservers.enginehostservices.admin,LOW,LOW,UNRELATED or NORMAL
org.odpi.openmetadata.adapters.repositoryservices.archiveconnector.directory,org.odpi.openmetadata.frameworks.connectors.ffdc,LOW,LOW,UNRELATED or NORMAL
org.odpi.openmetadata.repositoryservices.connectors.stores.metadatacollectionstore,org.odpi.openmetadata.repositoryservices.enterprise.repositoryconnector.control,LOW,LOW,UNRELATED or NORMAL
org.odpi.openmetadata.frameworks.openmetadata.client,org.odpi.openmetadata.viewservices.governanceofficer.server,LOW,LOW,UNRELATED or NORMAL
org.odpi.openmetadata.adapters.connectors.governanceactions.verification,org.odpi.openmetadata.frameworks.connectors.ffdc,LOW,LOW,UNRELATED or NORMAL
org.odpi.openmetadata.accessservices.governanceprogram.samples.subjectareas,org.odpi.openmetadata.frameworks.openmetadata.metadataelements,LOW,LOW,UNRELATED or NORMAL
org.odpi.openmetadata.adapters.connectors.egeriainfrastructure.platform,org.odpi.openmetadata.frameworks.connectors.ffdc,LOW,LOW,UNRELATED or NORMAL
org.odpi.openmetadata.adapters.connectors.resource.jdbc,org.odpi.openmetadata.frameworks.connectors.ffdc,LOW,LOW,UNRELATED or NORMAL
org.odpi.openmetadata.adapters.connectors.unitycatalog.resource,org.odpi.openmetadata.frameworks.connectors.ffdc,LOW,LOW,UNRELATED or NORMAL
org.odpi.openmetadata.adapters.connectors.apachekafka.integration,org.odpi.openmetadata.frameworks.openmetadata.controls,LOW,LOW,UNRELATED or NORMAL
org.odpi.openmetadata.adapters.connectors.governanceactions.stewardship,org.odpi.openmetadata.frameworks.auditlog.messagesets,LOW,LOW,UNRELATED or NORMAL
org.odpi.openmetadata.adapters.connectors.resource.jdbc.controls,org.odpi.openmetadata.adapters.repositoryservices,LOW,LOW,UNRELATED or NORMAL
org.odpi.openmetadata.adapters.connectors,org.odpi.openmetadata.adapters.connectors.egeriainfrastructure.servers,LOW,LOW,UNRELATED or NORMAL
org.odpi.openmetadata.archiveutilities.simplecatalogs.catalogcontent,org.odpi.openmetadata.repositoryservices.connectors.stores.metadatacollectionstore.properties.instances,LOW,LOW,UNRELATED or NORMAL
org.odpi.openmetadata.frameworks.openmetadata.types,org.odpi.openmetadata.viewservices.automatedcuration.mermaid,LOW,LOW,UNRELATED or NORMAL
org.odpi.openmetadata.adminservices.configuration.registration,org.odpi.openmetadata.frameworkservices.gaf.admin,LOW,LOW,UNRELATED or NORMAL
org.odpi.openmetadata.adapters.repositoryservices,org.odpi.openmetadata.repositoryservices.connectors.openmetadatatopic,LOW,LOW,UNRELATED or NORMAL
org.odpi.openmetadata.adapters.connectors.datastore.csvfile.controls,org.odpi.openmetadata.contentpacks.core,LOW,LOW,UNRELATED or NORMAL
org.odpi.openmetadata.contentpacks.core.unitycatalog,org.odpi.openmetadata.frameworks.openmetadata.mapper,LOW,LOW,UNRELATED or NORMAL
org.odpi.openmetadata.frameworks.connectors,org.odpi.openmetadata.viewservices.securityofficer.server,LOW,LOW,UNRELATED or NORMAL
org.odpi.openmetadata.frameworks.openmetadata.ffdc,org.odpi.openmetadata.viewservices.assetmaker.server,LOW,LOW,UNRELATED or NORMAL
org.odpi.openmetadata.adminservices.configuration.registration,org.odpi.openmetadata.frameworkservices.omf.admin,LOW,LOW,UNRELATED or NORMAL
org.odpi.openmetadata.adapters.connectors.secretsstore.yaml,org.odpi.openmetadata.frameworks.openmetadata.types,LOW,LOW,UNRELATED or NORMAL
org.odpi.openmetadata.frameworks.openmetadata.ffdc,org.odpi.openmetadata.viewservices.schemamaker.server,LOW,LOW,UNRELATED or NORMAL
org.odpi.openmetadata.adapters.repositoryservices.postgres.repositoryconnector.controls,org.odpi.openmetadata.frameworks.openmetadata.types,LOW,LOW,UNRELATED or NORMAL
org.odpi.openmetadata.repositoryservices.archivemanager,org.odpi.openmetadata.repositoryservices.ffdc,LOW,LOW,UNRELATED or NORMAL
org.odpi.openmetadata.frameworkservices.gaf.converters,org.odpi.openmetadata.repositoryservices.connectors.stores.metadatacollectionstore.properties.typedefs,LOW,LOW,UNRELATED or NORMAL
org.odpi.openmetadata.accessservices.governanceprogram.samples.subjectareas,org.odpi.openmetadata.frameworks.openmetadata.types,LOW,LOW,UNRELATED or NORMAL
org.odpi.openmetadata.adapters.connectors,org.odpi.openmetadata.adapters.connectors.integration.basicfiles,LOW,LOW,UNRELATED or NORMAL
org.odpi.openmetadata.adapters.connectors.jacquard.tabulardatasets.controls,org.odpi.openmetadata.adapters.connectors.jacquard.tabulardatasets.validmetadatavalues,LOW,LOW,UNRELATED or NORMAL
org.odpi.openmetadata.adapters.connectors,org.odpi.openmetadata.adapters.connectors.integration.openlineage,LOW,LOW,UNRELATED or NORMAL
org.odpi.openmetadata.frameworks.openmetadata.ffdc,org.odpi.openmetadata.viewservices.classificationexplorer.server,LOW,LOW,UNRELATED or NORMAL
org.odpi.openmetadata.adapters.repositoryservices,org.odpi.openmetadata.adapters.repositoryservices.postgres.repositoryconnector.controls,LOW,LOW,UNRELATED or NORMAL
org.odpi.openmetadata.adapters.connectors.apacheatlas.resource.ffdc,org.odpi.openmetadata.frameworks.auditlog,LOW,LOW,UNRELATED or NORMAL
org.odpi.openmetadata.frameworks.connectors.properties.beans,org.odpi.openmetadata.frameworks.integration.connectors,LOW,LOW,UNRELATED or NORMAL
org.odpi.openmetadata.adapters.connectors.egeriainfrastructure.platform.survey,org.odpi.openmetadata.frameworks.opensurvey.controls,LOW,LOW,UNRELATED or NORMAL
org.odpi.openmetadata.adapters.connectors.apacheatlas.survey.ffdc,org.odpi.openmetadata.frameworks.auditlog,LOW,LOW,UNRELATED or NORMAL
org.odpi.openmetadata.frameworks.openmetadata.properties,org.odpi.openmetadata.frameworks.openmetadata.properties.assets.topics,LOW,LOW,UNRELATED or NORMAL
org.odpi.openmetadata.frameworkservices.gaf.rest,org.odpi.openmetadata.viewservices.governanceofficer.server,LOW,LOW,UNRELATED or NORMAL
org.odpi.openmetadata.conformance.workbenches,org.odpi.openmetadata.conformance.workbenches.repository,LOW,LOW,UNRELATED or NORMAL
org.odpi.openmetadata.adapters.connectors.governanceactions.watchdog,org.odpi.openmetadata.frameworks.openmetadata.ffdc,LOW,LOW,UNRELATED or NORMAL
org.odpi.openmetadata.adminservices.classifier,org.odpi.openmetadata.adminservices.ffdc.exception,LOW,LOW,UNRELATED or NORMAL
org.odpi.openmetadata.adapters.connectors.babbage.ffdc,org.odpi.openmetadata.frameworks.auditlog,LOW,LOW,UNRELATED or NORMAL
org.odpi.openmetadata.adapters.connectors.externalharvesters.harvestopenmetadata.ffdc,org.odpi.openmetadata.frameworks.auditlog,LOW,LOW,UNRELATED or NORMAL
org.odpi.openmetadata.adapters.connectors.jacquard,org.odpi.openmetadata.adapters.connectors.jacquard.tabulardatasets,LOW,LOW,UNRELATED or NORMAL
org.odpi.openmetadata.adapters.connectors.apacheatlas.survey,org.odpi.openmetadata.frameworks.connectors.ffdc,LOW,LOW,UNRELATED or NORMAL
org.odpi.openmetadata.adapters.connectors.secretsstore.yaml.ffdc,org.odpi.openmetadata.frameworks.auditlog,LOW,LOW,UNRELATED or NORMAL
org.odpi.openmetadata.adapters.connectors.egeriainfrastructure.platform.catalog,org.odpi.openmetadata.frameworks.openmetadata.events,LOW,LOW,UNRELATED or NORMAL
org.odpi.openmetadata.adapters.connectors.governanceactions.provisioning,org.odpi.openmetadata.frameworks.connectors.ffdc,LOW,LOW,UNRELATED or NORMAL
org.odpi.openmetadata.frameworks.opengovernance,org.odpi.openmetadata.frameworks.opensurvey,LOW,LOW,UNRELATED or NORMAL
org.odpi.openmetadata.frameworks.auditlog,org.odpi.openmetadata.frameworks.opengovernance.handlers,LOW,LOW,UNRELATED or NORMAL
org.odpi.openmetadata.adminservices.configuration.properties,org.odpi.openmetadata.viewservices.classificationexplorer.admin,LOW,LOW,UNRELATED or NORMAL
org.odpi.openmetadata.frameworks.connectors,org.odpi.openmetadata.frameworkservices.gaf.connectors.outtopic,LOW,LOW,UNRELATED or NORMAL
org.odpi.openmetadata.adminservices.configuration.properties,org.odpi.openmetadata.viewservices.metadataexpert.admin,LOW,LOW,UNRELATED or NORMAL
org.odpi.openmetadata.adminservices.configuration.properties,org.odpi.openmetadata.viewservices.schemamaker.admin,LOW,LOW,UNRELATED or NORMAL
org.odpi.openmetadata.adapters.connectors.integration.kafkaaudit,org.odpi.openmetadata.frameworks.opengovernance.properties,LOW,LOW,UNRELATED or NORMAL
org.odpi.openmetadata.accessservices.assetmanager.fvt.glossaries,org.odpi.openmetadata.frameworks.openmetadata.properties,LOW,LOW,UNRELATED or NORMAL
org.odpi.openmetadata.adminservices.configuration.properties,org.odpi.openmetadata.viewservices.externallinks.admin,LOW,LOW,UNRELATED or NORMAL
org.odpi.openmetadata.adminservices.configuration.properties,org.odpi.openmetadata.viewservices.actormanager.admin,LOW,LOW,UNRELATED or NORMAL
org.odpi.openmetadata.frameworks.openmetadata.properties.datadictionaries,org.odpi.openmetadata.frameworks.openmetadata.types,LOW,LOW,UNRELATED or NORMAL
org.odpi.openmetadata.adapters.connectors.apacheatlas.integration.modules,org.odpi.openmetadata.frameworks.openmetadata.events,LOW,LOW,UNRELATED or NORMAL
org.odpi.openmetadata.adapters.connectors.egeriainfrastructure.control,org.odpi.openmetadata.frameworks.connectors,LOW,LOW,UNRELATED or NORMAL
org.odpi.openmetadata.adapters.connectors.postgres.tabulardatasource,org.odpi.openmetadata.adapters.connectors.resource.jdbc.properties,LOW,LOW,UNRELATED or NORMAL
org.odpi.openmetadata.repositoryservices.connectors.stores.archivestore,org.odpi.openmetadata.repositoryservices.connectors.stores.archivestore.properties,LOW,LOW,UNRELATED or NORMAL
org.odpi.openmetadata.frameworks.openmetadata.properties.resources,org.odpi.openmetadata.viewservices.automatedcuration.properties,LOW,LOW,UNRELATED or NORMAL
org.odpi.openmetadata.adapters.connectors.integration.kafkaaudit,org.odpi.openmetadata.frameworks.auditlog,LOW,LOW,UNRELATED or NORMAL
org.odpi.openmetadata.adapters.connectors.integration.jdbc,org.odpi.openmetadata.adapters.connectors.integration.jdbc.controls,LOW,LOW,UNRELATED or NORMAL
org.odpi.openmetadata.adapters.connectors.postgres.catalog,org.odpi.openmetadata.frameworks.integration.context,LOW,LOW,UNRELATED or NORMAL
org.odpi.openmetadata.frameworks.integration.connectors,org.odpi.openmetadata.frameworks.openmetadata.events,LOW,LOW,UNRELATED or NORMAL
org.odpi.openmetadata.adapters.connectors.egeriainfrastructure.control,org.odpi.openmetadata.frameworks.connectors.properties.beans,LOW,LOW,UNRELATED or NORMAL
org.odpi.openmetadata.platformservices.client,org.odpi.openmetadata.platformservices.properties,LOW,LOW,UNRELATED or NORMAL
org.odpi.openmetadata.frameworks.opengovernance.handlers,org.odpi.openmetadata.frameworks.openmetadata.client,LOW,LOW,UNRELATED or NORMAL
org.odpi.openmetadata.adminservices.configuration.properties,org.odpi.openmetadata.viewservices.collectionmanager.admin,LOW,LOW,UNRELATED or NORMAL
org.odpi.openmetadata.adminservices.configuration.properties,org.odpi.openmetadata.viewservices.assetmaker.admin,LOW,LOW,UNRELATED or NORMAL
org.odpi.openmetadata.contentpacks.core.files,org.odpi.openmetadata.frameworks.opensurvey.controls,LOW,LOW,UNRELATED or NORMAL
org.odpi.openmetadata.adminservices.configuration.properties,org.odpi.openmetadata.viewservices.connectionmaker.admin,LOW,LOW,UNRELATED or NORMAL
org.odpi.openmetadata.adapters.connectors.apacheatlas.survey,org.odpi.openmetadata.frameworks.openmetadata.properties,LOW,LOW,UNRELATED or NORMAL
org.odpi.openmetadata.adapters.connectors.babbage,org.odpi.openmetadata.frameworks.auditlog,LOW,LOW,UNRELATED or NORMAL
org.odpi.openmetadata.adminservices.configuration.properties,org.odpi.openmetadata.viewservices.governanceofficer.admin,LOW,LOW,UNRELATED or NORMAL
org.odpi.openmetadata.adminservices.configuration.properties,org.odpi.openmetadata.viewservices.lineagelinker.admin,LOW,LOW,UNRELATED or NORMAL
org.odpi.openmetadata.adminservices.configuration.properties,org.odpi.openmetadata.viewservices.timekeeper.admin,LOW,LOW,UNRELATED or NORMAL
org.odpi.openmetadata.frameworks.connectors,org.odpi.openmetadata.frameworkservices.omf.connectors.outtopic,LOW,LOW,UNRELATED or NORMAL
org.odpi.openmetadata.adapters.connectors.postgres.catalog,org.odpi.openmetadata.frameworks.opengovernance.properties,LOW,LOW,UNRELATED or NORMAL
org.odpi.openmetadata.frameworks.openmetadata.properties.templates,org.odpi.openmetadata.viewservices.automatedcuration.properties,LOW,LOW,UNRELATED or NORMAL
org.odpi.openmetadata.adminservices.configuration.properties,org.odpi.openmetadata.viewservices.automatedcuration.admin,LOW,LOW,UNRELATED or NORMAL
org.odpi.openmetadata.adapters.connectors.reports.surveyreport,org.odpi.openmetadata.frameworks.openmetadata.metadataelements,LOW,LOW,UNRELATED or NORMAL
org.odpi.openmetadata.adminservices.configuration.properties,org.odpi.openmetadata.viewservices.feedbackmanager.admin,LOW,LOW,UNRELATED or NORMAL
org.odpi.openmetadata.frameworks.openmetadata.metadataelements,org.odpi.openmetadata.governanceservers.integrationdaemonservices.listener,LOW,LOW,UNRELATED or NORMAL
org.odpi.openmetadata.adminservices.configuration.properties,org.odpi.openmetadata.viewservices.multilanguage.admin,LOW,LOW,UNRELATED or NORMAL
org.odpi.openmetadata.adminservices.configuration.properties,org.odpi.openmetadata.viewservices.validmetadata.admin,LOW,LOW,UNRELATED or NORMAL
org.odpi.openmetadata.adapters.connectors.integration.jdbc,org.odpi.openmetadata.frameworks.openmetadata.metadataelements,LOW,LOW,UNRELATED or NORMAL
org.odpi.openmetadata.repositoryservices.enterprise.connectormanager,org.odpi.openmetadata.repositoryservices.ffdc,LOW,LOW,UNRELATED or NORMAL
org.odpi.openmetadata.adapters.connectors.subscriptions,org.odpi.openmetadata.frameworks.openmetadata.ffdc,LOW,LOW,UNRELATED or NORMAL
org.odpi.openmetadata.adapters.connectors.apachekafka.integration,org.odpi.openmetadata.frameworks.openmetadata.types,LOW,LOW,UNRELATED or NORMAL
org.odpi.openmetadata.frameworks.openmetadata.types,org.odpi.openmetadata.viewservices.myprofile.server,LOW,LOW,UNRELATED or NORMAL
org.odpi.openmetadata.contentpacks.core.apachekafka,org.odpi.openmetadata.samples.archiveutilities,LOW,LOW,UNRELATED or NORMAL
org.odpi.openmetadata.frameworks.openmetadata.ffdc,org.odpi.openmetadata.viewservices.externallinks.server,LOW,LOW,UNRELATED or NORMAL
org.odpi.openmetadata.accessservices.assetowner.fvt.dataassets,org.odpi.openmetadata.frameworks.openmetadata.types,LOW,LOW,UNRELATED or NORMAL
org.odpi.openmetadata.repositoryservices.connectors.stores.archivestore,org.odpi.openmetadata.repositoryservices.connectors.stores.metadatacollectionstore.properties.instances,LOW,LOW,UNRELATED or NORMAL
org.odpi.openmetadata.adapters.repositoryservices.cohortregistrystore.file,org.odpi.openmetadata.frameworks.auditlog,LOW,LOW,UNRELATED or NORMAL
org.odpi.openmetadata.adapters.connectors.apachekafka.integration,org.odpi.openmetadata.frameworks.integration.properties,LOW,LOW,UNRELATED or NORMAL
org.odpi.openmetadata.frameworks.openmetadata.mapper,org.odpi.openmetadata.samples.archiveutilities,LOW,LOW,UNRELATED or NORMAL
org.odpi.openmetadata.adapters.connectors.apacheatlas.integration,org.odpi.openmetadata.frameworks.integration.properties,LOW,LOW,UNRELATED or NORMAL
org.odpi.openmetadata.frameworkservices.omf.handlers,org.odpi.openmetadata.repositoryservices.connectors.stores.metadatacollectionstore.repositoryconnector,LOW,LOW,UNRELATED or NORMAL
org.odpi.openmetadata.frameworks.opengovernance.mermaid,org.odpi.openmetadata.frameworks.openmetadata.metadataelements,LOW,LOW,UNRELATED or NORMAL
org.odpi.openmetadata.adapters.connectors.apachekafka.integration,org.odpi.openmetadata.frameworks.connectors.properties.beans,LOW,LOW,UNRELATED or NORMAL
org.odpi.openmetadata.governanceservers.enginehostservices.admin,org.odpi.openmetadata.governanceservers.enginehostservices.listener,LOW,LOW,UNRELATED or NORMAL
org.odpi.openmetadata.accessservices.assetmanager.fvt.externalidentifiers,org.odpi.openmetadata.frameworks.openmetadata.enums,LOW,LOW,UNRELATED or NORMAL
org.odpi.openmetadata.frameworks.connectors.properties.beans,org.odpi.openmetadata.repositoryservices.connectors.stores.cohortregistrystore.properties,LOW,LOW,UNRELATED or NORMAL
org.odpi.openmetadata.contentpacks.core.files,org.odpi.openmetadata.frameworks.openmetadata.mapper,LOW,LOW,UNRELATED or NORMAL
org.odpi.openmetadata.accessservices.governanceprogram.samples.subjectareas,org.odpi.openmetadata.frameworks.openmetadata.properties,LOW,LOW,UNRELATED or NORMAL
org.odpi.openmetadata.adapters.repositoryservices.postgres.repositoryconnector,org.odpi.openmetadata.adapters.repositoryservices.postgres.repositoryconnector.controls,LOW,LOW,UNRELATED or NORMAL
org.odpi.openmetadata.engineservices.repositorygovernance.client,org.odpi.openmetadata.engineservices.repositorygovernance.client.rest,LOW,LOW,UNRELATED or NORMAL
org.odpi.openmetadata.engineservices.surveyaction.client,org.odpi.openmetadata.engineservices.surveyaction.client.rest,LOW,LOW,UNRELATED or NORMAL
org.odpi.openmetadata.metadatasecurity.properties,org.odpi.openmetadata.userauthn.auth,LOW,LOW,UNRELATED or NORMAL
org.odpi.openmetadata.engineservices.governanceaction.client,org.odpi.openmetadata.engineservices.governanceaction.client.rest,LOW,LOW,UNRELATED or NORMAL
org.odpi.openmetadata.engineservices.watchdogaction.client,org.odpi.openmetadata.engineservices.watchdogaction.client.rest,LOW,LOW,UNRELATED or NORMAL
org.odpi.openmetadata.frameworks.connectors,org.odpi.openmetadata.frameworks.integration.properties,LOW,LOW,UNRELATED or NORMAL
org.odpi.openmetadata.frameworks.openmetadata.handlers,org.odpi.openmetadata.viewservices.privacyofficer.server,LOW,LOW,UNRELATED or NORMAL
org.odpi.openmetadata.contentpacks.core,org.odpi.openmetadata.samples.archiveutilities,LOW,LOW,UNRELATED or NORMAL
org.odpi.openmetadata.frameworks.openmetadata.handlers,org.odpi.openmetadata.viewservices.dataofficer.server,LOW,LOW,UNRELATED or NORMAL
org.odpi.openmetadata.adapters.connectors.integration.openlineage,org.odpi.openmetadata.frameworks.openmetadata.types,LOW,LOW,UNRELATED or NORMAL
org.odpi.openmetadata.frameworks.openmetadata.types,org.odpi.openmetadata.frameworkservices.gaf.listener,LOW,LOW,UNRELATED or NORMAL
org.odpi.openmetadata.adapters.connectors.unitycatalog.controls,org.odpi.openmetadata.samples.governanceactions.clinicaltrials,LOW,LOW,UNRELATED or NORMAL
org.odpi.openmetadata.adapters.connectors.datastore.basicfile.ffdc.exception,org.odpi.openmetadata.frameworks.auditlog.messagesets,LOW,LOW,UNRELATED or NORMAL
org.odpi.openmetadata.repositoryservices.auditlog,org.odpi.openmetadata.repositoryservices.connectors.omrstopic,LOW,LOW,UNRELATED or NORMAL
org.odpi.openmetadata.conformance.beans,org.odpi.openmetadata.conformance.ffdc,LOW,LOW,UNRELATED or NORMAL
org.odpi.openmetadata.frameworkservices.omf.handlers,org.odpi.openmetadata.repositoryservices.connectors.stores.metadatacollectionstore.properties,LOW,LOW,UNRELATED or NORMAL
org.odpi.openmetadata.contentpacks.core.apis,org.odpi.openmetadata.samples.archiveutilities,LOW,LOW,UNRELATED or NORMAL
org.odpi.openmetadata.commonservices.ffdc.exceptions,org.odpi.openmetadata.frameworks.auditlog.messagesets,LOW,LOW,UNRELATED or NORMAL
org.odpi.openmetadata.conformance.ffdc,org.odpi.openmetadata.conformance.server,LOW,LOW,UNRELATED or NORMAL
org.odpi.openmetadata.frameworks.openmetadata.properties.governance,org.odpi.openmetadata.viewservices.governanceofficer.server,LOW,LOW,UNRELATED or NORMAL
org.odpi.openmetadata.adapters.connectors.apachekafka.integration,org.odpi.openmetadata.adapters.connectors.apachekafka.integration.ffdc,LOW,LOW,UNRELATED or NORMAL
org.odpi.openmetadata.frameworks.openmetadata.types,org.odpi.openmetadata.metadatasecurity.accessconnector,LOW,LOW,UNRELATED or NORMAL
org.odpi.openmetadata.adapters.connectors.unitycatalog.ffdc,org.odpi.openmetadata.adapters.connectors.unitycatalog.provision,LOW,LOW,UNRELATED or NORMAL
org.odpi.openmetadata.adapters.connectors.integration.basicfiles.ffdc.exception,org.odpi.openmetadata.frameworks.auditlog.messagesets,LOW,LOW,UNRELATED or NORMAL
org.odpi.openmetadata.adapters.connectors.baudot,org.odpi.openmetadata.adapters.connectors.governanceactions.ffdc,LOW,LOW,UNRELATED or NORMAL
org.odpi.openmetadata.adapters.connectors.dynamicarchivers,org.odpi.openmetadata.repositoryservices.archiveutilities,LOW,LOW,UNRELATED or NORMAL
org.odpi.openmetadata.frameworks.openmetadata.handlers,org.odpi.openmetadata.frameworks.openmetadata.properties.assets.processes,LOW,LOW,UNRELATED or NORMAL
org.odpi.openmetadata.adapters.connectors.integration.jdbc,org.odpi.openmetadata.adapters.connectors.resource.jdbc,LOW,LOW,UNRELATED or NORMAL
org.odpi.openmetadata.adapters.connectors.egeriainfrastructure.platform,org.odpi.openmetadata.frameworks.connectors.properties.beans,LOW,LOW,UNRELATED or NORMAL
org.odpi.openmetadata.adapters.connectors.postgres.catalog,org.odpi.openmetadata.frameworks.connectors.ffdc,LOW,LOW,UNRELATED or NORMAL
org.odpi.openmetadata.conformance.client,org.odpi.openmetadata.conformance.ffdc,LOW,LOW,UNRELATED or NORMAL
org.odpi.openmetadata.adapters.repositoryservices.archiveconnector.directory,org.odpi.openmetadata.repositoryservices.ffdc.exception,LOW,LOW,UNRELATED or NORMAL
org.odpi.openmetadata.adapters.repositoryservices.archiveconnector.directory,org.odpi.openmetadata.frameworks.connectors.properties.beans,LOW,LOW,UNRELATED or NORMAL
org.odpi.openmetadata.accessservices.assetconsumer.samples.assetlookup,org.odpi.openmetadata.frameworks.connectors.properties.beans,LOW,LOW,UNRELATED or NORMAL
org.odpi.openmetadata.adapters.connectors.governanceactions.stewardship,org.odpi.openmetadata.frameworks.opensurvey.controls,LOW,LOW,UNRELATED or NORMAL
org.odpi.openmetadata.tokencontroller,org.odpi.openmetadata.viewservices.subjectarea.server,LOW,LOW,UNRELATED or NORMAL
org.odpi.openmetadata.commonservices.multitenant.ffdc,org.odpi.openmetadata.frameworks.auditlog,LOW,LOW,UNRELATED or NORMAL
org.odpi.openmetadata.frameworks.connectors.ffdc,org.odpi.openmetadata.repositoryservices.localrepository.repositoryconnector,LOW,LOW,UNRELATED or NORMAL
org.odpi.openmetadata.commonservices.ffdc.rest,org.odpi.openmetadata.governanceservers.enginehostservices.client.rest,LOW,LOW,UNRELATED or NORMAL
org.odpi.openmetadata.frameworks.integration.context,org.odpi.openmetadata.frameworks.integration.iterator,LOW,LOW,UNRELATED or NORMAL
org.odpi.openmetadata.adapters.connectors.externalharvesters.harvestopenmetadata,org.odpi.openmetadata.frameworks.connectors,LOW,LOW,UNRELATED or NORMAL
org.odpi.openmetadata.adapters.repositoryservices.archiveconnector.file.ffdc,org.odpi.openmetadata.frameworks.auditlog,LOW,LOW,UNRELATED or NORMAL
org.odpi.openmetadata.adapters.connectors.reports.ffdc,org.odpi.openmetadata.frameworks.auditlog,LOW,LOW,UNRELATED or NORMAL
org.odpi.openmetadata.adapters.adminservices.configurationstore.file,org.odpi.openmetadata.frameworks.openmetadata.ffdc,LOW,LOW,UNRELATED or NORMAL
org.odpi.openmetadata.conformance.workbenches,org.odpi.openmetadata.conformance.workbenches.platform,LOW,LOW,UNRELATED or NORMAL
org.odpi.openmetadata.adminservices.registration,org.odpi.openmetadata.viewservices.assetcatalog.admin,LOW,LOW,UNRELATED or NORMAL
org.odpi.openmetadata.adapters.repositoryservices.archiveconnector.directory.ffdc,org.odpi.openmetadata.frameworks.auditlog,LOW,LOW,UNRELATED or NORMAL
org.odpi.openmetadata.frameworks.connectors.ffdc,org.odpi.openmetadata.repositoryservices.enterprise.repositoryconnector,LOW,LOW,UNRELATED or NORMAL
org.odpi.openmetadata.adapters.connectors.unitycatalog.resource,org.odpi.openmetadata.frameworks.connectors.properties.beans,LOW,LOW,UNRELATED or NORMAL
org.odpi.openmetadata.accessservices.assetmanager.fvt.glossaries,org.odpi.openmetadata.frameworks.openmetadata.enums,LOW,LOW,UNRELATED or NORMAL
org.odpi.openmetadata.adapters.connectors.integration.openapis,org.odpi.openmetadata.adapters.connectors.restclients.spring,LOW,LOW,UNRELATED or NORMAL
org.odpi.openmetadata.adminservices.configuration.registration,org.odpi.openmetadata.reports.componentid,LOW,LOW,UNRELATED or NORMAL
org.odpi.openmetadata.adapters.connectors.datastore.csvfile,org.odpi.openmetadata.frameworks.connectors.controls,LOW,LOW,UNRELATED or NORMAL
org.odpi.openmetadata.frameworks.openmetadata.enums,org.odpi.openmetadata.frameworkservices.gaf.server,LOW,LOW,UNRELATED or NORMAL
org.odpi.openmetadata.adapters.connectors.apachekafka.resource,org.odpi.openmetadata.frameworks.connectors.properties.beans,LOW,LOW,UNRELATED or NORMAL
org.odpi.openmetadata.governanceservers.enginehostservices.admin,org.odpi.openmetadata.governanceservers.enginehostservices.threads,LOW,LOW,UNRELATED or NORMAL
org.odpi.openmetadata.conformance.tests.repository,org.odpi.openmetadata.frameworks.auditlog,LOW,LOW,UNRELATED or NORMAL
org.odpi.openmetadata.adapters.connectors.restclients.spring,org.odpi.openmetadata.commonservices.ffdc.rest,LOW,LOW,UNRELATED or NORMAL
org.odpi.openmetadata.conformance.tests.platform,org.odpi.openmetadata.frameworks.auditlog,LOW,LOW,UNRELATED or NORMAL
org.odpi.openmetadata.adapters.connectors.integration.openapis,org.odpi.openmetadata.frameworks.connectors,LOW,LOW,UNRELATED or NORMAL
org.odpi.openmetadata.adapters.connectors.governanceactions.stewardship,org.odpi.openmetadata.frameworks.connectors.controls,LOW,LOW,UNRELATED or NORMAL
org.odpi.openmetadata.adapters.connectors.integration.openapis,org.odpi.openmetadata.frameworks.openmetadata.properties.schema.apis,LOW,LOW,UNRELATED or NORMAL
org.odpi.openmetadata.frameworks.openmetadata.connectorcontext,org.odpi.openmetadata.frameworks.openmetadata.properties.connections,LOW,LOW,UNRELATED or NORMAL
org.odpi.openmetadata.frameworks.openwatchdog,org.odpi.openmetadata.frameworks.openwatchdog.controls,LOW,LOW,UNRELATED or NORMAL
org.odpi.openmetadata.repositoryservices.connectors.stores.metadatacollectionstore.properties.instances,org.odpi.openmetadata.repositoryservices.ffdc,LOW,LOW,UNRELATED or NORMAL
org.odpi.openmetadata.commonservices.ffdc.rest,org.odpi.openmetadata.governanceservers.integrationdaemonservices.server.spring,LOW,LOW,UNRELATED or NORMAL
org.odpi.openmetadata.frameworks.openmetadata.ffdc,org.odpi.openmetadata.viewservices.assetcatalog.server,LOW,LOW,UNRELATED or NORMAL
org.odpi.openmetadata.frameworks.openmetadata.ffdc,org.odpi.openmetadata.viewservices.runtimemanager.server,LOW,LOW,UNRELATED or NORMAL
org.odpi.openmetadata.commonservices.ffdc.rest,org.odpi.openmetadata.viewservices.digitalbusiness.server.spring,LOW,LOW,UNRELATED or NORMAL
org.odpi.openmetadata.frameworks.openmetadata.connectorcontext,org.odpi.openmetadata.frameworks.openmetadata.properties.feedback,LOW,LOW,UNRELATED or NORMAL
org.odpi.openmetadata.frameworks.openmetadata.properties,org.odpi.openmetadata.frameworks.openmetadata.properties.schema,LOW,LOW,UNRELATED or NORMAL
org.odpi.openmetadata.repositoryservices.connectors.omrstopic,org.odpi.openmetadata.repositoryservices.connectors.stores.metadatacollectionstore.properties.typedefs,LOW,LOW,UNRELATED or NORMAL
org.odpi.openmetadata.frameworks.openmetadata.specificationproperties,org.odpi.openmetadata.viewservices.automatedcuration.mermaid,LOW,LOW,UNRELATED or NORMAL
org.odpi.openmetadata.frameworks.integration.context,org.odpi.openmetadata.frameworks.openmetadata.events,LOW,LOW,UNRELATED or NORMAL
org.odpi.openmetadata.adminservices.configuration.properties,org.odpi.openmetadata.repositoryservices.localrepository.repositoryconnector,LOW,LOW,UNRELATED or NORMAL
org.odpi.openmetadata.frameworks.auditlog,org.odpi.openmetadata.governanceservers.integrationdaemonservices.listener,LOW,LOW,UNRELATED or NORMAL
org.odpi.openmetadata.adapters.adminservices.configurationstore.file,org.odpi.openmetadata.adminservices.configuration.properties,LOW,LOW,UNRELATED or NORMAL
org.odpi.openmetadata.engineservices.surveyaction.handlers,org.odpi.openmetadata.frameworks.openmetadata.handlers,LOW,LOW,UNRELATED or NORMAL
org.odpi.openmetadata.adapters.connectors.egeriainfrastructure.properties,org.odpi.openmetadata.governanceservers.integrationdaemonservices.properties,LOW,LOW,UNRELATED or NORMAL
org.odpi.openmetadata.repositoryservices.enterprise.connectormanager,org.odpi.openmetadata.repositoryservices.metadatahighway.cohortregistry,LOW,LOW,UNRELATED or NORMAL
org.odpi.openmetadata.frameworks.auditlog,org.odpi.openmetadata.repositoryservices.enterprise.repositoryconnector.control,LOW,LOW,UNRELATED or NORMAL
org.odpi.openmetadata.frameworks.opengovernance.handlers,org.odpi.openmetadata.frameworks.openmetadata.converters,LOW,LOW,UNRELATED or NORMAL
org.odpi.openmetadata.repositoryservices.connectors.openmetadatatopic,org.odpi.openmetadata.repositoryservices.connectors.stores.metadatacollectionstore.repositoryeventmapper,LOW,LOW,UNRELATED or NORMAL
org.odpi.openmetadata.adapters.connectors.jacquard.tabulardatasets.validmetadatavalues,org.odpi.openmetadata.frameworks.openmetadata.properties,LOW,LOW,UNRELATED or NORMAL
org.odpi.openmetadata.adapters.connectors.integration.jdbc.ffdc,org.odpi.openmetadata.adapters.connectors.integration.jdbc.transfer,LOW,LOW,UNRELATED or NORMAL
org.odpi.openmetadata.frameworks.openmetadata.properties.validvalues,org.odpi.openmetadata.viewservices.referencedata.server,LOW,LOW,UNRELATED or NORMAL
org.odpi.openmetadata.frameworks.openmetadata.ffdc,org.odpi.openmetadata.frameworks.openmetadata.fileclassifier,LOW,LOW,UNRELATED or NORMAL
org.odpi.openmetadata.adapters.connectors.governanceactions.watchdog,org.odpi.openmetadata.frameworks.openmetadata.types,LOW,LOW,UNRELATED or NORMAL
org.odpi.openmetadata.frameworks.openmetadata.properties,org.odpi.openmetadata.frameworks.openmetadata.properties.security,LOW,LOW,UNRELATED or NORMAL
org.odpi.openmetadata.frameworks.connectors.ffdc,org.odpi.openmetadata.frameworks.connectors.tabulardatasets,LOW,LOW,UNRELATED or NORMAL
org.odpi.openmetadata.adapters.connectors.jacquard,org.odpi.openmetadata.frameworks.openmetadata.properties.assets.processes.actions,LOW,LOW,UNRELATED or NORMAL
org.odpi.openmetadata.adapters.connectors.integration.basicfiles,org.odpi.openmetadata.frameworks.connectors.controls,LOW,LOW,UNRELATED or NORMAL
org.odpi.openmetadata.frameworkservices.gaf.converters,org.odpi.openmetadata.repositoryservices.connectors.stores.metadatacollectionstore.utilities,LOW,LOW,UNRELATED or NORMAL
org.odpi.openmetadata.adapters.connectors.apachekafka.integration,org.odpi.openmetadata.frameworks.opengovernance.properties,LOW,LOW,UNRELATED or NORMAL
org.odpi.openmetadata.accessservices.assetmanager.samples.glossaryworkflow,org.odpi.openmetadata.frameworks.openmetadata.properties,LOW,LOW,UNRELATED or NORMAL
org.odpi.openmetadata.frameworkservices.omf.converters,org.odpi.openmetadata.repositoryservices.connectors.stores.metadatacollectionstore.repositoryconnector,LOW,LOW,UNRELATED or NORMAL
org.odpi.openmetadata.commonservices.multitenant,org.odpi.openmetadata.viewservices.dataofficer.server,LOW,LOW,UNRELATED or NORMAL
org.odpi.openmetadata.adapters.connectors.unitycatalog.survey,org.odpi.openmetadata.frameworks.connectors.controls,LOW,LOW,UNRELATED or NORMAL
org.odpi.openmetadata.adminservices.registration,org.odpi.openmetadata.commonservices.multitenant,LOW,LOW,UNRELATED or NORMAL
org.odpi.openmetadata.repositoryservices.enterprise.repositoryconnector.control,org.odpi.openmetadata.repositoryservices.enterprise.repositoryconnector.executors,LOW,LOW,UNRELATED or NORMAL
org.odpi.openmetadata.adapters.connectors.unitycatalog.sync,org.odpi.openmetadata.frameworks.openmetadata.properties.assets,LOW,LOW,UNRELATED or NORMAL
org.odpi.openmetadata.frameworkservices.gaf.server,org.odpi.openmetadata.frameworkservices.omf.rest,LOW,LOW,UNRELATED or NORMAL
org.odpi.openmetadata.commonservices.multitenant,org.odpi.openmetadata.viewservices.privacyofficer.server,LOW,LOW,UNRELATED or NORMAL
org.odpi.openmetadata.accessservices.assetconsumer.fvt,org.odpi.openmetadata.frameworks.openmetadata.properties,LOW,LOW,UNRELATED or NORMAL
org.odpi.openmetadata.frameworks.openmetadata.builders,org.odpi.openmetadata.frameworkservices.omf.client,LOW,LOW,UNRELATED or NORMAL
org.odpi.openmetadata.adapters.connectors.integration.jdbc,org.odpi.openmetadata.adapters.connectors.integration.jdbc.transfer,LOW,LOW,UNRELATED or NORMAL
org.odpi.openmetadata.adminservices.ffdc.exception,org.odpi.openmetadata.conformance.server,LOW,LOW,UNRELATED or NORMAL
org.odpi.openmetadata.adapters.connectors.apacheatlas.integration,org.odpi.openmetadata.frameworks.integration.controls,LOW,LOW,UNRELATED or NORMAL
org.odpi.openmetadata.frameworkservices.ocf.metadatamanagement.server,org.odpi.openmetadata.frameworkservices.ocf.metadatamanagement.server.spring,LOW,LOW,UNRELATED or NORMAL
org.odpi.openmetadata.commonservices.ffdc,org.odpi.openmetadata.governanceservers.enginehostservices.admin,LOW,LOW,UNRELATED or NORMAL
org.odpi.openmetadata.accessservices.itinfrastructure.samples.assetdeploy,org.odpi.openmetadata.frameworks.openmetadata.properties.assets.infrastructure,LOW,LOW,UNRELATED or NORMAL
org.odpi.openmetadata.conformance.server,org.odpi.openmetadata.conformance.workbenches.platform,LOW,LOW,UNRELATED or NORMAL
org.odpi.openmetadata.commonservices.ffdc,org.odpi.openmetadata.viewservices.privacyofficer.server,LOW,LOW,UNRELATED or NORMAL
org.odpi.openmetadata.adminservices.registration,org.odpi.openmetadata.frameworkservices.gaf.admin,LOW,LOW,UNRELATED or NORMAL
org.odpi.openmetadata.frameworks.integration.connectors,org.odpi.openmetadata.frameworks.openmetadata.properties.softwarecapabilities,LOW,LOW,UNRELATED or NORMAL
org.odpi.openmetadata.commonservices.ffdc,org.odpi.openmetadata.viewservices.productcatalog.server,LOW,LOW,UNRELATED or NORMAL
org.odpi.openmetadata.adapters.connectors.integration.csvlineageimporter,org.odpi.openmetadata.frameworks.integration.controls,LOW,LOW,UNRELATED or NORMAL
org.odpi.openmetadata.adapters.connectors.dynamicarchivers,org.odpi.openmetadata.adapters.connectors.dynamicarchivers.glossary,LOW,LOW,UNRELATED or NORMAL
org.odpi.openmetadata.frameworks.openmetadata.search,org.odpi.openmetadata.governanceservers.integrationdaemonservices.listener,LOW,LOW,UNRELATED or NORMAL
org.odpi.openmetadata.adminservices.properties,org.odpi.openmetadata.adminservices.server,LOW,LOW,UNRELATED or NORMAL
org.odpi.openmetadata.commonservices.ffdc,org.odpi.openmetadata.viewservices.devopspipeline.server,LOW,LOW,UNRELATED or NORMAL
org.odpi.openmetadata.adapters.connectors.babbage,org.odpi.openmetadata.frameworks.connectors.ffdc,LOW,LOW,UNRELATED or NORMAL
org.odpi.openmetadata.adapters.connectors.apacheatlas.integration.modules,org.odpi.openmetadata.frameworks.openmetadata.properties.governance,LOW,LOW,UNRELATED or NORMAL
org.odpi.openmetadata.frameworks.openmetadata.handlers,org.odpi.openmetadata.frameworks.openmetadata.properties.schema.tabular,LOW,LOW,UNRELATED or NORMAL
org.odpi.openmetadata.adminservices.registration,org.odpi.openmetadata.frameworkservices.omf.admin,LOW,LOW,UNRELATED or NORMAL
org.odpi.openmetadata.viewservices.lineagelinker.server,org.odpi.openmetadata.viewservices.lineagelinker.server.spring,LOW,LOW,UNRELATED or NORMAL
org.odpi.openmetadata.commonservices.ffdc,org.odpi.openmetadata.viewservices.dataofficer.server,LOW,LOW,UNRELATED or NORMAL
org.odpi.openmetadata.commonservices.ffdc,org.odpi.openmetadata.viewservices.multilanguage.server,LOW,LOW,UNRELATED or NORMAL
org.odpi.openmetadata.adminservices.store,org.odpi.openmetadata.frameworks.connectors,LOW,LOW,UNRELATED or NORMAL
org.odpi.openmetadata.commonservices.repositoryhandler,org.odpi.openmetadata.repositoryservices.connectors.stores.metadatacollectionstore.properties.typedefs,LOW,LOW,UNRELATED or NORMAL
org.odpi.openmetadata.conformance.tests.repository.connector,org.odpi.openmetadata.conformance.workbenches.repository,LOW,LOW,UNRELATED or NORMAL
org.odpi.openmetadata.adapters.connectors.egeriainfrastructure.servers,org.odpi.openmetadata.frameworks.connectors.ffdc,LOW,LOW,UNRELATED or NORMAL
org.odpi.openmetadata.adapters.connectors.apacheatlas.resource,org.odpi.openmetadata.frameworks.connectors.ffdc,LOW,LOW,UNRELATED or NORMAL
org.odpi.openmetadata.conformance.server,org.odpi.openmetadata.conformance.workbenches.repository,LOW,LOW,UNRELATED or NORMAL
org.odpi.openmetadata.tokencontroller,org.odpi.openmetadata.viewservices.lineagelinker.server,LOW,LOW,UNRELATED or NORMAL
org.odpi.openmetadata.metadatasecurity.properties,org.odpi.openmetadata.metadatasecurity.server,LOW,LOW,UNRELATED or NORMAL
org.odpi.openmetadata.adapters.connectors.apachekafka.integration,org.odpi.openmetadata.frameworks.integration.controls,LOW,LOW,UNRELATED or NORMAL
org.odpi.openmetadata.adminservices.server,org.odpi.openmetadata.platformchassis.springboot,LOW,LOW,UNRELATED or NORMAL
org.odpi.openmetadata.engineservices.repositorygovernance.ffdc,org.odpi.openmetadata.engineservices.repositorygovernance.handlers,LOW,LOW,UNRELATED or NORMAL
org.odpi.openmetadata.frameworks.openmetadata.ffdc,org.odpi.openmetadata.viewservices.connectionmaker.server,LOW,LOW,UNRELATED or NORMAL
org.odpi.openmetadata.frameworks.openmetadata.connectorcontext,org.odpi.openmetadata.frameworks.openmetadata.properties.glossaries,LOW,LOW,UNRELATED or NORMAL
org.odpi.openmetadata.engineservices.watchdogaction.ffdc,org.odpi.openmetadata.engineservices.watchdogaction.handlers,LOW,LOW,UNRELATED or NORMAL
org.odpi.openmetadata.frameworks.openmetadata.properties,org.odpi.openmetadata.frameworks.openmetadata.properties.datadictionaries,LOW,LOW,UNRELATED or NORMAL
org.odpi.openmetadata.frameworks.openmetadata.ffdc,org.odpi.openmetadata.viewservices.governanceofficer.server,LOW,LOW,UNRELATED or NORMAL
org.odpi.openmetadata.adapters.connectors.secretsstore.yaml,org.odpi.openmetadata.adapters.connectors.secretsstore.yaml.ffdc,LOW,LOW,UNRELATED or NORMAL
org.odpi.openmetadata.governanceservers.enginehostservices.enginemap,org.odpi.openmetadata.governanceservers.enginehostservices.threads,LOW,LOW,UNRELATED or NORMAL
org.odpi.openmetadata.frameworks.openmetadata.enums,org.odpi.openmetadata.frameworks.openmetadata.properties.softwarecapabilities,LOW,LOW,UNRELATED or NORMAL
org.odpi.openmetadata.repositoryservices.connectors.stores.archivestore.properties,org.odpi.openmetadata.serveroperations.server,LOW,LOW,UNRELATED or NORMAL
org.odpi.openmetadata.repositoryservices.connectors.openmetadatatopic,org.odpi.openmetadata.repositoryservices.events.future,LOW,LOW,UNRELATED or NORMAL
org.odpi.openmetadata.adapters.connectors.postgres.catalog,org.odpi.openmetadata.adapters.connectors.resource.jdbc,LOW,LOW,UNRELATED or NORMAL
org.odpi.openmetadata.frameworks.openmetadata.events,org.odpi.openmetadata.governanceservers.enginehostservices.enginemap,LOW,LOW,UNRELATED or NORMAL
org.odpi.openmetadata.frameworks.openmetadata.enums,org.odpi.openmetadata.frameworks.openmetadata.properties.assets.processes.actions,LOW,LOW,UNRELATED or NORMAL
org.odpi.openmetadata.frameworks.openmetadata.refdata,org.odpi.openmetadata.frameworks.openwatchdog,LOW,LOW,UNRELATED or NORMAL
org.odpi.openmetadata.frameworks.openmetadata.enums,org.odpi.openmetadata.frameworks.openmetadata.properties.surveyreports,LOW,LOW,UNRELATED or NORMAL
org.odpi.openmetadata.frameworks.openmetadata.metadataelements,org.odpi.openmetadata.frameworks.openmetadata.refdata,LOW,LOW,UNRELATED or NORMAL
org.odpi.openmetadata.conformance.server,org.odpi.openmetadata.frameworks.auditlog,LOW,LOW,UNRELATED or NORMAL
org.odpi.openmetadata.repositoryservices.connectors.stores.metadatacollectionstore.properties.search,org.odpi.openmetadata.repositoryservices.connectors.stores.metadatacollectionstore.repositoryconnector,LOW,LOW,UNRELATED or NORMAL
org.odpi.openmetadata.contentpacks.core,org.odpi.openmetadata.contentpacks.core.base,LOW,LOW,UNRELATED or NORMAL
org.odpi.openmetadata.contentpacks.core.core,org.odpi.openmetadata.frameworks.openmetadata.mapper,LOW,LOW,UNRELATED or NORMAL
org.odpi.openmetadata.frameworks.connectors.properties.beans,org.odpi.openmetadata.repositoryservices.connectors.omrstopic,LOW,LOW,UNRELATED or NORMAL
org.odpi.openmetadata.frameworks.connectors.properties.beans,org.odpi.openmetadata.frameworkservices.gaf.admin,LOW,LOW,UNRELATED or NORMAL
org.odpi.openmetadata.conformance.tests.repository.instances,org.odpi.openmetadata.frameworks.auditlog,LOW,LOW,UNRELATED or NORMAL
org.odpi.openmetadata.adapters.connectors.egeriainfrastructure.platform.catalog,org.odpi.openmetadata.frameworks.integration.context,LOW,LOW,UNRELATED or NORMAL
org.odpi.openmetadata.adapters.connectors.apacheatlas.integration,org.odpi.openmetadata.frameworks.openmetadata.properties,LOW,LOW,UNRELATED or NORMAL
org.odpi.openmetadata.frameworkservices.gaf.handlers,org.odpi.openmetadata.repositoryservices.connectors.stores.metadatacollectionstore.utilities,LOW,LOW,UNRELATED or NORMAL
org.odpi.openmetadata.commonservices.ffdc.exceptions,org.odpi.openmetadata.commonservices.multitenant.ffdc.exceptions,LOW,LOW,UNRELATED or NORMAL
org.odpi.openmetadata.conformance.workbenches.repository,org.odpi.openmetadata.repositoryservices.connectors.stores.metadatacollectionstore.properties.instances,LOW,LOW,UNRELATED or NORMAL
org.odpi.openmetadata.frameworks.auditlog,org.odpi.openmetadata.frameworkservices.omf.client,LOW,LOW,UNRELATED or NORMAL
org.odpi.openmetadata.adapters.connectors.jacquard.tabulardatasets.validmetadatavalues,org.odpi.openmetadata.frameworks.connectors,LOW,LOW,UNRELATED or NORMAL
org.odpi.openmetadata.frameworks.openmetadata.properties.surveyreports,org.odpi.openmetadata.frameworks.openmetadata.types,LOW,LOW,UNRELATED or NORMAL
org.odpi.openmetadata.commonservices.ffdc,org.odpi.openmetadata.frameworkservices.gaf.client.rest,LOW,LOW,UNRELATED or NORMAL
org.odpi.openmetadata.adapters.connectors.integration.jdbc.transfer.requests,org.odpi.openmetadata.frameworks.openmetadata.properties,LOW,LOW,UNRELATED or NORMAL
org.odpi.openmetadata.adapters.connectors.postgres.catalog,org.odpi.openmetadata.frameworks.integration.properties,LOW,LOW,UNRELATED or NORMAL
org.odpi.openmetadata.repositoryservices.connectors.omrstopic,org.odpi.openmetadata.repositoryservices.ffdc.exception,LOW,LOW,UNRELATED or NORMAL
org.odpi.openmetadata.repositoryservices.connectors.stores.cohortregistrystore.properties,org.odpi.openmetadata.repositoryservices.metadatahighway,LOW,LOW,UNRELATED or NORMAL
org.odpi.openmetadata.engineservices.governanceaction.handlers,org.odpi.openmetadata.frameworks.openmetadata.client,LOW,LOW,UNRELATED or NORMAL
org.odpi.openmetadata.repositoryservices.connectors.omrstopic,org.odpi.openmetadata.repositoryservices.events.beans.v2,LOW,LOW,UNRELATED or NORMAL
org.odpi.openmetadata.adapters.connectors.unitycatalog.provision,org.odpi.openmetadata.frameworks.connectors.ffdc,LOW,LOW,UNRELATED or NORMAL
org.odpi.openmetadata.repositoryservices.connectors.stores.metadatacollectionstore,org.odpi.openmetadata.repositoryservices.rest.services,LOW,LOW,UNRELATED or NORMAL
org.odpi.openmetadata.engineservices.governanceaction.handlers,org.odpi.openmetadata.frameworks.connectors.client,LOW,LOW,UNRELATED or NORMAL
org.odpi.openmetadata.accessservices.communityprofile.fvt.errorhandling,org.odpi.openmetadata.frameworks.openmetadata.properties.communities,LOW,LOW,UNRELATED or NORMAL
org.odpi.openmetadata.frameworks.openmetadata.ffdc,org.odpi.openmetadata.frameworkservices.omf.server,LOW,LOW,UNRELATED or NORMAL
org.odpi.openmetadata.repositoryservices.connectors.openmetadatatopic,org.odpi.openmetadata.repositoryservices.ffdc,LOW,LOW,UNRELATED or NORMAL
org.odpi.openmetadata.adapters.connectors.babbage,org.odpi.openmetadata.adapters.connectors.babbage.ffdc,LOW,LOW,UNRELATED or NORMAL
org.odpi.openmetadata.repositoryservices.enterprise.repositoryconnector,org.odpi.openmetadata.repositoryservices.enterprise.repositoryconnector.executors,LOW,LOW,UNRELATED or NORMAL
org.odpi.openmetadata.frameworks.openmetadata.connectorcontext,org.odpi.openmetadata.frameworks.openmetadata.properties.contextevents,LOW,LOW,UNRELATED or NORMAL
org.odpi.openmetadata.accessservices.assetmanager.fvt.clientconstructors,org.odpi.openmetadata.frameworks.auditlog,LOW,LOW,UNRELATED or NORMAL
org.odpi.openmetadata.accessservices.assetmanager.fvt.errorhandling,org.odpi.openmetadata.frameworks.auditlog,LOW,LOW,UNRELATED or NORMAL
org.odpi.openmetadata.adapters.connectors.resource.jdbc,org.odpi.openmetadata.adapters.repositoryservices.auditlogstore.postgres,LOW,LOW,UNRELATED or NORMAL
org.odpi.openmetadata.accessservices.communityprofile.fvt.clientconstructors,org.odpi.openmetadata.frameworks.auditlog,LOW,LOW,UNRELATED or NORMAL
org.odpi.openmetadata.repositoryservices.connectors.stores.archivestore.properties,org.odpi.openmetadata.samples.archiveutilities,LOW,LOW,UNRELATED or NORMAL
org.odpi.openmetadata.accessservices.stewardshipaction.fvt.duplicateprocessing,org.odpi.openmetadata.frameworks.auditlog,LOW,LOW,UNRELATED or NORMAL
org.odpi.openmetadata.frameworks.integration.connectors,org.odpi.openmetadata.frameworks.openmetadata.properties.assets.metadatarepositories,LOW,LOW,UNRELATED or NORMAL
org.odpi.openmetadata.adapters.connectors.dynamicarchivers,org.odpi.openmetadata.frameworks.openmetadata.refdata,LOW,LOW,UNRELATED or NORMAL
org.odpi.openmetadata.frameworks.opengovernance,org.odpi.openmetadata.frameworkservices.gaf.client,LOW,LOW,UNRELATED or NORMAL
org.odpi.openmetadata.frameworks.openmetadata.handlers,org.odpi.openmetadata.frameworks.openmetadata.properties.security,LOW,LOW,UNRELATED or NORMAL
org.odpi.openmetadata.adapters.connectors.secretsstore.yaml,org.odpi.openmetadata.frameworks.connectors.controls,LOW,LOW,UNRELATED or NORMAL
org.odpi.openmetadata.frameworks.openmetadata.handlers,org.odpi.openmetadata.frameworks.openmetadata.properties.digitalbusiness,LOW,LOW,UNRELATED or NORMAL
org.odpi.openmetadata.commonservices.ffdc.rest,org.odpi.openmetadata.viewservices.productmanager.server.spring,LOW,LOW,UNRELATED or NORMAL
org.odpi.openmetadata.frameworks.openmetadata.properties,org.odpi.openmetadata.viewservices.validmetadata.server.spring,LOW,LOW,UNRELATED or NORMAL
org.odpi.openmetadata.adapters.connectors.unitycatalog.controls,org.odpi.openmetadata.contentpacks.core,LOW,LOW,UNRELATED or NORMAL
org.odpi.openmetadata.commonservices.ffdc.rest,org.odpi.openmetadata.viewservices.notificationmanager.server.spring,LOW,LOW,UNRELATED or NORMAL
org.odpi.openmetadata.commonservices.ffdc.rest,org.odpi.openmetadata.viewservices.peopleorganizer.server.spring,LOW,LOW,UNRELATED or NORMAL
org.odpi.openmetadata.contentpacks.core.postgres,org.odpi.openmetadata.samples.archiveutilities,LOW,LOW,UNRELATED or NORMAL
org.odpi.openmetadata.frameworkservices.gaf.handlers,org.odpi.openmetadata.repositoryservices.connectors.stores.metadatacollectionstore.properties,LOW,LOW,UNRELATED or NORMAL
org.odpi.openmetadata.adapters.connectors.restclients.spring,org.odpi.openmetadata.frameworks.connectors.controls,LOW,LOW,UNRELATED or NORMAL
org.odpi.openmetadata.adapters.connectors.jacquard.tabulardatasets,org.odpi.openmetadata.adapters.connectors.jacquard.tabulardatasets.controls,LOW,LOW,UNRELATED or NORMAL
org.odpi.openmetadata.adapters.connectors.controls,org.odpi.openmetadata.adapters.connectors.egeriainfrastructure.control,LOW,LOW,UNRELATED or NORMAL
org.odpi.openmetadata.frameworks.openmetadata.properties,org.odpi.openmetadata.frameworks.openmetadata.properties.feedback,LOW,LOW,UNRELATED or NORMAL
org.odpi.openmetadata.adapters.repositoryservices.auditlogstore.eventtopic,org.odpi.openmetadata.repositoryservices.connectors.openmetadatatopic,LOW,LOW,UNRELATED or NORMAL
org.odpi.openmetadata.frameworks.connectors,org.odpi.openmetadata.frameworkservices.omf.client,LOW,LOW,UNRELATED or NORMAL
org.odpi.openmetadata.frameworks.auditlog,org.odpi.openmetadata.frameworkservices.ocf.metadatamanagement.server,LOW,LOW,UNRELATED or NORMAL
org.odpi.openmetadata.accessservices.assetmanager.fvt.errorhandling,org.odpi.openmetadata.frameworks.openmetadata.properties.glossaries,LOW,LOW,UNRELATED or NORMAL
org.odpi.openmetadata.adapters.connectors.apachekafka.resource,org.odpi.openmetadata.frameworks.connectors.ffdc,LOW,LOW,UNRELATED or NORMAL
org.odpi.openmetadata.accessservices.governanceprogram.fvt.errorhandling,org.odpi.openmetadata.frameworks.openmetadata.properties.externalreferences,LOW,LOW,UNRELATED or NORMAL
org.odpi.openmetadata.adapters.connectors.controls,org.odpi.openmetadata.contentpacks.core.base,LOW,LOW,UNRELATED or NORMAL
org.odpi.openmetadata.frameworks.connectors.controls,org.odpi.openmetadata.frameworks.openmetadata.definitions,LOW,LOW,UNRELATED or NORMAL
org.odpi.openmetadata.frameworks.auditlog,org.odpi.openmetadata.viewservices.lineagelinker.server,LOW,LOW,UNRELATED or NORMAL
org.odpi.openmetadata.frameworks.openmetadata.properties,org.odpi.openmetadata.frameworks.openmetadata.properties.actors,LOW,LOW,UNRELATED or NORMAL
org.odpi.openmetadata.adapters.connectors.jacquard.solutionblueprint,org.odpi.openmetadata.frameworks.openmetadata.types,LOW,LOW,UNRELATED or NORMAL
org.odpi.openmetadata.adapters.connectors.integration.jdbc,org.odpi.openmetadata.adapters.connectors.integration.jdbc.ffdc,LOW,LOW,UNRELATED or NORMAL
org.odpi.openmetadata.accessservices.communityprofile.fvt.todos,org.odpi.openmetadata.frameworks.openmetadata.types,LOW,LOW,UNRELATED or NORMAL
org.odpi.openmetadata.repositoryservices.ffdc,org.odpi.openmetadata.repositoryservices.rest.server,LOW,LOW,UNRELATED or NORMAL
org.odpi.openmetadata.adapters.connectors.resource.jdbc.controls,org.odpi.openmetadata.frameworks.openmetadata.types,LOW,LOW,UNRELATED or NORMAL
org.odpi.openmetadata.frameworks.openmetadata.ffdc,org.odpi.openmetadata.frameworkservices.gaf.converters,LOW,LOW,UNRELATED or NORMAL
org.odpi.openmetadata.adapters.connectors.surveyaction.ffdc,org.odpi.openmetadata.adapters.connectors.surveyaction.surveyfolder,LOW,LOW,UNRELATED or NORMAL
org.odpi.openmetadata.platformservices.server.spring,org.odpi.openmetadata.serveroperations.rest,LOW,LOW,UNRELATED or NORMAL
org.odpi.openmetadata.adapters.connectors.postgres.controls,org.odpi.openmetadata.adapters.connectors.postgres.survey,LOW,LOW,UNRELATED or NORMAL
org.odpi.openmetadata.frameworks.openmetadata.search,org.odpi.openmetadata.viewservices.collectionmanager.server,LOW,LOW,UNRELATED or NORMAL
org.odpi.openmetadata.adapters.connectors.reports,org.odpi.openmetadata.adapters.connectors.reports.surveyreport,LOW,LOW,UNRELATED or NORMAL
org.odpi.openmetadata.frameworks.opengovernance,org.odpi.openmetadata.frameworks.openmetadata.properties,LOW,LOW,UNRELATED or NORMAL
org.odpi.openmetadata.frameworks.connectors.api,org.odpi.openmetadata.frameworks.openmetadata.ffdc,LOW,LOW,UNRELATED or NORMAL
org.odpi.openmetadata.adapters.connectors.integration.jdbc.controls,org.odpi.openmetadata.adapters.connectors.integration.jdbc.transfer.customization,LOW,LOW,UNRELATED or NORMAL
org.odpi.openmetadata.frameworks.openmetadata.properties.connections,org.odpi.openmetadata.viewservices.connectionmaker.server,LOW,LOW,UNRELATED or NORMAL
org.odpi.openmetadata.frameworkservices.gaf.server,org.odpi.openmetadata.repositoryservices.connectors.stores.metadatacollectionstore.properties,LOW,LOW,UNRELATED or NORMAL
org.odpi.openmetadata.accessservices.governanceprogram.samples.leadership,org.odpi.openmetadata.frameworks.openmetadata.ffdc,LOW,LOW,UNRELATED or NORMAL
org.odpi.openmetadata.frameworks.connectors.client,org.odpi.openmetadata.frameworks.openmetadata.ffdc,LOW,LOW,UNRELATED or NORMAL
org.odpi.openmetadata.adapters.connectors.integration.openlineage,org.odpi.openmetadata.frameworks.openmetadata.enums,LOW,LOW,UNRELATED or NORMAL
org.odpi.openmetadata.repositoryservices.connectors.stores.metadatacollectionstore.utilities,org.odpi.openmetadata.repositoryservices.ffdc,LOW,LOW,UNRELATED or NORMAL
org.odpi.openmetadata.frameworks.openmetadata.properties.schema,org.odpi.openmetadata.frameworks.openmetadata.types,LOW,LOW,UNRELATED or NORMAL
org.odpi.openmetadata.accessservices.datamanager.fvt.databases,org.odpi.openmetadata.frameworks.openmetadata.properties,LOW,LOW,UNRELATED or NORMAL
org.odpi.openmetadata.frameworks.openmetadata.metadataelements,org.odpi.openmetadata.governanceservers.enginehostservices.admin,LOW,LOW,UNRELATED or NORMAL
org.odpi.openmetadata.accessservices.assetmanager.fvt.dataassets,org.odpi.openmetadata.frameworks.openmetadata.metadataelements,LOW,LOW,UNRELATED or NORMAL
org.odpi.openmetadata.adapters.connectors.governanceactions.provisioning,org.odpi.openmetadata.frameworks.opengovernance.properties,LOW,LOW,UNRELATED or NORMAL
org.odpi.openmetadata.adapters.connectors.apacheatlas.resource,org.odpi.openmetadata.adapters.connectors.restclients.spring,LOW,LOW,UNRELATED or NORMAL
org.odpi.openmetadata.frameworks.auditlog.requestid,org.odpi.openmetadata.governanceservers.integrationdaemonservices.handlers,LOW,LOW,UNRELATED or NORMAL
org.odpi.openmetadata.adapters.repositoryservices.postgres.repositoryconnector.database,org.odpi.openmetadata.repositoryservices.connectors.stores.metadatacollectionstore.repositoryconnector,LOW,LOW,UNRELATED or NORMAL
org.odpi.openmetadata.frameworkservices.gaf.handlers,org.odpi.openmetadata.repositoryservices.connectors.stores.metadatacollectionstore.repositoryconnector,LOW,LOW,UNRELATED or NORMAL
org.odpi.openmetadata.adapters.connectors.apacheatlas.integration,org.odpi.openmetadata.frameworks.openmetadata.events,LOW,LOW,UNRELATED or NORMAL
org.odpi.openmetadata.frameworks.auditlog.requestid,org.odpi.openmetadata.governanceservers.enginehostservices.admin,LOW,LOW,UNRELATED or NORMAL
org.odpi.openmetadata.frameworks.openmetadata.converters,org.odpi.openmetadata.frameworks.openmetadata.properties.assets.analytics,LOW,LOW,UNRELATED or NORMAL
org.odpi.openmetadata.adapters.connectors.jacquard,org.odpi.openmetadata.frameworks.openmetadata.properties.resources,LOW,LOW,UNRELATED or NORMAL
org.odpi.openmetadata.adapters.connectors.jacquard,org.odpi.openmetadata.frameworks.openmetadata.properties.glossaries,LOW,LOW,UNRELATED or NORMAL
org.odpi.openmetadata.platformchassis.springboot,org.odpi.openmetadata.serveroperations.server,LOW,LOW,UNRELATED or NORMAL
org.odpi.openmetadata.viewservices.subjectarea.server,org.odpi.openmetadata.viewservices.subjectarea.server.spring,LOW,LOW,UNRELATED or NORMAL
org.odpi.openmetadata.adapters.connectors.subscriptions,org.odpi.openmetadata.frameworks.openmetadata.properties.resources,LOW,LOW,UNRELATED or NORMAL
org.odpi.openmetadata.opentypes,org.odpi.openmetadata.repositoryservices.archivemanager,LOW,LOW,UNRELATED or NORMAL
org.odpi.openmetadata.adapters.connectors.egeriainfrastructure.platform.catalog,org.odpi.openmetadata.frameworks.openmetadata.properties.assets,LOW,LOW,UNRELATED or NORMAL
org.odpi.openmetadata.adapters.connectors.governanceactions.watchdog,org.odpi.openmetadata.frameworks.opengovernance.properties,LOW,LOW,UNRELATED or NORMAL
org.odpi.openmetadata.governanceservers.enginehostservices.client.rest,org.odpi.openmetadata.governanceservers.enginehostservices.rest,LOW,LOW,UNRELATED or NORMAL
org.odpi.openmetadata.adapters.connectors.subscriptions,org.odpi.openmetadata.frameworks.connectors.ffdc,LOW,LOW,UNRELATED or NORMAL
org.odpi.openmetadata.frameworks.openmetadata.properties.contextevents,org.odpi.openmetadata.samples.governanceactions.clinicaltrials,LOW,LOW,UNRELATED or NORMAL
org.odpi.openmetadata.accessservices.samples.assetsetup,org.odpi.openmetadata.frameworks.openmetadata.search,LOW,LOW,UNRELATED or NORMAL
org.odpi.openmetadata.adminservices.configuration.properties,org.odpi.openmetadata.governanceservers.enginehostservices.admin,LOW,LOW,UNRELATED or NORMAL
org.odpi.openmetadata.accessservices.assetconsumer.samples.assetlookup,org.odpi.openmetadata.frameworks.openmetadata.metadataelements,LOW,LOW,UNRELATED or NORMAL
org.odpi.openmetadata.archiveutilities.bigglossaries.catalogcontent,org.odpi.openmetadata.repositoryservices.connectors.stores.archivestore.properties,LOW,LOW,UNRELATED or NORMAL
org.odpi.openmetadata.frameworkservices.omf.connectors.outtopic,org.odpi.openmetadata.frameworkservices.omf.outtopic,LOW,LOW,UNRELATED or NORMAL
org.odpi.openmetadata.archiveutilities.bigglossaries.catalogcontent,org.odpi.openmetadata.repositoryservices.archiveutilities,LOW,LOW,UNRELATED or NORMAL
org.odpi.openmetadata.frameworks.opengovernance.client,org.odpi.openmetadata.frameworks.openmetadata.search,LOW,LOW,UNRELATED or NORMAL
org.odpi.openmetadata.frameworks.connectors.properties.beans,org.odpi.openmetadata.platformservices.server,LOW,LOW,UNRELATED or NORMAL
org.odpi.openmetadata.adapters.connectors.jacquard,org.odpi.openmetadata.adapters.connectors.jacquard.tabulardatasets.validmetadatavalues,LOW,LOW,UNRELATED or NORMAL
org.odpi.openmetadata.accessservices.datamanager.fvt.databases,org.odpi.openmetadata.frameworks.auditlog,LOW,LOW,UNRELATED or NORMAL
org.odpi.openmetadata.accessservices.assetmanager.fvt.connections,org.odpi.openmetadata.frameworks.auditlog,LOW,LOW,UNRELATED or NORMAL
org.odpi.openmetadata.frameworkservices.gaf.connectors.outtopic,org.odpi.openmetadata.frameworkservices.gaf.outtopic,LOW,LOW,UNRELATED or NORMAL
org.odpi.openmetadata.repositoryservices.connectors.stores.archivestore.properties,org.odpi.openmetadata.samples.archiveutilities.types,LOW,LOW,UNRELATED or NORMAL
org.odpi.openmetadata.accessservices.communityprofile.fvt.profiles,org.odpi.openmetadata.frameworks.auditlog,LOW,LOW,UNRELATED or NORMAL
org.odpi.openmetadata.frameworkservices.gaf.admin,org.odpi.openmetadata.frameworkservices.gaf.outtopic,LOW,LOW,UNRELATED or NORMAL
org.odpi.openmetadata.repositoryservices.connectors.stores.archivestore.properties,org.odpi.openmetadata.samples.archiveutilities.cloudinformationmodel,LOW,LOW,UNRELATED or NORMAL
org.odpi.openmetadata.frameworks.openmetadata.client,org.odpi.openmetadata.frameworks.openmetadata.converters,LOW,LOW,UNRELATED or NORMAL
org.odpi.openmetadata.frameworks.integration.connectors,org.odpi.openmetadata.samples.archiveutilities,LOW,LOW,UNRELATED or NORMAL
org.odpi.openmetadata.adapters.connectors.integration.csvlineageimporter,org.odpi.openmetadata.frameworks.connectors,LOW,LOW,UNRELATED or NORMAL
org.odpi.openmetadata.repositoryservices.eventmanagement,org.odpi.openmetadata.repositoryservices.localrepository.repositorycontentmanager,LOW,LOW,UNRELATED or NORMAL
org.odpi.openmetadata.frameworks.connectors.client,org.odpi.openmetadata.frameworks.opensurvey,LOW,LOW,UNRELATED or NORMAL
org.odpi.openmetadata.accessservices.samples.assetsetup,org.odpi.openmetadata.frameworks.openmetadata.handlers,LOW,LOW,UNRELATED or NORMAL
org.odpi.openmetadata.engineservices.repositorygovernance.connector,org.odpi.openmetadata.frameworks.connectors,LOW,LOW,UNRELATED or NORMAL
org.odpi.openmetadata.frameworkservices.omf.admin,org.odpi.openmetadata.frameworkservices.omf.outtopic,LOW,LOW,UNRELATED or NORMAL
org.odpi.openmetadata.repositoryservices.enterprise.connectormanager,org.odpi.openmetadata.repositoryservices.localrepository.repositoryconnector,LOW,LOW,UNRELATED or NORMAL
org.odpi.openmetadata.frameworkservices.ocf.metadatamanagement.client,org.odpi.openmetadata.frameworkservices.omf.client,LOW,LOW,UNRELATED or NORMAL
org.odpi.openmetadata.frameworks.opengovernance.client,org.odpi.openmetadata.frameworks.opengovernance.handlers,LOW,LOW,UNRELATED or NORMAL
org.odpi.openmetadata.adapters.connectors.egeriainfrastructure.properties,org.odpi.openmetadata.repositoryservices.connectors.stores.cohortregistrystore.properties,LOW,LOW,UNRELATED or NORMAL
org.odpi.openmetadata.adapters.connectors.jacquard,org.odpi.openmetadata.adapters.connectors.jacquard.tabulardatasets.referencedata,LOW,LOW,UNRELATED or NORMAL
org.odpi.openmetadata.frameworks.openmetadata.search,org.odpi.openmetadata.viewservices.automatedcuration.converters,LOW,LOW,UNRELATED or NORMAL
org.odpi.openmetadata.adapters.connectors.datastore.csvfile,org.odpi.openmetadata.adapters.connectors.surveyaction.surveycsv,LOW,LOW,UNRELATED or NORMAL
org.odpi.openmetadata.adapters.connectors.datastore.csvfile,org.odpi.openmetadata.samples.governanceactions.clinicaltrials,LOW,LOW,UNRELATED or NORMAL
org.odpi.openmetadata.adapters.connectors.restclients,org.odpi.openmetadata.adapters.connectors.restclients.spring,LOW,LOW,UNRELATED or NORMAL
org.odpi.openmetadata.engineservices.surveyaction.admin,org.odpi.openmetadata.frameworks.auditlog,LOW,LOW,UNRELATED or NORMAL
org.odpi.openmetadata.frameworks.openmetadata.ffdc,org.odpi.openmetadata.repositoryservices.connectors.stores.metadatacollectionstore.utilities,LOW,LOW,UNRELATED or NORMAL
org.odpi.openmetadata.adapters.connectors.organizationinsight.ffdc,org.odpi.openmetadata.frameworks.auditlog,LOW,LOW,UNRELATED or NORMAL
org.odpi.openmetadata.frameworks.openmetadata.connectorcontext,org.odpi.openmetadata.frameworks.openmetadata.enums,LOW,LOW,UNRELATED or NORMAL
org.odpi.openmetadata.frameworks.auditlog,org.odpi.openmetadata.frameworks.opengovernance.ffdc,LOW,LOW,UNRELATED or NORMAL
org.odpi.openmetadata.adapters.connectors,org.odpi.openmetadata.contentpacks.core.core,LOW,LOW,UNRELATED or NORMAL
org.odpi.openmetadata.frameworks.auditlog,org.odpi.openmetadata.frameworkservices.ocf.metadatamanagement.client,LOW,LOW,UNRELATED or NORMAL
org.odpi.openmetadata.frameworks.auditlog,org.odpi.openmetadata.frameworks.openwatchdog.ffdc,LOW,LOW,UNRELATED or NORMAL
org.odpi.openmetadata.adapters.connectors.egeriainfrastructure.platform.survey,org.odpi.openmetadata.frameworks.opensurvey,LOW,LOW,UNRELATED or NORMAL
org.odpi.openmetadata.engineservices.repositorygovernance.admin,org.odpi.openmetadata.governanceservers.enginehostservices.admin,LOW,LOW,UNRELATED or NORMAL
org.odpi.openmetadata.frameworks.openmetadata.handlers,org.odpi.openmetadata.frameworks.openmetadata.properties.projects,LOW,LOW,UNRELATED or NORMAL
org.odpi.openmetadata.frameworks.connectors.ffdc,org.odpi.openmetadata.repositoryservices.clients,LOW,LOW,UNRELATED or NORMAL
org.odpi.openmetadata.commonservices.ffdc.rest,org.odpi.openmetadata.serveroperations.client.rest,LOW,LOW,UNRELATED or NORMAL
org.odpi.openmetadata.engineservices.governanceaction.admin,org.odpi.openmetadata.governanceservers.enginehostservices.admin,LOW,LOW,UNRELATED or NORMAL
org.odpi.openmetadata.engineservices.watchdogaction.admin,org.odpi.openmetadata.governanceservers.enginehostservices.admin,LOW,LOW,UNRELATED or NORMAL
org.odpi.openmetadata.engineservices.governanceaction.admin,org.odpi.openmetadata.frameworks.auditlog,LOW,LOW,UNRELATED or NORMAL
org.odpi.openmetadata.engineservices.surveyaction.admin,org.odpi.openmetadata.governanceservers.enginehostservices.admin,LOW,LOW,UNRELATED or NORMAL
org.odpi.openmetadata.engineservices.repositorygovernance.admin,org.odpi.openmetadata.frameworks.auditlog,LOW,LOW,UNRELATED or NORMAL
org.odpi.openmetadata.frameworks.auditlog,org.odpi.openmetadata.platformservices.client,LOW,LOW,UNRELATED or NORMAL
org.odpi.openmetadata.engineservices.watchdogaction.admin,org.odpi.openmetadata.frameworks.auditlog,LOW,LOW,UNRELATED or NORMAL
org.odpi.openmetadata.frameworks.openmetadata.ffdc,org.odpi.openmetadata.repositoryservices.admin,LOW,LOW,UNRELATED or NORMAL
org.odpi.openmetadata.adapters.repositoryservices.postgres.repositoryconnector,org.odpi.openmetadata.repositoryservices.connectors.stores.metadatacollectionstore.properties.search,LOW,LOW,UNRELATED or NORMAL
org.odpi.openmetadata.adapters.connectors.governanceactions.provisioning,org.odpi.openmetadata.frameworks.openmetadata.ffdc,LOW,LOW,UNRELATED or NORMAL
org.odpi.openmetadata.repositoryservices.auditlog,org.odpi.openmetadata.repositoryservices.metadatahighway,LOW,LOW,UNRELATED or NORMAL
org.odpi.openmetadata.accessservices.assetmanager.fvt.dataassets,org.odpi.openmetadata.frameworks.openmetadata.types,LOW,LOW,UNRELATED or NORMAL
org.odpi.openmetadata.frameworks.openmetadata.ffdc,org.odpi.openmetadata.viewservices.solutionarchitect.server,LOW,LOW,UNRELATED or NORMAL
org.odpi.openmetadata.frameworks.connectors.controls,org.odpi.openmetadata.frameworks.openmetadata.types,LOW,LOW,UNRELATED or NORMAL
org.odpi.openmetadata.adapters.connectors.organizationinsight.ffdc,org.odpi.openmetadata.adapters.connectors.organizationinsight.karmapoints,LOW,LOW,UNRELATED or NORMAL
org.odpi.openmetadata.frameworks.auditlog.messagesets,org.odpi.openmetadata.samples.governanceactions.clinicaltrials,LOW,LOW,UNRELATED or NORMAL
org.odpi.openmetadata.adapters.connectors.integration.jdbc.transfer.requests,org.odpi.openmetadata.frameworks.openmetadata.properties.assets.databases,LOW,LOW,UNRELATED or NORMAL
org.odpi.openmetadata.frameworks.openmetadata.properties.glossaries,org.odpi.openmetadata.viewservices.glossarymanager.server,LOW,LOW,UNRELATED or NORMAL
org.odpi.openmetadata.frameworkservices.gaf.client,org.odpi.openmetadata.frameworkservices.gaf.ffdc,LOW,LOW,UNRELATED or NORMAL
org.odpi.openmetadata.contentpacks.core.apacheatlas,org.odpi.openmetadata.samples.archiveutilities,LOW,LOW,UNRELATED or NORMAL
org.odpi.openmetadata.adapters.connectors.jacquard.tabulardatasets.ffdc,org.odpi.openmetadata.adapters.connectors.jacquard.tabulardatasets.validmetadatavalues,LOW,LOW,UNRELATED or NORMAL
org.odpi.openmetadata.frameworks.openmetadata.handlers,org.odpi.openmetadata.frameworks.openmetadata.properties.glossaries,LOW,LOW,UNRELATED or NORMAL
org.odpi.openmetadata.frameworks.openmetadata.connectorcontext,org.odpi.openmetadata.frameworks.openmetadata.fileclassifier,LOW,LOW,UNRELATED or NORMAL
org.odpi.openmetadata.frameworks.integration.context,org.odpi.openmetadata.frameworks.integration.contextmanager,LOW,LOW,UNRELATED or NORMAL
org.odpi.openmetadata.frameworks.opengovernance,org.odpi.openmetadata.frameworks.opengovernance.connectorcontext,LOW,LOW,UNRELATED or NORMAL
org.odpi.openmetadata.adapters.connectors.integration.openapis,org.odpi.openmetadata.frameworks.openmetadata.properties.connections,LOW,LOW,UNRELATED or NORMAL
org.odpi.openmetadata.adapters.connectors.jacquard,org.odpi.openmetadata.frameworks.integration.context,LOW,LOW,UNRELATED or NORMAL
org.odpi.openmetadata.commonservices.multitenant,org.odpi.openmetadata.viewservices.devopspipeline.server,LOW,LOW,UNRELATED or NORMAL
org.odpi.openmetadata.accessservices.governanceprogram.samples.subjectareas,org.odpi.openmetadata.frameworks.openmetadata.search,LOW,LOW,UNRELATED or NORMAL
org.odpi.openmetadata.frameworks.openmetadata.properties,org.odpi.openmetadata.frameworkservices.gaf.rest,LOW,LOW,UNRELATED or NORMAL
org.odpi.openmetadata.frameworkservices.gaf.converters,org.odpi.openmetadata.frameworkservices.gaf.server,LOW,LOW,UNRELATED or NORMAL
org.odpi.openmetadata.adapters.connectors.governanceactions.stewardship,org.odpi.openmetadata.frameworks.openmetadata.definitions,LOW,LOW,UNRELATED or NORMAL
org.odpi.openmetadata.adapters.connectors.apachekafka.integration,org.odpi.openmetadata.frameworks.auditlog,LOW,LOW,UNRELATED or NORMAL
org.odpi.openmetadata.engineservices.surveyaction.handlers,org.odpi.openmetadata.frameworkservices.gaf.client,LOW,LOW,UNRELATED or NORMAL
org.odpi.openmetadata.adapters.connectors.postgres.tabulardatasource,org.odpi.openmetadata.frameworks.connectors.tabulardatasets,LOW,LOW,UNRELATED or NORMAL
org.odpi.openmetadata.commonservices.multitenant,org.odpi.openmetadata.viewservices.multilanguage.server,LOW,LOW,UNRELATED or NORMAL
org.odpi.openmetadata.commonservices.multitenant,org.odpi.openmetadata.repositoryservices.rest.server,LOW,LOW,UNRELATED or NORMAL
org.odpi.openmetadata.frameworks.connectors.properties.beans,org.odpi.openmetadata.frameworkservices.ocf.metadatamanagement.server,LOW,LOW,UNRELATED or NORMAL
org.odpi.openmetadata.adapters.connectors.integration.jdbc,org.odpi.openmetadata.frameworks.opengovernance.properties,LOW,LOW,UNRELATED or NORMAL
org.odpi.openmetadata.adapters.connectors.baudot,org.odpi.openmetadata.frameworks.openwatchdog.controls,LOW,LOW,UNRELATED or NORMAL
org.odpi.openmetadata.adapters.connectors.datastore.csvfile,org.odpi.openmetadata.frameworks.openmetadata.definitions,LOW,LOW,UNRELATED or NORMAL
org.odpi.openmetadata.commonservices.multitenant,org.odpi.openmetadata.viewservices.productcatalog.server,LOW,LOW,UNRELATED or NORMAL
org.odpi.openmetadata.commonservices.repositoryhandler,org.odpi.openmetadata.frameworkservices.gaf.server,LOW,LOW,UNRELATED or NORMAL
org.odpi.openmetadata.frameworks.openmetadata.properties,org.odpi.openmetadata.governanceservers.enginehostservices.admin,LOW,LOW,UNRELATED or NORMAL
org.odpi.openmetadata.platformservices.server,org.odpi.openmetadata.serveroperations.properties,LOW,LOW,UNRELATED or NORMAL
org.odpi.openmetadata.frameworks.connectors,org.odpi.openmetadata.viewservices.automatedcuration.server,LOW,LOW,UNRELATED or NORMAL
org.odpi.openmetadata.adapters.connectors.restclients.spring,org.odpi.openmetadata.frameworks.connectors.properties.beans,LOW,LOW,UNRELATED or NORMAL
org.odpi.openmetadata.adapters.connectors.resource.jdbc,org.odpi.openmetadata.frameworks.connectors.properties.beans,LOW,LOW,UNRELATED or NORMAL
org.odpi.openmetadata.adminservices.configuration.registration,org.odpi.openmetadata.adminservices.rest,LOW,LOW,UNRELATED or NORMAL
org.odpi.openmetadata.frameworks.auditlog.messagesets,org.odpi.openmetadata.repositoryservices.auditlog,LOW,LOW,UNRELATED or NORMAL
org.odpi.openmetadata.adapters.connectors.governanceactions.watchdog,org.odpi.openmetadata.frameworks.connectors.ffdc,LOW,LOW,UNRELATED or NORMAL
org.odpi.openmetadata.frameworks.connectors.client,org.odpi.openmetadata.viewservices.dataengineer.server,LOW,LOW,UNRELATED or NORMAL
org.odpi.openmetadata.adminservices.classifier,org.odpi.openmetadata.frameworks.openmetadata.ffdc,LOW,LOW,UNRELATED or NORMAL
org.odpi.openmetadata.repositoryservices.enterprise.repositoryconnector.control,org.odpi.openmetadata.repositoryservices.ffdc.exception,LOW,LOW,UNRELATED or NORMAL
org.odpi.openmetadata.adapters.connectors.dynamicarchivers,org.odpi.openmetadata.frameworks.connectors.ffdc,LOW,LOW,UNRELATED or NORMAL
org.odpi.openmetadata.frameworks.connectors.ffdc,org.odpi.openmetadata.frameworks.openwatchdog,LOW,LOW,UNRELATED or NORMAL
org.odpi.openmetadata.frameworks.connectors,org.odpi.openmetadata.frameworkservices.gaf.client,LOW,LOW,UNRELATED or NORMAL
org.odpi.openmetadata.frameworks.connectors.client,org.odpi.openmetadata.viewservices.automatedcuration.server,LOW,LOW,UNRELATED or NORMAL
org.odpi.openmetadata.frameworks.openmetadata.enums,org.odpi.openmetadata.governanceservers.integrationdaemonservices.handlers,LOW,LOW,UNRELATED or NORMAL
org.odpi.openmetadata.adapters.repositoryservices.rest.repositoryconnector,org.odpi.openmetadata.repositoryservices.ffdc,LOW,LOW,UNRELATED or NORMAL
org.odpi.openmetadata.metadatasecurity,org.odpi.openmetadata.metadatasecurity.accessconnector,LOW,LOW,UNRELATED or NORMAL
org.odpi.openmetadata.frameworks.openmetadata.filelistener,org.odpi.openmetadata.frameworks.openmetadata.types,LOW,LOW,UNRELATED or NORMAL
org.odpi.openmetadata.adapters.connectors.surveyaction.surveyfolder,org.odpi.openmetadata.frameworks.openmetadata.ffdc,LOW,LOW,UNRELATED or NORMAL
org.odpi.openmetadata.contentpacks.core,org.odpi.openmetadata.samples.archiveutilities.governanceengines,LOW,LOW,UNRELATED or NORMAL
org.odpi.openmetadata.frameworks.openmetadata.ffdc,org.odpi.openmetadata.serveroperations.client.rest,LOW,LOW,UNRELATED or NORMAL
org.odpi.openmetadata.frameworks.openmetadata.ffdc,org.odpi.openmetadata.governanceservers.enginehostservices.client,LOW,LOW,UNRELATED or NORMAL
org.odpi.openmetadata.frameworks.openmetadata.properties.feedback,org.odpi.openmetadata.viewservices.feedbackmanager.server,LOW,LOW,UNRELATED or NORMAL
org.odpi.openmetadata.adapters.connectors.externalharvesters.harvestsurveys,org.odpi.openmetadata.frameworks.opensurvey.controls,LOW,LOW,UNRELATED or NORMAL
org.odpi.openmetadata.commonservices.ffdc.rest,org.odpi.openmetadata.engineservices.repositorygovernance.server,LOW,LOW,UNRELATED or NORMAL
org.odpi.openmetadata.contentpacks.core.egeria,org.odpi.openmetadata.frameworks.openmetadata.definitions,LOW,LOW,UNRELATED or NORMAL
org.odpi.openmetadata.frameworks.openmetadata.metadataelements,org.odpi.openmetadata.viewservices.automatedcuration.properties,LOW,LOW,UNRELATED or NORMAL
org.odpi.openmetadata.adapters.connectors.integration.kafkaaudit,org.odpi.openmetadata.frameworks.integration.properties,LOW,LOW,UNRELATED or NORMAL
org.odpi.openmetadata.frameworks.openmetadata.properties.translations,org.odpi.openmetadata.frameworkservices.omf.rest,LOW,LOW,UNRELATED or NORMAL
org.odpi.openmetadata.adapters.connectors.apacheatlas.integration.modules,org.odpi.openmetadata.frameworks.openmetadata.properties.collections,LOW,LOW,UNRELATED or NORMAL
org.odpi.openmetadata.adapters.connectors.egeriainfrastructure.control,org.odpi.openmetadata.frameworks.opensurvey.measurements,LOW,LOW,UNRELATED or NORMAL
org.odpi.openmetadata.commonservices.ffdc.rest,org.odpi.openmetadata.frameworks.openmetadata.reports,LOW,LOW,UNRELATED or NORMAL
org.odpi.openmetadata.commonservices.ffdc.rest,org.odpi.openmetadata.engineservices.watchdogaction.server,LOW,LOW,UNRELATED or NORMAL
org.odpi.openmetadata.frameworks.auditlog,org.odpi.openmetadata.governanceservers.enginehostservices.registration,LOW,LOW,UNRELATED or NORMAL
org.odpi.openmetadata.commonservices.ffdc.rest,org.odpi.openmetadata.viewservices.dataengineer.server,LOW,LOW,UNRELATED or NORMAL
org.odpi.openmetadata.fvt.utilities,org.odpi.openmetadata.fvt.utilities.auditlog,LOW,LOW,UNRELATED or NORMAL
org.odpi.openmetadata.repositoryservices.connectors.stores.cohortregistrystore.properties,org.odpi.openmetadata.repositoryservices.rest.properties,LOW,LOW,UNRELATED or NORMAL
org.odpi.openmetadata.commonservices.ffdc.rest,org.odpi.openmetadata.engineservices.surveyaction.server,LOW,LOW,UNRELATED or NORMAL
org.odpi.openmetadata.serveroperations.properties,org.odpi.openmetadata.serveroperations.rest,LOW,LOW,UNRELATED or NORMAL
org.odpi.openmetadata.governanceservers.enginehostservices.properties,org.odpi.openmetadata.governanceservers.enginehostservices.rest,LOW,LOW,UNRELATED or NORMAL
org.odpi.openmetadata.adminservices.rest,org.odpi.openmetadata.serveroperations.server,LOW,LOW,UNRELATED or NORMAL
org.odpi.openmetadata.serveroperations.rest,org.odpi.openmetadata.viewservices.runtimemanager.server,LOW,LOW,UNRELATED or NORMAL
org.odpi.openmetadata.frameworkservices.omf.rest,org.odpi.openmetadata.viewservices.solutionarchitect.server,LOW,LOW,UNRELATED or NORMAL
org.odpi.openmetadata.commonservices.ffdc.rest,org.odpi.openmetadata.engineservices.governanceaction.server,LOW,LOW,UNRELATED or NORMAL
